uri,author_handle,indexedAt,text,like_count,bookmark_count,reply_count,repost_count,reply_parent_uri
at://did:plc:poww5qkuhaaci3zprd3p5in6/app.bsky.feed.post/3m6nq2ggqkc2y,maggsheyoka.bsky.social,2025-11-28T01:25:21.896Z,#speirgorm #whistleblower,1,0,0,0,NA
at://did:plc:siclj5jstt2xodsn7epgnqld/app.bsky.feed.post/3m6nl6no3bk2u,robosullivan.bsky.social,2025-11-27T23:58:15.795Z,"This is obviously bad, but what's worse is I can guarantee you the only ""plan"" Fianna Fáil and Fine Gael have for when this 3 year period lapses will be to ask for another extension. 
We will get a line about needing ""balance"" between the environment and livelihoods #spéirgorm",11,0,1,2,NA
at://did:plc:jxo3eqeeh3kxphirpaqlbnaq/app.bsky.feed.post/3m6nhcprc7s2f,hazelklarkin.bsky.social,2025-11-27T22:48:55.998Z,#SpéirGorm,0,0,0,0,NA
at://did:plc:rj54e4tn2c5l6kmuqotuahuv/app.bsky.feed.post/3m6nhb7pr2c2v,pnamblath.bsky.social,2025-11-27T22:48:07.494Z,"Gaelic Football Provincial Draws 2026
#GAA #GaelicFootball
#speirgorm

www.reddit.com/r/GAA/s/poeT...",1,0,0,0,NA
at://did:plc:j2wnnsrxlcesmgggtmpfou7c/app.bsky.feed.post/3m6nevkx4v226,dochasisgra.bsky.social,2025-11-27T22:05:48.095Z,#speirgorm I know a lot of us donated to the Navajo people during Covid- this looks like a lovely organisation.,6,0,0,1,NA
at://did:plc:jl6cn5yuzpi4tj5vfl7ysfrm/app.bsky.feed.post/3m6nepuiix22k,shazbear.bsky.social,2025-11-27T22:02:39.497Z,#SpeirGorm,3,0,0,1,NA
at://did:plc:56aoxjem4pjvtqsscuhq223t/app.bsky.feed.post/3m6ne323kj22e,rogerokeeffe.bsky.social,2025-11-27T21:50:58.198Z,@rte.ie #speirgorm,6,0,0,0,NA
at://did:plc:ivvxsddno7zheyve4fiu67np/app.bsky.feed.post/3m6nbyctt7c2m,bthalpin.bsky.social,2025-11-27T21:13:42.796Z,"Ireland's Own Cosmopolitan Vogue Williams, to give her her full name

www.irishtimes.com/culture/tv-r...

#speirghorm #spéirghorm #speirgorm",0,0,0,0,NA
at://did:plc:uwji4l3wzsygaxduowluqmgr/app.bsky.feed.post/3m6nazursrk2v,sharrow.bsky.social,2025-11-27T20:56:38.193Z,"Yeah mr taxi driver, if you are going to make comments about my mask, the 'plandemic'; telling how I just need to eat 'clean' mushroom supplements you heard about via Joe Rogan, then I am going to tell you I have cancer and I don't want talk for the rest of the journey. 

#spéirgorm 

And let you",20,0,2,0,NA
at://did:plc:ek6kvqen34uiu3ctdfyutjcw/app.bsky.feed.post/3m6namtrhak25,orlaegan1.bsky.social,2025-11-27T20:49:24.902Z,Beautiful moon over Cork City tonight #SpéirGorm,17,0,0,2,NA
at://did:plc:uwji4l3wzsygaxduowluqmgr/app.bsky.feed.post/3m6n6su2nak2p,sharrow.bsky.social,2025-11-27T20:16:54.800Z,"The population growth 'argument' is sheer bullshit.

Pre 1880s ireland had 8 million people.

We have space, what we don't have is inferstructure thanks to the lack of forward thinking and implantation of growth plans, for the country.

Thanks FF & FG. 

#supergluedpockets 

#spéirgorm",18,0,3,5,NA
at://did:plc:n6yvrp7h45vdrm72nrldcbzq/app.bsky.feed.post/3m6n6lgazgk2e,tararoonies.bsky.social,2025-11-27T20:12:43.094Z,"Watching Reeling in the Years 1962. Want to blow something up.First story is demolition of the Royal, Dublin's 3800 seater concert hall...biggest in ireland and Britain- for offices. Followed by story on the dismantling of the rural railway. Big car and big office fucking us up 4ever. #speirgorm",7,0,0,2,NA
at://did:plc:6dnpwemduovd6rzfburfqbrt/app.bsky.feed.post/3m6n6dgtpjs26,mmdc.bsky.social,2025-11-27T20:08:16.195Z,#speirgorm,0,0,0,0,NA
at://did:plc:jl6cn5yuzpi4tj5vfl7ysfrm/app.bsky.feed.post/3m6n5oi4uyc2h,shazbear.bsky.social,2025-11-27T19:56:33.694Z,JFC 🤬 #SpeirGorm,2,0,0,0,NA
at://did:plc:b7xzcpmgtzognluekh27dffl/app.bsky.feed.post/3m6n54ns3ls2b,orlanimh.bsky.social,2025-11-27T19:46:43.799Z,"Very proud of my nephew, who's turning 16 next week, who raised 1227 euro with his Halloween lights! Mayo Roscommon Hospice has confirmed his total 👏👏👏 #SpeirGorm #MayoRoscommonHospice",3,0,0,0,NA
at://did:plc:xzzjiym2bjfnya4eare3od6x/app.bsky.feed.post/3m6n4xdgle22e,roboconnor.bsky.social,2025-11-27T19:43:39.999Z,Dear @newyorker.com - #Ireland would like to raise on objection #speirgorm,7,0,1,0,NA
at://did:plc:mcb6n67plnrlx4lg35natk2b/app.bsky.feed.post/3m6n34mt3fx23,nowbreezing.ntw.app,2025-11-27T19:10:47.095Z,"
Bluesky's Top 10 Trending Words (past 10min):
💨x1* - ukraine 🔓
💨x32 - macy's
💨x29 - thankful
💨x1* - democracy 🔓
💨x29 - afghan
💨x27 - thanksgiving
💨x1* - gaza 🔓
💨x16 - mou
💨x14 - turkey
💨x13 - guardsmen
*🔓 = Unlocked Emergency Words (see img)

#ListenToBlackVoices

(Something not right? Reply!)",0,0,0,0,NA
at://did:plc:qywcmx577hlrhttfeurxgqp4/app.bsky.feed.post/3m6n2vd7v652p,thriveabetes.bsky.social,2025-11-27T19:06:42.097Z,"Thriveabetes Speakers Announced Soon - Watch this space!

Book your tickets at 
buff.ly/5jZxoc8 

#SpeirGorm #t1d #Diabetes #DiabetesCommunity #DiabetesSupport #DiabetesIreland",0,0,0,0,NA
at://did:plc:33vlabr5n5naktrl6xgyopoc/app.bsky.feed.post/3m6n2tf4lb22e,nigellicus.bsky.social,2025-11-27T19:07:18.597Z,"Féach ar sin! In the pápeir! An Seol Atá Fúta, le Annemarie Nugent, at all good siopa leabhair! #speirgorm #books #ya #proud",0,0,0,1,NA
at://did:plc:7czbhyt6vmlibzjk2md3ds36/app.bsky.feed.post/3m6n2k2tyis22,slated.ie,2025-11-27T19:00:25.193Z,"They call it Black Friday —
a day for rushing, grabbing, and taking.

We love the quiet — the table, the laughter, the pieces made by hand for years of memory, not minutes of chaos.

Our pieces are shaped by hands, not hysteria.

We choose warmth over waste. 

🖤🇮🇪✨

 #SLATED #speirgorm 

Slated.ie",10,0,3,6,NA
at://did:plc:j2wnnsrxlcesmgggtmpfou7c/app.bsky.feed.post/3m6mznvfyac2z,dochasisgra.bsky.social,2025-11-27T18:44:38.800Z,"Lovely Native American short animation, free link in thread #speirgorm",2,0,0,0,NA
at://did:plc:r4hqvnfuc2flfguavyrhcjgg/app.bsky.feed.post/3m6mxw5a4dc2x,321kieran.bsky.social,2025-11-27T18:13:28.297Z,"📢Listen back Now to Paul @pagep195.bsky.social of Whipping Boy on his great new project The Sentimental Tourists!

🎧Also check out great chats with @maykay.bsky.social, @davidsanclair.bsky.social, @asmythmusic.bsky.social, @richiejape.bsky.social & more!

▶️ nova.ie/podcast/the-... #Speirgorm",1,0,0,1,at://did:plc:r4hqvnfuc2flfguavyrhcjgg/app.bsky.feed.post/3m6fjflgnp226
at://did:plc:iecysrzsqba4uhev4v7r5py7/app.bsky.feed.post/3m6mxmt56ac2m,djwalker.bsky.social,2025-11-27T18:08:19.299Z,"Wishing a calm and peaceful Thanksgiving to all who celebrate. 

Harty’s Quay, Rochestown, Cork 🇮🇪 

#photography
#nature
#landscape
#winter
#reflection
#thanksgiving
#EastCoastKin
#spéirgorm
#PhotoHour

🐕 🚶 📷 📱 📸 ☁️",33,0,0,1,NA
at://did:plc:v6y63c54iecyzlxp3vrxvwv2/app.bsky.feed.post/3m6mxfjapck2r,rdisc0mb0bulate.bsky.social,2025-11-27T18:04:14.297Z,"Yep! Delighted with it! 

Fair play to Eldest! 
#SpeirGorm",21,0,2,0,NA
at://did:plc:wzelpzmv2b3oudwhkcpr2s6n/app.bsky.feed.post/3m6mwmyrar22b,drmarymcauliffe.bsky.social,2025-11-27T17:50:35.397Z,"The wonderful things you see when rambling through the city - ‘a consciousness of their own dignity and worth should be encouraged in women’, Countess Markievicz #speirgorm",57,1,3,14,NA
at://did:plc:wk4vbtn77njhk4mlohgewj2m/app.bsky.feed.post/3m6mwhbyya22a,caroleducky.bsky.social,2025-11-27T17:47:16.198Z,"This is NOT okay. 🤬

No woman should be subjected to inappropriate remarks from a #taxi driver. There is a power imbalance between driver & passenger & a lone female passenger is in a vulnerable position. His comments were frightening. 🚩

#Dublin #SpeirGorm

www.instagram.com/reel/DRjrJ7V...?",1,0,0,1,NA
at://did:plc:vgw34ubb4wjjkrkwtw6qpcyu/app.bsky.feed.post/3m6mv3qpqos2n,ciaralynnmurphy.bsky.social,2025-11-27T17:22:54.799Z,"Just cycled through this down the quays to Connolly. I wouldn’t like to be on anymore than two wheels in town right now. Gridlocked. And considering they’re all beeping all the time, very loud. #Spéirgorm",5,0,0,1,NA
at://did:plc:har4i535fc7jres2p3oqsyay/app.bsky.feed.post/3m6muqfeldz2o,allanartist.bsky.social,2025-11-27T17:16:34.799Z,Couples Gifts Ireland: Caricature of Couple with Comically Large Wine Glasses! #speirgorm #caricatures #art #drawing #wine,0,0,0,0,NA
at://did:plc:33vlabr5n5naktrl6xgyopoc/app.bsky.feed.post/3m6mukjz4uc2e,nigellicus.bsky.social,2025-11-27T17:14:49.297Z,Nobody told me Bill Nighy was hosting the Late Late. #speirgorm,0,0,0,0,NA
at://did:plc:v6y63c54iecyzlxp3vrxvwv2/app.bsky.feed.post/3m6mrb4p6e22z,rdisc0mb0bulate.bsky.social,2025-11-27T16:14:20.498Z,"The instructions are grand! 

The ginger cat on the other hand is causing havoc! 🤣
#SpeirGorm",3,0,0,0,NA
at://did:plc:73huo7yhxqkafs2xyr36hqt6/app.bsky.feed.post/3m6mqpqqwbc2e,sarahskeeter.bsky.social,2025-11-27T16:04:37.494Z,"Is it just me or do Irish men politicians favour a blue suit to an unreasonable degree? Is this everywhere or just us?

#spéirgorm",1,0,1,0,NA
at://did:plc:v6y63c54iecyzlxp3vrxvwv2/app.bsky.feed.post/3m6mqi5k6g22z,rdisc0mb0bulate.bsky.social,2025-11-27T16:00:26.197Z,"It has arrived and Eldest is on the case with his trusty electronic screwdriver! 

#SpeirGorm",3,0,1,0,NA
at://did:plc:e2vdb3yylfvzgvlo3fi5mrkf/app.bsky.feed.post/3m6mpyfv2ek2n,atticuspeirgorm.bsky.social,2025-11-27T15:51:34.903Z,"There is an Entire housing estate in Rosslare strand which is completely empty for most of the year. Probably 100s more around the country. It is a disgrace. 
#Speirgorm",7,0,0,1,at://did:plc:tjj7toux5q6m2v7x2unyhznh/app.bsky.feed.post/3m6mppndsv22j
at://did:plc:tjj7toux5q6m2v7x2unyhznh/app.bsky.feed.post/3m6mppndsv22j,judesherry.bsky.social,2025-11-27T15:46:44.794Z,"We need to talk about HOLIDAY HOMES

If you already own a home, should you be allowed to buy a spare one?

The Dutch don't think so 

New laws require buyers to obtain permits to buy a 2nd home, while existing owners will be given 1 year amnesty
#DerelictIreland #speirgorm #EveryoneShouldHaveAHome",20,0,3,9,NA
at://did:plc:v6y63c54iecyzlxp3vrxvwv2/app.bsky.feed.post/3m6mpi5nycs2g,rdisc0mb0bulate.bsky.social,2025-11-27T15:42:28.499Z,"Waiting patiently on my side unit to be delivered! Between 3pm and 6pm the very friendly lady on the phone told me! 

I hope it’s nice! The reviews looked promising, but you know yourself! 
#SpeirGorm",1,0,0,0,NA
at://did:plc:4gkhunopukop6ugvlessqyvx/app.bsky.feed.post/3m6mnrl7nz22j,chendirl.bsky.social,2025-11-27T15:11:57.801Z,"Love this series, this is the 4th in the series and I have them all! For all readers not just #historians - these make great gifts for #Christmas #BookSky #Skystorians #History #Speirgorm #Ireland",4,0,0,0,NA
at://did:plc:cs5x5xn666pqm7z76s63rerc/app.bsky.feed.post/3m6mneh7sss25,iaphistorians.bsky.social,2025-11-27T15:04:38.801Z,"CHILDHOOD & THE IRISH officially launches Mon 1 Dec 2025. Some #IAPH members contributed to this compilation so come along & support them - tickets free but book 👉 tinyurl.com/y5975cu3 #Skystorians #Speirgorm 
#IrishHistory #History #Childhood #Folklore #Ireland #BookSky 📖 @salvadorryan.bsky.social",9,0,0,3,NA
at://did:plc:4pflfge55lfib5mzy6szdjrr/app.bsky.feed.post/3m6mkoniukk2i,aleccoakley.bsky.social,2025-11-27T14:16:37.495Z,"Hey #speirgorm, are we still supposed to beep the horn on windy roads or is that gone?",2,0,1,0,NA
at://did:plc:gmbqy5pcenb4bduadxtinou7/app.bsky.feed.post/3m6mkgtjqus2g,dov.bsky.social,2025-11-27T14:12:16.094Z,a bunch of you already post about irish defence policy as if speirgorm posters are a representative sample of the nation and all i can say is that by that metric every second american must be a furry in a polycule,25,0,3,2,at://did:plc:gmbqy5pcenb4bduadxtinou7/app.bsky.feed.post/3m6mketamqs2g
at://did:plc:wk4vbtn77njhk4mlohgewj2m/app.bsky.feed.post/3m6mk75orpk2s,caroleducky.bsky.social,2025-11-27T14:08:05.719Z,"#Dublin #Ireland #Traffic
#SpeirGorm",1,0,2,1,NA
at://did:plc:gjsoejzm7at4syhrvzgizrev/app.bsky.feed.post/3m6mi7pmawk2f,ainekeenan.bsky.social,2025-11-27T13:32:37.593Z,"When you go will you send 
back a letter from America?
Take a look up the rail track 
from Miami to Canada ...

The Proclaimers, 20th century

#Photography #Wisdom #Poetry #SpeirGorm #StreetPhotography #RamanaMaharshi #Ashram #India #ImageAndVerse #ArtOfBlueSky #PhotographersOfBlueSky #EastCoastKin",75,0,3,6,NA
at://did:plc:ymhebkmh56zigyqiomogsupn/app.bsky.feed.post/3m6mhaargy22q,taesaveslives.bsky.social,2025-11-27T13:14:57.296Z,"Nice positive story of a real working young person. Not from a farm so has to lease the entire place, and that's a cost he has to bear.
Left school at 16 only to do so well in third level ag course we won student of the year. Had to ""fight long and hard"" to get bank lending #speirgorm",1,0,1,0,NA
at://did:plc:ymhebkmh56zigyqiomogsupn/app.bsky.feed.post/3m6mgxh2sa22q,taesaveslives.bsky.social,2025-11-27T13:09:57.397Z,"If you wonder why farmers can be so hostile to environmentalists its often because of the talking down to

We've spend €26-40k on water quality
People who dont work in our sector telling us what good or bad leadership is so dismissive
Maybe talk to actual farmers rather than echo chambers
#speirgorm",0,0,2,0,NA
at://did:plc:v6y63c54iecyzlxp3vrxvwv2/app.bsky.feed.post/3m6mfzsi4mk2i,rdisc0mb0bulate.bsky.social,2025-11-27T12:53:23.694Z,"I saw a TikTok that spoke about seeing the cats you’ve lost, finding each other and I was not prepared for it and now I’m sitting here crying. 

Don’t let anyone ever tell you pet grief isn’t real! 
#SpeirGorm",6,0,2,0,NA
at://did:plc:2ll6cgbcj4u3prjbf75bjvjr/app.bsky.feed.post/3m6mfbqwhxvud,flockdublin.bsky.social,2025-11-27T12:39:56.499Z,"They’ve been from the shop only for a year or so as I wanted to see people try them on and how they fit different heads but they’re online now.
#irishcraft #irishdesign #wool #naturalwool #beanies #speirgorm",0,0,0,0,at://did:plc:2ll6cgbcj4u3prjbf75bjvjr/app.bsky.feed.post/3m6mfbey452xg
at://did:plc:xwjlw3ygmqlbr5igkokbkzfn/app.bsky.feed.post/3m6mezqy4cs2c,oisinmcgann.bsky.social,2025-11-27T12:35:28.394Z,"Over the last three years, I've taken part in @childrensbooksireland.ie's Everyone a Reader project as a Champion of Reading in two secondary schools in Clondalkin. A lovely project to be part of. There's a video here that explains it.
#SpeirGorm #SpéirGhorm

childrensbooksireland.ie/everyone-a-r...",8,0,0,3,NA
at://did:plc:ymhebkmh56zigyqiomogsupn/app.bsky.feed.post/3m6mc5wi2wc2s,taesaveslives.bsky.social,2025-11-27T11:44:07.896Z,"Even for non-derogation farmers this is great news.
For non farmers opposed to it I'd ask a simple question, why were farmers/groups who represent no derogation farmers (upland farmers & grain producers) ALL supporting it?
There'll be strict conditions too #speirgorm 
www.agriland.ie/farming-news...",0,0,1,0,NA
at://did:plc:v6y63c54iecyzlxp3vrxvwv2/app.bsky.feed.post/3m6mbwz65tc2h,rdisc0mb0bulate.bsky.social,2025-11-27T11:40:15.097Z,"I just found a One4All card tucked away in a drawer. 

€50 balance still intact! 

Nice! 
#SpeirGorm",19,0,2,0,NA
at://did:plc:jr5xhxt5w6a2jqh2os36rkvg/app.bsky.feed.post/3m6mblqrmss2x,ciara2001.bsky.social,2025-11-27T11:34:04.695Z,"For those who have heard us on #speirgorm wax lyrically about the spice bag, here's all you need to know",24,2,4,5,NA
at://did:plc:hbdv3kavhrd7dwwbpeewrdzo/app.bsky.feed.post/3m6mapdpvps2s,ancienteejit.bsky.social,2025-11-27T11:18:04.596Z,I may only have 50 followers and most of them are bots I'm sure but I highly recommend this book. Read it years ago and really enjoyed it. #spéirgorm #buylocal,8,0,2,1,NA
at://did:plc:swknwdgyvbkrbda6fdhhwefj/app.bsky.feed.post/3m6m7uxf73k2d,electionlit.bsky.social,2025-11-27T11:03:34.495Z,"During the Presidential campaign a question came into the WhatsApp group.  ""Is Catherine Connolly married?"", someone had been asked this when canvassing.  These days candidates tend not to share too much personal details in their material or indeed online. That wasn't always the case.... #speirgorm",6,1,3,2,NA
at://did:plc:e2vdb3yylfvzgvlo3fi5mrkf/app.bsky.feed.post/3m6m6kqnum22x,atticuspeirgorm.bsky.social,2025-11-27T10:39:42.098Z,"🧵🌍👇
#Climate #Speirgorm",1,0,1,0,NA
at://did:plc:ld2vd37jefwcaw6dmx6raaqt/app.bsky.feed.post/3m6m62hckfc2o,libertiesbelle.bsky.social,2025-11-27T10:30:38.298Z,"#SpéirGorm #SpéirGhorm

www.rte.ie/news/dublin/...",4,0,0,1,NA
at://did:plc:lcczgcqfsgyocligu3ukzexx/app.bsky.feed.post/3m6m5pgyqoc2d,squeefulraven.bsky.social,2025-11-27T10:24:27.894Z,"Happy Thanksgiving to all who celebrate!

#Thanksgiving #Turkey #TurkeyDay #SpéirGorm #SpeirGorm #America",3,0,0,0,NA
at://did:plc:upap75uizgsqltqsigiqkus4/app.bsky.feed.post/3m6m52we6dc26,quiteclare.bsky.social,2025-11-27T10:12:57.794Z,"The situation with school places for kids with additional needs in Ireland is a moral calamity. Parents who already have so much going on forced to do tons of assessments & applications, then insufficient home tutoring & suing HSE in high court when they can't get places. Shame on us 
#spéirgorm",10,0,0,2,NA
at://did:plc:wzelpzmv2b3oudwhkcpr2s6n/app.bsky.feed.post/3m6m2uyypnc2c,drmarymcauliffe.bsky.social,2025-11-27T09:33:53.096Z,"Lovely photo of my mother and her friends - can you guess which one she is! My sister looks more like her than I do, but I do look a bit like her too! #speirgorm",21,0,2,0,NA
at://did:plc:4bl6bpnggvjb3qgcwhosv6xg/app.bsky.feed.post/3m6lzooovec2j,hayleymulch.com,2025-11-27T09:12:29.194Z,"My Winter Sale is now on at hayleymulch.com !

More deets about the sale here: hayleymulch.com/blogs/news/w...

#BSNM #BlackFriday #CyberMonday #SmallBusiness #SmallBusinessSaturday #Art #ArtSky #SpéirGorm",12,0,1,6,NA
at://did:plc:k37qbsu7vms4fcu6wszzuu3l/app.bsky.feed.post/3m6lxxko32k2d,alanmacseain.bsky.social,2025-11-27T08:41:38.897Z,"The name Saoirse began appearing in the 1920's after the dust of the War of Indepenence settled.

I'm betting Aontas, as a boy's name, will appear after reunification. 
##spéirgorm",3,0,0,0,NA
at://did:plc:jflzsngi6ftgswg74povqpu2/app.bsky.feed.post/3m6lvlcwsrs22,maoltuile.bsky.social,2025-11-27T07:58:58.995Z,"Looks like IT is already up to same coat-trailing hostility as it displayed towards Michael D. We have Pat Leahy for some reason now very interested in spousal page on website and catering arrangements at the Áras, and only mentioning in final gasp Connolly’s already carrying out duties #spéirgorm",1,0,0,0,NA
at://did:plc:v6y63c54iecyzlxp3vrxvwv2/app.bsky.feed.post/3m6luslay622e,rdisc0mb0bulate.bsky.social,2025-11-27T07:45:07.795Z,"Good morning, #SpeirGorm

I took today off work. I have quite a bit of house stuff to do which involves moving existing furniture and hopefully assembling the new sideboard that is arriving today! 

Busy, busy, busy!",5,0,1,0,NA
at://did:plc:bjovrbtmnlckoh6vaalnqjzi/app.bsky.feed.post/3m6ltzq2lyc2k,lisagrimm.com,2025-11-27T07:32:00.196Z,"We may not have much in the way of cask ale or train station pubs, but at least we do have a train station-adjacent pub with a decent beer line-up...this week, we went to Grainger's:

#SpeirGorm

www.weirdodublinpubs.com/weirdo-guide...",17,0,0,3,NA
at://did:plc:b5yxc2nhcgrbtu3twvlg3i7a/app.bsky.feed.post/3m6liyocx7s2e,siobhanmcelduff.bsky.social,2025-11-27T04:13:47.693Z,"The lost sister to yer man who took out Gavin with his tale of the stolen rent.

#spéirghorm #speirgorm",46,0,3,4,NA
at://did:plc:y37mgxptpzfiljrhqdcmbwzt/app.bsky.feed.post/3m6leeny4i22h,pollygaillimh.bsky.social,2025-11-27T02:51:01.096Z,#speirgorm,3,0,0,0,NA
at://did:plc:y37mgxptpzfiljrhqdcmbwzt/app.bsky.feed.post/3m6leciiia22h,pollygaillimh.bsky.social,2025-11-27T02:49:48.098Z,#speirgorm,1,0,0,0,NA
at://did:plc:slpcusmlwp2cu4y6elhhwsce/app.bsky.feed.post/3m6l42znoik2m,soolahhoops.com,2025-11-27T00:22:30.400Z,Last one of my reminiscing for the evening. #CaisleánnadTuath or #DoeCastle in #Donegal. I’m not huge on #castles but enjoyed this one. Where it was located the tide was out so it was pretty interesting to see that too. #IrishSky🇮🇪 #Ireland #SpeirGorm #spéirgorm,8,0,0,0,NA
at://did:plc:uwji4l3wzsygaxduowluqmgr/app.bsky.feed.post/3m6l3wyja7k2u,sharrow.bsky.social,2025-11-27T00:20:14.901Z,"Apparently pointing out that FF and FG are responsible for direct provision and not funding the asylum process properly, over several government is 'playing politics'.

#enddirectprovision
#Supergluedpockets
#Spéirgorm",16,0,0,4,NA
at://did:plc:h4cs5nrhg6lfj5pts3gpafu3/app.bsky.feed.post/3m6l3tl7w5k2h,eoinbuckleylmk.bsky.social,2025-11-27T00:18:21.003Z,"Details as promised for Merch & Record Fair in The Commercial on Dec 6th
#Limerick #Music #ShopLocal #Christmas #Speirgorm #StickYourBlackFridayShite",3,0,0,0,NA
at://did:plc:slpcusmlwp2cu4y6elhhwsce/app.bsky.feed.post/3m6l3rrxocs2m,soolahhoops.com,2025-11-27T00:17:18.699Z,#TheGreatPolletSeaArch was such an amazing place! I loved the little ecosystems there in each pool of water. I saw these little jelly things clinging to the rocks & a lady told me they were sea urchins! It definitely has a vibe there! #Ireland #IrishSky🇮🇪 #speirgorm #spéirghorm #Donegal #DhúnnanGall,1,0,0,0,NA
at://did:plc:slpcusmlwp2cu4y6elhhwsce/app.bsky.feed.post/3m6l3apoyi22m,soolahhoops.com,2025-11-27T00:07:46.201Z,Part 2 of #Colmcille Well #Donegal #Ireland #IrishSky🇮🇪 #Speirgorm #GortnavernTomb #DhúnnanGall,4,0,0,0,NA
at://did:plc:slpcusmlwp2cu4y6elhhwsce/app.bsky.feed.post/3m6l33gqrhc2m,soolahhoops.com,2025-11-27T00:04:48.896Z,Had to break this into two parts and I said #Colmcille incorrectly because “American butchering a word”. It’s “Colm-kill”. Anyway still reminiscing about my trip last year. I knew America would be where it is now after the election so I got away a bit. #Donegal #Ireland #IrishSky🇮🇪 #Speirgorm,2,0,0,0,NA
at://did:plc:iecysrzsqba4uhev4v7r5py7/app.bsky.feed.post/3m6kyiyvjcc2c,djwalker.bsky.social,2025-11-26T23:18:46.903Z,"Goodnight Bluesky

Douglas River from Black Bridge, Rochestown, Cork 🇮🇪 

#photography
#nature
#landscape
#winter
#reflection
#sunset
#EastCoastKin
#spéirgorm
#PhotoHour

🐕 🚶 📷 📱 📸 ☁️ 🌅",54,0,0,4,NA
at://did:plc:siclj5jstt2xodsn7epgnqld/app.bsky.feed.post/3m6kxw4ymss2q,robosullivan.bsky.social,2025-11-26T23:08:11.401Z,"I just choked laughing.
Niall Collins: You're continually playing politics.
Gary Gannon: I'm a politician...
#spéirgorm",31,0,0,4,NA
at://did:plc:r4hqvnfuc2flfguavyrhcjgg/app.bsky.feed.post/3m6kt5sdne226,321kieran.bsky.social,2025-11-26T21:42:58.299Z,"📢Listen back Now to #OllieCole on his great new LP, Turn gigs, & recording in the ""Cole Shed""!

🎧Also check out great chats with @maykay.bsky.social, @davidsanclair.bsky.social, @niallbreslin.bsky.social @asmythmusic.bsky.social @richiejape.bsky.social & more! 
www.nova.ie/podcast/the-... #Speirgorm",0,0,0,0,at://did:plc:r4hqvnfuc2flfguavyrhcjgg/app.bsky.feed.post/3m65znn2fbc26
at://did:plc:b7xzcpmgtzognluekh27dffl/app.bsky.feed.post/3m6kt2pv7us2u,orlanimh.bsky.social,2025-11-26T21:41:13.895Z,"Alarm is set for 3.30am, aim to be in the car for 4.30am 👀 Have to drop some stuff to CityWest for 8.30am and can't risk heavy traffic on m50 😭🫣 #SpeirGorm #PrayingForSleep",2,0,0,0,NA
at://did:plc:vaawjhgwzilckuoc72ovydtt/app.bsky.feed.post/3m6kplorka22v,jayroszman.bsky.social,2025-11-26T20:39:07.897Z,"Dear #Speirgorm :

I'll be in Dublin Saturday AM for a meeting and won't be taking the train back to Cork till late afternoon. I need xmas gifts for family in US – where would you go for cool artsy, crafty, independent Irish stuff?",0,0,5,2,NA
at://did:plc:kplyujcvyw6hfovaapzxsuu3/app.bsky.feed.post/3m6kphzshvs27,drsadhbh.bsky.social,2025-11-26T20:37:05.421Z,I love this poem too - thanks for bringing it over to #speirgorm,24,0,0,3,NA
at://did:plc:ets3sxbntmhmfjb42w3cphky/app.bsky.feed.post/3m6kob6wrl22l,adrianlegg.bsky.social,2025-11-26T20:15:29.496Z,"Waiting for the last ferry on the Sherkin Disco Bus.
#SherkinIsland #Disco #Bus 
#speirgorm",2,0,0,1,NA
at://did:plc:eweyharmeuf3er35ejhbjp4o/app.bsky.feed.post/3m6ko5fzzrc2c,frankoconnor.bsky.social,2025-11-26T20:13:19.098Z,"Right across Cork city centre you can see first hand how owners have invested in streetscape thru' letting properties empty & go derelict
This beauty is on South Main St. part of historic core, which with its neighbour North Main St is particularly vandalised

#DerelictIreland #SpeirGorm",13,0,0,4,NA
at://did:plc:jkgqy6z3shq6puqnt3t4g2to/app.bsky.feed.post/3m6knvkac4c2n,thenpw.bsky.social,2025-11-26T20:08:49.895Z,Listened to this today. It was insanely delicious! Please give it a whirl... 🍎 #speirgorm,12,0,1,3,NA
at://did:plc:3zrtumskbaikoqc2z3ou3nnc/app.bsky.feed.post/3m6kmtzr76c2v,shanerazor.bsky.social,2025-11-26T19:50:09.498Z,"The National Development Plan 2040 summed up in 15 secs #speirgorm #transport 

youtu.be/cjl8OIZijjY?...",4,0,1,1,NA
at://did:plc:jhndv2ueuu77qaiw5ivjkhx7/app.bsky.feed.post/3m6kmqmqdmk2y,despod.bsky.social,2025-11-26T19:48:17.100Z,Retro train and retro loco in Cork. #Speirgorm,23,0,0,3,NA
at://did:plc:5qbpv66wsruetu2yrputepfl/app.bsky.feed.post/3m6klmabw5s2s,drdeiana.bsky.social,2025-11-26T19:27:51.500Z,This Friday. Join us if you are in Belfast #Speirgorm,1,0,0,0,NA
at://did:plc:uwji4l3wzsygaxduowluqmgr/app.bsky.feed.post/3m6klhhw2ss2b,sharrow.bsky.social,2025-11-26T19:25:12.097Z,"That is a worrying trend.

High rate of c sections can be, unreasonable time lines set by hospitals, or consultants preferences ré timing.

C sections cost more & take longer to recover from.

I look forward to Aims ireland statement on this.

#spéirgorm",6,0,2,0,NA
at://did:plc:xwjlw3ygmqlbr5igkokbkzfn/app.bsky.feed.post/3m6kkukmybc2j,oisinmcgann.bsky.social,2025-11-26T19:14:37.096Z,"This is true Ireland and the UK too. If you’re an author in either of those two countries, you should sign up. Here’s the Irish site:

plr.ie

#SpeirGorm",29,1,0,13,NA
at://did:plc:uwji4l3wzsygaxduowluqmgr/app.bsky.feed.post/3m6kk5tbhuc2g,sharrow.bsky.social,2025-11-26T19:01:56.096Z,"Grooming children via #roblox 

#notallmenbutenoughofthem 

#spéirgorm 

jrnl.ie/6886439",3,0,1,0,NA
at://did:plc:mcb6n67plnrlx4lg35natk2b/app.bsky.feed.post/3m6kjjvrfdw2e,nowbreezing.ntw.app,2025-11-26T18:50:45.895Z,"
Bluesky's Top 10 Trending Words (past 10min):
💨x1* - ukraine 🔓
💨x45 - story—keeps
💨x44 - support—or
💨x37 - story—gives
💨x37 - help—or
💨x1* - gaza 🔓
💨x1* - democracy 🔓
💨x22 - 4-year-old
💨x18 - alive—please
💨x17 - witkoff
*🔓 = Unlocked Emergency Words (see img)

#йобанарусня 🇺🇦

(Something not right?",0,0,0,0,NA
at://did:plc:htzrfp3q6p3ht3x7knog6mdd/app.bsky.feed.post/3m6kjh7vpds2z,grainneblair.bsky.social,2025-11-26T18:49:18.399Z,"#Speirgorm #NollaignamBan10/01/26 
#MaeveBrennan #EmilieConway #DADA",2,0,1,0,NA
at://did:plc:jhndv2ueuu77qaiw5ivjkhx7/app.bsky.feed.post/3m6kj7u7bwc27,despod.bsky.social,2025-11-26T18:45:14.198Z,Limerick Junction. 16 minutes late. #Speirgorm,2,0,0,0,NA
at://did:plc:aq2f6q2flkiygiiahebfm6cp/app.bsky.feed.post/3m6kj67jyac2h,thebookshopie.bsky.social,2025-11-26T18:44:34.298Z,"Almost a full collection added to stock today of the modern (1990s) reprints of the 1830's Ordnance Survey reports - all are from Ulster, the province completed at the time. 
#speirgorm thebookshop.ie/ordnance-sur...",6,0,0,1,NA
at://did:plc:htzrfp3q6p3ht3x7knog6mdd/app.bsky.feed.post/3m6kiyprqnk2z,grainneblair.bsky.social,2025-11-26T18:41:12.896Z,"#Speirgorm #WhitakerMuseumLeitrim 
#TheCoiffured #AmandaJaneGraham",0,0,0,0,NA
at://did:plc:mcb6n67plnrlx4lg35natk2b/app.bsky.feed.post/3m6kixm4ou22h,nowbreezing.ntw.app,2025-11-26T18:40:31.799Z,"
Bluesky's Top 10 Trending Words (past 10min):
💨x1* - ukraine 🔓
💨x46 - support—or
💨x44 - story—keeps
💨x40 - story—gives
💨x34 - help—or
💨x1* - gaza 🔓
💨x1* - democracy 🔓
💨x23 - alive—please
💨x22 - family—please
💨x19 - 1﹐621
*🔓 = Unlocked Emergency Words (see img)

#йобанарусня 🇺🇦

(Something not",1,0,0,0,NA
at://did:plc:uwji4l3wzsygaxduowluqmgr/app.bsky.feed.post/3m6kiq2bgq227,sharrow.bsky.social,2025-11-26T18:36:19.300Z,"www.irishexaminer.com/news/courtan...

#nocountryforwomenandgirls #spéirgorm",1,1,0,0,NA
at://did:plc:ld2vd37jefwcaw6dmx6raaqt/app.bsky.feed.post/3m6kioenhls2b,libertiesbelle.bsky.social,2025-11-26T18:35:23.998Z,"#SpéirGorm #SpéirGhorm
“Never mind.  We’ll do it ourselves.”
🙄
www.rte.ie/sport/soccer...",13,0,0,4,NA
at://did:plc:ld2vd37jefwcaw6dmx6raaqt/app.bsky.feed.post/3m6kiinrltc2b,libertiesbelle.bsky.social,2025-11-26T18:32:12.395Z,"#SpéirGorm #SpéirGhorm

www.bbc.com/news/article...",0,0,0,0,NA
at://did:plc:wpvwcjuhrpr5tjnhy3vp24ly/app.bsky.feed.post/3m6kihc7cnc2k,fhayesmccoy.bsky.social,2025-11-26T18:31:29.099Z,"Right, I'm into the winter writing garment 

#corcadhuibhne #weather #spéirgorm #writingcommunity #booksky",17,0,1,0,NA
at://did:plc:zcsbyrhosie7d223zrx5ffjy/app.bsky.feed.post/3m6khzysjbc2q,weirdireland.bsky.social,2025-11-26T18:23:59.502Z,Thing go boing #speirgorm,13,0,2,3,NA
at://did:plc:uwji4l3wzsygaxduowluqmgr/app.bsky.feed.post/3m6kh2ssl3226,sharrow.bsky.social,2025-11-26T18:06:32.296Z,"20 grand is the minimum cost of defending a defamation accusation in the courts.

If you loose then you have that 20 grand, the same or more of the other person's costs and then the ammount awarded by the court as damages.

So 20 grand is the minimum settlement or gonaway money.

#spéirgorm",4,0,2,2,NA
at://did:plc:6dnpwemduovd6rzfburfqbrt/app.bsky.feed.post/3m6kg7zzggs2o,mmdc.bsky.social,2025-11-26T17:51:33.499Z,#speirgorm,1,0,0,2,NA
at://did:plc:z6phioqd5wrigle4t4jbveif/app.bsky.feed.post/3m6kf4dw2ss22,robertbohan.bsky.social,2025-11-26T17:31:37.595Z,"Time to look at getting kids vaccinated, especially where there are children who are immunosuppressed in the same school. Vaccines are free from pharmacies & GPs: #SpeirGorm",36,1,2,2,NA
at://did:plc:nigs7kco6eoaxc5aiimsaxc3/app.bsky.feed.post/3m6kdfodels2y,helendublin.bsky.social,2025-11-26T17:01:03.097Z,#speirgorm,2,0,0,0,NA
at://did:plc:nigs7kco6eoaxc5aiimsaxc3/app.bsky.feed.post/3m6kddbvg3k2y,helendublin.bsky.social,2025-11-26T16:59:41.195Z,#speirgorm,1,0,0,0,NA
at://did:plc:jl6cn5yuzpi4tj5vfl7ysfrm/app.bsky.feed.post/3m6kdbwxcfs2h,shazbear.bsky.social,2025-11-26T16:58:57.996Z,#SpeirGorm #Gaza #Genocide #DontStopTalkingAboutPalestine,4,0,0,2,NA
at://did:plc:2cg6npffljd6q77e5wayn2dk/app.bsky.feed.post/3m6kc3gonok26,joetweetsalot.bsky.social,2025-11-26T16:37:29.195Z,"Went to the #MoulinRouge show on Monday - it was fantastic! 

⭐ ⭐ ⭐ ⭐*

*I would give 5 stars but Satine was a brunette and I won't tolerate ginger-erasure!!

#speirgorm",2,0,0,0,NA
at://did:plc:xsswt6efjmn473fgruxq752a/app.bsky.feed.post/3m6kbbroctk2v,simonb84.bsky.social,2025-11-26T16:23:03.094Z,"The last 2 days have been an epic failure for the better Public Transport agenda. This government has shat over nearly every project you can think of. 

#SpéirGorm #IrishPolitics",5,0,1,0,NA
at://did:plc:ght3uub7kpjobedtjycijk45/app.bsky.feed.post/3m6kajfrioc2y,karlstanley.bsky.social,2025-11-26T16:09:25.395Z,"If you live in Ireland, remember that in recent memory a single rugby-loving bank CEO cost the taxpayer more than every single welfare recipient in the state COMBINED. #SpeirGorm",95,0,1,32,NA
at://did:plc:vtluikc62q3hcfkazd4l7xml/app.bsky.feed.post/3m6jwgeusas2m,yerwannn.bsky.social,2025-11-26T13:08:46.895Z,"Does anyone else get a little eye twitch when they're tired? I told my boyf that I had the sleepy twitches and he looked at me like I'd 12 heads. I can't be the only slightly-twitchy-sleepy- person?

#speirgorm",9,0,2,1,NA
at://did:plc:lwqlzorhe3ijef4ngqckqvgo/app.bsky.feed.post/3m6jvbdbqh22v,kevinlally32.bsky.social,2025-11-26T12:48:08.398Z,"The writing is on the wall 🧱 

- Protect farming and rural communities 👨‍🌾👩‍🌾

- Protect our climate 🌍🌎🌏

- Protect democracy 🗳

- Reject the EU-Mercosur Trade Deal  🛑

#SpéirGorm #EU",1,0,0,1,NA
at://did:plc:wse2xzmb4etf7dpmdodw75lt/app.bsky.feed.post/3m6jv65b5nk2j,jenniferomeara5.bsky.social,2025-11-26T12:46:16.597Z,#SpeirGorm I'm weak 😂😂😂,7,0,0,0,NA
at://did:plc:56aoxjem4pjvtqsscuhq223t/app.bsky.feed.post/3m6juewec3222,rogerokeeffe.bsky.social,2025-11-26T12:32:10.997Z,"Naming it after an individual is clearly too divisive.

Let's just call it #Coddle International Airport (which also rings the ""CIA"" bell and   nods towards our status as a US Overseas Dependency).
#speirgorm",1,0,1,0,at://did:plc:pruto64zme7b7pmxnporm4tm/app.bsky.feed.post/3m6hrrvkmf22z
at://did:plc:56aoxjem4pjvtqsscuhq223t/app.bsky.feed.post/3m6ju56zlks22,rogerokeeffe.bsky.social,2025-11-26T12:27:52.296Z,"You need to remember to #speirgorm posts like this, @gavreilly.com, to get a truly representative response. 😆",0,0,0,0,at://did:plc:pruto64zme7b7pmxnporm4tm/app.bsky.feed.post/3m6hrrvkmf22z
at://did:plc:4pxxjie2356nqxd3cwf6hbpk/app.bsky.feed.post/3m6ju4erduk2b,ciaraioch.bsky.social,2025-11-26T12:27:32.898Z,"Christmas cards available now and shipping here and abroad, featuring a choice of either a traditional Irish Christmas fireplace, or an Cailleach, the ancient Irish bringer of winter ❄️

Traditional Irish Christmas: www.ciaraioch.com/artprints/p/...

An Cailleach: www.ciaraioch.com/artprints/p/...",48,1,0,34,NA
at://did:plc:nxkyqaqc7uo2rgichloepcbm/app.bsky.feed.post/3m6jtj7wymk2r,irelandsedge.bsky.social,2025-11-26T12:17:44.399Z,"In our age of ever-shorter attention spans, long-form reporting has become an endangered art. But some stories require months and years of investigation and thought to be told properly.

#IrelandsEdge25 #OtherVoices25 #SpeirGorm",0,0,1,0,NA
at://did:plc:rd67s5mrnrwg5bqhvzft2kgv/app.bsky.feed.post/3m6jpivq6vk2j,sellybeth.bsky.social,2025-11-26T11:04:55.396Z,"Does this ""household fee"" seem a bit off to anyone else? A hundred quid for items I'm not allowed to keep, or items that I'll be providing myself since they have to be replaced fáideog regularly?

#SpéirGhorm #SpéirGorm",2,0,1,0,NA
at://did:plc:7czbhyt6vmlibzjk2md3ds36/app.bsky.feed.post/3m6jo5bbbhc2n,slated.ie,2025-11-26T10:40:32.595Z,"🎁 Small gift. Big luxury.

The SLATED Alphabet Coaster — carved slate, artisan-made, timeless.

Perfect Kris Kindle swap. Perfect stocking moment.

A present that says: “Chosen, not convenient.”

SLATED Alphabet Coaster. The tiny upgrade everyone keeps. ✨

#SLATED #speirgorm #speirghorm 

Slated.ie",9,0,4,7,NA
at://did:plc:imdb5lnqdvuployv2wxfgdms/app.bsky.feed.post/3m6jnmlqo7k2e,darylfeehely.com,2025-11-26T10:31:10.596Z,"Glorious. 

#Speirgorm",4,0,0,0,NA
at://did:plc:ld2vd37jefwcaw6dmx6raaqt/app.bsky.feed.post/3m6jnfr4l7k2l,libertiesbelle.bsky.social,2025-11-26T10:27:23.699Z,"#SpéirGorm #SpéirGhorm
🤭

www.rte.ie/news/2025/11...",0,0,0,1,NA
at://did:plc:wpvwcjuhrpr5tjnhy3vp24ly/app.bsky.feed.post/3m6jlpcfr4s2s,fhayesmccoy.bsky.social,2025-11-26T09:56:59.595Z,"Good heavens. A friend just sent me this 1983 cutting from the Sindo's arts page. I'd completely forgotten The Edgerton Werewolf. Nice to see that Brendan Kennelly approved of it

#spéirgorm #irish #writing #fiction @independent.ie  @irishlittimes.bsky.social @ronanhession.bsky.social  #booksky💙📚",13,1,1,2,NA
at://did:plc:2ll6cgbcj4u3prjbf75bjvjr/app.bsky.feed.post/3m6jkooekymhb,flockdublin.bsky.social,2025-11-26T09:38:39.796Z,"Good luck to all the animators submitting their shorts this Saturday, I hope to go and watch them myself.

#irishcraft #craft #dublin #animation #speirgorm #wool",0,0,0,0,at://did:plc:2ll6cgbcj4u3prjbf75bjvjr/app.bsky.feed.post/3m6jkoo37rgpm
at://did:plc:wzelpzmv2b3oudwhkcpr2s6n/app.bsky.feed.post/3m6jj2zlafc2d,drmarymcauliffe.bsky.social,2025-11-26T09:09:51.696Z,"Where is the kindness when we talk about trans people? Deeply empathetic essay from Kathy Sheridan. The take of the young girl at the centre of transphobic outrage at a match is a horror story, but this where transphobia takes people! #speirgorm 

www.irishtimes.com/opinion/2025...",46,2,2,10,NA
at://did:plc:wm5b3q2znvnatujmm46yucon/app.bsky.feed.post/3m6jhjimx222g,aldunne.bsky.social,2025-11-26T08:42:06.107Z,"Who remembers this little kerfuffle from 20 years ago. Dartmouth Square forever trying to insert itself as a Main Character it seems

#spéirgorm

m.independent.ie/irish-news/s...",0,0,2,0,NA
at://did:plc:uwji4l3wzsygaxduowluqmgr/app.bsky.feed.post/3m6jgyphjjc2t,sharrow.bsky.social,2025-11-26T08:32:43.899Z,"Heavens forbid a government have a 5 year plan and a budget which spans that. 

#spéirgorm 

 www.breakingnews.ie/ireland/gove... 

Government 'needs to move away from year-to-year budgeting', fiscal watchdog warns",12,0,1,2,NA
at://did:plc:xsswt6efjmn473fgruxq752a/app.bsky.feed.post/3m6jgha2gkk2n,simonb84.bsky.social,2025-11-26T08:22:54.399Z,#SpéirGorm,2,0,0,0,NA
at://did:plc:gjsoejzm7at4syhrvzgizrev/app.bsky.feed.post/3m6jc4cgvuk22,ainekeenan.bsky.social,2025-11-26T07:05:23.396Z,"come on come on
let me into your temple
come on come on
I want into your temple
come on come on
let me into the temple
come on come on
I want into the temple

Jane Siberry, 21st century

#Photography #Wisdom #Poetry #SpeirGorm #India #ImageAndVerse #ArtOfBlueSky #PhotographersOfBlueSky #EastCoastKin",85,0,1,6,NA
at://did:plc:3mynxmaherbxeaun744qzgmy/app.bsky.feed.post/3m6jb4t7z722k,conormolloy.bsky.social,2025-11-26T06:47:37.895Z,#Speirgorm,0,0,0,1,NA
at://did:plc:v6y63c54iecyzlxp3vrxvwv2/app.bsky.feed.post/3m6jabo3pzs2y,rdisc0mb0bulate.bsky.social,2025-11-26T06:32:26.094Z,"I have stumbled on to Dave Allen TikTok! 

My Dad loved him! 
#SpeirGorm",6,0,0,0,NA
at://did:plc:v6y63c54iecyzlxp3vrxvwv2/app.bsky.feed.post/3m6j7jxwxck2y,rdisc0mb0bulate.bsky.social,2025-11-26T06:19:10.595Z,"You learned, over many years, that keeping her emotionally stable meant you had to be emotionally small.

That was never fair.
And it was never your job.

You are allowed to step out of that role now gently, gradually, and at your own pace.
#SpeirGorm
#MakingMyOwnPath",8,0,0,0,NA
at://did:plc:v6y63c54iecyzlxp3vrxvwv2/app.bsky.feed.post/3m6j7dnxcfc2y,rdisc0mb0bulate.bsky.social,2025-11-26T06:15:38.799Z,"Good morning, #SpeirGorm

I was Waterford bound after work yesterday to do more Christmas bits. Then I met one of the Postgrad Posse for some lovely food in the Viking Hotel. 

Had a lovely catchup over Bangers and Mash (me) and Steak Sizzler (her). Highly recommend!",3,0,0,0,NA
at://did:plc:uwji4l3wzsygaxduowluqmgr/app.bsky.feed.post/3m6j5ai5h322u,sharrow.bsky.social,2025-11-26T05:38:05.798Z,"Philomena Lee airport

Ann Lovett Airport

Joanne Hayes Airport

I could go on.. 

#spéirgorm",31,0,2,8,NA
at://did:plc:wzelpzmv2b3oudwhkcpr2s6n/app.bsky.feed.post/3m6j3uttqmk2f,drmarymcauliffe.bsky.social,2025-11-26T05:13:40.695Z,"Lemass wasn’t the absolute worst (as FF Taoisigh go) but he did introduce the 1935 Conditions of Employment Act which restricted women’s access to the workplace. His biographer says he was sexist & regarded women’s employment as ‘contrary to the Irish way of life’, so that’s a no from me. #speirgorm",83,0,2,21,NA
at://did:plc:jxo3eqeeh3kxphirpaqlbnaq/app.bsky.feed.post/3m6im3imjns2u,hazelklarkin.bsky.social,2025-11-26T00:31:06.112Z,"He WAS a creep. And a grifter. And a freeloader who lived off women. He wrote a few good poems. But haven't we all (without being shits)?
#SpéirGorm",6,0,0,0,at://did:plc:y4m2fu2kg5w5e6y4io5qn3rv/app.bsky.feed.post/3m6ii4ow6nk2n
at://did:plc:jxo3eqeeh3kxphirpaqlbnaq/app.bsky.feed.post/3m6ihw2g62s2w,hazelklarkin.bsky.social,2025-11-25T23:16:26.395Z,"Are you fucking kidding me?? I'd sooner see it named after Dustin the Turkey. 
#SpéirGorm",4,0,1,0,at://did:plc:y4m2fu2kg5w5e6y4io5qn3rv/app.bsky.feed.post/3m6ifckwljk2b
at://did:plc:jxo3eqeeh3kxphirpaqlbnaq/app.bsky.feed.post/3m6ihqmbnqs2w,hazelklarkin.bsky.social,2025-11-25T23:13:23.899Z,"I'd love to celebrate this, but - honestly - it's just more performative posturing designed to justify, and attract more, funding. 
There is no will to change, in any meaningful way, the abuse of women and children on this island. (See, also, funding for Traveller research 🙄)
#SpéirGorm",0,0,0,0,NA
at://did:plc:iecysrzsqba4uhev4v7r5py7/app.bsky.feed.post/3m6ih2fm76s27,djwalker.bsky.social,2025-11-25T23:01:05.505Z,"Goodnight Bluesky

Douglas River tonight from Black Bridge, Rochestown, Cork 🇮🇪 

#photography
#nature
#landscape
#winter
#reflection
#EastCoastKin
#spéirgorm
#PhotoHour

🐕 🚶 📷 📱 📸",65,0,0,6,NA
at://did:plc:jl6cn5yuzpi4tj5vfl7ysfrm/app.bsky.feed.post/3m6ifpvkwjk2q,shazbear.bsky.social,2025-11-25T22:37:13.396Z,Grim #SpeirGorm,8,1,2,2,NA
at://did:plc:dnvpi77gppcosuglhn7nngk3/app.bsky.feed.post/3m6ifiypdgs24,eslsys.bsky.social,2025-11-25T22:33:18.993Z,"Lilian Bland was the first woman to build and fly an aircraft in 1910

Bland International Airport sounds about right for Dublin. 😜 #speirGorm",14,0,0,2,NA
at://did:plc:y4m2fu2kg5w5e6y4io5qn3rv/app.bsky.feed.post/3m6ifckwljk2b,amflynn.bsky.social,2025-11-25T22:29:43.897Z,"Joking aside, every day, there are TDs in the Dáil taking it upon themselves to try and single-handedly make fools of us all for bothering to participate in the democratic process 
#SpeirGorm",29,0,1,3,NA
at://did:plc:7czbhyt6vmlibzjk2md3ds36/app.bsky.feed.post/3m6idhqprrs2d,slated.ie,2025-11-25T21:56:51.497Z,"The next time you walk past a homeless man/woman, kneel down have a chat, ask them their name. 

And help them.

#rteprimetime #rtept #speirgorm #SLATED",14,0,0,6,NA
at://did:plc:trjaqvpxbhcheqnr5fv6tkpm/app.bsky.feed.post/3m6idh5ftek2i,johnbarrington.bsky.social,2025-11-25T21:56:31.205Z,"Reminded this evening that as a kid and feeling unwell we’d be given an ‘egg flip’ to fortify us.
A simple recipe of an egg, warm milk, and sugar whipped together into a hearty drink.
#Spéirghorm #Speirgorm #Ireland",5,0,3,1,NA
at://did:plc:dhfmog4fmzbvhobbqrn4q2gg/app.bsky.feed.post/3m6iawgu3ac2s,lovelyhurling.bsky.social,2025-11-25T21:11:24.003Z,"Great to see these Irish Peacekeepers, arriving home safe & sound. 🇮🇪
#Speirgorm",7,0,0,2,NA
at://did:plc:zol7j6fzk2vqf6yawnkkg6bi/app.bsky.feed.post/3m6iakmpaoc23,playingwithdust.bsky.social,2025-11-25T21:04:54.297Z,And did a little re-process! Much better. #astrophotography #astronomy #speirgorm #thephotohour,22,0,0,1,NA
at://did:plc:jxo3eqeeh3kxphirpaqlbnaq/app.bsky.feed.post/3m6i7tpweg225,hazelklarkin.bsky.social,2025-11-25T20:51:58.297Z,"Gan fadhb, GRMMA. 😊
#SpéirGorm",1,0,0,0,at://did:plc:nkgh3rvwovyoveqco6xr5zdz/app.bsky.feed.post/3m6gxh6ss3s2l
at://did:plc:ets3sxbntmhmfjb42w3cphky/app.bsky.feed.post/3m6i72pubss2f,adrianlegg.bsky.social,2025-11-25T20:38:01.996Z,"Billionaire migrants from Kanturk.
#speirgorm #cork #like
wesleystubenbord.com/viz/billiona...",3,0,1,1,NA
at://did:plc:jhndv2ueuu77qaiw5ivjkhx7/app.bsky.feed.post/3m6i6gmwqcc2u,despod.bsky.social,2025-11-25T20:26:47.002Z,25% discount on Interrail passes until 17 December. Passes can be activated up to 11 months after purchase so buy now for the summer. #Speirgorm,6,0,0,4,NA
at://did:plc:lcczgcqfsgyocligu3ukzexx/app.bsky.feed.post/3m6i3vojefs26,squeefulraven.bsky.social,2025-11-25T19:41:30.803Z,"#SumikkoGurashi, a #Japanese character series designed for kids and gained a massive adult following has actually melted my ovaries with the #Squee! Watched the first movie last night and UGLY CRIED at the #bittersweet ending! Highly recommended, super cute 🥰 

#Anime #SpéirGorm #SpeirGorm #Cute",0,0,1,0,NA
at://did:plc:5cinc2kkxopkaxznsvl7ba5v/app.bsky.feed.post/3m6i3kvcnc22r,niamhnicheallaigh.bsky.social,2025-11-25T19:35:27.397Z,"And there you have it. It is never about democracy or freedom. It is always because some country has something they want or want control of.

#SpéirGorm 
#SaveOurNeutrality 
#KeepTheTripleLock",2,0,0,2,NA
at://did:plc:jhndv2ueuu77qaiw5ivjkhx7/app.bsky.feed.post/3m6hzjxn55s24,despod.bsky.social,2025-11-25T18:59:10.598Z,I expect the Irish Times will let us know soon enough whether the JR of the MetroLink decision is a good one or a bad one. #Speirgorm,3,0,2,1,NA
at://did:plc:2niyblt7yhgmidf5z3gjsrv7/app.bsky.feed.post/3m6hyvz3m4c2e,cc42.bsky.social,2025-11-25T18:47:59.999Z,#SpéirGorm,3,0,1,0,NA
at://did:plc:xsswt6efjmn473fgruxq752a/app.bsky.feed.post/3m6hyfuuzf22s,simonb84.bsky.social,2025-11-25T18:38:57.194Z,Even with the promise of fees being paid regardless of outcome the vast majority of people couldn't afford the JR process. Democracy for the rich isn't democracy #SpéirGorm #IrishPolitics,2,0,0,0,NA
at://did:plc:dnvpi77gppcosuglhn7nngk3/app.bsky.feed.post/3m6hwqelxhc2b,eslsys.bsky.social,2025-11-25T18:09:06.997Z,#speirgorm,1,0,0,0,NA
at://did:plc:uwji4l3wzsygaxduowluqmgr/app.bsky.feed.post/3m6hwg6eixc22,sharrow.bsky.social,2025-11-25T18:03:21.103Z,"Women need to live free from violence and fear, says President 

#MyPresident 

www.rte.ie/video/id/29337

#nocountryforwomenandgirls #spéirgorm",7,0,0,1,NA
at://did:plc:wk4vbtn77njhk4mlohgewj2m/app.bsky.feed.post/3m6hw65sja22q,caroleducky.bsky.social,2025-11-25T17:58:52.196Z,"Ma must have untied him from her kitchen table (& he headed straight back to the school). 🤦🏻‍♀️😁

‘Enoch Burke returned to Mountjoy Prison on foot of contempt of court order.’ 
 jrnl.ie/6885476
#SpeirGorm",11,0,2,3,NA
at://did:plc:uwji4l3wzsygaxduowluqmgr/app.bsky.feed.post/3m6hw3m2ffs22,sharrow.bsky.social,2025-11-25T17:57:27.239Z,"Holly Cairns: Ireland still isn't doing enough to tackle violence against women jrnl.ie/6884520

#nocountryforwomenandgirls

#spéirgorm",5,0,0,1,NA
at://did:plc:bjovrbtmnlckoh6vaalnqjzi/app.bsky.feed.post/3m6hulx5lec2b,lisagrimm.com,2025-11-25T17:31:25.200Z,"Anyone have info on the Bizarre Bazaar set for Bolands Mills at the weekend? Wondering if it will be worth going, with lots of local artists, or bland and corporate...haven't seen much chatter from the makers I follow locally, so curious...

#SpeirGorm 

bolandsmills.com/event/the-bo...",1,1,0,1,NA
at://did:plc:e2vdb3yylfvzgvlo3fi5mrkf/app.bsky.feed.post/3m6huhrmcak2y,atticuspeirgorm.bsky.social,2025-11-25T17:28:26.601Z,"Let the people decide?

#Speirgorm",3,0,2,0,NA
at://did:plc:ld2vd37jefwcaw6dmx6raaqt/app.bsky.feed.post/3m6hsujkp4c2b,libertiesbelle.bsky.social,2025-11-25T16:59:48.295Z,"#SpéirGorm #SpéirGhorm
Wow! 😲

www.bbc.com/news/article...",0,0,0,0,NA
at://did:plc:akq63dz7gcn7q5b2h4z7y5fn/app.bsky.feed.post/3m6hruikbtc2a,bloomsandbarnacles.bsky.social,2025-11-25T16:42:00.297Z,"I read today that the ""Do Not Remove"" guy was taken down from the facade of the former Ormond Hotel a couple months back. Can any Dubliner confirm or deny this?

#speirgorm",1,0,0,1,NA
at://did:plc:eweyharmeuf3er35ejhbjp4o/app.bsky.feed.post/3m6hrk4ikfc2s,frankoconnor.bsky.social,2025-11-25T16:36:08.100Z,"Years of violent government policy has ensured the homeless crisis gets worse & worse
Wonder what the official hidden homeless numbers are now?
This figure of 290,00 adults is from 2022
In the meantime adults in emergency accommodation increased from 11,632 to 16,614 

#DerelictIreland #SpeirGorm",14,0,0,9,NA
at://did:plc:fs625ovzqs2tosutroj2lfvz/app.bsky.feed.post/3m6hqx34clc2u,susangriff.bsky.social,2025-11-25T16:25:24.198Z,"This is now one of my favourite things. John Lewis never stood a chance lads. 🎅 (It's Red Books, Wexford, btw) Enjoy! #speirgorm",11,0,0,2,NA
at://did:plc:yq6twtxsyczk7wtcptg76za2/app.bsky.feed.post/3m6hpxgpt3c2p,roc83.bsky.social,2025-11-25T16:07:53.201Z,"Up in Dublin to see Dylan. Only out of the station and 5 different people have tried to pour coddle into my hands. 

Terrifying place.

#speirgorm",4,0,1,0,NA
at://did:plc:trjaqvpxbhcheqnr5fv6tkpm/app.bsky.feed.post/3m6horzcskc2d,johnbarrington.bsky.social,2025-11-25T15:46:47.097Z,"The Point Depot is still The Point Depot
Lansdowne Road is still Lansdowne Road
The RDS will still be The RDS
#spéirghorm #Speirgorm #Ireland",16,0,2,2,NA
at://did:plc:tcytdxc4g4lfetzqyun6vvts/app.bsky.feed.post/3m6hmpiuyus2y,joyofhazel.bsky.social,2025-11-25T15:10:09.197Z,"Some lovely sunrises we've been getting in Kerry recently...
#speirgorm #nofilter",2,0,0,0,NA
at://did:plc:imdb5lnqdvuployv2wxfgdms/app.bsky.feed.post/3m6hmby62dk2j,darylfeehely.com,2025-11-25T15:02:05.296Z,"Yeah, but CMAT Airport sounds i bhfad níos fearr.

#Speirgorm",8,0,0,0,NA
at://did:plc:voj6fievwnc672pqa7wtzajf/app.bsky.feed.post/3m6hky6fp5k2t,starrock2.bsky.social,2025-11-25T14:38:38.596Z,"Interested in #climate and #energy policy in Ireland and/ or how energy systems models can help inform policy? In Dublin & free on Dec 15th? Come along to connect with key stakeholders and hear more about work of UCC Energy Policy & Modelling Group 
www.eventbrite.com/e/ucc-energy... #speirgorm",7,0,0,3,NA
at://did:plc:xsyhsinadeaebjifn2sgwc4m/app.bsky.feed.post/3m6hkohzmy22a,gerrioneillhist.bsky.social,2025-11-25T14:33:14.199Z,"Why? Why bring party politics into it? There are more than enough Irish writers, artists and poets to choose from. James Joyce? Samuel Beckett? Patrick Kavanagh? W.B. Yeats? Harry Clarke? John Lavery? Or what about naming it after a woman? Radical, eh? #speirgorm",10,0,2,2,NA
at://did:plc:wpvwcjuhrpr5tjnhy3vp24ly/app.bsky.feed.post/3m6hidcg4as2k,fhayesmccoy.bsky.social,2025-11-25T13:51:14.003Z,"If you fancy buying my books this Christmas, please consider shopping local/supporting indie booksellers 

#ONCEAYEAR is currently 20% off at Bookstation (Irish & family-run since 1989) 
Free, fast & tracked delivery over €10
Same prices online/in-store

#spéirgorm 💙📚

bookstation.ie/products/onc...",4,0,4,4,NA
at://did:plc:kwtucfvy3bpc24xyam2ilqc2/app.bsky.feed.post/3m6hia4affc25,kevinkosullivan.bsky.social,2025-11-25T13:49:26.893Z,One for the #speirgorm community.,10,0,4,13,NA
at://did:plc:4gkhunopukop6ugvlessqyvx/app.bsky.feed.post/3m6hhj6hvg22v,chendirl.bsky.social,2025-11-25T13:36:35.297Z,Tomorrow I will be speaking on #BabyLoss in 20th century #Ireland #Speirgorm at this HYBRID event in TCD 1pm GMT.   #HistMed #HistEmotions #ReproHist #Skystorians #HistMidwifery #Midwifery #MedHums #Stillbirth #Grief #Commemoration,4,0,1,4,NA
at://did:plc:wse2xzmb4etf7dpmdodw75lt/app.bsky.feed.post/3m6hgbt5oh22y,jenniferomeara5.bsky.social,2025-11-25T13:14:34.599Z,"Clare people, look at the Loop Head design ❤️
#SLATED
#SpeirGorm",1,0,1,1,NA
at://did:plc:ymhebkmh56zigyqiomogsupn/app.bsky.feed.post/3m6hfilo2bs2f,taesaveslives.bsky.social,2025-11-25T13:00:26.596Z,"Surely there's a common sense mid ground between the Collson 'blame and bats' and the 'we can't touch our wonderful definitely not NIMBY system'.

Seen the push back on here to the first  really exaggerate that there's no issue when there clearly is #speirgorm",0,0,0,0,NA
at://did:plc:7czbhyt6vmlibzjk2md3ds36/app.bsky.feed.post/3m6hdjj2nkc2m,slated.ie,2025-11-25T12:25:13.499Z,"I took all of your advice.

The new boards are now live in the SLATED Landmark Collection.

Feel free to point out any errors. It was a bit of a rush job. 

Reposts would be amazing.

Slated.ie

#SLATED  #speirgorm",44,1,28,44,NA
at://did:plc:3zrtumskbaikoqc2z3ou3nnc/app.bsky.feed.post/3m6hdjimblk2d,shanerazor.bsky.social,2025-11-25T12:25:16.596Z,"South Dublin residents launch legal challenge against MetroLink, raising fears of delay jrnl.ie/6885031

The group have previously made submissions to ACP in the planning phase, their issues appear to amount to obstruction for obstructions sake and NIMBYism 
#speirgorm",0,0,0,0,at://did:plc:3zrtumskbaikoqc2z3ou3nnc/app.bsky.feed.post/3m6hdapy4e22d
at://did:plc:3zrtumskbaikoqc2z3ou3nnc/app.bsky.feed.post/3m6hdapy4e22d,shanerazor.bsky.social,2025-11-25T12:20:22.499Z,"20 residents holding up national infrastructure which will benefit 175,000 people and 250,000 jobs within walking distance and will move 20000 people per direction per hour. This is entitlement. #speirgorm

MetroLink to face legal challenge from Ranelagh residents

www.irishtimes.com/ireland/2025...",1,0,1,1,NA
at://did:plc:2ll6cgbcj4u3prjbf75bjvjr/app.bsky.feed.post/3m6hbzfwsedb5,flockdublin.bsky.social,2025-11-25T11:58:20.499Z,#robins #wool #irishcraft #speirgorm #hamdmade,6,0,0,3,at://did:plc:2ll6cgbcj4u3prjbf75bjvjr/app.bsky.feed.post/3m6hbyzw2pcxe
at://did:plc:rrj4gnpl267pqtrrdsjkijaq/app.bsky.feed.post/3m6hbbwzsak26,dubmac.bsky.social,2025-11-25T11:45:09.095Z,"I work near #SheriffStreet in Dublin and it's blighted by far right tricolors at half mast.
I've spoken to a few residents who assured me that most locals don't support the action but are intimidated into saying nothing publicly about them.

#Speirgorm",2,0,0,1,NA
at://did:plc:v6y63c54iecyzlxp3vrxvwv2/app.bsky.feed.post/3m6hap6z4ek2t,rdisc0mb0bulate.bsky.social,2025-11-25T11:34:41.695Z,"Banned from putting up the the new wall calendars in our office for fear of tempting fate, so we used them to practise our lightsaber moves (noises included). 

The admin office watching on ⬇️

You don’t have to be mad to work in Further Ed, but it bloody well helps! 🤣
#SpeirGorm",8,0,0,1,NA
at://did:plc:iecysrzsqba4uhev4v7r5py7/app.bsky.feed.post/3m6h6tvbk5c2f,djwalker.bsky.social,2025-11-25T11:01:33.697Z,"Star filled sky on last night’s walk

Douglas, Cork 🇮🇪 

#photography
#nature
#landscape
#winter
#star
#nightsky
#jupiter
#b&w
#EastCoastKin
#spéirgorm
#PhotoHour

🐕 🚶 📷 📱 📸 ✨ ⭐️ 🌌 🪐 🥶 ☁️",35,0,0,4,NA
at://did:plc:siclj5jstt2xodsn7epgnqld/app.bsky.feed.post/3m6h63j7nuk2u,robosullivan.bsky.social,2025-11-25T10:47:54.598Z,#spéirgorm,5,0,1,1,NA
at://did:plc:nmmmqzrurdv3aipb73ohtkgp/app.bsky.feed.post/3m6h3mxssac2d,bleary.off-the-records.com,2025-11-25T10:03:57.095Z,Saw them supporting NewDad a few weeks ago. They’re really good. #Speirgorm #UpCork,2,0,0,0,NA
at://did:plc:fkorj7epx4zpmdxx7d6m7qgc/app.bsky.feed.post/3m6h3ibevcs2r,saytheirnamesir.bsky.social,2025-11-25T10:01:20.096Z,#Belfast friends #speirgorm,1,0,0,0,NA
at://did:plc:mcb6n67plnrlx4lg35natk2b/app.bsky.feed.post/3m6h3hisuct2r,nowbreezing.ntw.app,2025-11-25T10:00:53.400Z,"
Bluesky's Top 10 Trending Words (past 10min):
💨x1* - ukraine 🔓
💨x20 - 熊本
💨x19 - 地震
💨x1* - democracy 🔓
💨x15 - 1﹐620
💨x1* - gaza 🔓
💨x12 - 震度
💨x9 - dhabi
💨x9 - abu
💨x9 - 25n
*🔓 = Unlocked Emergency Words (see img)

#ListenToBlackVoices

(Something not right? Reply!)",0,0,0,0,NA
at://did:plc:fkorj7epx4zpmdxx7d6m7qgc/app.bsky.feed.post/3m6h3giegis2r,saytheirnamesir.bsky.social,2025-11-25T10:00:21.098Z,@president.ie speaks for our wonderfully diverse island  #speirgorm,7,0,0,1,NA
at://did:plc:27jd6epq7of5kodforfyhh45/app.bsky.feed.post/3m6h3dlkmd22v,aoifeb.bsky.social,2025-11-25T09:58:48.697Z,"Thanks to Heritage Council funding, digital versions of these parish registers will soon be online. And the precious records of St Luke's Douglas can move from a damp old building to a temperature-controlled archive. #Speirgorm #Ireland 🗃️",1245,12,19,72,NA
at://did:plc:fkorj7epx4zpmdxx7d6m7qgc/app.bsky.feed.post/3m6h32wkuoc2r,saytheirnamesir.bsky.social,2025-11-25T09:53:55.297Z,"Suzanna Knight says: “Domestic, sexual, and gender-based violence continues to be one of the most pervasive public health issues and human rights violations with one in three women subjected to domestic abuse in #Ireland.” #speirgorm www.thejournal.ie/internationa...",1,0,0,0,NA
at://did:plc:rj54e4tn2c5l6kmuqotuahuv/app.bsky.feed.post/3m6h2udpsgc26,pnamblath.bsky.social,2025-11-25T09:50:12.697Z,"George Best (22 May 1946 - 25 Nov 2005) 
20th anniversary 
#speirgorm",1,0,0,0,NA
at://did:plc:ld2vd37jefwcaw6dmx6raaqt/app.bsky.feed.post/3m6gztz2je226,libertiesbelle.bsky.social,2025-11-25T09:32:09.595Z,"#SpéirGorm #SpéirGhorm

www.rte.ie/news/regiona...",0,0,0,0,NA
at://did:plc:qi3uhneb2cz77ibwnzailb22/app.bsky.feed.post/3m6gzjfuq2s2q,dfertl.bsky.social,2025-11-25T09:26:12.096Z,"#Ireland ‘s Justice Minister Jim O’Callaghan has signalled plans to follow Britain in aping #Denmark ‘s  failed #racist #migration policy: ignoring the real crises making #refugees, & risking emboldening the #farright, to deflect from domestic inequality
#SpéirGorm
www.irishtimes.com/opinion/2025...",2,0,0,0,NA
at://did:plc:hhfwpteeefymb5m324x3rsui/app.bsky.feed.post/3m6gyhg6des2r,irishplacenames.bsky.social,2025-11-25T09:07:11.594Z,"Rockabill islands, off the town of Skerries, County Dublin. From the Irish 'Cloch Dábhiolla', meaning 'Two-bill Rock'. 

Home to a lighthouse and the largest colony of roseate terns in Europe. And possibly some stray cats.

#speirgorm",5,0,0,1,NA
at://did:plc:wzelpzmv2b3oudwhkcpr2s6n/app.bsky.feed.post/3m6gxeyposc2x,drmarymcauliffe.bsky.social,2025-11-25T08:47:55.300Z,"Every day, 137 women and girls are killed by intimate partners or family members internationally - one death every 10 minutes, according to the UN, who released their annual femicide report today. 
Today is International Day for the Elimination of Violence against Women #speirgorm jrnl.ie/6884469",58,1,0,44,NA
at://did:plc:5lalgxnyfxas34qyb3u4dp4u/app.bsky.feed.post/3m6gvxxwtdc2b,cjamcmahon.bsky.social,2025-11-25T08:22:43.994Z,how in the year of our lord 2025 can I not find a decent kids encyclopaedia app on the iOS app store? any recommendations #speirgorm,1,0,0,0,NA
at://did:plc:ymhebkmh56zigyqiomogsupn/app.bsky.feed.post/3m6gvjen4rk2s,taesaveslives.bsky.social,2025-11-25T08:14:33.298Z,"My visit to Germany fully explains the German leaders push back again EVs. Shocked at the lack of them. A fraction of Ireland, France or Netherlands! #EU #speirgorm",3,0,0,1,NA
at://did:plc:nykl7whvnmnrluuxdkl72vum/app.bsky.feed.post/3m6guoyxzkc2g,breathingfire.bsky.social,2025-11-25T07:59:53.995Z,The return of the time of the Táin Bó. Can berserkers and demigods be far behind? #CúChulainn #speirgorm,4,0,1,0,NA
at://did:plc:v6y63c54iecyzlxp3vrxvwv2/app.bsky.feed.post/3m6gqpm2tqc2o,rdisc0mb0bulate.bsky.social,2025-11-25T06:48:33.897Z,"You are not responsible for managing her reactions.

The guilt comes from old conditioning, not from who you are.

You’re not doing anything wrong.You’re just finally stepping out of a role she depended on.
#SpeirGorm
#WalkingMyOwnPath",7,1,0,0,NA
at://did:plc:gjsoejzm7at4syhrvzgizrev/app.bsky.feed.post/3m6gmyb7ku22m,ainekeenan.bsky.social,2025-11-25T05:41:59.694Z,"Before I built a wall
I’d ask to know what I was
walling in or walling out,
and to whom I was like
to give offence ...

He says again, ‘Good fences
make good neighbours.’

Robert Frost, 20th century

#Photography #Poetry #SpeirGorm #ImageAndVerse #ArtOfBlueSky #PhotographersOfBlueSky #EastCoastKin",153,0,4,17,NA
at://did:plc:jxo3eqeeh3kxphirpaqlbnaq/app.bsky.feed.post/3m6g6tuw5bc2y,hazelklarkin.bsky.social,2025-11-25T01:28:50.296Z,"Conas atá sibh? 
#SpéirGorm",6,0,2,0,NA
at://did:plc:kdfjolyplxr4ope2ssfuosck/app.bsky.feed.post/3m6g5hnea2s2z,eointf.bsky.social,2025-11-25T01:04:05.896Z,@irishcycle.com maybe you could give this warning a boost to the #speirgorm crew. I've seen a good few RadWagons about over last few years. Cheers.,2,0,0,0,at://did:plc:kdfjolyplxr4ope2ssfuosck/app.bsky.feed.post/3m6fm7vvojc2f
at://did:plc:owtiovxdlxm4bp4hgnihapfe/app.bsky.feed.post/3m6fzurc24k2d,martinamorrow.bsky.social,2025-11-24T23:59:51.198Z,Due to a broken TV I ended up hanging in the kitchen this eve. I made mince pies ate half the snack box of crisps and crap and decided to have a bath just to try and save my blood sugars from complete catastrophe Now I’m zen but want a cuppa and that means sneaking past the mince pies 🫣 #speirgorm,6,0,1,0,NA
at://did:plc:lcczgcqfsgyocligu3ukzexx/app.bsky.feed.post/3m6fvexk3os2g,squeefulraven.bsky.social,2025-11-24T22:39:26.199Z,"This is our new Irish President, she shared this on Transgender Day of Remembrance… fair play 💕🏳️‍⚧️ 
Thank you, President Connolly for caring for our #Trans family and friends 🥰 

#TDOR #TransRights #SpéirGorm #SpeirGorm #LGBTQIA+ #Irish #President #PresidentConnolly #NewIrishPresident",11,0,0,2,NA
at://did:plc:ek6kvqen34uiu3ctdfyutjcw/app.bsky.feed.post/3m6fs5skjq22r,orlaegan1.bsky.social,2025-11-24T21:41:44.500Z,Irish President Catherine Connolly sends message of support on Transgender Day of Remembrance #SpéirGorm,37,0,0,16,NA
at://did:plc:aq2f6q2flkiygiiahebfm6cp/app.bsky.feed.post/3m6fqufwsis2a,thebookshopie.bsky.social,2025-11-24T21:19:26.899Z,"One of the attractive Phoenix/Gresham Books editions of Irish Literature from the 1910's , Douglas Hyde's Legends of Saints and Sinners, translated by him from the original Gaeilge. #speirgorm",2,0,0,0,NA
at://did:plc:7czbhyt6vmlibzjk2md3ds36/app.bsky.feed.post/3m6fqcx4k3c2l,slated.ie,2025-11-24T21:08:49.798Z,"Lads, do you reckon I could get away with putting some new designs online without fabulous photos? 

The Christmas deadline is looming and I don't fancy anymore bills, especially photography ones.

Would you trust us that they are amazing?

#SLATED 

#Speirgorm #Boycottamazon 

Slated.ie",9,0,7,0,NA
at://did:plc:sjeemmrxw46kr3d2755boiie/app.bsky.feed.post/3m6focylwdk2i,craigbreathnach.bsky.social,2025-11-24T20:33:09.399Z,"The #SteamAwards Nominations are now open! There's a bunch of games on the @imirt.bsky.social Steam Curator Page you can nominate right now!

#IrishGameDev #IndieDev #GameDev #IrishCreatives #IrishGameDomination #SpeirGhorm #SpeirGorm #IndieGame

store.steampowered.com/curator/4145...",17,2,0,12,NA
at://did:plc:uoenkmbrkyfqvvbwxdjsean5/app.bsky.feed.post/3m6fl4rmjxk2f,imbibecoffee.bsky.social,2025-11-24T19:35:55.098Z,This is my 6th year posting this same message. Black Friday is a nonsense with often pretend discounts on stuff you probably don’t need. We’ll do as we always do at this time and increase the 1% of all income we give to Women’s Aid to 10% on web sales over the weekend. Fuck Black Friday. #speirgorm,95,2,4,28,NA
at://did:plc:uwji4l3wzsygaxduowluqmgr/app.bsky.feed.post/3m6fkzy2qv22y,sharrow.bsky.social,2025-11-24T19:34:23.494Z,"Lack of these means no referrals for early intervention, which is crucial for best outcomes. 

www.rte.ie/news/health/...

Children and babies in parts of west Dublin are continuing to miss out on crucial health checks because of a shortage of public health nurses.

#speirgorm",0,0,0,2,NA
at://did:plc:jkgqy6z3shq6puqnt3t4g2to/app.bsky.feed.post/3m6fkrk5uys2m,thenpw.bsky.social,2025-11-24T19:29:42.896Z,"So I made my own Christmas door garlands today and I am boastfully loving them ❤️

... and yes all from my garden (minus the oranges)! #speirgorm #garden #christmas 🌱🎄",7,0,0,0,NA
at://did:plc:vmaa275bmnrksir7y6muzkkf/app.bsky.feed.post/3m6fkefyquc2o,dailigh.bsky.social,2025-11-24T19:22:16.499Z,"S’funny listening back to all the arguments made by the zealots against divorce, that they weren’t right about a single thing.

We have the 2nd lowest divorce rate in the EU.

All fear and no trousers - you’d think they’d apologise for being so utterly wrong.

#speirgorm",17,0,3,0,NA
at://did:plc:v6y63c54iecyzlxp3vrxvwv2/app.bsky.feed.post/3m6fjno3abs2r,rdisc0mb0bulate.bsky.social,2025-11-24T19:09:32.995Z,#SpeirGorm,2,0,0,1,NA
at://did:plc:r4hqvnfuc2flfguavyrhcjgg/app.bsky.feed.post/3m6fjflgnp226,321kieran.bsky.social,2025-11-24T19:05:06.093Z,"What song jumps out to YOU?🥰
🚨All the great songs on the #NovaGuestlist, includng a #Sprints live review, chats with @pagep195.bsky.social, & 1st plays for #KevHermConnolly & @maykay.bsky.social;☘️
📻Listen back Now on www.nova.ie/radio-schedu... or 6pm Sundays on @radionova100.bsky.social! #Speirgorm",3,0,2,1,at://did:plc:r4hqvnfuc2flfguavyrhcjgg/app.bsky.feed.post/3m6d56qwge22t
at://did:plc:uwji4l3wzsygaxduowluqmgr/app.bsky.feed.post/3m6fivvdibs2r,sharrow.bsky.social,2025-11-24T18:56:18.199Z,"www.aljazeera.com/opinions/202...

#Gaza #OTB #Speirgorm",0,0,0,1,NA
at://did:plc:v6y63c54iecyzlxp3vrxvwv2/app.bsky.feed.post/3m6fihgby4s2t,rdisc0mb0bulate.bsky.social,2025-11-24T18:48:13.093Z,"I didn’t float down the Slaney in a bubble!! 
#SpeirGorm",28,0,5,2,NA
at://did:plc:wpvwcjuhrpr5tjnhy3vp24ly/app.bsky.feed.post/3m6fhutxmac2c,fhayesmccoy.bsky.social,2025-11-24T18:37:49.998Z,"The Bookseller's Gift and Once A Year looking good among the Christmas glitter in Dunnes Stores nationwide!

 #spéirgorm people, please share the news 🥰📚📚

#Irish #festive #fiction #spéirghorm #booksky #writingcommunity",15,0,1,4,NA
at://did:plc:wi2pouk5ug5l4jty6jdststu/app.bsky.feed.post/3m6fh33bewk2x,seeinstarrs.bsky.social,2025-11-24T18:23:22.793Z,"It was Glasto 2003, it was 28° & sunny and this man was awesome. 🔥
You've crossed your last river Jimmy, RIP

#glasto ##speirgorm",3,0,0,0,NA
at://did:plc:owtiovxdlxm4bp4hgnihapfe/app.bsky.feed.post/3m6fgspmbwc2l,martinamorrow.bsky.social,2025-11-24T18:18:41.201Z,"What is happening on our roads, so many dead and injured in the past 10 days. I still haven’t had the nerve to drive the Ardee Road where those five young people died and there must be 7/8 dead since.  A lot of empty chairs this Christmas, please stay alert, watch your speed, take care #speirgorm",4,0,1,1,NA
at://did:plc:7czbhyt6vmlibzjk2md3ds36/app.bsky.feed.post/3m6ffmjjxlc2l,slated.ie,2025-11-24T17:57:19.899Z,"Clever people of Bluesky, why would an NCT cert have ND  beside most things?

And what does it mean?

#speirgorm
#SLATED",0,0,2,0,NA
at://did:plc:uwji4l3wzsygaxduowluqmgr/app.bsky.feed.post/3m6fcrpjskk2e,sharrow.bsky.social,2025-11-24T17:06:33.597Z,"Some of the vilest things said to me in person while I was active doing abortion activism was this person and her daughters, on international women's day at the NWCI soap box event. 

#Speirgorm",28,0,7,6,NA
at://did:plc:6rr62zjwua6uckd5xanmhclr/app.bsky.feed.post/3m6f7ifmnik2i,natalieoregan.bsky.social,2025-11-24T16:07:41.806Z,"Ireland’s drug policy isn’t just failing, it’s harming families.
Kinship carers save the State billions, yet face legal hurdles, poverty, and zero recognition. 

#DrugPolicy #KinshipCare #Ireland #SocialJustice #DrugSky #SpeirGorm

natalieoregan.substack.com/p/kinship-ca...",8,0,0,4,NA
at://did:plc:4bn3nihfie4yis4645exutv2/app.bsky.feed.post/3m6f6rrynck2q,kellieturtle.bsky.social,2025-11-24T15:55:05.399Z,"My southern friends and comrades: anybody with 3 mobile want to register for a Lily Allen Dublin gig presale code today and share it with me? The partitionism is excluding us nordies and frankly I consider it a breach of the Good Friday Agreement. 
#SpeirGorm",4,0,1,1,NA
at://did:plc:2ie425wzoojoewvaabwy6t3s/app.bsky.feed.post/3m6f3ckg4jc25,desfitzgerald.bsky.social,2025-11-24T14:52:59.400Z,"If you're in ireland and have kids in primary school or soon to be, please fill out this survey on preferences re religious involvement in schools, and whether people prefer single-sex or co-ed. It takes < 1 minute and will inform future provision. #speirgorm www.gov.ie/en/departmen...",19,0,0,34,NA
at://did:plc:x5j2v4k5veqtcdptzk3xn6df/app.bsky.feed.post/3m6f27l2g2c2n,menalippe.bsky.social,2025-11-24T14:33:16.998Z,Wear red if you can #Speirgorm,1,0,1,1,NA
at://did:plc:yn3rsc67mulyzkrqfrgisoy2/app.bsky.feed.post/3m6ey4ceclc2v,thepaulhoey.bsky.social,2025-11-24T13:55:43.000Z,"My show Hive Mind is on again this Saturday in Dublin. An interactive gaming experience whre the audience guided by the host use their phones to control various games. Solve a crossword, balance a see-saw, cplete a quiz and more! #speirgorm Tickets here: www.eventbrite.ie/e/hive-mind-...",1,0,1,3,NA
at://did:plc:b25fw5q6tr2faqdy52du276g/app.bsky.feed.post/3m6exkzm53s2i,gildedalm.com,2025-11-24T13:46:01.501Z,"🔹🔷🔹

𝗘𝗟𝗟𝗔 𝗘𝗬𝗥𝗘
𝗲𝘃𝗲𝗿𝘆𝘁𝗵𝗶𝗻𝗴, 𝗶𝗻 𝘁𝗶𝗺𝗲

𝘰𝘯 𝘗𝘭𝘢𝘺 𝘐𝘵 𝘈𝘨𝘢𝘪𝘯 𝘚𝘢𝘮

🔹🔷🔹

𝚒𝚜 𝚘𝚞𝚛 𝙶𝚒𝚕𝚍𝚎𝚍 𝙰𝙻𝙼
𝙰𝚕𝚋𝚞𝚖 𝚘𝚏 𝚝𝚑𝚎 𝚆𝚎𝚎𝚔

LISTEN
tr.ee/GildedAOTWsp...

🔹🔷🔹

@playitagainsamrecs.bsky.social 
#IrishBluesky #speirgorm #musicsky #aotw",0,0,0,2,NA
at://did:plc:y7fyhofvnxwekohaqkiho5qp/app.bsky.feed.post/3m6ewsczu6c2p,suerussell.bsky.social,2025-11-24T13:32:25.797Z,Great to see the Pipster out and about and back on form .... even if she insists on rolling round in sheep poo!! #Bestdog #dogsofbluesky #spéirgorm,8,0,1,0,NA
at://did:plc:56aoxjem4pjvtqsscuhq223t/app.bsky.feed.post/3m6ewrzkj5c24,rogerokeeffe.bsky.social,2025-11-24T13:31:59.496Z,"Today I learned a little bit about Toronto's history.

#speirgorm",2,0,1,0,NA
at://did:plc:xwjlw3ygmqlbr5igkokbkzfn/app.bsky.feed.post/3m6ew6ymhgk2t,oisinmcgann.bsky.social,2025-11-24T13:21:20.102Z,"If fancy a taste of what it's like to train as a book illustrator, and you're within reach of Dublin on week-days, I'm starting a course in the @irishwriterscentre.bsky.social in January.

#SpeirGorm #Illustration #ChildrensBooks",6,0,0,8,NA
at://did:plc:e54xgg4fm267ueuz2wtfwq26/app.bsky.feed.post/3m6euvpe4q22d,mikduffy.bsky.social,2025-11-24T12:58:14.596Z,#speirgorm Irish cineastes who can access UK TV might be interested to hear that Talking Pictures are showing The Black Tent - a war film from under-celebrated Belfast director Brian Desmond Hurst.,3,0,2,0,NA
at://did:plc:hhfwpteeefymb5m324x3rsui/app.bsky.feed.post/3m6eury5ehk2q,irishplacenames.bsky.social,2025-11-24T12:56:14.496Z,"Two-mile-borris, Co. Tipperary. From the Irish 'Buiríos Léith', probably meaning the borough of the monastery in nearby Leigh.

Also the ideal distancing applicable to certain floppy-haired former British Prime Ministers in a pandemic.

#speirgorm",16,0,0,6,NA
at://did:plc:n7fcksjsljwyxguh5mjsbl5s/app.bsky.feed.post/3m6euki2a4c2j,rockyroader.bsky.social,2025-11-24T12:51:57.997Z,"#spéirgorm #gaeilge
The other night, at the Lord Edward pub in Dublin, I said ""Go raibh maith agat, thanks"" when a guy held the door as we went in. Ended up chatting a while as Gaeilge, agus bhí an-áthas orainn buaileadh le chéile!
Níl an dóthain seans agam an teanga a chleachtadh.",9,0,0,2,NA
at://did:plc:tch2tperf6sgkbmvnlaa3opr/app.bsky.feed.post/3m6eubuprk22o,brianofarrell.bsky.social,2025-11-24T12:47:10.896Z,"Bloody hell that is outrageous

#SpéirGorm",8,0,2,4,NA
at://did:plc:u6gk5ptsmcrphcig4uk5bxlv/app.bsky.feed.post/3m6eu5ilw5c2h,claireconnolly.bsky.social,2025-11-24T12:44:49.710Z,‘Tis the season - thanks @winterpapers.bsky.social and @mgtkell.bsky.social #speirgorm,3,0,1,1,NA
at://did:plc:vmaa275bmnrksir7y6muzkkf/app.bsky.feed.post/3m6et46qeqc2e,dailigh.bsky.social,2025-11-24T12:26:05.899Z,"A new “Socialist Front” who claim to be in opposition to Clown Eireann and Loyalist far right have popped up in Belfast - just more scumbags cosplaying as violent activists, albeit allegedly on the left this time. #speirgorm

podcasts.apple.com/ie/podcast/t...",5,0,2,0,NA
at://did:plc:6dnpwemduovd6rzfburfqbrt/app.bsky.feed.post/3m6et3tcye22x,mmdc.bsky.social,2025-11-24T12:25:52.796Z,#speirgorm,0,0,0,0,NA
at://did:plc:ysq4yl2gyg3gf3dxxx47y3gq/app.bsky.feed.post/3m6ersirvws24,pbp-wexford.bsky.social,2025-11-24T12:02:48.699Z,#speirgorm,0,0,0,1,NA
at://did:plc:wzelpzmv2b3oudwhkcpr2s6n/app.bsky.feed.post/3m6eqtd64g22t,drmarymcauliffe.bsky.social,2025-11-24T11:45:21.595Z,"Thirty years since the best reaction to losing a referendum was spoken! In 1995 one of No Divorce Campaign leaders Úna Bean Mhic Mhathúna,on leaving the RDS as the 15th amendment to allow divorce was passed,shouted to celebrating pro divorce campaigners,’Go way ye wife swappin' sodomites’!#speirgorm",152,2,13,48,NA
at://did:plc:dnvpi77gppcosuglhn7nngk3/app.bsky.feed.post/3m6eqay2hdk2v,eslsys.bsky.social,2025-11-24T11:35:09.396Z,"The carnage on our roads continues #speirgorm
www.irishexaminer.com/news/arid-41...",1,0,0,0,NA
at://did:plc:iecysrzsqba4uhev4v7r5py7/app.bsky.feed.post/3m6epyyl22k2d,djwalker.bsky.social,2025-11-24T11:30:42.095Z,"Mahon GC, Cork 🇮🇪 

#photography
#nature
#landscape
#winter
#river
#cork
#golf
#sunset
#EastCoastKin
#spéirgorm
#PhotoHour

🐕 🚶 📷 📱 📸 ☁️ ⛅️ 🍂 🌳 🌅 ⛳️",35,0,0,4,NA
at://did:plc:bwri5etslrdnbu6jpqrznf36/app.bsky.feed.post/3m6ep5thegc2t,tggleeson.bsky.social,2025-11-24T11:15:28.099Z,"#speirgorm has first mover advantage, it's easier to type no fadas, easier to get right, no séimhiú anxiety AND it's in the tradition of Twitter hashtags. Bluesky has multi-selector feeds but a lot are not (fully) aware of these, everybody understands a single gathering-hashtag like say #coybig",4,0,0,0,NA
at://did:plc:vmaa275bmnrksir7y6muzkkf/app.bsky.feed.post/3m6enztvrvk2y,dailigh.bsky.social,2025-11-24T10:55:17.194Z,"Also Bluesky itself is grammatically incorrect - it should be blue-sky.

It’s a brand name, it’s a trademark that has a very specific contextual meaning and allows a corporation to own the brand.

Speirgorm has become the Irish version of that, & glad we have - we didn’t have one in the old place.",4,0,0,0,NA
at://did:plc:7czbhyt6vmlibzjk2md3ds36/app.bsky.feed.post/3m6enhhxn622l,slated.ie,2025-11-24T10:45:00.996Z,"Ah,lads, I got a present, two in fact. 

Thank you so much, @thebookshopie.bsky.social 

If you need a book, the service is exceptional.

#smallbusiness #SLATED #speirgorm",8,0,0,0,NA
at://did:plc:wpvwcjuhrpr5tjnhy3vp24ly/app.bsky.feed.post/3m6enan2nyc2v,fhayesmccoy.bsky.social,2025-11-24T10:41:14.397Z,"Great to see so many friends, including @anniewestdotcom.bsky.social , included on this list of websites 

#shoplocal #supportsmallbusinesses #Irish #Christmas #shopping #spéirgorm #speirghorm

 www.irishtimes.com/your-money/2...",6,0,1,6,NA
at://did:plc:wk4vbtn77njhk4mlohgewj2m/app.bsky.feed.post/3m6el4ojke22v,caroleducky.bsky.social,2025-11-24T10:03:12.997Z,"‘Gardaí and emergency services at scene of multi-vehicle collision involving bus in Co Meath.’
 jrnl.ie/6883859
#SpeirGorm",0,0,0,0,NA
at://did:plc:htaob5ymanqwchsi4mk2gj7v/app.bsky.feed.post/3m6ekauefws26,garethoconnor.bsky.social,2025-11-24T09:47:43.996Z,Wisdom of Trees #SpeirGorm,4,0,0,0,NA
at://did:plc:uoenkmbrkyfqvvbwxdjsean5/app.bsky.feed.post/3m6ejxefryc2u,imbibecoffee.bsky.social,2025-11-24T09:42:18.997Z,"Basically, please subscribe to the ""Get Around To It"" podcast and put it on your pod rotation. it's really good! #speirgorm linktr.ee/getaroundtoit",2,0,0,1,at://did:plc:uoenkmbrkyfqvvbwxdjsean5/app.bsky.feed.post/3m6ejoyxnn22p
at://did:plc:2ll6cgbcj4u3prjbf75bjvjr/app.bsky.feed.post/3m6eiydki6rj6,flockdublin.bsky.social,2025-11-24T09:25:26.698Z,"Youngest is on a sick day so I’ve brought robins home to sew while he naps. 

#wool #irishcraft #speirgorm #robins",2,0,0,0,NA
at://did:plc:ld2vd37jefwcaw6dmx6raaqt/app.bsky.feed.post/3m6ei37vqjs2z,libertiesbelle.bsky.social,2025-11-24T09:08:43.296Z,"#SpéirGorm #SpéirGhorm

www.rte.ie/news/ireland...",0,0,0,0,NA
at://did:plc:7czbhyt6vmlibzjk2md3ds36/app.bsky.feed.post/3m6ehrsohis2l,slated.ie,2025-11-24T09:03:25.296Z,"This confuses me, no end, I thought it was #Speirgorm 🤷‍♀️",2,0,0,0,at://did:plc:3om2rrmtkdq2qsqjzibiaooo/app.bsky.feed.post/3m6ehkuluek2r
at://did:plc:7czbhyt6vmlibzjk2md3ds36/app.bsky.feed.post/3m6ehoq3pe22l,slated.ie,2025-11-24T09:01:46.394Z,"Right, let's get the day started. I am currently dressed like an onion.

The first task is gilding, which means standing still in our freezing studio. Hence, the onion outfit.

It will be worth it when they look like👇👇👇

#SLATED #speirgorm",6,0,0,1,NA
at://did:plc:ld2vd37jefwcaw6dmx6raaqt/app.bsky.feed.post/3m6egwaze622z,libertiesbelle.bsky.social,2025-11-24T08:48:04.201Z,"#SpéirGorm. #SpéirGhorm

www.rte.ie/news/2025/11...",4,0,0,0,NA
at://did:plc:4hs3dmcihhjzmlxg2ilawk25/app.bsky.feed.post/3m6egfmyjak23,lolaclare.bsky.social,2025-11-24T08:38:46.795Z,"To my Irish Bluesky community interested in environmental hazard & protection. Does anyone know of research or policy documents on Aughinish Alumina & potential harm to community or environment. There is very little data outside of EPA public health report in 90s, newspaper articles etc #speirgorm",4,0,1,1,NA
at://did:plc:har4i535fc7jres2p3oqsyay/app.bsky.feed.post/3m6efqccjxc23,allanartist.bsky.social,2025-11-24T08:26:46.596Z,For some reason both #SpéirGorm and #SpéirGhorm show up together (and versions without fadas too). I've a column set up for the former and I see posts for the latter too. Is Bluesky good at Irish? I don't know. But I've been told,1,0,1,0,at://did:plc:3om2rrmtkdq2qsqjzibiaooo/app.bsky.feed.post/3m6eax7shkc2u
at://did:plc:3om2rrmtkdq2qsqjzibiaooo/app.bsky.feed.post/3m6eax7shkc2u,trasinscneach.bsky.social,2025-11-24T07:01:08.898Z,I've missed all the discussion is it #SpéirGorm or #SpéirGhorm or #Gormspéir now?,0,0,3,0,NA
at://did:plc:v6y63c54iecyzlxp3vrxvwv2/app.bsky.feed.post/3m6e7ahmtz22p,rdisc0mb0bulate.bsky.social,2025-11-24T06:30:33.300Z,"My life isn’t part of her emotional regulation system! 
#Takingitback
#GoingMyOwnPath
#SpeirGorm",7,0,1,0,NA
at://did:plc:v6y63c54iecyzlxp3vrxvwv2/app.bsky.feed.post/3m6e6xcbiis2p,rdisc0mb0bulate.bsky.social,2025-11-24T06:25:25.297Z,"Good morning, #SpeirGorm

Monday rolls around again! 

Treat yourselves to a hot drink and a muffin this morning!",8,0,1,0,NA
at://did:plc:gjsoejzm7at4syhrvzgizrev/app.bsky.feed.post/3m6e5l4v5uc2m,ainekeenan.bsky.social,2025-11-24T06:00:47.897Z,"I am neither male nor female,
nor am I sexless.
I am the Peaceful One,
whose form is self-effulgent,
powerful radiance.

Guru Nanak, 16th century

#Photography #Wisdom #Poetry #Mystical #Sikh #SpeirGorm #StreetPhotography #India #ImageAndVerse #ArtOfBlueSky #PhotographersOfBlueSky #EastCoastKin",135,2,2,12,NA
at://did:plc:56aoxjem4pjvtqsscuhq223t/app.bsky.feed.post/3m6dkf7uzic2l,rogerokeeffe.bsky.social,2025-11-24T00:17:24.700Z,"An interesting snippet about the history of Malahide served up by the YouTube algo. #speirgorm 

youtu.be/aNkglzJLcaw?...",8,0,0,0,NA
at://did:plc:srddjgwutfu33x75f3xhlro6/app.bsky.feed.post/3m6dhkzqefk2f,brownekelly.bsky.social,2025-11-23T23:26:58.695Z,#speirgorm #irish #diaspora,2,1,0,0,NA
at://did:plc:5lalgxnyfxas34qyb3u4dp4u/app.bsky.feed.post/3m6dgnqd3cs26,cjamcmahon.bsky.social,2025-11-23T23:10:34.994Z,every poster on #speirgorm has a copy of Soundings,52,1,12,7,NA
at://did:plc:dkd445ta2y3icakh2f2ukufz/app.bsky.feed.post/3m6dch4pk5k2w,lori-l.bsky.social,2025-11-23T21:55:19.994Z,"The Irish on #DuoLingo is way harder than the equivalent levels in the other languages, and with loads of new makey-up words too! 😤 #speirgorm",2,0,1,0,NA
at://did:plc:4lh7odxyd2sxeoas2os5l2wo/app.bsky.feed.post/3m6dcai3drk2m,amberkeating.net,2025-11-23T21:51:34.798Z,"So thrilled when I recognize a sentence calls for the genitive case, urú, or séimhiú when doing my Irish homework. These things have long plagued me & I love that I’m more consistently recognizing when they’re needed. #AsGaeilge #SpeirGorm #SpeirGhorm (used both tags bc human brains are flexible!)",4,0,0,0,NA
at://did:plc:3htet3hmybicu3rmousjxuew/app.bsky.feed.post/3m6daw764xk2d,barryodonovan.bsky.social,2025-11-23T21:27:56.193Z,"#speirgorm is like trumpeting on a hill or lighting the fire for me😂
It's a way of saying, ""Irish people, over here! I seek you help""/ ""Only Irish people can sympathise with me right now""
Was it meant to be a Gaeilge thing?!",8,0,3,1,at://did:plc:uwji4l3wzsygaxduowluqmgr/app.bsky.feed.post/3m6dao32cns2y
at://did:plc:ajw2t3pfisrtb7vqj7fml7y4/app.bsky.feed.post/3m6dagm3gxn2g,lostexpectation.bsky.social,2025-11-23T21:19:13.500Z,"The 7 core principles of Bauer Media, owners of Newstalk, Today FM and Goloud. www.bauermedia.com/company/peop... No. 7 Avoid Conflicts of Interest #speirgorm",3,0,0,2,NA
at://did:plc:ofmkl4k2ybutv5b3xpmuq36h/app.bsky.feed.post/3m6d74kdhlk2i,limerick4inarow.bsky.social,2025-11-23T20:55:43.798Z,"“Watching John with the machine, it was suddenly so clear.The Terminator would never stop.It would never leave him. It would never hurt him,never shout at him,or say it was too busy to spend time with him.It would always be there.And it would die to protect him…”
#dogsofbluesky
#speirgorm",10,0,0,0,NA
at://did:plc:o3fsnjyf66iio5rxjidak43z/app.bsky.feed.post/3m6d63d6ios2y,conorvoice.com,2025-11-23T20:37:08.905Z,"Hey Dublin-acquainted friends, can anyone point me to a good music video filmed in Dublin in the 90s?

All I can think of is Something Happens ""Hello"" but IIRC that's just on Dollymount or something. (And may be '89 anyway)

Old Town is the high bar for me

#Speirgorm

youtu.be/NXOrak1nhQo?...",7,1,5,5,NA
at://did:plc:kwqp2tmpdjed5kottxbagsql/app.bsky.feed.post/3m6d56y77l225,irishwol.bsky.social,2025-11-23T20:21:15.895Z,"A movie that takes place where you're from. 

Not a great gif for Michael Collins given it doesn't show the Big Fella or Cork but it's the only one #speirgorm has",1,0,2,1,NA
at://did:plc:7czbhyt6vmlibzjk2md3ds36/app.bsky.feed.post/3m6d36ajyr22w,slated.ie,2025-11-23T19:45:05.521Z,"Sit down with a cuppa or a festive glass of wine (no judgement here 😉)

Now think of that Christmas present you need.

Open SLATED — boom, you’re all sorted. 🎄🍷✨

#SLATED #Speirgorm #Boycottamazon #shopsmallbusiness 

slated.ie 

Featuring @conorvoice.com",10,0,0,3,NA
at://did:plc:bwri5etslrdnbu6jpqrznf36/app.bsky.feed.post/3m6czdx6qnc2z,tggleeson.bsky.social,2025-11-23T19:12:30.203Z,"Same I use the ""anglised"" #speirgorm as its by far the most widely used, also a lot of people are unaware of feeds but are very comfortable with how hashtags worked on twitter.",3,0,0,0,at://did:plc:laapn5mwj5oenlnezukis2k5/app.bsky.feed.post/3m6cytsnxqk26
at://did:plc:36hqooiwcmgr3vfc4ovmi2bd/app.bsky.feed.post/3m6cytn6hjs23,philipoconnor.bsky.social,2025-11-23T19:03:20.598Z,"Gentlemen of #Bluesky/#SpeirGorm!
Contacted a friend to go for a drink the other day, he couldn't as he had an operation for cancer a month ago and is undergoing chemo. 
He went to the doctor for something different, and a test showed he had cancer. 
Get yourselves checked out regularly.❤️",31,0,2,13,NA
at://did:plc:v6y63c54iecyzlxp3vrxvwv2/app.bsky.feed.post/3m6cyq6tdgs2s,rdisc0mb0bulate.bsky.social,2025-11-23T19:01:24.894Z,"When you couldn’t remember the word for wire and so asked for the metal twine! 😂

Well at least everyone got a good laugh out of it! 😂
#SpeirGorm
#WreathMaking",5,0,1,0,NA
at://did:plc:r4hqvnfuc2flfguavyrhcjgg/app.bsky.feed.post/3m6cypujwgc2e,321kieran.bsky.social,2025-11-23T19:01:14.599Z,"🚨This hour on the #NovaGuestlist:
💽Our Albums with Anniversaries this week are by #U2 & #TheBeatles;
⁉️Are you a fan?
📻LIVE on @radionova100.bsky.social now! #Speirgorm",1,0,2,0,at://did:plc:r4hqvnfuc2flfguavyrhcjgg/app.bsky.feed.post/3m6cy7tcnis2e
at://did:plc:223cpcieytdlbmzovhs2ypg2/app.bsky.feed.post/3m6cyf6dt422i,bgormley.bsky.social,2025-11-23T18:55:16.698Z,Very sorry to hear that the good people in @brookwoodpottery.com in Fairview had their shop burgled and vandalized last night. It’s difficult running a small business in Ireland so throw them a bit of love #SpeirGorm !,19,1,1,4,NA
at://did:plc:r4hqvnfuc2flfguavyrhcjgg/app.bsky.feed.post/3m6cy7tcnis2e,321kieran.bsky.social,2025-11-23T18:52:16.095Z,"🎪Our special #NovaGuestlist gig-of-the-week is by @florenceroad.bsky.social in the Academy this Sunday 30th!
🎟️Check out one of the most exciting Irish bands take a big step up & celebrate their recent EP.. check them out! #Speirgorm",0,0,1,0,at://did:plc:r4hqvnfuc2flfguavyrhcjgg/app.bsky.feed.post/3m6cwgrogac2x
at://did:plc:56aoxjem4pjvtqsscuhq223t/app.bsky.feed.post/3m6cx53l6hk2k,rogerokeeffe.bsky.social,2025-11-23T18:32:51.294Z,"As it happens, the first offering I saw here was #speirgorm and I stuck with it ever since as it had ""first-mover advantage"", it is easiest to type and a lot of the alternatives aren't necessarily more correct. 😆",4,0,1,0,at://did:plc:bwri5etslrdnbu6jpqrznf36/app.bsky.feed.post/3m6cwegpqgc2z
at://did:plc:imdb5lnqdvuployv2wxfgdms/app.bsky.feed.post/3m6cwyw7c722n,darylfeehely.com,2025-11-23T18:30:32.294Z,"I'm 3 episodes in to Hector's new travel show Oz / Nz on TG4 & tá sé tharr barr.

How he highlights the unequal situation of the Aboriginal people in Australia is excellent.

He spoke to people that were taken as children & put into industrial schools.
The stories are heartbreaking.

#Speirgorm",5,0,1,2,NA
at://did:plc:v6y63c54iecyzlxp3vrxvwv2/app.bsky.feed.post/3m6cwt7hefs2g,rdisc0mb0bulate.bsky.social,2025-11-23T18:27:19.993Z,"A movie that takes place where you’re from 
#SpeirGorm
#Brooklyn",1,0,0,0,NA
at://did:plc:r4hqvnfuc2flfguavyrhcjgg/app.bsky.feed.post/3m6cwgrogac2x,321kieran.bsky.social,2025-11-23T18:20:31.501Z,Chatting about the unreal #MBV gig last night… amazing work by @foggynotions.bsky.social putting it on… #Speirgorm,6,0,1,0,at://did:plc:r4hqvnfuc2flfguavyrhcjgg/app.bsky.feed.post/3m6cvwm6ww22c
at://did:plc:r4hqvnfuc2flfguavyrhcjgg/app.bsky.feed.post/3m6cvwm6ww22c,321kieran.bsky.social,2025-11-23T18:11:28.202Z,"🚨On Tonight's NOISY #NovaGuestlist:

💽Classic LPs by #U2 & #TheBeatles;
🎙️ @pagep195.bsky.social chats!
🎪 #Sprints LIVE review;
🔥NEW @maykay.bsky.social & #KevinHermConnolly;
☘️+ #MBV #SodaBlonde @florenceroad.bsky.social;
📻LIVE on @radionova100.bsky.social NOW-What do YOU need to hear? #speirgorm",8,0,5,1,NA
at://did:plc:uwji4l3wzsygaxduowluqmgr/app.bsky.feed.post/3m6cvmlbnq22u,sharrow.bsky.social,2025-11-23T18:05:42.598Z,"Also please take into consideration that some of us are dyslexic and trying. communication doesn't have to be perfect for a person to make themselves understoon.

#SpéirGhorm #Speirgorm",17,0,2,0,at://did:plc:uwji4l3wzsygaxduowluqmgr/app.bsky.feed.post/3m6cvkziyv22u
at://did:plc:6dnpwemduovd6rzfburfqbrt/app.bsky.feed.post/3m6cvg7nzq222,mmdc.bsky.social,2025-11-23T18:02:09.500Z,#speirgorm,7,0,0,3,NA
at://did:plc:uwji4l3wzsygaxduowluqmgr/app.bsky.feed.post/3m6cvfm74522u,sharrow.bsky.social,2025-11-23T18:01:48.695Z,"I'd honestly love it, if those who know better would have the discussions and include us with out being condescending and condemning of our broken Irish. 

i know more about the structure and grammar of german than I do Irish due how it was taught. 

#SpéirGhorm #Speirgorm",16,0,2,0,at://did:plc:uwji4l3wzsygaxduowluqmgr/app.bsky.feed.post/3m6cvcum4t22u
at://did:plc:uwji4l3wzsygaxduowluqmgr/app.bsky.feed.post/3m6cvcum4t22u,sharrow.bsky.social,2025-11-23T18:00:16.798Z,"For many of us our Irish never advanced past primary school level, we weren't taught Irish grammar even at secondary level. We were left to sink or swim with poems and books. 25 year after I finished secondary school I only learned words have gender in irish.

#SpéirGhorm #Speirgorm",21,0,1,0,at://did:plc:uwji4l3wzsygaxduowluqmgr/app.bsky.feed.post/3m6cv2sths22j
at://did:plc:l7lv6er6rifmgewmgqhkkiqf/app.bsky.feed.post/3m6cvbfburc2e,alanlawlor.bsky.social,2025-11-23T17:59:27.197Z,"And those language purists are complaining unnecessarily as the Speirgorm feed captures all variations of spelling, whether correct or not",13,0,2,1,at://did:plc:uwji4l3wzsygaxduowluqmgr/app.bsky.feed.post/3m6cv2sths22j
at://did:plc:uwji4l3wzsygaxduowluqmgr/app.bsky.feed.post/3m6cv2sths22j,sharrow.bsky.social,2025-11-23T17:55:46.302Z,"Look those of us who were here early on bluesky weren't gealgorie. We did what we could with our broken Irish to create a tag to bring Irish people together. 

Having those who are fluent decry those best efforts, when they came a lot later, is disheartening. #Speirgorm",50,1,6,6,NA
at://did:plc:wm5b3q2znvnatujmm46yucon/app.bsky.feed.post/3m6cuhueq6225,aldunne.bsky.social,2025-11-23T17:45:12.100Z,"Spent the weekend playing tunes and acting the maggot in aid of a great cause. Welcome any donations or reposts, all funds raised will help families and individuals with Down Syndrome

#spéirgorm

www.idonate.ie/fundraiser/4...",2,0,0,0,NA
at://did:plc:vmaa275bmnrksir7y6muzkkf/app.bsky.feed.post/3m6crv72fmk2x,dailigh.bsky.social,2025-11-23T16:58:58.893Z,Just the Irish Nazi Party looking for funding for their paramilitary arm - nothing to worry about at all. #speirgorm,20,0,5,6,NA
at://did:plc:har4i535fc7jres2p3oqsyay/app.bsky.feed.post/3m6cqzgzdl726,allanartist.bsky.social,2025-11-23T16:43:26.793Z,"Trump's Russian ""Peace"" Deal for Ukraine #trump #putin #epstein #epsteinfiles #ukraine #russia #cartoon #cartoonist #speirgorm",2,0,1,0,NA
at://did:plc:htzrfp3q6p3ht3x7knog6mdd/app.bsky.feed.post/3m6cqoxqqic26,grainneblair.bsky.social,2025-11-23T16:37:37.097Z,#Speirgorm R.I.P.,12,0,1,3,NA
at://did:plc:yhzo3gusmbic6x6uc6dok3hu/app.bsky.feed.post/3m6cpgomtws2y,bluwhalien.bsky.social,2025-11-23T16:15:06.795Z,"My Irish mother always gets so happy every time she sees Taytos in English supermarkets 😅
#speirgorm",5,0,1,0,NA
at://did:plc:imdb5lnqdvuployv2wxfgdms/app.bsky.feed.post/3m6co7rbon22n,darylfeehely.com,2025-11-23T15:53:16.399Z,"This is absolutely depraved!

No citizenship if you receive social benefit is disgusting, but also if you have debt?!

Have a credit card? Need a loan for a car? Lucky enough to qualify for a mortgage?
No citizenship for you

What if this was the same for Irish abroad?

Wankers
#IrishPol #Speirgorm",33,0,0,16,NA
at://did:plc:rj54e4tn2c5l6kmuqotuahuv/app.bsky.feed.post/3m6cnj3pj6s2y,pnamblath.bsky.social,2025-11-23T15:40:37.305Z,"Sunday miscellany RTÉ Radio 1
New writing (a special programme on the theme of Bloody Sunday 1920, first broadcast in 2020, with the support of the GAA Museum at Croke Park):
#speirgorm 
www.rte.ie/radio/radio1...",1,0,0,0,NA
at://did:plc:7jnzlmjogamiou5m4qiyxace/app.bsky.feed.post/3m6cltmbhjc2r,orlam90.bsky.social,2025-11-23T15:10:40.197Z,"To whom it may concern,

Live results from the sharpener/parer/topper debate can be found here: 

finaldraft.maps.arcgis.com/apps/dashboa...

What the feck is going on in Kerry?! 

I want to credit the map-maker/survey owner, but alas they are an anonymous Redditor so I cannot. 

#speirgorm ✏️✏️✏️",18,1,5,12,NA
at://did:plc:siclj5jstt2xodsn7epgnqld/app.bsky.feed.post/3m6clnuluj22b,robosullivan.bsky.social,2025-11-23T15:07:30.295Z,Trying to be an Irish Elon Musk. We need to keep a serious eye on this guy and his influence on our government. #spéirgorm,56,0,8,18,NA
at://did:plc:v6y63c54iecyzlxp3vrxvwv2/app.bsky.feed.post/3m6ckgsk5t22f,rdisc0mb0bulate.bsky.social,2025-11-23T14:45:37.294Z,"I learned that narcissistic traits, e.g triangulation & isolating the other person can occur because of trauma experiences creating a fear of loneliness in the perpetrator. This perfectly describes The Sister. She does not do it consciously but it still has had a negative impact on me. 
#SpeirGorm",5,0,0,0,NA
at://did:plc:oxfmnceakuxgdwuydnnctski/app.bsky.feed.post/3m6cj54ix522g,amynim.bsky.social,2025-11-23T14:22:19.395Z,Dad informed me the other day he'd signed some form to donate his body to science. Just feels incredibly stupid and narrow minded to not even discuss with us or consider that we wouldn't have a place to visit after he's gone. Does anyone know do they need consent from the family or what? #SpeirGorm,1,0,3,0,NA
at://did:plc:v6y63c54iecyzlxp3vrxvwv2/app.bsky.feed.post/3m6cj3w27ds2f,rdisc0mb0bulate.bsky.social,2025-11-23T14:21:42.398Z,"Today I took part in a wreath making workshop in at The Lavender Farm in Gorey, Co Wexford. 

Despite being the only singleton there, I actually had a really lovely time chatting with everyone else.. 

Anyhow.. Here’s is my first ever handmade Christmas wreath. 
#SpeirGorm",60,0,7,5,NA
at://did:plc:wzelpzmv2b3oudwhkcpr2s6n/app.bsky.feed.post/3m6chsbtuh22s,drmarymcauliffe.bsky.social,2025-11-23T13:58:22.795Z,"Report on our launch of the Kerry civil war book held in the museum in Tralee on Friday 21st - flew in from Paris Fri morning, was on time to be there at 6pm until we hit Adare, 40 mins to get through that town 😕Anyway I made it in time to say a few words #speirgorm traleetoday.ie/book-on-civi...",20,0,1,2,NA
at://did:plc:k2qphz4i7ioibek2iaqmdwwi/app.bsky.feed.post/3m6cg545kec2i,bikesnbukes.bsky.social,2025-11-23T13:28:37.295Z,"Coddle fans inserting coddle into every gas bit of #speirgorm fun is like some  British people assuming everything that happens is a response to Brexit.

It’s just not about you, coddle.  Other Irish related food humour exists. Fuck it, other Dublin food related humour exists. Make way for spicebag.",5,0,1,0,NA
at://did:plc:56aoxjem4pjvtqsscuhq223t/app.bsky.feed.post/3m6ceglbx422n,rogerokeeffe.bsky.social,2025-11-23T12:58:11.198Z,"I'm far shakier on the #gramadach, but it has been pointed out here that #spéirgorm actually means sky blue, and Bluesky should really be #GormSpéir.

Are you already following the  feed that aggregates posts using several variants including #speirgorm?",0,0,1,0,at://did:plc:bsi6wk5ule2hpc46jmsp5g4w/app.bsky.feed.post/3m6bi2cw7xs2n
at://did:plc:wzelpzmv2b3oudwhkcpr2s6n/app.bsky.feed.post/3m6ccqr5fhs2z,drmarymcauliffe.bsky.social,2025-11-23T12:28:04.400Z,New book review #speirgorm #irishhistory,7,0,0,0,NA
at://did:plc:7czbhyt6vmlibzjk2md3ds36/app.bsky.feed.post/3m6cbwdmvu22r,slated.ie,2025-11-23T12:13:15.496Z,"Ah, the Hucklebuck, memories of dancing with my Daddy in the kitchen.

#SLATED #speirgorm",0,0,0,0,NA
at://did:plc:bfgylvtnfvzomjbpv7wetcq3/app.bsky.feed.post/3m6cboyauhk2n,regcoppinger.bsky.social,2025-11-23T12:09:15.197Z,On today's Dodder walk we discovered a seal in the river. #SpeirGorm,56,1,3,15,NA
at://did:plc:sju6sic4sz3jgpwrvbg355vf/app.bsky.feed.post/3m6c7ibota225,katebielinski.bsky.social,2025-11-23T11:29:42.896Z,Bit of a long shot here but would anyone (Dublin based) have use for these new/almost new junior cycle text books? Seems such  waste to put them into the recycling. #speirgorm,2,0,1,8,NA
at://did:plc:wpvwcjuhrpr5tjnhy3vp24ly/app.bsky.feed.post/3m6c7hxwk2s2s,fhayesmccoy.bsky.social,2025-11-23T11:29:27.795Z,"Talking uplit, booktok, Finfarran, my new novel #OnceAYear and my fifty years in the writing business, with two of Ireland's nicest book-loving podcasters

@bookstationeire.bsky.social  @gaiabanks.bsky.social #booksky #Irish #fiction #spéirgorm #podcast 

shows.acast.com/natter/episo...",4,0,0,3,NA
at://did:plc:s6znrelghqcbkis7iudax6v7/app.bsky.feed.post/3m6c6jvstz22b,lisafitz.bsky.social,2025-11-23T11:12:48.997Z,Eyeing up my toast.. #speirgorm #Sunday #dogs #furbabies,8,0,1,0,NA
at://did:plc:jhndv2ueuu77qaiw5ivjkhx7/app.bsky.feed.post/3m6c6c4uzbv2u,despod.bsky.social,2025-11-23T11:08:15.295Z,"The gowls (who profess to be all about women and children) seem to think the message of Christmas is that of mince pies and tinsel rather than a baby being born in a stable because there was nowhere else for his family to stay.

#Speirgorm",4,0,0,0,NA
at://did:plc:4pxxjie2356nqxd3cwf6hbpk/app.bsky.feed.post/3m6c5vtmxdc2t,ciaraioch.bsky.social,2025-11-23T11:01:30.095Z,Mixed marriage propaganda in Cork. Can only assume this is a continued colonisation attempt after the occupation of Beara,144,1,9,8,NA
at://did:plc:scz2dxnz42o4hvaexuvggx7o/app.bsky.feed.post/3m6c4or5gb22q,markdryall.bsky.social,2025-11-23T10:39:38.597Z,Few shitty pics of My Bloody Valentine last night. Colm Ó Cíosóig is a savage. #Speirgorm,7,0,2,1,NA
at://did:plc:3htet3hmybicu3rmousjxuew/app.bsky.feed.post/3m6c4jchegc2r,barryodonovan.bsky.social,2025-11-23T10:36:28.395Z,"#speirgorm How do you say, ""Merry Christmas from (village name) as Gaeilge?
Nollaig Shona ó (village name)? Or is there another way of saying it?",0,0,2,0,NA
at://did:plc:iecysrzsqba4uhev4v7r5py7/app.bsky.feed.post/3m6c3hv3tz22u,djwalker.bsky.social,2025-11-23T10:17:53.699Z,"Have a peaceful Sunday

Blackrock Castle, Cork 🇮🇪 

#photography
#nature
#landscape
#winter
#river
#cork
#reflection
#castle
#EastCoastKin
#spéirgorm
#PhotoHour

🐕 🚶 📷 📱 📸 🏰 ☁️ ⛅️ 🍂 🌳",52,0,0,6,NA
at://did:plc:htaob5ymanqwchsi4mk2gj7v/app.bsky.feed.post/3m6c37qwuls2g,garethoconnor.bsky.social,2025-11-23T10:13:20.999Z,Sunday #SpeirGorm,5,0,0,0,NA
at://did:plc:4gnebpoe7wljgw3pf3y35do3/app.bsky.feed.post/3m6by677xus2a,annapr.bsky.social,2025-11-23T09:18:41.397Z,"I wonder did anyone check where all the “Irish patriots” are posting from before this feature was turned off? 

#SpeirGorm",11,0,0,0,NA
at://did:plc:gjsoejzm7at4syhrvzgizrev/app.bsky.feed.post/3m6bwt553ss2x,ainekeenan.bsky.social,2025-11-23T08:54:44.197Z,"Look, there it stands, 
as if insentient. 
When it stilled my mind
and drew me to itself
and I came near,
I saw that it was
absolute stillness,
O Arunachala!

Ramana Maharshi, 20th century

#Photography #Poetry #SpeirGorm #Stunday #ImageAndVerse #ArtOfBlueSky #PhotographersOfBlueSky #EastCoastKin",165,1,4,16,NA
at://did:plc:vogd52ezdb5jqrw33e4tjg6b/app.bsky.feed.post/3m6bwe45dok2x,radiobeartime.com,2025-11-23T08:46:14.895Z,"The entire of #SpéirGorm drop their toast as one! ;)

www.rte.ie/news/courts/...",3,0,1,0,at://did:plc:ftgrzhlgljlk7iw2pqtun4yl/app.bsky.feed.post/3m6bw4a2xns27
at://did:plc:ymhebkmh56zigyqiomogsupn/app.bsky.feed.post/3m6buem35s22s,taesaveslives.bsky.social,2025-11-23T08:10:40.894Z,"Visited Germany 16 years ago & was amazed at well organized & advanced compared to Ireland.
My current trip has robbed me of that illusion. Still many lovely people but today all I see is signs of decline & failure to invest
Transport is a perfect example, terrible trains/so few EVs! #speirgorm",2,0,0,0,NA
at://did:plc:zol7j6fzk2vqf6yawnkkg6bi/app.bsky.feed.post/3m6ayr3p4pc2t,playingwithdust.bsky.social,2025-11-22T23:56:45.995Z,First major targets of my winter wide field mosaic with the Samyang 135mm lens & ASI 2600MC camera: the Heart & Soul Nebulae (in Cassiopeia) along with the Perseus Double Cluster #astrophotography #speirgorm #thephotohour,43,0,0,3,NA
at://did:plc:3om2rrmtkdq2qsqjzibiaooo/app.bsky.feed.post/3m6awvzobyc2z,trasinscneach.bsky.social,2025-11-22T23:23:32.895Z,"Well that was incredible! I did not expect them to go that hard!
#MyBloodyValentine #SpeirGorm",18,0,2,1,NA
at://did:plc:oxfmnceakuxgdwuydnnctski/app.bsky.feed.post/3m6as2gyjzc23,amynim.bsky.social,2025-11-22T21:56:52.096Z,"But also, why is there a random strawberry outside Jervis? #Dublin #SpeirGorm",1,0,0,0,at://did:plc:oxfmnceakuxgdwuydnnctski/app.bsky.feed.post/3m6arw6arm223
at://did:plc:nigs7kco6eoaxc5aiimsaxc3/app.bsky.feed.post/3m6ancle2js2u,helendublin.bsky.social,2025-11-22T20:31:37.298Z,#speirgorm,4,0,0,2,NA
at://did:plc:3om2rrmtkdq2qsqjzibiaooo/app.bsky.feed.post/3m6anbsuchc2z,trasinscneach.bsky.social,2025-11-22T20:31:15.695Z,"Support act just finished, now the wait for the main event woop woop! #MyBloodyValentine #SpeirGorm",17,0,4,1,NA
at://did:plc:56aoxjem4pjvtqsscuhq223t/app.bsky.feed.post/3m6am4ts6ik2e,rogerokeeffe.bsky.social,2025-11-22T20:10:31.096Z,"Is this Black Friday Week Weekend?

#confused #speirgorm",1,0,1,0,NA
at://did:plc:uxplcqjq4hnmqjsljnq4lv5x/app.bsky.feed.post/3m6alhzy2ls2b,rflong.bsky.social,2025-11-22T19:59:05.997Z,"Running around signing as many books as I can today in @dubraybooks.bsky.social  Bray (our local), Dun Laoghaire and Blackrock (thanks Brian!) and Easons Dun Laoghaire! We have such great booksellers and lovely book shops! 

@hodderscape.bsky.social  #hachetteireland #feralgods #speirgorm #booksky📚💙",11,0,0,1,NA
at://did:plc:imdb5lnqdvuployv2wxfgdms/app.bsky.feed.post/3m6alahrzmk2a,darylfeehely.com,2025-11-22T19:54:36.700Z,"Rassie giving the finger to the crowd at the Aviva on the final whistle. Scumbag.

#Speirgorm",3,0,1,1,NA
at://did:plc:v6y63c54iecyzlxp3vrxvwv2/app.bsky.feed.post/3m6akiqmnwc26,rdisc0mb0bulate.bsky.social,2025-11-22T19:41:24.000Z,"Me as your Bsky therapist
#SpeirGorm",3,0,0,0,NA
at://did:plc:zzyrap2v4ebwcynb5wfppuco/app.bsky.feed.post/3m6ajrgjnwc2a,wasabi-bestie.bsky.social,2025-11-22T19:28:22.694Z,"This is hard goin’ 

#IREvRSA #QuilterNS #SpeirGorm",10,0,0,0,NA
at://did:plc:dwzlhfisxytmrluhpl2dvypt/app.bsky.feed.post/3m6aityle7k2v,niamhroisin.bsky.social,2025-11-22T19:11:57.302Z,"Really enjoyed presenting my research on Daniel O’Connell & Catholic architecture today at the CHSI conference at DCU, & learning loads from the other speakers. #speirgorm #skystorians",10,0,0,0,NA
at://did:plc:jhndv2ueuu77qaiw5ivjkhx7/app.bsky.feed.post/3m6aie6ga4e2f,despod.bsky.social,2025-11-22T19:03:06.409Z,"Thinking about the ""we should have fancy lamp standards"" brigade and wondering do they not realise that back in the days of ornamental lamp standards they'd probably be living in the unlit back streets along with the rest of us ? #Speirgorm",1,0,0,0,NA
at://did:plc:5izxyvmjl7awzjfptv6d6ane/app.bsky.feed.post/3m6agrxpg6k24,trionac.bsky.social,2025-11-22T18:34:57.797Z,Absolutely brilliant Ireland 🇮🇪 #irevrsa #speirgorm,3,0,0,1,NA
at://did:plc:5izxyvmjl7awzjfptv6d6ane/app.bsky.feed.post/3m6aghjlrek26,trionac.bsky.social,2025-11-22T18:29:07.099Z,"Very tense first half, Ireland feeling all the pressure #irevrsa #speirgorm",1,0,0,0,NA
at://did:plc:5lalgxnyfxas34qyb3u4dp4u/app.bsky.feed.post/3m6agcbyu3k2e,cjamcmahon.bsky.social,2025-11-22T18:26:11.596Z,really learning a lot more about rugby today because I'm watching it in slow motion on RTÉ Player #speirgorm,7,0,1,0,NA
at://did:plc:g6xxm7xr2jwpspwq6ckwrq5l/app.bsky.feed.post/3m6afqm7h222e,imaculthero.bsky.social,2025-11-22T18:16:17.594Z,"Look, I know you're all going to hate me for this, but I just turned up at my local for a quiet pint and a bite to eat without knowing ireland was playing...

#speirgorm",6,0,0,0,NA
at://did:plc:zzyrap2v4ebwcynb5wfppuco/app.bsky.feed.post/3m6aei6w3yc2v,wasabi-bestie.bsky.social,2025-11-22T17:53:42.400Z,Feck #IREvRSA #SpeirGorm,0,0,0,0,NA
at://did:plc:zafddu7hlte5wpjsszydrsmk/app.bsky.feed.post/3m6adtwskx22t,denisebreen.bsky.social,2025-11-22T17:42:23.300Z,"Ok Ireland, let's do this!

#IRLvRSA
#Speirgorm",4,0,0,0,NA
at://did:plc:yhzo3gusmbic6x6uc6dok3hu/app.bsky.feed.post/3m6abbcj73k2f,bluwhalien.bsky.social,2025-11-22T16:56:10.394Z,"My mum just said Michael Higgins could make a career out of a Santa impersonator now he’s retired 😭 (said affectionately, because she loves him) 
#SpeirGorm",1,0,0,0,NA
at://did:plc:iecysrzsqba4uhev4v7r5py7/app.bsky.feed.post/3m6ab6jzukc2i,djwalker.bsky.social,2025-11-22T16:55:15.202Z,"Colourful terrace of houses reflecting on the River Lee, The Marina, Cork 🇮🇪 

#photography
#nature
#landscape
#winter
#river
#cork
#reflection
#EastCoastKin
#spéirgorm
#PhotoHour

🐕 🚶 📷 📱 📸",73,0,1,11,NA
at://did:plc:v6y63c54iecyzlxp3vrxvwv2/app.bsky.feed.post/3m6aa64t33c2z,rdisc0mb0bulate.bsky.social,2025-11-22T16:36:29.593Z,"K-pop Demonhunter! 😂

Not a word of a lie I have tears from laughing! 
#SpeirGorm",9,1,0,2,NA
at://did:plc:ofmkl4k2ybutv5b3xpmuq36h/app.bsky.feed.post/3m6a56ozsys2t,limerick4inarow.bsky.social,2025-11-22T15:43:07.897Z,"Was at our local shop earlier with my 6yr old.Met an older neighbour who I haven’t seen in a while. A bit of chit chat,and he asked my boy what he wants to be when he grows up. 
“I’m thinking a shark trainer or a podcaster” he says very matter of factly. Where does this stuff come from.
#speirgorm",1,0,0,0,NA
at://did:plc:xwjlw3ygmqlbr5igkokbkzfn/app.bsky.feed.post/3m67yikhj622m,oisinmcgann.bsky.social,2025-11-22T14:19:11.197Z,"Something for all the children’s books fans out there, but especially in Ireland!

#SpeirGorm",12,0,1,7,NA
at://did:plc:uvdkj65ewl23i5eni3sn5krt/app.bsky.feed.post/3m67w5ixkfk2g,elacatstan.bsky.social,2025-11-22T13:37:12.297Z,No notes 10/10 💀 #speirgorm,0,0,0,0,NA
at://did:plc:qywcmx577hlrhttfeurxgqp4/app.bsky.feed.post/3m67vlayovs2z,thriveabetes.bsky.social,2025-11-22T13:26:59.299Z,#SpeirGorm #T1D #Diabetes #conference,0,0,0,0,at://did:plc:qywcmx577hlrhttfeurxgqp4/app.bsky.feed.post/3m67uwl5m2t2b
at://did:plc:5l4vbxai2oe6axwbldoxxves/app.bsky.feed.post/3m67svrg7hk2d,quiltomancy.bsky.social,2025-11-22T12:39:10.399Z,Is there an Irish Ken Burns ? I need a good historical documentary . #speirgorm,4,0,2,0,NA
at://did:plc:mcb6n67plnrlx4lg35natk2b/app.bsky.feed.post/3m67s75sfr62e,nowbreezing.ntw.app,2025-11-22T12:26:31.596Z,"
Bluesky's Top 10 Trending Words (past 10min):
💨x2* - ukraine 🔓
💨x42 - jair
💨x41 - tornozeleira
💨x29 - bolsonaro
💨x27 - tentou
💨x26 - 1﹐617
💨x23 - prisão
💨x23 - preso
💨x22 - preventiva
💨x21 - vigília
*🔓 = Unlocked Emergency Words (see img)

#ListenToBlackVoices

(Something not right? Reply!)",0,0,0,0,NA
at://did:plc:iecysrzsqba4uhev4v7r5py7/app.bsky.feed.post/3m67rzmuw5c2r,djwalker.bsky.social,2025-11-22T12:23:30.097Z,"Black Bridge, Rochestown, Cork 🇮🇪 

#photography
#nature
#landscape
#winter
#train
#railway
#EastCoastKin
#spéirgorm
#PhotoHour

🐕 🚶 📷 📱 📸 🚂 ☁️",40,0,1,3,NA
at://did:plc:wk4vbtn77njhk4mlohgewj2m/app.bsky.feed.post/3m67phfmquk2w,caroleducky.bsky.social,2025-11-22T11:37:31.395Z,"‘They're highly educated but some are hugely controversial – how the 10 Burke siblings are making their way in the world.’

www.independent.ie/irish-news/t...

#SpeirGorm",2,1,1,1,NA
at://did:plc:zxpoz5zgmanarg4h3rbq5tuq/app.bsky.feed.post/3m67np7xhcc2t,kerryanne123.bsky.social,2025-11-22T11:06:02.493Z,"If you see this, post your getaway vehicle.
#speirgorm",13,0,2,1,NA
at://did:plc:har4i535fc7jres2p3oqsyay/app.bsky.feed.post/3m67nn3pgqz2e,allanartist.bsky.social,2025-11-22T11:04:50.696Z,Shop Local this Christmas! #speirgorm #art #craft #christmas,4,0,1,0,NA
at://did:plc:wk4vbtn77njhk4mlohgewj2m/app.bsky.feed.post/3m67ni32wjs27,caroleducky.bsky.social,2025-11-22T11:02:07.896Z,"'This is not normal behaviour': Why three more Burkes could be facing jail for contempt of court jrnl.ie/6880856

#SpeirGorm",4,0,0,1,NA
at://did:plc:imdb5lnqdvuployv2wxfgdms/app.bsky.feed.post/3m67mhv5lrc2l,darylfeehely.com,2025-11-22T10:44:01.197Z,"10 siblings!

#Speirgorm",10,0,0,2,NA
at://did:plc:eweyharmeuf3er35ejhbjp4o/app.bsky.feed.post/3m67ld5mfrc2v,frankoconnor.bsky.social,2025-11-22T10:23:33.094Z,"""The new housing plan fails miserably to instil confidence this (vacancy & dereliction) epidemic will be eradicated ... plan lacks details, appropriate timeframes, & fails to include critical policy measures""

@judesherry.bsky.social & my latest piece in Irish Examiner

#DerelictIreland #SpeirGorm",12,0,2,4,NA
at://did:plc:rj54e4tn2c5l6kmuqotuahuv/app.bsky.feed.post/3m67kgisef22f,pnamblath.bsky.social,2025-11-22T10:07:29.995Z,"If you see this, post your getaway vehicle #speirgorm",2,0,0,0,at://did:plc:yqu2xn3pbp4lqibrahs4zb6f/app.bsky.feed.post/3m67hxzuruc2f
at://did:plc:v6y63c54iecyzlxp3vrxvwv2/app.bsky.feed.post/3m67jd4yhq22d,rdisc0mb0bulate.bsky.social,2025-11-22T09:47:41.198Z,"So, I fall back asleep and then wake up again to learn that I am in fact NOT in a relationship with Mae Martin. 

There’s my Saturday ruined! Ffs! 
#SpeirGorm",2,0,3,0,NA
at://did:plc:yqu2xn3pbp4lqibrahs4zb6f/app.bsky.feed.post/3m67hxzuruc2f,ellecontessa.bsky.social,2025-11-22T09:23:37.197Z,"If you see this, post your getaway vehicle #speirgorm",4,0,1,0,NA
at://did:plc:tvwagmwteyuzfgkxwsqjvhya/app.bsky.feed.post/3m67gmaqoy22i,msmcglencree.bsky.social,2025-11-22T08:59:10.695Z,"My very dirty #retreiver up before the lark!
#speirgorm #dogs #photography",18,0,1,0,NA
at://did:plc:tvwagmwteyuzfgkxwsqjvhya/app.bsky.feed.post/3m67gjed3gc2i,msmcglencree.bsky.social,2025-11-22T08:57:33.997Z,Sunrise in #Aurora #Glencree #Wicklow #speirgorm,4,0,0,0,NA
at://did:plc:g2lpdme7nt4zwc7fq56gkugm/app.bsky.feed.post/3m67e4qdfjs2z,jdalton79.bsky.social,2025-11-22T08:14:44.899Z,"Dublin,  you really showed up for us on our wedding day. 
Never doubted you x 💚 #Dublin #Speirgorm",7,0,2,0,at://did:plc:g2lpdme7nt4zwc7fq56gkugm/app.bsky.feed.post/3lydzohzyhs2g
at://did:plc:gjsoejzm7at4syhrvzgizrev/app.bsky.feed.post/3m675nyh5hs2c,ainekeenan.bsky.social,2025-11-22T06:19:07.397Z,"In another life
I would make you stay
So I don't have to say
You were the one that got away
The o-o-o-o-o-one
The o-o-o-o-o-one
The one that got away

Katy Perry, 21st century

#Photography #Poetry #SpeirGorm #StreetPhotography #ImageAndVerse #ArtOfBlueSky #PhotographersOfBlueSky #EastCoastKin",153,1,3,15,NA
at://did:plc:v6y63c54iecyzlxp3vrxvwv2/app.bsky.feed.post/3m674cvyjgk2r,rdisc0mb0bulate.bsky.social,2025-11-22T05:54:55.397Z,"Middle is going to a birthday lunch for his friend today. At a restaurant!! 

If you also have a child who is neurodivergent, you can appreciate how huge a development this is! 
#SpeirGorm",27,0,2,0,NA
at://did:plc:v6y63c54iecyzlxp3vrxvwv2/app.bsky.feed.post/3m673savftc2r,rdisc0mb0bulate.bsky.social,2025-11-22T05:45:37.395Z,"Bought The Sister tickets to see Adam Kay live too! 

www.adamkay.co.uk

I’m on a roll! 
#SpeirGorm",1,0,0,0,NA
at://did:plc:aa5wpvxhuwxxznbdy4rsay2e/app.bsky.feed.post/3m66hqumpdk2y,elaineedwards.bsky.social,2025-11-21T23:46:59.397Z,"Separately, here is some Friday night fluff. #Speirgorm #Cats",9,0,1,1,at://did:plc:aa5wpvxhuwxxznbdy4rsay2e/app.bsky.feed.post/3m66hla73i22y
at://did:plc:aa5wpvxhuwxxznbdy4rsay2e/app.bsky.feed.post/3m66hla73i22y,elaineedwards.bsky.social,2025-11-21T23:43:46.196Z,Just catching the end of a 2010 concert on BBC4 with various artists performing Nick Drake songs. I know almost nothing about him except the odd song here and there. This is excellent if anyone can track it down again. #Speirgorm,5,0,2,1,NA
at://did:plc:uoenkmbrkyfqvvbwxdjsean5/app.bsky.feed.post/3m66gheebqc2r,imbibecoffee.bsky.social,2025-11-21T23:23:45.796Z,I will never again share news space with My Bloody Valentine so this was nice. The new @foggynotions.bsky.social membership that’s mentioned is very much worth your time if you’re fan of live music and want to support independent promoters. #speirgorm,19,0,1,4,NA
at://did:plc:56aoxjem4pjvtqsscuhq223t/app.bsky.feed.post/3m66fyegapc2a,rogerokeeffe.bsky.social,2025-11-21T23:15:20.896Z,"To me, this just sounds like every conversation ever between two or more Irish people.
#speirgorm

www.instagram.com/reel/DRNib2w...",3,0,2,0,NA
at://did:plc:mcnbg6dqhfswy2wpufbkhnuu/app.bsky.feed.post/3m667jluk4k2n,annumayor.bsky.social,2025-11-21T21:19:51.304Z,"Tomorrow, 2pm @museumfreederry.bsky.social, @dooleydooley.bsky.social, author of Black and Green @plutopress.bsky.social explores how U.S. & Irish civil rights movements inspired each other on the anniversary of JFK’s assassination. #speirgorm 
@humanrightsfirst.org
@qubelfastofficial.bsky.social",4,0,0,4,NA
at://did:plc:sejfqtu7azw7zimeaqvwdl6o/app.bsky.feed.post/3m666vw62os2y,greencollective.io,2025-11-21T21:08:46.095Z,"🚨 Cold weather results in higher electricity demand and we just saw a new high for all-island electricity output of 7774MW.

This beats the previous record of 7712MW set in February.

Wind generation was pretty high at around 3.5GW but a lot of gas being burned too.

#SpeirGorm",8,0,0,2,NA
at://did:plc:36hqooiwcmgr3vfc4ovmi2bd/app.bsky.feed.post/3m662uoucwk2h,philipoconnor.bsky.social,2025-11-21T19:56:25.797Z,"Small businesses!
Cut through the #BlackFriday & #BlackWeek noise. 
Reply to this post & I'll amplify what you're doing to the VERY fine people who follow me. 
Gonna start by recommending artists @ciaraioch.bsky.social & @anniewestdotcom.bsky.social & bookshop @kennysbookshop.bsky.social 
#SpeirGorm",46,2,9,26,NA
at://did:plc:v6y63c54iecyzlxp3vrxvwv2/app.bsky.feed.post/3m662efha3c25,rdisc0mb0bulate.bsky.social,2025-11-21T19:47:17.600Z,"Whadd’ya mean it’s only 7.45pm!

I’m ready for the leaba now!!! 

I’m actually disappointed! 
#SpeirGorm",9,0,2,0,NA
at://did:plc:63mlf5ayqa3qbmgddw4d4zsu/app.bsky.feed.post/3m6624wt7k22t,sullydaysleeper.bsky.social,2025-11-21T19:43:07.998Z,I was trying to hold out putting on the heating for as long as poss but I think I need to accept the cold has beaten me & wave the white flag to the heating tonight 🥶🥶🥶 #Speirgorm,9,0,1,0,NA
at://did:plc:r4hqvnfuc2flfguavyrhcjgg/app.bsky.feed.post/3m65znn2fbc26,321kieran.bsky.social,2025-11-21T19:34:36.001Z,"🚨If you💚 #IrishMusic go Follow this playlist now!
▶️3hrs+ of🔥incl
@saolsongs.bsky.social
@niallbreslin.bsky.social
@maykay.bsky.social
@florenceroad.bsky.social
@cmatbaby.bsky.social
@affectiontorent.bsky.social
@eamonbrady.bsky.social ++
open.spotify.com/playlist/4ur... #Speirgorm #IndieMusic",0,0,1,0,at://did:plc:r4hqvnfuc2flfguavyrhcjgg/app.bsky.feed.post/3m5wggyiiec26
at://did:plc:qywcmx577hlrhttfeurxgqp4/app.bsky.feed.post/3m65xsfamql2f,thriveabetes.bsky.social,2025-11-21T19:01:26.299Z,"There's a cold weather snap coming our way 🥶
At least some of us can keep our gloves on when checking our glucose levels. 😁

#coldweather #meteireann #winter #itscoldoutside #brrrr #diabetes #ireland #diabetesireland #SpeirGorm",3,0,1,0,NA
at://did:plc:ro76qxmd6nel5b5p4262x5eq/app.bsky.feed.post/3m65xs4daqk2s,lokideburca.bsky.social,2025-11-21T19:01:19.104Z,"#SaoirseDonPhailistín #Speirgorm 
See ye there🇮🇪💚🇵🇸",1,0,0,1,NA
at://did:plc:hyoqdslnngsbumhio4zs35oa/app.bsky.feed.post/3m65xrorsms2p,shinanegans.bsky.social,2025-11-21T19:01:05.594Z,"If you see this, post your getaway vehicle
#SpeirGorm",3,0,0,0,NA
at://did:plc:ro76qxmd6nel5b5p4262x5eq/app.bsky.feed.post/3m65xjblblk2s,lokideburca.bsky.social,2025-11-21T18:56:22.999Z,"Nathan Gill, a former Wales Reform Wales Leader, MEP and cronie of Farage has been sentenced to 10.5 yrs for taking bribes from a Russian spy. 

Who is Cobalt?
Who's your front runner? 

#Ireland #Speirgorm",3,0,1,3,NA
at://did:plc:uwji4l3wzsygaxduowluqmgr/app.bsky.feed.post/3m65wyhg5g22w,sharrow.bsky.social,2025-11-21T18:46:57.000Z,"So #BlanchIT part of #TUDublin changed its registration system to one which seems not fit for purpose.

It's mid November and students still can't get registered. The system has many Irish Students listed as non EU students.

This also effects SUSI grants to students.

#speirgorm",3,0,0,1,NA
at://did:plc:xwjlw3ygmqlbr5igkokbkzfn/app.bsky.feed.post/3m65wxfl37k2n,oisinmcgann.bsky.social,2025-11-21T18:46:20.403Z,"If you’d like a taste of illustration training and you’re within reach of Dublin on weekdays.

#SpéirGorm #SpeirGorm #Illustration #Art",7,0,0,5,NA
at://did:plc:v6y63c54iecyzlxp3vrxvwv2/app.bsky.feed.post/3m65wgraaxc2i,rdisc0mb0bulate.bsky.social,2025-11-21T18:37:05.911Z,"If you see this, post your getaway vehicle
#SpeirGorm",4,0,0,0,NA
at://did:plc:fp3kfdvjyskh74nzp74bwcah/app.bsky.feed.post/3m65vod56qk2w,nordaltsee.bsky.social,2025-11-21T18:23:28.599Z,"Apple and sloe jelly me thinks
#WestCork #WhiteHills #SpeirGorm",9,0,0,0,NA
at://did:plc:uwji4l3wzsygaxduowluqmgr/app.bsky.feed.post/3m65vnyphzs2x,sharrow.bsky.social,2025-11-21T18:23:13.294Z,"Man sentenced to 24 years for manslaughter of Longford woman Sarah McNally in New York jrnl.ie/6882343

He was her ex.

#notallmenbutenoughofthem #speirgorm",4,0,0,2,NA
at://did:plc:uwji4l3wzsygaxduowluqmgr/app.bsky.feed.post/3m65unsfb5s2y,sharrow.bsky.social,2025-11-21T18:05:11.899Z,"Imagine having to go out of the country sent by the hse for endometriosis surgery and then have so much lack of follow up afterwards, you are at risk of having your leg removed. 

Ffs. 

FF & FG #supergluedpockets strikes again. 

#nocountryforwomenandgirls #speirgorm",6,0,1,2,NA
at://did:plc:mcb6n67plnrlx4lg35natk2b/app.bsky.feed.post/3m65ufrzksx2e,nowbreezing.ntw.app,2025-11-21T18:00:42.503Z,"
Bluesky's Top 10 Trending Words (past 10min):
💨x5* - ukraine 🔓
💨x1* - democracy 🔓
💨x1* - gaza 🔓
💨x15 - swastikas
💨x14 - condemning
💨x13 - socialism
💨x12 - 28-point
💨x11 - nooses
💨x10 - gill
💨x9 - swastika
*🔓 = Unlocked Emergency Words (see img)

#ListenToBlackVoices

(Something not right? Reply!)",3,0,1,1,NA
at://did:plc:5lalgxnyfxas34qyb3u4dp4u/app.bsky.feed.post/3m65uei5oms2i,cjamcmahon.bsky.social,2025-11-21T18:00:05.203Z,"they say the arts are thriving in Ireland, but when was the last time we produced a poet capable of satirising a politician to death? #speirgorm",14,0,4,5,NA
at://did:plc:uwji4l3wzsygaxduowluqmgr/app.bsky.feed.post/3m65u66bkyk2y,sharrow.bsky.social,2025-11-21T17:56:27.399Z,"This is daft, esp when Irish law allows for couple to take either spouses surname, to double barrel them or to even go back an pick a name further back in either family.

The law is progressive, 'tradition' is not, nor is societal pressure.

#speirgorm",6,1,1,0,NA
at://did:plc:v6y63c54iecyzlxp3vrxvwv2/app.bsky.feed.post/3m65u3fxnck2s,rdisc0mb0bulate.bsky.social,2025-11-21T17:54:53.901Z,"I’ve seen a bit of an increase in followers in recent days. 

You won’t see any references to the orange twat here. 

What you do get is a snapshot of my daily life here in rural Ireland observation, nonsense and a bit more in between. 
#SpeirGorm",12,0,0,0,NA
at://did:plc:ymhebkmh56zigyqiomogsupn/app.bsky.feed.post/3m65tt673nk2v,taesaveslives.bsky.social,2025-11-21T17:50:53.593Z,"Anyone in the know want to tell me why ""hot honey"" everything is suddenly everywhere. Not complaining just I'd never heard of it until 2 weeks ago now it's in crisps and hot chocolate! 
Bit like orange flavour a few months ago...#speirgorm",1,0,0,0,NA
at://did:plc:e2vdb3yylfvzgvlo3fi5mrkf/app.bsky.feed.post/3m65suokyok26,atticuspeirgorm.bsky.social,2025-11-21T17:33:19.801Z,"'But the result, he said, showed it was not ""the size of the dog in the fight, it was the size of the fight in the dog"".""

#Justice #Speirgorm 

www.rte.ie/news/courts/...",2,0,1,1,NA
at://did:plc:aozsf6n4ii7kftvlsr2yvfhq/app.bsky.feed.post/3m65slkzfsk2h,orla-hegarty.bsky.social,2025-11-21T17:28:11.200Z,"🔖 Must read

“On Environmental Democracy & the Collisons’ “Abundance-Verse”

a fact-packed response by Dr Andrew Jackson, UCD ..to the fact-free claims of John Collison’s Irish Times essay #Planning #Housing #Speirgorm @ucddublin.bsky.social @andrewlrjackson.bsky.social

elajucd.com/2025/11/21/o...",30,7,2,14,NA
at://did:plc:flpf3rksopl7zx2tbgsyjv7m/app.bsky.feed.post/3m65schcuq226,nicolahorgan.bsky.social,2025-11-21T17:23:05.628Z,"Petition to set up a national database to stop utility/charity callers - I will NEVER discuss finances with a stranger on my doorstep. Much less at this hour nor with one who tries to engage with how my doorbell works as the heat whooshes past us both
🙈
#Speirgorm",5,0,1,0,NA
at://did:plc:jaghk4rwlrciav5aieckiiit/app.bsky.feed.post/3m65s6t2ixs26,andyscollick.bsky.social,2025-11-21T17:21:05.409Z,"Ireland can afford to be ""neutral"" because we know that when war breaks out and the Russians target Ireland's strategic infrastructure* we will be defended by NATO for free. We will not have to pay €1 for it. That's Irish freeloading ""neutrality"" for you. #speirgorm #spéirgorm #spéirghorm",12,0,2,2,NA
at://did:plc:bsrcpmo5lurlbhy36f24aowm/app.bsky.feed.post/3m65rgixx2s23,hilarylennon.bsky.social,2025-11-21T17:07:24.897Z,"I don't get your first point. Re the second point, again, I received campaign material with my name and home address on the envelope, and I was informed that anyone could put in a request to buy a copy of the electoral register list. #SpeirGorm",0,0,1,0,at://did:plc:tch2tperf6sgkbmvnlaa3opr/app.bsky.feed.post/3m65pnbdx3c2d
at://did:plc:iecysrzsqba4uhev4v7r5py7/app.bsky.feed.post/3m65puki6mk26,djwalker.bsky.social,2025-11-21T16:39:33.196Z,"Jupiter again, this time over the old schoolhouse. Still a lot of leaves on the tree

Douglas, Cork 🇮🇪 

#photography
#nature
#landscape
#winter
#star
#nightsky
#jupiter
#EastCoastKin
#spéirgorm
#PhotoHour

🐕 🚶 📷 📱 📸 ✨ ⭐️ 🌌 🪐 🥶 🌳",31,0,0,3,NA
at://did:plc:wpvwcjuhrpr5tjnhy3vp24ly/app.bsky.feed.post/3m65k6boy7c2e,fhayesmccoy.bsky.social,2025-11-21T14:57:34.094Z,"Run, don't walk. She's fabulous.

#Spéirgorm",2,0,1,1,NA
at://did:plc:bjovrbtmnlckoh6vaalnqjzi/app.bsky.feed.post/3m65i2zq2wc2b,lisagrimm.com,2025-11-21T14:20:43.294Z,"Oh, and cold weather-related self-promotion - don't forget we have a handy list of our fave Dublin pubs with fireplaces! 

#SpeirGorm

www.weirdodublinpubs.com/weirdo-guide...",11,1,1,6,NA
at://did:plc:rj54e4tn2c5l6kmuqotuahuv/app.bsky.feed.post/3m65hp3iuic22,pnamblath.bsky.social,2025-11-21T14:13:17.804Z,"Well known for Morning Ireland and Hanly’s People in 1980s R.I.P. 
#speirgorm #IrishNews

Former RTÉ broadcaster, author David Hanly dies aged 82 www.rte.ie/news/ireland...",6,0,0,0,NA
at://did:plc:ofmkl4k2ybutv5b3xpmuq36h/app.bsky.feed.post/3m65gix75o22e,limerick4inarow.bsky.social,2025-11-21T13:51:59.100Z,"We all know..

#speirgorm",7,0,1,1,NA
at://did:plc:stnvk37xl6qf52drqeqieejf/app.bsky.feed.post/3m65evrgemc27,lukedaly.bsky.social,2025-11-21T13:23:23.298Z,"The #NoBarriersToBlanch campaign has an update. 
Fingal CoCo has granted planning permission to Blanchardstown Shopping Centre. 

We will be appealing. 
Please contact NoBarriersToBlanch@Gmail.com if you want to led your voice to thousands of supporters to the No Barriers

#DubW #speirgorm",4,0,0,2,NA
at://did:plc:rd67s5mrnrwg5bqhvzft2kgv/app.bsky.feed.post/3m65e3phutk24,sellybeth.bsky.social,2025-11-21T13:08:44.398Z,"My specific recommendation is www.rainbowkidsboutique.ie but really, go spend your money at any small business or there won't be any left.

#SpéirGhorm #SpéirGorm",5,0,1,1,NA
at://did:plc:wzelpzmv2b3oudwhkcpr2s6n/app.bsky.feed.post/3m65djm3gvc2k,drmarymcauliffe.bsky.social,2025-11-21T12:58:36.296Z,That’s how you deal with the Healy Raes - well done Jennifer Whitmore - they do not represent all Kerry people or indeed all rural people! #speirgorm www.facebook.com/share/r/1X32...,15,1,2,3,NA
at://did:plc:p3ajfs5yqzh6anrao6r73nho/app.bsky.feed.post/3m65ckxssyk2d,uplift.ie,2025-11-21T12:41:29.198Z,"Eurovision song contest missing the mark. Its not about the voting, its about Israels ongoing genocide of the palestinian people.... Boycott Eurovision ✊️ Ban Israel from participating 

#Speirgorm 

jrnl.ie/6881740",7,0,1,1,NA
at://did:plc:xx7rewaiaajr2e2dg4l54bpy/app.bsky.feed.post/3m65a7sklls2m,klillington.bsky.social,2025-11-21T11:59:29.395Z,"Hey Bluesky arts/music folks in Ireland! At New Music Dublin we are looking to fill a new role: part-time general manager, working closely with our festival director and producer (& board). Role to commence in Jan. Detailed info here: www.newmusicdublin.ie/job-opportun... #SpeirGorm",1,0,0,6,NA
at://did:plc:laapn5mwj5oenlnezukis2k5/app.bsky.feed.post/3m65677i62c2e,theodonnell.bsky.social,2025-11-21T11:23:18.794Z,"This is bananas #speirgorm 

How tf can a judge award €6k? What's the owner supposed to do? Train the cat 😂",2,0,2,0,NA
at://did:plc:fp3kfdvjyskh74nzp74bwcah/app.bsky.feed.post/3m6563zuffs2y,nordaltsee.bsky.social,2025-11-21T11:21:34.294Z,"‘We’ve got to release the dead hand of the past’: how Ireland created the world’s best alternative music scene

What a time to be alive!
#SpeirGorm",7,0,0,2,NA
at://did:plc:laapn5mwj5oenlnezukis2k5/app.bsky.feed.post/3m655yrvlfk2e,theodonnell.bsky.social,2025-11-21T11:19:43.394Z,Israel is not in Europe and is not like a European country in any way. Why not kick them out? #speirgorm,0,0,0,0,NA
at://did:plc:imdb5lnqdvuployv2wxfgdms/app.bsky.feed.post/3m655rg4nvk23,darylfeehely.com,2025-11-21T11:15:39.598Z,"""Numerous people I speak to say another chief reason for such a thriving scene is Ireland’s growing cultural diversity. “Artists are shouting loud in the face of attempts to narrow the perception of what is Irish,”""

💚

www.theguardian.com/music/2025/n...
#Speirgorm",9,0,0,2,NA
at://did:plc:atvnvkmpkr3szyzr25bd63uh/app.bsky.feed.post/3m655ezsgts2f,alimack13.bsky.social,2025-11-21T11:08:38.895Z,Reposting for #speirgorm and #BookSky.,4,0,0,1,NA
at://did:plc:b25fw5q6tr2faqdy52du276g/app.bsky.feed.post/3m653ta74b226,gildedalm.com,2025-11-21T10:40:53.997Z,"✨ 💚 ✨

#IrishBluesky #speirgorm  #Spéirghorm #musicsky #music",1,0,0,0,at://did:plc:vovinwhtulbsx4mwfw26r5ni/app.bsky.feed.post/3m64vxgk4ct2u
at://did:plc:b25fw5q6tr2faqdy52du276g/app.bsky.feed.post/3m653jnn2f226,gildedalm.com,2025-11-21T10:35:32.598Z,"◈
𝕟𝕖𝕨 𝕚𝕟𝕕𝕖𝕡𝕖𝕟𝕕𝕖𝕟𝕥 𝕣𝕖𝕝𝕖𝕒𝕤𝕖𝕤

◈
𝕠𝕦𝕥 𝕟𝕠𝕨

▣  KEATON HENSON
▣  ELLA EYRE
▣  LÉA SEN
▣  FELA KUTI

◈
𝕝𝕚𝕤𝕥𝕖𝕟
linktr.ee/gildedalm

◈
@playitagainsamrecs.bsky.social @pias.com @partisanrecords.bsky.social #music #KeatonHenson #EllaEyre #LeaSen #FelaKuti #musicsky
 #irishbluesky #speirgorm #newreleases",1,0,0,2,NA
at://did:plc:wpvwcjuhrpr5tjnhy3vp24ly/app.bsky.feed.post/3m64z7zvspk2x,fhayesmccoy.bsky.social,2025-11-21T09:54:23.895Z,"I did not imagine nearly fifty years ago that tomorrow I'd be doing this 

#Spéirgorm #Irishwriting @dinglelit.bsky.social @gaiabanks.bsky.social",38,0,4,2,NA
at://did:plc:rj54e4tn2c5l6kmuqotuahuv/app.bsky.feed.post/3m64yztlyck23,pnamblath.bsky.social,2025-11-21T09:50:52.597Z,"#OTD 21 Nov 1920 - Bloody Sunday- 14 spectators killed at Croke Park 
#speirgorm #IrishHistory
www.rte.ie/news/2020/11...",3,0,1,2,NA
at://did:plc:dhfmog4fmzbvhobbqrn4q2gg/app.bsky.feed.post/3m64wpuzegc2f,lovelyhurling.bsky.social,2025-11-21T09:09:28.499Z,"Anyone travelling around today, try and avoid Drumconrath (Meath) as it’s one of the young lads that passed away, in that awful crash, funeral.
I’ve never seen so many John Deere tractors in one place, all emblazoned with (Alan) on the front of them. It was a sight to behold. #Speirgorm",1,0,0,1,NA
at://did:plc:mcb6n67plnrlx4lg35natk2b/app.bsky.feed.post/3m64w7tp6qe2f,nowbreezing.ntw.app,2025-11-21T09:00:30.398Z,"
Bluesky's Top 10 Trending Words (past 10min):
💨x3* - ukraine 🔓
💨x17 - 1﹐616
💨x16 - stokes
💨x16 - sentencia
💨x15 - tellado
💨x14 - gove
💨x1* - gaza 🔓
💨x13 - condena
💨x1* - democracy 🔓
💨x11 - スカーレット
*🔓 = Unlocked Emergency Words (see img)

#FreePalestine 🇵🇸

(Something not right? Reply!)",1,0,0,0,NA
at://did:plc:zol7j6fzk2vqf6yawnkkg6bi/app.bsky.feed.post/3m64w42zflc2r,playingwithdust.bsky.social,2025-11-21T08:58:30.994Z,Morning view from my window #Waterford #speirgorm #thephotohour #ireland,12,0,0,1,NA
at://did:plc:aozsf6n4ii7kftvlsr2yvfhq/app.bsky.feed.post/3m64w3q3n722i,orla-hegarty.bsky.social,2025-11-21T08:58:14.594Z,"“NIMBY”(not in my back yard) is word used to malign or disparage people who participate in democracy

People are advised to distance themselves from it.Shaming & excluding people from active citizenship & open engagement is counterproductive #Speirgorm #Planning www.researchgate.net/publication/...",10,0,2,9,NA
at://did:plc:dnvpi77gppcosuglhn7nngk3/app.bsky.feed.post/3m64vywkhnk2p,eslsys.bsky.social,2025-11-21T08:56:37.498Z,"What's going on with the recent, media assisted, full court press on infrastructure and democratic, legal rights to object?

It can't be data centres. Is it some defence commitments given our neutrality is under fire in parallel? #SpeirGorm 

www.businesspost.ie/politics/sen...

archive.ph/59AaY",0,0,1,0,NA
at://did:plc:wl6hu2taknxe2igvmaq53fwu/app.bsky.feed.post/3m64vlilub22a,gylesnamopaleen.bsky.social,2025-11-21T08:49:06.893Z,"We have 101+ years of data on how disastrous british rule has been, economically & societally, in NI. It's been a basket case for decades. 

Then, along comes brexit, which accidentally gave us an insight into what an All-Ireland economy might be like. 

GRMA (thanks) Brexit!   #spéirgorm",11,1,1,3,at://did:plc:wl6hu2taknxe2igvmaq53fwu/app.bsky.feed.post/3m64tzhnk5c2a
at://did:plc:dnvpi77gppcosuglhn7nngk3/app.bsky.feed.post/3m64vhxobik2p,eslsys.bsky.social,2025-11-21T08:47:08.195Z,It does seem FFG has started down the path to authoritarianism like some of our neighbours. The mask has slipped. Very worrying times . #SpeirGorm,1,0,1,0,at://did:plc:lapeos6kamaakxk54gws7ks2/app.bsky.feed.post/3m64tnnuscc2f
at://did:plc:s6znrelghqcbkis7iudax6v7/app.bsky.feed.post/3m64tplft3k2e,lisafitz.bsky.social,2025-11-21T08:15:43.598Z,Baltic but beautiful #speirgorm #ireland,2,0,0,0,NA
at://did:plc:qi3uhneb2cz77ibwnzailb22/app.bsky.feed.post/3m64tfdraas2e,dfertl.bsky.social,2025-11-21T08:09:57.495Z,"An Irish #Farmers Journal (IFJ) investigation in #Brazil shows dangers of the EU- #Mercosur trade deal.
""were able to walk into over a dozen agri-stores… buy any amount of #antibiotics without showing any prescription, ID or herd number… not asked any questions”
#SpéirGorm
www.rte.ie/news/ireland...",3,0,0,0,NA
at://did:plc:wzelpzmv2b3oudwhkcpr2s6n/app.bsky.feed.post/3m64s4jckrk2k,drmarymcauliffe.bsky.social,2025-11-21T07:47:05.612Z,"So i did this #TedX talk in October in Tralee -a different way of communicating for me- it was a nerve-wracking but fascinating experience, & met some wonderfully diverse speakers on the day. Hope it gets more notice for the Irish 🇮🇪 revolutionary women #tedxtralee #speirgorm youtu.be/FLRIKMiJ5Qc?...",63,5,4,17,NA
at://did:plc:aiehoh3c2rdg2uowosdenjbz/app.bsky.feed.post/3m64rb6k2z227,eoghan.bsky.social,2025-11-21T07:31:46.595Z,"It's occurred to me that Irish English has a clatter of words for referring to a rake of things. There's a whole skite of them, and you can use a lock of different terms and people will know what you mean
#spéirgorm",42,0,2,11,NA
at://did:plc:76cw26hwdi25erd35jwlnksr/app.bsky.feed.post/3m64qsqyyns2s,coreilly.bsky.social,2025-11-21T07:23:48.594Z,"Stressed as always working with a new home care worker, so I stepped out for a breath of fresh air. The sky is gorgeous . Go take a look #speirgorm",10,0,0,0,NA
at://did:plc:jbhj5ol5wizphulra3kmq6kp/app.bsky.feed.post/3m64qf2lp5s2j,siobhandowling.bsky.social,2025-11-21T07:16:05.397Z,"It seems I haven't been to ""The Point"" since before the Luas. I remember that long long walk back to civilization (aka bus). I think last time was Underworld in 2000.... 

So... If doors open at 6.30pm when does the band start? 

#SpeirGorm",2,0,2,0,NA
at://did:plc:v6y63c54iecyzlxp3vrxvwv2/app.bsky.feed.post/3m64opshoqk24,rdisc0mb0bulate.bsky.social,2025-11-21T06:46:15.896Z,"I bought Eldest tickets to see @briancoxtalks.bsky.social in the 3Arena (The Point to you and me!) for Christmas. 

Don’t breathe a word to him!! 
#SpeirGorm",9,0,2,0,NA
at://did:plc:v6y63c54iecyzlxp3vrxvwv2/app.bsky.feed.post/3m64nngyqas24,rdisc0mb0bulate.bsky.social,2025-11-21T06:27:05.099Z,"Good morning, #SpeirGorm

It’s Friday- FriYAY!! 

Another cold one, so wrap up warm and remember to book your diesel engine cars in to get those cold starts sorted. Usually it’s the glow plugs!",6,0,2,1,NA
at://did:plc:gjsoejzm7at4syhrvzgizrev/app.bsky.feed.post/3m64kegbx4c25,ainekeenan.bsky.social,2025-11-21T05:28:28.494Z,"Take me to the river,
drop me in the water
Dip me in the river,
drop me in the water
Washing me down,
washing me down.

Talking Heads, 20th century

#Photography #Wisdom #Poetry #SpeirGorm #StreetPhotography #India #ImageAndVerse #ArtOfBlueSky #PhotographersOfBlueSky #EastCoastKin #Scape #WaterScape",279,2,6,34,NA
at://did:plc:flpf3rksopl7zx2tbgsyjv7m/app.bsky.feed.post/3m63ukwe2sk26,nicolahorgan.bsky.social,2025-11-20T22:58:16.896Z,"Thoughts of Summer tix Keeping me warm on a cold night 
#speirgorm #joy",4,0,1,0,NA
at://did:plc:y7fyhofvnxwekohaqkiho5qp/app.bsky.feed.post/3m63tpljfpc2x,suerussell.bsky.social,2025-11-20T22:44:32.399Z,"Night, night. Been a long few days, we are very tired-y. #dogsofbluesky #sweetdreams #spéirgorm",1,0,0,0,NA
at://did:plc:iecysrzsqba4uhev4v7r5py7/app.bsky.feed.post/3m63tb7cfzs2p,djwalker.bsky.social,2025-11-20T22:34:59.300Z,"Jupiter prominent in the night sky over Douglas, Cork 🇮🇪 

#photography
#nature
#landscape
#winter
#star
#nightsky
#jupiter
#EastCoastKin
#spéirgorm
#PhotoHour

🐕 🚶 📷 📱 📸 ✨ ⭐️ 🌌 🪐 🥶 ☁️",83,0,1,9,NA
at://did:plc:sju6sic4sz3jgpwrvbg355vf/app.bsky.feed.post/3m63qnlnlt222,katebielinski.bsky.social,2025-11-20T21:48:09.998Z,"As much as I love this ad, November 20th is too early for it. #speirgorm",3,0,2,0,NA
at://did:plc:v6y63c54iecyzlxp3vrxvwv2/app.bsky.feed.post/3m63owvsd6s2e,rdisc0mb0bulate.bsky.social,2025-11-20T21:17:34.496Z,"Are you following the #SpeirGorm tag too? I find I have to go between that, Mutuals and Following",3,0,2,0,at://did:plc:trjaqvpxbhcheqnr5fv6tkpm/app.bsky.feed.post/3m63og6aovc24
at://did:plc:uwji4l3wzsygaxduowluqmgr/app.bsky.feed.post/3m63o4jlarc2t,sharrow.bsky.social,2025-11-20T21:02:59.900Z,"For jayus sake, they are locking up the Butter these days. But only the #KerryGold #Aldi #speirgorm",15,0,3,1,NA
at://did:plc:6dcpx2gchej3kjsn3gkk6o3v/app.bsky.feed.post/3m63nstxyk226,homebrewandhacking.bsky.social,2025-11-20T20:57:26.698Z,"That is a good trailer...

For fans of the Simpsons.

www.bartkira.com

#speirgorm",3,0,0,0,NA
at://did:plc:7czbhyt6vmlibzjk2md3ds36/app.bsky.feed.post/3m63l7ig2j22q,slated.ie,2025-11-20T20:10:56.695Z,"Spike is having a Spa evening.  Pedicure is go.

#SPIKE #rottweiler #dogsofbluesky #speirgorm 

#SLATED",29,0,3,1,NA
at://did:plc:jhndv2ueuu77qaiw5ivjkhx7/app.bsky.feed.post/3m63kkau2gs26,despod.bsky.social,2025-11-20T19:58:56.294Z,Like a Caravaggio. #Speirgorm,3,0,0,0,NA
at://did:plc:jhndv2ueuu77qaiw5ivjkhx7/app.bsky.feed.post/3m63iqsghku2f,despod.bsky.social,2025-11-20T19:26:47.295Z,"Eggs lovingly packaged by Dinny and Miley. 

All that's missing is a dab of liquid ammonia. 

#IYKYK #Speirgorm",2,0,1,0,NA
at://did:plc:jhndv2ueuu77qaiw5ivjkhx7/app.bsky.feed.post/3m63h35fh2s2b,despod.bsky.social,2025-11-20T18:56:46.695Z,"Surely if they want to lure out yer man they could just open a popup court and he'd be right along to make an observation or a demand.

#Speirgorm",7,0,0,0,NA
at://did:plc:yqu2xn3pbp4lqibrahs4zb6f/app.bsky.feed.post/3m63gtidqr22b,ellecontessa.bsky.social,2025-11-20T18:52:29.794Z,I grew up in 3 very different areas in my prime *pencil sharpening device* years so I had to be flexible in order to blend in with the natives. I found it was safer to use the universal mime (innocent times) to avoid social isolation. #speirgorm,7,0,0,0,NA
at://did:plc:owtiovxdlxm4bp4hgnihapfe/app.bsky.feed.post/3m63fo6heps2l,martinamorrow.bsky.social,2025-11-20T18:31:40.298Z,Is Enoch on the run? #speirgorm,2,0,1,0,NA
at://did:plc:dnvpi77gppcosuglhn7nngk3/app.bsky.feed.post/3m63faxerek2b,eslsys.bsky.social,2025-11-20T18:24:14.196Z,"The upcoming bye-elections are a great opportunity to thank FFG for their work on housing #speirgorm

(thanks to @docdok.bsky.social for pointing out the typo)",2,0,0,0,NA
at://did:plc:v6y63c54iecyzlxp3vrxvwv2/app.bsky.feed.post/3m63envxp6s2j,rdisc0mb0bulate.bsky.social,2025-11-20T18:13:35.095Z,"I stop in Aldi most evenings on the way home. Have a look at their reduced section and pick what I fancy making for dinner that eve. 

Reduced price and also reduced food waste as I only buy what I need on the day. 

Plus it suits my impulsive tendencies and my brain likes the challenge! 
#SpeirGorm",297,2,9,15,NA
at://did:plc:gphph5iwgrv3ze7qq4ja7squ/app.bsky.feed.post/3m63d5nns5c27,georginabarrow.bsky.social,2025-11-20T17:46:39.901Z,"Team ""parer"" all the way, none of this topper nonsense #Speirgorm  #Speirghorm",5,0,0,0,NA
at://did:plc:zuesm37kihlrxtv7jkwsl2nb/app.bsky.feed.post/3m63cy2kxgc2v,docdok.bsky.social,2025-11-20T17:43:28.197Z,"#speirgorm Bualadh Bas,!",7,0,1,0,NA
at://did:plc:6dnpwemduovd6rzfburfqbrt/app.bsky.feed.post/3m63c454lt22y,mmdc.bsky.social,2025-11-20T17:27:51.400Z,#speirgorm,0,0,0,0,NA
at://did:plc:6dnpwemduovd6rzfburfqbrt/app.bsky.feed.post/3m63bykgbms2y,mmdc.bsky.social,2025-11-20T17:25:50.803Z,#speirgorm,0,0,0,0,NA
at://did:plc:lcczgcqfsgyocligu3ukzexx/app.bsky.feed.post/3m63b3c7muk2d,squeefulraven.bsky.social,2025-11-20T17:09:31.699Z,"OMG OMG OMG! New Stargate Series announced, *Commence Fangirl Squeals!* have been a longtime fan and really hope this will be good!! 🙏 

#Stargate #NewSeries #ScienceFiction #GateWorld #SpéirGorm #SpeirGorm #LongtimeFan #RetroSciFi #SciFi #Amazon

www.gateworld.net/news/2025/11...",7,0,1,0,NA
at://did:plc:xp52mnw3lcywewz2sqox2awz/app.bsky.feed.post/3m63ab2zdxc2u,oliviachau.bsky.social,2025-11-20T16:54:49.598Z,Hope they don’t get rid of change the stairs in the Roches/Debenhams building. Was one of my fav things about the building. #speirgorm #limerick,3,0,0,0,NA
at://did:plc:p3ajfs5yqzh6anrao6r73nho/app.bsky.feed.post/3m63a7rqs5c2d,uplift.ie,2025-11-20T16:54:07.501Z,"Be sound and share your pics of foxes 🦊❤️

#SpeirGorm

my.uplift.ie/petitions/pe...",4,1,0,3,NA
at://did:plc:wk4vbtn77njhk4mlohgewj2m/app.bsky.feed.post/3m637xcn52c2i,caroleducky.bsky.social,2025-11-20T16:49:23.295Z,"Oh, ffs! 🙄

‘McGregor to sue Sky News for defamation over claims he was called a rapist by reporter after Nikita Hand case.’

www.independent.ie/irish-news/c...

#SpeirGorm",5,0,2,2,NA
at://did:plc:mcb6n67plnrlx4lg35natk2b/app.bsky.feed.post/3m636vnzr6k2x,nowbreezing.ntw.app,2025-11-20T16:30:33.501Z,"
Bluesky's Top 10 Trending Words (past 10min):
💨x113 - mani
💨x2* - ukraine 🔓
💨x46 - seditious
💨x1* - democracy 🔓
💨x26 - sentencia
💨x1* - gaza 🔓
💨x24 - sedition
💨x23 - jueces
💨x18 - punishable
💨x17 - cheney's
*🔓 = Unlocked Emergency Words (see img)

#йобанарусня 🇺🇦

(Something not right? Reply!)",0,0,0,0,NA
at://did:plc:6dnpwemduovd6rzfburfqbrt/app.bsky.feed.post/3m636ugqr3c2y,mmdc.bsky.social,2025-11-20T16:29:51.997Z,#speirgorm,6,0,1,2,NA
at://did:plc:bzjctancupmf6cbk3eazuenz/app.bsky.feed.post/3m636jddwg22c,rebelalliance77.bsky.social,2025-11-20T16:23:44.395Z,"The mystery of Enochs disappearance, fittingly, has a biblical precedent. He has returned to his home planet. His people needed him.  

#Speirgorm",18,0,2,3,NA
at://did:plc:bsrcpmo5lurlbhy36f24aowm/app.bsky.feed.post/3m635mfdzpk2a,hilarylennon.bsky.social,2025-11-20T16:07:27.896Z,"Are people still allowed purchase copies of the registered electorate list, with names and addresses included? Why do I receive campaign mail with my name and home address on the envelope? #SpeirGorm",1,0,2,0,at://did:plc:qjaqauwzfmqz3uzauuufhrc4/app.bsky.feed.post/3m633tjrfca2k
at://did:plc:hsami2xqnyvluahikcz2u6ca/app.bsky.feed.post/3m634svdsvc2t,beatingblog.bsky.social,2025-11-20T15:53:10.199Z,"That's a cold one now. Am huddled by the radiator eating a pot noidle, much as I envision Enoch is, in some basement somewhere. #speirgorm",4,0,1,0,NA
at://did:plc:ymhebkmh56zigyqiomogsupn/app.bsky.feed.post/3m634pjqw222o,taesaveslives.bsky.social,2025-11-20T15:51:18.394Z,"Oh no! Because famously junior infants are really easy to get to eat more than they want.
There was a good point on radio about ensuring nutritional standards with more random testing but the idea of getting the kids to cook their own meals daily isn't utopian it's delusional #speirgorm.",0,0,0,0,NA
at://did:plc:tch2tperf6sgkbmvnlaa3opr/app.bsky.feed.post/3m634lbfdbk2o,brianofarrell.bsky.social,2025-11-20T15:48:56.799Z,"Fair play to Judge Cregan, finally got Burke to not show up to the school. And he wasn't even in court or prison this morning. 

#SpéirGorm",4,0,0,0,NA
at://did:plc:bwri5etslrdnbu6jpqrznf36/app.bsky.feed.post/3m633cn3lkk2g,tggleeson.bsky.social,2025-11-20T15:26:15.294Z,Only way a stove could now cost effectively compete with kerosene or gas is if you had your own timber or by ordering stove coal by the tonne from NI (coal yards have effectively disappeared down South since largely-unreversed Ukraine driven price hikes and then nationwide smokeless-only) #speirgorm,1,0,0,0,NA
at://did:plc:7czbhyt6vmlibzjk2md3ds36/app.bsky.feed.post/3m632rzvwqs2b,slated.ie,2025-11-20T15:16:56.396Z,"There is nothing like cleaning up after a puking #rottweiler 

#dogsofbluesky #SLATED #Speirgorm",1,0,2,0,NA
at://did:plc:xwjlw3ygmqlbr5igkokbkzfn/app.bsky.feed.post/3m62zpljg4k24,oisinmcgann.bsky.social,2025-11-20T14:57:40.498Z,"I've a new 6-week Book Illustration course starting on the 14th of January, from 6.30pm - 8.30 pm at the @irishwriterscentre.bsky.social in Dublin. Want to learn the basics of communicating stories with pictures? Check out the course description.

#SpeirGorm

irishwriterscentre.ie/courses/book...",14,0,0,15,NA
at://did:plc:wk4vbtn77njhk4mlohgewj2m/app.bsky.feed.post/3m62y5dq2ac2o,caroleducky.bsky.social,2025-11-20T14:29:39.503Z,"First icy water dish of the season.
#Dublin #Ireland 
#SpeirGorm
#TáSéFuar 🥶",5,0,0,0,NA
at://did:plc:aq2f6q2flkiygiiahebfm6cp/app.bsky.feed.post/3m62wwmhhik2m,thebookshopie.bsky.social,2025-11-20T14:08:12.397Z,G'wan the Faithful... Offaly history books on the towns of Birr (Parsonstown as it was at time of original publication) Ferbane and Tullamore (broadly) added to stock recently. #speirgorm,5,0,0,0,NA
at://did:plc:kub3mhx6yyvqisdddrnvq2zw/app.bsky.feed.post/3m62wre4sh22m,powersflowers.bsky.social,2025-11-20T14:05:07.893Z,"Well, this was a disappointment. Is there an actually delicious brand, or are they all overhyped? The chocolate on this tasted so-so and the pistachio filling was nice enough, but nothing special.  
#DubaiChocolate 
#speirgorm
#spéirghorm",1,0,1,0,NA
at://did:plc:sgl2l2zhx3eoiv24zzhphpn6/app.bsky.feed.post/3m62wdnbxe22q,niamhkirk.bsky.social,2025-11-20T13:57:24.401Z,Drummer says #foxhunting is disgusting and should be banned. #speirgorm,10,0,0,1,NA
at://did:plc:k2tteq6dnva3ijgb4n3zblgz/app.bsky.feed.post/3m62vplfgi225,fiftywords.bsky.social,2025-11-20T13:46:09.298Z,"The phrase “a schmozzle in the parallelogram” was immortalised by the legendary Gaelic games commentator Michael O’Hehir. It describes the chaotic, harmless scuffle that sometimes erupts during games. #vss365 #Speirgorm",6,0,0,0,NA
at://did:plc:rj54e4tn2c5l6kmuqotuahuv/app.bsky.feed.post/3m62uwrf5zk2m,pnamblath.bsky.social,2025-11-20T13:32:13.702Z,"Ireland have been drawn away to Czechia in the World Cup Qualifying Playoff semifinal, on Thurs March 26th next. If Ireland progress to the playoff final, they will host either Denmark or North Macedonia at the Aviva Stadium on Tues March 31st.
#COYBIG #FIFAWorldCup2026
#speirgorm
#IrishNews",3,0,1,2,NA
at://did:plc:tcytdxc4g4lfetzqyun6vvts/app.bsky.feed.post/3m62unrsauc2m,joyofhazel.bsky.social,2025-11-20T13:27:33.097Z,"So it's Czechia in the World Cup play-offs. Here is your guide to Prague... #speirgorm
arrivalshall.com/2022/09/20/p...",0,0,0,0,NA
at://did:plc:6ofsjvfrnsdfvq2bwhdpydbw/app.bsky.feed.post/3m62u7nwtos2g,cephilis.bsky.social,2025-11-20T13:19:17.398Z,"Enoch Burke is currently at large and evading arrest. 
Stay safe, keep doors and windows locked.
Read up on articles such as the irish times ""what experts advise if doorstepped by the burke family"" 
Contact your elderly and queer community members to help them prepare
This has been a PSA 
#speirgorm",8,0,1,3,NA
at://did:plc:qi3uhneb2cz77ibwnzailb22/app.bsky.feed.post/3m62swoj5ds2u,dfertl.bsky.social,2025-11-20T12:56:25.099Z,"""Up to €2.7m worth of energy ‘wasted’ every day by State, committee told""
#Ireland 's govt is dumping up to €450 million of #windenergy every year, while 550,000 households suffer #fuelpoverty.
Utter madness.
#renewables #costofliving #windfarms #climate #SpéirGorm
www.irishtimes.com/ireland/soci...",5,0,2,1,NA
at://did:plc:a3by23x3istcyfzqfu2qizn2/app.bsky.feed.post/3m62rtrffmc23,irishinstitute.bsky.social,2025-11-20T12:36:52.896Z,"Our friends @livirishfest.bsky.social are holding a public consultation on their redesign of the Liverpool Irish Famine Trail to provide:
👉Better accessibility
👉Updated information
👉Digital enhancement
Have your say: www.liverpoolirishfestival.com/help-trail-f... (Deadline: 5.12.2025) 
#speirgorm",2,0,0,0,NA
at://did:plc:roq5gp36kgc3cied6notevst/app.bsky.feed.post/3m62rhl7opa2x,bridgetmcgann.medsky.social,2025-11-20T12:30:05.102Z,"People when they learn I speak Irish: Wow so wholesome to be in touch with your heritage! It’s such a beautiful language. 🥹🥰☘️

Me: *raps about crime and drugs*

#SpeirGorm ",6,0,1,0,NA
at://did:plc:siclj5jstt2xodsn7epgnqld/app.bsky.feed.post/3m62q4br2n22i,robosullivan.bsky.social,2025-11-20T12:05:54.494Z,"If there is a Heaven, I can tell you one thing for sure... #Spéirgorm",13,0,0,1,NA
at://did:plc:56aoxjem4pjvtqsscuhq223t/app.bsky.feed.post/3m62pkmdiik2w,rogerokeeffe.bsky.social,2025-11-20T11:55:56.495Z,"Uplifting moment listening to Catherine talking to Oliver Callan just now.

Is she on #speirgorm?",4,0,1,1,NA
at://did:plc:33vlabr5n5naktrl6xgyopoc/app.bsky.feed.post/3m62oafsuu22t,nigellicus.bsky.social,2025-11-20T11:33:51.493Z,#speirgorm,2,0,0,0,NA
at://did:plc:hhfwpteeefymb5m324x3rsui/app.bsky.feed.post/3m62o5eigqk2h,irishplacenames.bsky.social,2025-11-20T11:30:40.798Z,"In case you ever lose her she's in Co. Roscommon. From the Irish 'greanaidh', meaning gravelly place.

#speirgorm",105,0,2,20,NA
at://did:plc:siclj5jstt2xodsn7epgnqld/app.bsky.feed.post/3m62nitpsjc2i,robosullivan.bsky.social,2025-11-20T11:19:14.298Z,#spéirgorm,2,0,0,1,NA
at://did:plc:p3ajfs5yqzh6anrao6r73nho/app.bsky.feed.post/3m62n5jdta22d,uplift.ie,2025-11-20T11:12:51.097Z,"Anyone want to start a petition to bring back the bins? 

#SpeirGorm 

www.independent.ie/regionals/du...",2,0,0,0,NA
at://did:plc:uwji4l3wzsygaxduowluqmgr/app.bsky.feed.post/3m62lw7d6dk26,sharrow.bsky.social,2025-11-20T10:50:50.296Z,#speirgorm #nolliag,1,0,0,0,NA
at://did:plc:uxplcqjq4hnmqjsljnq4lv5x/app.bsky.feed.post/3m62lbivzqk2d,rflong.bsky.social,2025-11-20T10:39:16.313Z,"To Amberes city of lost gods all things return. The Lore of Silver is out today from @hodderscape.bsky.social 

And join @sarahreesbrennan.bsky.social and I at @gutterbookshop.bsky.social  Dublin tonight to celebrate the launch with cake and shenanigans!
#FeralGods #speirgorm #booksky📚💙",10,0,0,4,NA
at://did:plc:uwji4l3wzsygaxduowluqmgr/app.bsky.feed.post/3m62kzzmrjc26,sharrow.bsky.social,2025-11-20T10:35:05.895Z,#speirgorm #Queer #LGBTQIA,4,0,0,3,NA
at://did:plc:uwji4l3wzsygaxduowluqmgr/app.bsky.feed.post/3m62kt2qf6s26,sharrow.bsky.social,2025-11-20T10:31:10.595Z,#speirgorm,3,0,0,0,NA
at://did:plc:33vlabr5n5naktrl6xgyopoc/app.bsky.feed.post/3m62kdjm3r22p,nigellicus.bsky.social,2025-11-20T10:22:29.998Z,##speirgorm,2,0,1,0,NA
at://did:plc:wzelpzmv2b3oudwhkcpr2s6n/app.bsky.feed.post/3m62htju27k2w,drmarymcauliffe.bsky.social,2025-11-20T09:37:48.795Z,"Reminder - launch of our co-edited book ‘The Civil War in Kerry and Beyond; Histories, memories, and Legacies’ 

📅 Friday, 21st November
⏲️ 6.00pm
🏦 Kerry County Museum

All welcome. #speirgorm 
Available online from Four Courts Press and all good book stores.

www.fourcourtspress.ie/books/2025/t...",26,1,2,9,NA
at://did:plc:tjj7toux5q6m2v7x2unyhznh/app.bsky.feed.post/3m62h5jqy322m,judesherry.bsky.social,2025-11-20T09:25:28.494Z,"Ireland is one of the biggest buyer of slave made consumer products in Europe 
#fastfashion
#bloodBatteries
#spéirgorm",18,3,0,12,NA
at://did:plc:jhndv2ueuu77qaiw5ivjkhx7/app.bsky.feed.post/3m62gangu322o,despod.bsky.social,2025-11-20T09:09:20.194Z,Passing through town and the jumpers are out in force already for College Christmas. #Speirgorm,2,0,0,0,NA
at://did:plc:dnvpi77gppcosuglhn7nngk3/app.bsky.feed.post/3m62fjw452k22,eslsys.bsky.social,2025-11-20T08:56:35.295Z,"""Figures of possible fines of between €8bn and €26bn for breaching emissions targets ‘incredible’, President says"" #speirGorm

www.irishtimes.com/environment/...",14,1,1,6,NA
at://did:plc:fkorj7epx4zpmdxx7d6m7qgc/app.bsky.feed.post/3m62falycnc25,saytheirnamesir.bsky.social,2025-11-20T08:51:23.396Z,#Gaza #speirgorm,0,0,0,0,NA
at://did:plc:ld2vd37jefwcaw6dmx6raaqt/app.bsky.feed.post/3m62eq67i4c2y,libertiesbelle.bsky.social,2025-11-20T08:42:14.096Z,"#SpéirGorm

www.rte.ie/news/ireland...",1,0,0,2,NA
at://did:plc:imdb5lnqdvuployv2wxfgdms/app.bsky.feed.post/3m62ecgyzwc2n,darylfeehely.com,2025-11-20T08:34:30.797Z,"Judging by photos of Darragh O'Brien at this, it appears Ireland has joined in this call for a road map to phase-out fossil fuels.

Can some journalists please ask him & MM if they still plan for Ireland to build new LNG fossil fuel infra, which is the opposite of phase-out.

#IrishPol #Speirgorm",5,0,2,2,NA
at://did:plc:bjovrbtmnlckoh6vaalnqjzi/app.bsky.feed.post/3m626ys47lk2k,lisagrimm.com,2025-11-20T06:59:45.496Z,"This week’s pub visit is a bit of an odd one, at least for me:

#SpeirGorm

www.weirdodublinpubs.com/weirdo-guide...",9,0,1,1,NA
at://did:plc:slpcusmlwp2cu4y6elhhwsce/app.bsky.feed.post/3m5zu2pfqyj2k,soolahhoops.com,2025-11-20T03:43:53.899Z,"I love #waterfalls and #GlenevinFalls in #CountyDonegal were so beautiful! That sound calms me every time! I also wasn’t expecting the #faeriehouses but definitely magical
#GlenevinWaterfall #CountyDonegal #Ireland #Speirgorm #IrishSky #waterfall #IrelandNature #Spéirghorm #IrishSky🇮🇪#IrishNature ",4,0,1,0,NA
at://did:plc:slpcusmlwp2cu4y6elhhwsce/app.bsky.feed.post/3m5zt7swioc2n,soolahhoops.com,2025-11-20T03:28:50.994Z,"A fun part of my drive was just unexpectedly coming across magical places. I loved #CountyDonegal for its wildness, the smell of turf burning in stoves. I heat my house with a wood stove so I was fascinated. 
#MamoreGap #CountyDonegal #Ireland #Speirgorm #IrishSky #Spéirghorm #IrishSky🇮🇪 ",7,0,0,0,NA
at://did:plc:mcb6n67plnrlx4lg35natk2b/app.bsky.feed.post/3m5zsr54taw2i,nowbreezing.ntw.app,2025-11-20T03:20:37.038Z,"
Bluesky's Top 10 Trending Words (past 10min):
💨x32 - tayjay
💨x31 - tay
💨x2* - ukraine 🔓
💨x21 - sabres
💨x20 - marina
💨x18 - chelsie
💨x17 - jas
💨x17 - bayne
💨x15 - shafir
💨x15 - halligan
*🔓 = Unlocked Emergency Words (see img)

#FreePalestine 🇵🇸

(Something not right? Reply!)",1,0,0,0,NA
at://did:plc:uwji4l3wzsygaxduowluqmgr/app.bsky.feed.post/3m5zsokcpg227,sharrow.bsky.social,2025-11-20T03:19:10.398Z,"Wonder if we will see many pictures od #Sneachta

#speirgorm",1,0,0,0,NA
at://did:plc:slpcusmlwp2cu4y6elhhwsce/app.bsky.feed.post/3m5zsoi6ygc2a,soolahhoops.com,2025-11-20T03:19:09.298Z,"I’m gonna keep reminiscing about my trip from last year. I miss doing that adventure. I have an itch for more adventuring as I watch this but we’ll see about next year. For now here’s a video of #MalinHead #Ireland #Speirgorm #Ireland🇮🇪#IrishSky #Donegal #DonegalIreland

youtu.be/kZtb1RIkhJE?...",2,0,0,0,NA
at://did:plc:gjsoejzm7at4syhrvzgizrev/app.bsky.feed.post/3m5zsnkc4ck2o,ainekeenan.bsky.social,2025-11-20T03:18:40.099Z,"We dance round in a ring 
and suppose,
But the Secret sits 
in the middle and knows.

Robert Frost, 20th century

#Photography #Wisdom #Spirituality #Poetry #Prayer #SpeirGorm #StreetPhotography #India #Temple #ImageAndVerse #ArtOfBlueSky #PhotographersOfBlueSky #EastCoastKin",182,1,3,15,NA
at://did:plc:imdb5lnqdvuployv2wxfgdms/app.bsky.feed.post/3m5zerrl27s2b,darylfeehely.com,2025-11-19T23:10:24.501Z,"""Ireland's weather service said its scientists briefed the country’s prime minister last year and a parliamentary committee last month.""

Last year, but not a peep out of Leo or Simon (pre & post Apr 2024 Taoisigh) about the #climate risks of early AMOC collapse.

#Speirgorm #IrishPol",17,0,0,9,NA
at://did:plc:imdb5lnqdvuployv2wxfgdms/app.bsky.feed.post/3m5zd3nl4s22b,darylfeehely.com,2025-11-19T22:40:08.905Z,"The Michael D doc is great.

""Stay curious & keep going""

Words to live by. 💚

#Speirgorm #IrishPol",10,0,1,2,NA
at://did:plc:s6znrelghqcbkis7iudax6v7/app.bsky.feed.post/3m5zcl7e45s2b,lisafitz.bsky.social,2025-11-19T22:30:57.601Z,The 'oh jsysus that's lovely' when you get into bed & you remembered to turn on the electric blanket is the best auld lady feeling ever #speirgorm,18,0,2,0,NA
at://did:plc:dnvpi77gppcosuglhn7nngk3/app.bsky.feed.post/3m5za6mdhgk2i,eslsys.bsky.social,2025-11-19T21:48:09.694Z,#speirgorm,2,0,0,2,NA
at://did:plc:uwji4l3wzsygaxduowluqmgr/app.bsky.feed.post/3m5z4vmrrs22i,sharrow.bsky.social,2025-11-19T20:49:23.702Z,#speirgorm,0,0,1,0,NA
at://did:plc:43pp7we7dk4pmibe4ahfdhzi/app.bsky.feed.post/3m5z4kg4hes2s,ealadubh.bsky.social,2025-11-19T20:43:08.504Z,"Apparently, the esteemed Mr Lenihan stormed into the county manager's office and told him what the curse was - allegedly it was testicular cancer or 'bollickular cancer' (as it was recounted to myself)
#Speirgorm",10,0,0,3,NA
at://did:plc:7jnzlmjogamiou5m4qiyxace/app.bsky.feed.post/3m5z3qy7pqc2o,orlam90.bsky.social,2025-11-19T20:28:58.597Z,"It rumbles on. Someone is now doing an official survey and they're going to geographically map the results. God I love nerds! 🤓

survey123.arcgis.com/share/b861da...

#speirgorm #sharpenergate",26,1,14,13,NA
at://did:plc:fh6hk4djw3oynlljcq5qt5gv/app.bsky.feed.post/3m5z2qvbun22c,archivedelver.bsky.social,2025-11-19T20:11:06.017Z,Why does Irish Rail keep everyone waiting til the last minute for trains at Heuston? #speirgorm,2,0,0,0,NA
at://did:plc:gphph5iwgrv3ze7qq4ja7squ/app.bsky.feed.post/3m5yzorzqcc2v,georginabarrow.bsky.social,2025-11-19T19:52:01.195Z,The cutest delivery from Jane in The Button Studio. Buy Irish this Christmas #BuyIrish #SupportLocalArtists #SupportLocalBusiness #Speirgorm #Speirghorm,1,0,0,0,NA
at://did:plc:6rr62zjwua6uckd5xanmhclr/app.bsky.feed.post/3m5yzc5dj3226,natalieoregan.bsky.social,2025-11-19T19:44:54.202Z,"Hypocrisy:
the practice of claiming to have higher standards or more noble beliefs than is the case.
#SpeirGorm #Ireland #DrugPolicy #DrugSky",5,0,0,1,NA
at://did:plc:v6y63c54iecyzlxp3vrxvwv2/app.bsky.feed.post/3m5ywrpizhk23,rdisc0mb0bulate.bsky.social,2025-11-19T18:59:50.700Z,#SpeirGorm,1,0,0,2,NA
at://did:plc:eweyharmeuf3er35ejhbjp4o/app.bsky.feed.post/3m5yvorxq522i,frankoconnor.bsky.social,2025-11-19T18:40:23.801Z,"""Council under fire for €7m Bishop Lucey Park redevelopment""

Here is the full piece about the new 'park' in todays 
@echolive.bsky.social (by Amy Campbell) 

Me & @judesherry.bsky.social provided our overall thoughts 

#RestPlayWork #DerelictIreland #Cork #SpeirGorm

www.echolive.ie/corknews/ari...",7,0,0,2,at://did:plc:eweyharmeuf3er35ejhbjp4o/app.bsky.feed.post/3m5yf3vuesc22
at://did:plc:eweyharmeuf3er35ejhbjp4o/app.bsky.feed.post/3m5yvekc34k2d,frankoconnor.bsky.social,2025-11-19T18:34:42.198Z,"Imagine a city that invites everyone to Rest. Play. Work.

Imagine a city where everyone has a home, place to play and access to fair, just and meaningful work.

Imagine. Rest. Play. Work. 
Imagine. Imagine. Imagine.

with @judesherry.bsky.social 
#RestPlayWork #SpeirGorm #DerelictIreland

1/",8,0,1,2,NA
at://did:plc:vo3c5x2szy6wq4xc3dlemv7f/app.bsky.feed.post/3m5yuhhvmek2s,cathyby.bsky.social,2025-11-19T18:18:26.201Z,"State to buy the land surrounding historic #Castletown estate which will restore a major access route, public parking and double the size of the parklands surrounding the historic house.

#NorthKildare #SpeirGorm 

It should bw fully open by next year.
www.rte.ie/news/2025/11...",1,0,0,1,NA
at://did:plc:2haw4tub7pkovhsmiogjbyaa/app.bsky.feed.post/3m5ysuy73vk2c,derekbrauders.bsky.social,2025-11-19T17:50:05.500Z,#speirgorm might find this of interest.,1,0,0,1,at://did:plc:ug43zaqa5f5bpmzlku2nbley/app.bsky.feed.post/3m5yin2zj5s2m
at://did:plc:v6y63c54iecyzlxp3vrxvwv2/app.bsky.feed.post/3m5ysef6ed226,rdisc0mb0bulate.bsky.social,2025-11-19T17:40:48.700Z,"#OzempicTales is kicking my backside this evening. I feel so sick and queasy. Sometimes it’s hard to tell if it’s hunger or fullness, because the nausea can occur in both situations.
#SpeirGorm",6,0,3,0,NA
at://did:plc:b25fw5q6tr2faqdy52du276g/app.bsky.feed.post/3m5yqzpsgps24,gildedalm.com,2025-11-19T17:16:58.798Z,"✨ 
DANNY BROWN

plays 
Olympia Theatre
Dublin
26 March 2026

✨ Stardust ✨
   out now on @warprecords.bsky.social

🎧 listen
warp.net/danny-brown-...

✨
@xdannyxbrownx.bsky.social #music
#IrishBluesky #speirgorm  #Spéirghorm #Dublin
#musicsky",0,0,0,2,NA
at://did:plc:owtiovxdlxm4bp4hgnihapfe/app.bsky.feed.post/3m5yqce4qnk2u,martinamorrow.bsky.social,2025-11-19T17:03:59.400Z,"Peeps it must be winter I just bought my first hat of the year, the big Labrador love of my life looking angelic here has a thing for bobbles my hats never survive a full winter no matter how well I mind them he always gets them in the end #speirgorm",7,0,1,0,NA
at://did:plc:7czbhyt6vmlibzjk2md3ds36/app.bsky.feed.post/3m5ypros6rc2w,slated.ie,2025-11-19T16:54:34.297Z,"Lads, if you are looking for fantastic service, I can't fault @thebookshopie.bsky.social they went above and beyond. 

#Shoplocal #Irishbusiness 
#speirgorm #SLATED",5,0,1,4,NA
at://did:plc:6rr62zjwua6uckd5xanmhclr/app.bsky.feed.post/3m5ymp7tetc23,natalieoregan.bsky.social,2025-11-19T15:59:32.398Z,"While communities burn, the Department of Health clings to control, strips task forces of independence, and excludes the very voices that know what works.”
This is a political choice that perpetuates harm.

#DrugPolicy #Ireland #DrugSky #SpeirGorm

natalieoregan.substack.com/p/irelands-d...",2,0,0,1,NA
at://did:plc:mkxzujov3oilpwjoorv7dlgp/app.bsky.feed.post/3m5yma2sa322e,carlogianuzzi.bsky.social,2025-11-19T15:51:08.196Z,"Irlanda — Enoch Burke verso il carcere, per la quarta volta, per oltraggio alla corte.
Ironia della sorte, il giudice parla anche di potenziale rischio per i bambini.
Ne ho parlato in ""Diario d’Irlanda - An Irish Journal"" S1E14.
🎧 Ascolta youtu.be/PViblNIBZl8?...
#19novembre #speirgorm",1,0,0,0,NA
at://did:plc:nmmmqzrurdv3aipb73ohtkgp/app.bsky.feed.post/3m5yjggqmbs2j,bleary.off-the-records.com,2025-11-19T15:00:55.928Z,The unquenchable Irish urge tell each other we look like Super Mario may have just solved a murder #speirgorm,7,0,0,4,NA
at://did:plc:sp6yooz77ckr32j7dqxjt5fr/app.bsky.feed.post/3m5yjf5fgic2f,geraldineishere.bsky.social,2025-11-19T15:00:14.622Z,"Also, the River Barrow burst both sides of its banks at the weekend & it’s fairly telling about the soggy state of things on the lower lying land so early in winter that the water has barely receded since.",1,1,0,0,at://did:plc:sp6yooz77ckr32j7dqxjt5fr/app.bsky.feed.post/3m5yile3jcc2f
at://did:plc:wse2xzmb4etf7dpmdodw75lt/app.bsky.feed.post/3m5yj6bq7w227,jenniferomeara5.bsky.social,2025-11-19T14:56:20.820Z,"It's #InternationalMensDay. Do yourselves a favour: check your bits and bobs, get that check up with the doctor that you've been putting off, talk to that friend that you've been a bit worried about or talk to someone if you have some worries. 
#SpeirGorm",3,0,0,0,NA
at://did:plc:mn37qae7glhpvayfbilz5xrw/app.bsky.feed.post/3m5yhmxytac2q,nearfm.ie,2025-11-19T14:28:52.124Z,"Hang on in there! The weather may be cold 🥶 but we have Roots music at 2.30, Joy and Jargon at 3.30, Stories from Foster Care at 4.30 and Ar Muin na Muice at 5.30. Stay in and listen to the radio #speirgorm  nearfm.ie/livestream",2,0,0,1,NA
at://did:plc:p3ajfs5yqzh6anrao6r73nho/app.bsky.feed.post/3m5ygyg6pps2d,uplift.ie,2025-11-19T14:17:16.626Z,"Break down the barriers, put survivors first, end the use of Councillors and therapy notes in trails relating to Gender based violence ✊️

#Speirgorm 

my.uplift.ie/petitions/en...",2,0,0,1,NA
at://did:plc:dnvpi77gppcosuglhn7nngk3/app.bsky.feed.post/3m5yfa4yb2k2r,eslsys.bsky.social,2025-11-19T13:45:52.125Z,"Fixed it,  ""Council should be fired for Bishop Lucy Park redevelopment"" . 

Likely to cost €10m+, its truly appalling, a pathway that is neither overly wheelchair or buggy friendly #Cork #SpeirGorm

www.echolive.ie/corknews/ari...",1,0,0,2,NA
at://did:plc:bwri5etslrdnbu6jpqrznf36/app.bsky.feed.post/3m5yewoeec22b,tggleeson.bsky.social,2025-11-19T13:40:31.727Z,"And there it is, a Pembrokeshire Dangler.",1,0,2,1,NA
at://did:plc:56aoxjem4pjvtqsscuhq223t/app.bsky.feed.post/3m5yeqjhyxk2d,rogerokeeffe.bsky.social,2025-11-19T13:37:05.939Z,"Anyone else on #speirgorm finding the Bank of Ireland app quite unstable over the last few days?

Having to make repeated attempts to login, getting timed out messages after a few seconds.  It's a bit unsettling.",1,0,2,0,NA
at://did:plc:tjj7toux5q6m2v7x2unyhznh/app.bsky.feed.post/3m5ydj6jlwc26,judesherry.bsky.social,2025-11-19T13:15:11.923Z,"“The only green space and park in the city centre is no longer a green space or park. Seriously, how did this cost €7m?""
Me & @frankoconnor.bsky.social were interviewed by Amy 
Cambell on our thoughts of the destruction of Bishop Lucey Park @echolive.bsky.social
#RestPlayWork #PureCork #Speirgorm",11,0,3,5,NA
at://did:plc:v6y63c54iecyzlxp3vrxvwv2/app.bsky.feed.post/3m5ydcjv4r22d,rdisc0mb0bulate.bsky.social,2025-11-19T13:11:20.621Z,"Now here’s the thing. I hear my own thoughts ALL the time. There is constant narration/conversation taking place. 

Having had my first use of the shower I would say ‘You are alone with your own thoughts, it’s that quiet!’ 
#SpeirGorm",5,0,1,0,NA
at://did:plc:wk4vbtn77njhk4mlohgewj2m/app.bsky.feed.post/3m5yct2jbxs23,caroleducky.bsky.social,2025-11-19T13:02:42.620Z,"‘Anti-immigration activist Derek Blighe to stand trial in January on charge of harrassing garda .’ 

Blighe is not an activist. He’s an agitator. 
jrnl.ie/6879435

#SpeirGorm",15,0,3,2,NA
at://did:plc:hhfwpteeefymb5m324x3rsui/app.bsky.feed.post/3m5yceloues2o,irishplacenames.bsky.social,2025-11-19T12:54:37.821Z,"Eastersnow, near Boyle, Co. Roscommon. In Irish, 'Díseart Nuan', Nuane's hermitage. 

#speirgorm",2,0,0,0,NA
at://did:plc:rrj4gnpl267pqtrrdsjkijaq/app.bsky.feed.post/3m5ybz5bu6k2c,dubmac.bsky.social,2025-11-19T12:48:11.421Z,"Sharp's Ville on Fownes Street playing loud chill jazz like it's Dame Street's Cafe Carolina in 1995. 👀

#TimeCapsule #TimeTravel #Dublin #Speirgorm",0,0,0,0,NA
at://did:plc:6dnpwemduovd6rzfburfqbrt/app.bsky.feed.post/3m5ybnqmcfk2l,mmdc.bsky.social,2025-11-19T12:41:48.620Z,#speirgorm,0,0,0,0,NA
at://did:plc:v6y63c54iecyzlxp3vrxvwv2/app.bsky.feed.post/3m5ybbceinc2k,rdisc0mb0bulate.bsky.social,2025-11-19T12:34:51.426Z,"You’d definitely need your hat, scarf and gloves out there today! 

Even the Puppers was eager to get back home! 

Beautiful day though! 
#SpeirGorm",0,0,0,0,NA
at://did:plc:v6y63c54iecyzlxp3vrxvwv2/app.bsky.feed.post/3m5yb5abaz22k,rdisc0mb0bulate.bsky.social,2025-11-19T12:32:35.321Z,"Eldest’s verdict on the new shower! 

‘You can hear your own thoughts, it’s that quiet!’ 🤣
#SpeirGorm",3,0,0,0,NA
at://did:plc:b25fw5q6tr2faqdy52du276g/app.bsky.feed.post/3m5y7xopkf22o,gildedalm.com,2025-11-19T12:11:39.023Z,"💚
𝕎𝕙𝕒𝕥
𝕒 𝕪𝕖𝕒𝕣
𝕗𝕠𝕣 𝕘𝕣𝕖𝕒𝕥
𝕚𝕟𝕕𝕖𝕡𝕖𝕟𝕕𝕖𝕟𝕥
𝕀𝕣𝕚𝕤𝕙 𝕞𝕦𝕤𝕚𝕔...

🟢
ʟɪꜱᴛᴇɴ
tr.ee/GildedIrishS...

✳️
#IrishBluesky #speirgorm  #Spéirghorm
#musicsky #music #shoplocal #staytuned",0,0,1,2,NA
at://did:plc:pen6g4gaisumaynbdlqkgkdt/app.bsky.feed.post/3m5y6id6oxs2k,paulduane.bsky.social,2025-11-19T11:45:44.023Z,"In case you missed it, our Irish Fine Gael MEPs voted with the far right on this one. #speirgorm",24,0,3,17,NA
at://did:plc:wpvwcjuhrpr5tjnhy3vp24ly/app.bsky.feed.post/3m5y66ji6kc2q,fhayesmccoy.bsky.social,2025-11-19T11:39:39.520Z,"I loved being a guest on Kate and Michelle's Natterpod. Have a cup of tea and a listen - we covered a lot of ground. 💙📚

#Spéirgorm #writingcommunity #booksky #books #Irish #writing #OnceAYear #fiction #uplit 

shorturl.at/zGfDB",3,0,0,1,NA
at://did:plc:qj2uyiugobaynuuqvzjp2v4l/app.bsky.feed.post/3m5y5vizfrs2l,davegildedalm.bsky.social,2025-11-19T11:34:38.325Z,"🙏🇮🇪 Albums of 2025
#SpeirGorm any favourites?",1,0,0,0,NA
at://did:plc:63mlf5ayqa3qbmgddw4d4zsu/app.bsky.feed.post/3m5y47zh3fc2b,sullydaysleeper.bsky.social,2025-11-19T11:04:40.321Z,Hope Pascal enjoys his time at the world bank. I'd imagine leaving the country in a budget surplus must feel great ... #Speirgorm #SpeirGorm,10,0,1,1,NA
at://did:plc:63mlf5ayqa3qbmgddw4d4zsu/app.bsky.feed.post/3m5y42zqhe22b,sullydaysleeper.bsky.social,2025-11-19T11:01:52.826Z,"Was just in Cork City & a man approached me, he told me his wife was 5 mths pregnant & they are #homeless, he wanted to buy a blanket. I literally had nothing I could give him. I felt awful, I know how awful it feels to have to ask for help. I kind of hate this country right now. #Speirgorm",5,0,0,1,NA
at://did:plc:7czbhyt6vmlibzjk2md3ds36/app.bsky.feed.post/3m5xzz34nw22l,slated.ie,2025-11-19T10:24:59.624Z,"The Design and Crafts Council  of Ireland emailing yet again to get makers to do their work for them.

Remember, this is the body that tried to sue a maker for having an opinion.

Here is your reminder that the Guaranteed Irish logo does NOT mean a product is made in Ireland.

#SLATED #Speirgorm",17,0,7,11,NA
at://did:plc:e2vdb3yylfvzgvlo3fi5mrkf/app.bsky.feed.post/3m5xymx5kk22v,atticuspeirgorm.bsky.social,2025-11-19T10:00:19.523Z,"""This may be the worst Government in yhe history of the state!""

#Irishpol #Speirgorm 

youtu.be/EmWESe6XTNY?...",3,0,1,1,NA
at://did:plc:iecysrzsqba4uhev4v7r5py7/app.bsky.feed.post/3m5xxqtfbys2z,djwalker.bsky.social,2025-11-19T09:44:38.822Z,"OTD 2023 

Douglas, Cork 🇮🇪 

#photography
#nature
#landscape
#b&w
#moon
#crescent
#EastCoastKin
#spéirgorm
#PhotoHour

🐕 🚶 📷 📱 📸 🦌 🎄 🌙",47,0,0,5,NA
at://did:plc:vtluikc62q3hcfkazd4l7xml/app.bsky.feed.post/3m5xxlk3a322r,yerwannn.bsky.social,2025-11-19T09:41:38.524Z,The way i thought this was Simon Harris #speirgorm,6,0,0,0,NA
at://did:plc:7czbhyt6vmlibzjk2md3ds36/app.bsky.feed.post/3m5xwemyo5s2b,slated.ie,2025-11-19T09:19:52.725Z,"Paschal trying to charm @mcculld.bsky.social with a compliment. Brushed off without a beat 👏👏

#speirgorm #SLATED",3,0,0,0,NA
at://did:plc:fkorj7epx4zpmdxx7d6m7qgc/app.bsky.feed.post/3m5xv7p44ds2z,saytheirnamesir.bsky.social,2025-11-19T08:59:17.921Z,An #Teanga le #LindaErvine #speirgorm youtu.be/rzi9bWnVwg8?...,1,1,0,0,NA
at://did:plc:7czbhyt6vmlibzjk2md3ds36/app.bsky.feed.post/3m5xv2rbed22b,slated.ie,2025-11-19T08:56:27.515Z,"Media training, now, really.

Money for old rope.

I have been on many a show and have never received ""media training"" 

Just talk. It's not rocket science.

#SLATED #speirgorm @rteradio.bsky.social #morningIreland",4,0,0,0,NA
at://did:plc:jl6cn5yuzpi4tj5vfl7ysfrm/app.bsky.feed.post/3m5xuefw5rc2g,shazbear.bsky.social,2025-11-19T08:43:58.222Z,I'd say 'speed-reading' is a feature not a bug #SpeirGorm,5,0,0,0,NA
at://did:plc:imdb5lnqdvuployv2wxfgdms/app.bsky.feed.post/3m5xubbizhc2s,darylfeehely.com,2025-11-19T08:42:13.821Z,"Wow, this is a big deal for Irish #highered & cross border collaboration. 

I don't know if it was necessitated by financial difficulties or expansion from either side, but it certainly shows progress can still be made on shared island initiatives.

www.thejournal.ie/all-island-u...
#Speirgorm",8,0,0,0,NA
at://did:plc:jl6cn5yuzpi4tj5vfl7ysfrm/app.bsky.feed.post/3m5xquqookk2n,shazbear.bsky.social,2025-11-19T07:41:29.723Z,"""grilling"" doing a lot of heavy lifting here I'd say #SpeirGorm",9,0,2,0,NA
at://did:plc:jl6cn5yuzpi4tj5vfl7ysfrm/app.bsky.feed.post/3m5xql6zz4c2n,shazbear.bsky.social,2025-11-19T07:36:09.021Z,#SpeirGorm,2,0,0,0,NA
at://did:plc:b5yxc2nhcgrbtu3twvlg3i7a/app.bsky.feed.post/3m5xqdl4xfc2a,siobhanmcelduff.bsky.social,2025-11-19T07:31:54.425Z,"Who can forget the time he discovered art could be political and shouted at an artist going by the name of Spicebag for creating it. Great moments in the cultural history of Ireland.

#spéirghorm #speirgorm",19,0,2,1,NA
at://did:plc:3mynxmaherbxeaun744qzgmy/app.bsky.feed.post/3m5xpkabovc2u,conormolloy.bsky.social,2025-11-19T07:17:44.623Z,Great article by @kathysheridanit.bsky.social Well said. 10 years and counting. #speirgorm,1,0,0,0,NA
at://did:plc:v6y63c54iecyzlxp3vrxvwv2/app.bsky.feed.post/3m5xohorfus2v,rdisc0mb0bulate.bsky.social,2025-11-19T06:58:25.622Z,"A rare midweek lie in.

Good morning, #SpeirGorm",5,0,1,0,NA
at://did:plc:slpcusmlwp2cu4y6elhhwsce/app.bsky.feed.post/3m5x2posow22c,soolahhoops.com,2025-11-19T01:04:59.723Z,"This was the #GiantsCauseway visit I did about a year ago last November. It was still busy & touristy even then. I couldn’t imagine it in the summertime 
😬

youtu.be/odr7f_5bvUY?...

#Causeway #NorthernIreland #Ireland #Speirgorm #IrishSky #Spéirghorm #IrishSky🇮🇪 #ocean #nature #IrishNature",4,0,2,1,NA
at://did:plc:y37mgxptpzfiljrhqdcmbwzt/app.bsky.feed.post/3m5x2ocwv222z,pollygaillimh.bsky.social,2025-11-19T01:04:12.221Z,#Speirgorm,1,0,1,0,NA
at://did:plc:slpcusmlwp2cu4y6elhhwsce/app.bsky.feed.post/3m5x2cbvwjs2c,soolahhoops.com,2025-11-19T00:57:32.128Z,"I sat there for a while because this split was so cool and the #water crashing through it was amazing!
#BalintoyHarbour #NorthernIreland #Ireland #Speirgorm #IrishSky #Spéirghorm #IrishSky🇮🇪 #ocean #water #watermeditation #waterislife #waterissacred #IrishNature",13,0,1,0,NA
at://did:plc:slpcusmlwp2cu4y6elhhwsce/app.bsky.feed.post/3m5x25adcl22c,soolahhoops.com,2025-11-19T00:54:40.920Z,"The giant splashes of the #ocean making intricate trails of water on the rocks. How can you not love this? And #Scotland just a bit further north from there. 💚🤍🧡💙🤍
#BalintoyHarbour #NorthernIreland #Ireland #Speirgorm #IrishSky #Spéirghorm #IrishSky🇮🇪 #ocean #water #watermeditation",9,0,2,0,NA
at://did:plc:slpcusmlwp2cu4y6elhhwsce/app.bsky.feed.post/3m5wzqa7cbc2c,soolahhoops.com,2025-11-19T00:47:24.125Z,"The way the #ocean crashed against the rocks & made little #waterfalls just mesmerized me. 
This was last year but when I go back I want to just sit there all day! #Nature captures me for hours. 
#BalintoyHarbour #NorthernIreland #Ireland #Speirgorm #IrishSky #Spéirghorm #IrishSky🇮🇪",8,0,0,1,NA
at://did:plc:slpcusmlwp2cu4y6elhhwsce/app.bsky.feed.post/3m5wz52tzys2c,soolahhoops.com,2025-11-19T00:36:41.331Z,I really loved this place! It felt so ancient. It was an impulse detour before hitting the #GiantsCauseway & honestly I loved it more. I need to go back & do a “sit there all day” explore. The #Causeway was too #touristy in November. #BalintoyHarbour #NorthernIreland #Ireland #Speirgorm #IrishSky,2,0,0,0,NA
at://did:plc:6nsn4i44ao5n74hprn6xbkru/app.bsky.feed.post/3m5wwuzhr4c2u,fcemurphy.bsky.social,2025-11-18T23:56:22.422Z,This is crackin’ #speirgorm,4,0,0,1,NA
at://did:plc:r2id5ogmv3mwkflk4vrl7kjl/app.bsky.feed.post/3m5wvpbsbtk27,merrua.bsky.social,2025-11-18T23:35:16.621Z,#speirgorm #spéirghorm,0,0,0,0,NA
at://did:plc:habbzrlf5qwkegoxgwk6urcf/app.bsky.feed.post/3m5wuvqyxck27,ajorgensen.bsky.social,2025-11-18T23:21:01.524Z,"🦊 HEADS UP! 🦊
Ireland has a real chance to ban foxhunting right now. Chasing terrified foxes on horseback with hounds is cruel and barbaric. Please support our campaign on Instagram www.instagram.com/p/DRFtSTVDT6...
#banfoxhunting #SpeirGorm",9,0,1,6,NA
at://did:plc:ouza3jsycl2aszfc3xtodbfe/app.bsky.feed.post/3m5wsairq6k2j,dermotcasey.bsky.social,2025-11-18T22:33:19.221Z,#OrlaTopper is the new #FloridaDave on #speirgorm,3,0,2,0,at://did:plc:7jnzlmjogamiou5m4qiyxace/app.bsky.feed.post/3m5wpgigknc27
at://did:plc:ptzflttudpqcrf44hctiiylw/app.bsky.feed.post/3m5wpgv6yxc2z,alkalinecollective.bsky.social,2025-11-18T21:43:15.325Z,"Your periodical reminder, from the good people of #speirgorm",12,0,1,2,NA
at://did:plc:b5yxc2nhcgrbtu3twvlg3i7a/app.bsky.feed.post/3m5wp3f4its27,siobhanmcelduff.bsky.social,2025-11-18T21:36:46.623Z,"What would be hilarious is if this turned out to be Gareth Sheridan's new thing after failing to get nominated and being outdone in the post election media market by Maria Sheen...

#spéirghorm #speirgorm",3,0,0,0,NA
at://did:plc:qi3uhneb2cz77ibwnzailb22/app.bsky.feed.post/3m5wolmmhhs2y,dfertl.bsky.social,2025-11-18T21:27:59.523Z,"“EU could hand Northern #Ireland special status to ‘prepare for reunification’
A leaked letter mainly composed of Irish MEPs says Northern Irish politicians should be granted observer status under EU rules”
#IrishUnity #UnitedIreland #BorderPoll #SpéirGorm
www.telegraph.co.uk/world-news/2...",2,0,0,0,NA
at://did:plc:rj54e4tn2c5l6kmuqotuahuv/app.bsky.feed.post/3m5wnm4am6k22,pnamblath.bsky.social,2025-11-18T21:10:21.225Z,"#speirgorm #IrishHistory
www.waterfordtreasures.com/luke-wadding...",1,0,1,0,at://did:plc:l3ytunymnwkge7ljius6nudt/app.bsky.feed.post/3m5wmuvdkus2s
at://did:plc:o44rctt4h2cu4m65alkbumxe/app.bsky.feed.post/3m5wkqixw4c25,jodcork.bsky.social,2025-11-18T20:19:05.919Z,Tuesday is a hard payback for the glory of Sunday #coybig #speirgorm,2,0,1,0,NA
at://did:plc:7czbhyt6vmlibzjk2md3ds36/app.bsky.feed.post/3m5wkfkwpn22t,slated.ie,2025-11-18T20:13:05.735Z,"Whether they love cheese, coffee, wine — or all — the SLATED Personalised Collection turns their favourite little indulgence into a story they’ll never forget

It’s not just a gesture.

It’s their moment.

Slated.ie 

#PersonalisedGifts #SLATED #CraftedForYou #speirgorm #Boycottamazon",9,0,6,7,NA
at://did:plc:flpf3rksopl7zx2tbgsyjv7m/app.bsky.feed.post/3m5wk6ty7dc2e,nicolahorgan.bsky.social,2025-11-18T20:09:23.725Z,"Medicinal...

#speirgorm #whiskey #whisky",6,0,0,0,NA
at://did:plc:sju6sic4sz3jgpwrvbg355vf/app.bsky.feed.post/3m5wj7mfzpk2q,katebielinski.bsky.social,2025-11-18T19:51:46.022Z,Related (and a long shot) - if anyone has tickets for the @divinecomedyhq.bsky.social  Dublin shows that they can no longer use please let me know! #ticketfairy #speirgorm,0,0,0,0,NA
at://did:plc:v6y63c54iecyzlxp3vrxvwv2/app.bsky.feed.post/3m5wirdavus2i,rdisc0mb0bulate.bsky.social,2025-11-18T19:43:45.924Z,"Although, my ailing shower could not be repaired and so needed to be replaced. 

So, swings and roundabouts really! 
#SpeirGorm",5,0,2,0,NA
at://did:plc:yvaazb6s3r2qje2i4cvoj7ur/app.bsky.feed.post/3m5wiql2bs22y,debhruin.bsky.social,2025-11-18T19:43:21.123Z,#Speirgorm how crazy do you think the by election in Dublin Central is going to be with Paschal Donohue quitting to work for the World Bank,1,0,6,0,NA
at://did:plc:siclj5jstt2xodsn7epgnqld/app.bsky.feed.post/3m5wiaced6c27,robosullivan.bsky.social,2025-11-18T19:34:13.624Z,The other reason to join a party now (As opposed to just before an election like my dumb-ass did a few years back) is some parties require a member vote before going into a coalition as a minority party. You get another vote to prevent a FFG coalition. It's one more lever to pull #Spéirgorm,6,0,1,1,at://did:plc:siclj5jstt2xodsn7epgnqld/app.bsky.feed.post/3m5wi3oz2is27
at://did:plc:siclj5jstt2xodsn7epgnqld/app.bsky.feed.post/3m5wi3oz2is27,robosullivan.bsky.social,2025-11-18T19:31:39.024Z,With two by-elections on the horizon and the prospect of cross-opposition collaboration I'm renewing my request for people to join a political party ASAP. Many parties have a 6 month probationary period before you can vote on anything substantive so don't wait too long. 1/2 #Spéirgorm,8,0,1,4,NA
at://did:plc:mcb6n67plnrlx4lg35natk2b/app.bsky.feed.post/3m5wgwkj7yu2q,nowbreezing.ntw.app,2025-11-18T19:10:54.321Z,"
Bluesky's Top 10 Trending Words (past 10min):
💨x95 - mbs
💨x88 - khashoggi
💨x62 - piggy
💨x40 - salman
💨x39 - cloudflare
💨x34 - bosma
💨x1* - democracy 🔓
💨x27 - gerrymandered
💨x1* - ukraine 🔓
💨x26 - saudi
*🔓 = Unlocked Emergency Words (see img)

#FreePalestine 🇵🇸

(Something not right? Reply!)",1,0,0,0,NA
at://did:plc:mh5mt4ifqn6otuf52ddfa7nb/app.bsky.feed.post/3m5wgrp3jqk2a,sighjinks.bsky.social,2025-11-18T19:08:11.222Z,"The new Crumlin Shopping Centre just started being built and it’s still going to be finished before the Naas Shopping Centre opens, isn’t it? #SpeirGorm #Kildare",3,0,2,1,NA
at://did:plc:v6y63c54iecyzlxp3vrxvwv2/app.bsky.feed.post/3m5wghqfitc2x,rdisc0mb0bulate.bsky.social,2025-11-18T19:02:36.925Z,"Best possible result for the car (hopefully). Brakes checked, ABS sensors cleaned and brake fluid level topped up. 

€135 but worth it to know it got a full check out. 

#SpeirGorm",6,0,0,0,NA
at://did:plc:r4hqvnfuc2flfguavyrhcjgg/app.bsky.feed.post/3m5wggyiiec26,321kieran.bsky.social,2025-11-18T19:02:14.324Z,"What song jumps out to YOU?
🚨All the great songs on the #NovaGuestlist, including chats with #OllieCole, & first plays for #PCooney & #YeVagabonds!☘️
📻Listen back now on www.nova.ie/radio-schedu... or 6pm Sundays on @radionova100.bsky.social! #Speirgorm #IndieMusic",0,1,1,0,at://did:plc:r4hqvnfuc2flfguavyrhcjgg/app.bsky.feed.post/3m5riwj6zkc2y
at://did:plc:jhndv2ueuu77qaiw5ivjkhx7/app.bsky.feed.post/3m5wfw7q5cw2w,despod.bsky.social,2025-11-18T18:52:48.724Z,"Two things:
1. Stop taking photos of presentations that are presented in landscape during a session using a phone in portrait orientation,
2. Get rid of those Dyson combined water and air-dryer taps.

#Speirgorm",2,0,0,1,NA
at://did:plc:swknwdgyvbkrbda6fdhhwefj/app.bsky.feed.post/3m5wfsdfjes2z,electionlit.bsky.social,2025-11-18T18:50:38.626Z,"Watched ""The Mission"" the other day which led me to look up Irish actor Ray McAnally. Hadn't realised Aonghus McAnally was his son. 
Look him up, no mention that he judged a talent competition in Sallynoggin in 1979 which I entered. It did mention that he had had hair transplants though. #speirgorm",35,0,8,1,NA
at://did:plc:ro76qxmd6nel5b5p4262x5eq/app.bsky.feed.post/3m5wdsmk4cs2h,lokideburca.bsky.social,2025-11-18T18:15:00.723Z,"#Gaeilge #Irish #Ireland #Speirgorm #Gaelgeoir 
Any gaelgoirí out there that could give a better/easier way of saying this or how would you say it yourself.
Just a wee bit curious about it myself. 
GRMA",3,0,2,0,NA
at://did:plc:dhfmog4fmzbvhobbqrn4q2gg/app.bsky.feed.post/3m5wcddzkwk24,lovelyhurling.bsky.social,2025-11-18T17:48:34.628Z,"Travelling on the N2 north of Ardee. I can only guess there is a Vidal on the N2, just outside Ardee, lots of cars parked on the side of the N2. Lots of young folk parked up… take it very handy around that area.
#Speirgorm",0,0,1,0,NA
at://did:plc:7czbhyt6vmlibzjk2md3ds36/app.bsky.feed.post/3m5wbmnc72k2t,slated.ie,2025-11-18T17:35:52.824Z,"That was a successful day, I managed to cut my eyeball. 🤦‍♀️

#SLATED #speirgorm",2,0,3,0,NA
at://did:plc:s6znrelghqcbkis7iudax6v7/app.bsky.feed.post/3m5w7ysdfpk2x,lisafitz.bsky.social,2025-11-18T17:07:00.827Z,It's an evening for the fire alright.. #speirgorm #dogs #autumn,12,0,0,0,NA
at://did:plc:lcczgcqfsgyocligu3ukzexx/app.bsky.feed.post/3m5w7thxbws2s,squeefulraven.bsky.social,2025-11-18T17:03:54.724Z,"Hear Hear!! 
#LGBTQinSTEMDay #LGBTQinScience #TransAwarenessWeek #LGBTQIA+ #SpaceForAll #SpeirGorm #SpéirGorm",3,0,0,0,NA
at://did:plc:p3ajfs5yqzh6anrao6r73nho/app.bsky.feed.post/3m5w7fdkf7226,uplift.ie,2025-11-18T16:56:01.821Z,"Love foxes? Ban Fox hunting 👉 my.uplift.ie/petitions/en...
#uplift #SpeirGorm",17,0,0,7,NA
at://did:plc:e2vdb3yylfvzgvlo3fi5mrkf/app.bsky.feed.post/3m5w7ajt7522f,atticuspeirgorm.bsky.social,2025-11-18T16:53:20.322Z,"They're salting the roads, 🥶

#Speirgorm",2,0,0,0,NA
at://did:plc:6rr62zjwua6uckd5xanmhclr/app.bsky.feed.post/3m5w6hbsj322m,natalieoregan.bsky.social,2025-11-18T16:39:12.823Z,"Ireland’s drug policy isn’t just failing individuals, it’s failing families.

The first sitting of the Drugs Committee (25/09/25) exposed the hidden harm, stigma, and neglect families face every day.
#DrugPolicy #Decriminalisation #Ireland #SpeirGorm

natalieoregan.substack.com/p/families-o...",10,0,0,4,NA
at://did:plc:har4i535fc7jres2p3oqsyay/app.bsky.feed.post/3m5w55j3cgk2i,allanartist.bsky.social,2025-11-18T16:15:52.927Z,www.caricatures-ireland.com/friday-carto... #speirgorm,1,0,0,0,NA
at://did:plc:tvwagmwteyuzfgkxwsqjvhya/app.bsky.feed.post/3m5w55f3eok2d,msmcglencree.bsky.social,2025-11-18T16:15:54.423Z,"Drive Your Way to Success!
Monastery Rd to Enniskerry is blocked, waiting for a crane to remove the truck. 
#speirgorm #Wicklow",2,0,0,0,NA
at://did:plc:uwji4l3wzsygaxduowluqmgr/app.bsky.feed.post/3m5w47x2xlk2f,sharrow.bsky.social,2025-11-18T15:59:18.927Z,"But where on the balance sheets do you put FF & FG failures which are causing such misery and suffering?

We live in a society not just an economy.

#supergluedpockets #speirgorm",7,0,1,1,NA
at://did:plc:uwji4l3wzsygaxduowluqmgr/app.bsky.feed.post/3m5w42bnuvc2f,sharrow.bsky.social,2025-11-18T15:56:08.422Z,"FF & FG do not but kids in industrial schools any more, they just but them in underfunded unsafe Tusla centers.

#supergluedpockets #speirgorm",8,0,1,3,NA
at://did:plc:yhzo3gusmbic6x6uc6dok3hu/app.bsky.feed.post/3m5w3vepe6s27,bluwhalien.bsky.social,2025-11-18T15:53:23.728Z,"This is why I mostly stick to my following feed and don’t use the discover feed because those aren’t my people! My following feed consists of Palestinians and other Arab comrades, Black comrades, anti Zionist Jewish comrades, SpeirGorm (Irish Bluesky) etc!",3,0,1,1,at://did:plc:5w6wsgreba7j77zfbiuikqut/app.bsky.feed.post/3m5w3ayymms2b
at://did:plc:dnvpi77gppcosuglhn7nngk3/app.bsky.feed.post/3m5w2juseo22a,eslsys.bsky.social,2025-11-18T15:29:05.745Z,"""you can be moderate and appropriately critical. And you can be critical and admiring"" .  Forgets to mention any criticism  howeverwill be labelled begrudgery!  #speirgorm",1,0,3,0,NA
at://did:plc:zxpoz5zgmanarg4h3rbq5tuq/app.bsky.feed.post/3m5vzso2ke22s,kerryanne123.bsky.social,2025-11-18T15:16:03.926Z,"FAFO. These angry Burkes are not above the law. 
#Speirgorm 

www.thejournal.ie/enoch-burke-...",1,0,1,0,NA
at://did:plc:mcb6n67plnrlx4lg35natk2b/app.bsky.feed.post/3m5vyxapkgm2h,nowbreezing.ntw.app,2025-11-18T15:00:45.428Z,"
Bluesky's Top 10 Trending Words (past 10min):
💨x316 - cloudflare
💨x47 - piggy
💨x37 - 1﹐613
💨x34 - 直っ
💨x31 - 復旧
💨x31 - outage
💨x29 - 트위터
💨x27 - 不具合
💨x1* - democracy 🔓
💨x26 - cloudfare
*🔓 = Unlocked Emergency Words (see img)

#FreePalestine 🇵🇸

(Something not right? Reply!)",0,0,0,0,NA
at://did:plc:lcczgcqfsgyocligu3ukzexx/app.bsky.feed.post/3m5vyvgfqv22n,squeefulraven.bsky.social,2025-11-18T14:59:44.030Z,"Chiitan is a goodun! Such a lovely lil otter 🥰🏳️‍🌈thank you for the #LGBTQ+ and #Trans allyship during #TransAwarenessWeek 🥰🏳️‍⚧️

#Japan #Japanese #TransRights #LGBT+ #SpéirGorm #SpeirGorm #Mascot #Otter #Fun #Chiitan",1,0,0,0,NA
at://did:plc:zxpoz5zgmanarg4h3rbq5tuq/app.bsky.feed.post/3m5vyve3rp22s,kerryanne123.bsky.social,2025-11-18T14:59:42.627Z,"So Austria seeks a Eurovision compromise on Israel. How about inviting Palestine to participate as an independent entity in that case? 🤔
#Speirgorm

www.rte.ie/entertainmen...",3,0,0,0,NA
at://did:plc:5cinc2kkxopkaxznsvl7ba5v/app.bsky.feed.post/3m5vyoshins2z,niamhnicheallaigh.bsky.social,2025-11-18T14:56:01.724Z,"The man who signed off on a new hospital without finalising the plans or budget is now our new minister for finance! Seriously!!

#HowIrelandWorks 
#ResignHarris 
#JusticeForHarvey #NoKidsWaiting
#SpéirGorm",12,0,0,3,NA
at://did:plc:vo3c5x2szy6wq4xc3dlemv7f/app.bsky.feed.post/3m5vyetcsyk2i,cathyby.bsky.social,2025-11-18T14:50:48.724Z,"Knock on effects of Paschal Donohoe's resignation in Ireland:

Simon Harris is new Minister of Finance, Hildegarde Naughton to become Minister for Education, 
Helen McEntee to move to role of Minister for Foreign Affairs and Defence.

More: www.rte.ie/news/2025/11...

#SpeirGorm",0,0,0,0,NA
at://did:plc:dnvpi77gppcosuglhn7nngk3/app.bsky.feed.post/3m5vye6w6a22a,eslsys.bsky.social,2025-11-18T14:50:06.526Z,Where's that post of Paschal tap dancing when you need it #speirgorm,0,0,1,0,NA
at://did:plc:wk4vbtn77njhk4mlohgewj2m/app.bsky.feed.post/3m5vxj6fxds2b,caroleducky.bsky.social,2025-11-18T14:34:59.229Z,"Could yet be A Burke Family Christmas in The Joy. 🤔

#SpeirGorm",9,0,4,0,NA
at://did:plc:m35rn6m5tzq365at4ok554tb/app.bsky.feed.post/3m5vx6goto22b,reicscarlo.bsky.social,2025-11-18T14:28:59.127Z,The Irish Times reporting that Simon Harris will take over Finance and Helen McEntee will move to Foreign Affairs & Defence. Irelands first ever female FA minister. #irishpolitics #spéirgorm,0,0,0,0,NA
at://did:plc:dnvpi77gppcosuglhn7nngk3/app.bsky.feed.post/3m5vx4kwgfk2s,eslsys.bsky.social,2025-11-18T14:27:56.525Z,"He'll be missed I'm sure #speirGorm

www.rte.ie/news/politic...",0,0,0,0,NA
at://did:plc:dnvpi77gppcosuglhn7nngk3/app.bsky.feed.post/3m5vx2lwdqs2s,eslsys.bsky.social,2025-11-18T14:26:50.821Z,"Maybe people wouldn't be so gleeful if the tech bros hadn't shown themselves to be such assholes #speirGorm #AIHype

www.theguardian.com/business/liv...",3,0,0,0,NA
at://did:plc:56aoxjem4pjvtqsscuhq223t/app.bsky.feed.post/3m5vuvfse3c22,rogerokeeffe.bsky.social,2025-11-18T13:48:05.723Z,"Unsurprisingly, the first news I saw of it was the harsh word.

#speirgorm",1,0,0,0,at://did:plc:wh22hllsy56ako4feockoxis/app.bsky.feed.post/3m5vohcycac2h
at://did:plc:wk4vbtn77njhk4mlohgewj2m/app.bsky.feed.post/3m5vukzrf2k2u,caroleducky.bsky.social,2025-11-18T13:42:22.819Z,"Enoch Burke’s been ordered back to prison & judge requests contempt charges be brought against Ammi, Isaac & Ma Burke. 

www.independent.ie/irish-news/c...

#SpeirGorm",6,0,3,1,NA
at://did:plc:yq6twtxsyczk7wtcptg76za2/app.bsky.feed.post/3m5vthe7yms2u,roc83.bsky.social,2025-11-18T13:22:26.035Z,"You know  Christmas is right around the corner when Prison Enoch returns.

#speirgorm",5,0,0,0,NA
at://did:plc:flpf3rksopl7zx2tbgsyjv7m/app.bsky.feed.post/3m5vt2ocpfk25,nicolahorgan.bsky.social,2025-11-18T13:15:17.921Z,"Same as me getting into bath...

#speirgorm #heron #nature",4,0,2,0,NA
at://did:plc:5cinc2kkxopkaxznsvl7ba5v/app.bsky.feed.post/3m5vst4fqhk2h,niamhnicheallaigh.bsky.social,2025-11-18T13:11:03.922Z,"The very best thing about Donohoe resigning is that we will no longer have to listen to that, ""shut up and listen to the story, you siily children"" voice anymore.
#SilverLinings
#SpéirGorm",4,0,0,0,NA
at://did:plc:wk4vbtn77njhk4mlohgewj2m/app.bsky.feed.post/3m5vrumswj22u,caroleducky.bsky.social,2025-11-18T12:54:05.726Z,"Enoch Burke ordered back to prison, as mother and two siblings face criminal contempt charges jrnl.ie/6878115

#SpeirGorm",3,0,1,1,NA
at://did:plc:qlwjylblfwqtqfz6hy527d3n/app.bsky.feed.post/3m5vrti2hzk2z,kurleymcd.bsky.social,2025-11-18T12:53:22.319Z,"Never been so happy to see someone get that big new job as I am to see the end of Donohoe in government.

#speirgorm",0,0,0,0,NA
at://did:plc:wk4vbtn77njhk4mlohgewj2m/app.bsky.feed.post/3m5vrbwvhys2u,caroleducky.bsky.social,2025-11-18T12:43:36.829Z,"Paschal Donohoe to resign.

www.thejournal.ie/paschal-dono...

#SpeirGorm",1,0,0,0,NA
at://did:plc:gphph5iwgrv3ze7qq4ja7squ/app.bsky.feed.post/3m5vqmojju22m,georginabarrow.bsky.social,2025-11-18T12:31:43.523Z,"Oh sweet baby Jesus, the actual noise I made when I opened this email! @liznugent.bsky.social thank you, thank you, thank you! #Speirgorm",1,0,0,0,NA
at://did:plc:ofmkl4k2ybutv5b3xpmuq36h/app.bsky.feed.post/3m5vpz6wmac2x,limerick4inarow.bsky.social,2025-11-18T12:20:51.525Z,"I don’t know if anyone else in Ireland has got this unwanted Amazon WhatsApp this morning but these are the steps I took to prevent it happening again.

#speirgorm
#speirghorm",5,0,2,1,NA
at://did:plc:fkorj7epx4zpmdxx7d6m7qgc/app.bsky.feed.post/3m5vpg5hrg22b,saytheirnamesir.bsky.social,2025-11-18T12:10:11.027Z,#Aughinish Co. Clare youtu.be/DxTt3G5G7y0?... #speirgorm,0,0,0,0,NA
at://did:plc:vo3c5x2szy6wq4xc3dlemv7f/app.bsky.feed.post/3m5vp3ypsh226,cathyby.bsky.social,2025-11-18T12:04:30.522Z,"Well now!

Paschal Donohoe is to step down as Minister for Finance to take up a senior position in the World Bank, as Managing Director & Chief Knowledge Officer.

He will also stand down as chairman of the Eurogroup of finance ministers.
www.rte.ie/news/politic...

#SpeirGorm #Eurogroup #EU",0,0,0,0,NA
at://did:plc:j2wnnsrxlcesmgggtmpfou7c/app.bsky.feed.post/3m5vokydm5s2w,dochasisgra.bsky.social,2025-11-18T11:54:57.419Z,Haven't read the full decision yet but at first glance looks like a great understanding of the practical application of the Act and quite exciting for capacity geeks like me. Congratulations to the couple! #speirgorm #disabilityrights #ECRPD 2/2,4,0,0,1,at://did:plc:o6r25j7gta3mqqiojwbo737f/app.bsky.feed.post/3m5vk4eiyus24
at://did:plc:wh22hllsy56ako4feockoxis/app.bsky.feed.post/3m5vohcycac2h,brianmlucey.bsky.social,2025-11-18T11:52:53.120Z,"Oh the amount of begrudgery and sniping Will be off the charts. 
#speirgorm hopefully can be moderate and appropriately critical. And you can be critical and admiring",3,0,1,0,at://did:plc:56aoxjem4pjvtqsscuhq223t/app.bsky.feed.post/3m5vkbf4uhk22
at://did:plc:fkorj7epx4zpmdxx7d6m7qgc/app.bsky.feed.post/3m5vo3noasc2b,saytheirnamesir.bsky.social,2025-11-18T11:46:22.720Z,"People often think this could never be me! 30 yrs ago Vincent's saved me and my toddler from homelessness. I will never forget their kindness. If you can, give a little, it will help a lot. Thank you #speirgorm",9,0,0,1,NA
at://did:plc:siclj5jstt2xodsn7epgnqld/app.bsky.feed.post/3m5vntnarm225,robosullivan.bsky.social,2025-11-18T11:41:52.923Z,Sure feels like the government are trying to ensure we're as exposed as possible when the AI bubble bursts. We can only hope it does burst before they've had a chance to do so #spéirgorm,12,0,1,1,NA
at://did:plc:7czbhyt6vmlibzjk2md3ds36/app.bsky.feed.post/3m5vmp5dtz22y,slated.ie,2025-11-18T11:21:28.323Z,"When I questioned him on @rteradio.bsky.social he managed surprisingly not to answer.

He also told me my ""arts and crafts"" business didn't need a a VAT reduction 

Tourists will be unable to buy #IrishDesign 

Our sector is struggling beyond belief.

Slated.ie #speirgorm",9,0,0,1,NA
at://did:plc:p3ajfs5yqzh6anrao6r73nho/app.bsky.feed.post/3m5vlqu5qtk23,uplift.ie,2025-11-18T11:04:31.120Z,"Don't forget to be a hero 👉 giveblood.ie 

#SpeirGorm",4,0,0,3,NA
at://did:plc:7czbhyt6vmlibzjk2md3ds36/app.bsky.feed.post/3m5vklb3u7s2y,slated.ie,2025-11-18T10:43:30.525Z,"Can I claim @mcculld.bsky.social saying SLATED as a plug for us???

Or is that a step too far 🤔 

#SLATED #speirgorm

slated.ie @rteradio.bsky.social",2,0,1,0,NA
at://did:plc:qi3uhneb2cz77ibwnzailb22/app.bsky.feed.post/3m5vjlb3zvs2e,dfertl.bsky.social,2025-11-18T10:25:39.222Z,"#PaschalDonohoe is resigning from the Cabinet & as TD in order to join the #WorldBank.
From Minister for Finance & #austerity, & chairing the #Eurogroup, to the second most senior role at the World Bank.
Don't let the revolving door hit you on the way out!
#SpéirGorm
www.rte.ie/news/politic...",4,0,0,0,NA
at://did:plc:223cpcieytdlbmzovhs2ypg2/app.bsky.feed.post/3m5vil3qjhc2c,bgormley.bsky.social,2025-11-18T10:07:39.421Z,Gerry “The Monk” Hutch getting his posters out of storage! #SpeirGorm,11,0,0,3,NA
at://did:plc:223cpcieytdlbmzovhs2ypg2/app.bsky.feed.post/3m5vie2fnfs2c,bgormley.bsky.social,2025-11-18T10:03:41.220Z,#speirgorm,2,0,0,0,NA
at://did:plc:eweyharmeuf3er35ejhbjp4o/app.bsky.feed.post/3m5vhpix3z22f,frankoconnor.bsky.social,2025-11-18T09:52:14.321Z,"Full article by me & @judesherry.bsky.social on new housing plan that fails miserably to instil confidence in terms of ending epidemic of vacancy & dereliction

#DerelictIreland #HousingCrisis #speirgorm #VacantIreland #RestPlayWork

@irishexaminer.bsky.social

www.irishexaminer.com/opinion/comm...",10,0,0,4,at://did:plc:eweyharmeuf3er35ejhbjp4o/app.bsky.feed.post/3m5vhaq7d5c2m
at://did:plc:tjj7toux5q6m2v7x2unyhznh/app.bsky.feed.post/3m5vhnpd56c26,judesherry.bsky.social,2025-11-18T09:51:12.520Z,#spéirgorm #DerelictIreland,5,0,0,3,NA
at://did:plc:iecysrzsqba4uhev4v7r5py7/app.bsky.feed.post/3m5vheae5w22m,djwalker.bsky.social,2025-11-18T09:45:57.223Z,"♥️ shaped leaves on a vine 

Maryborough, Cork 🇮🇪 

#photography
#nature
#landscape
#scarlet
#ivy
#vine
#EastCoastKin
#spéirgorm
#PhotoHour

🐕 🚶 📷 📱 📸 🍂 🩸",57,1,1,5,NA
at://did:plc:23mysztmt7dh3l5lzhinzafi/app.bsky.feed.post/3m5vg6r2d3s2e,eibhear.gibiris.org,2025-11-18T09:24:57.023Z,"Is there a website somewhere that lists all the currently-open public consultations that people from Ireland can contribute to?

#Speirgorm",1,1,1,1,NA
at://did:plc:stnvk37xl6qf52drqeqieejf/app.bsky.feed.post/3m5vdt3pwl225,lukedaly.bsky.social,2025-11-18T08:42:37.823Z,"This is the road to 10K. We want 10K signatures before Fingal Planning Department makes a decision. 

This is the official campaign for #NoBarriersToBlanch

Make sure to;
👉🏼 Sign the petition: change.org/nobarrierstoblanch
👉🏼 Follow for official updates: linktr.ee/Luke.Daly 

#dubw #ireland #speirgorm",1,0,0,1,NA
at://did:plc:mcb6n67plnrlx4lg35natk2b/app.bsky.feed.post/3m5vawboce52j,nowbreezing.ntw.app,2025-11-18T07:50:42.720Z,"
Bluesky's Top 10 Trending Words (past 10min):
💨x1* - gaza 🔓
💨x25 - 1﹐613
💨x15 - piggy
💨x1* - ukraine 🔓
💨x11 - summers
💨x1* - democracy 🔓
💨x7 - 勇気
💨x7 - werkzeug
💨x7 - révolte
💨x7 - froid
*🔓 = Unlocked Emergency Words (see img)

#ListenToBlackVoices

(Something not right? Reply!)",1,0,0,0,NA
at://did:plc:eweyharmeuf3er35ejhbjp4o/app.bsky.feed.post/3m5vatrl52k2m,frankoconnor.bsky.social,2025-11-18T07:49:18.022Z,"Thanks 👍

#derelictireland #speirgorm",1,0,0,0,at://did:plc:223cpcieytdlbmzovhs2ypg2/app.bsky.feed.post/3m5v73x37z22c
at://did:plc:v6y63c54iecyzlxp3vrxvwv2/app.bsky.feed.post/3m5vapdfzrc2w,rdisc0mb0bulate.bsky.social,2025-11-18T07:46:49.923Z,"I was freezing all day yesterday. When my feet get cold, you’ll get no good out of me! 

Today I’m layered up and wearing fleecy socks! 

Happy Tuesday, #SpeirGorm",11,0,3,0,NA
at://did:plc:gjsoejzm7at4syhrvzgizrev/app.bsky.feed.post/3m5vaoa5ta22m,ainekeenan.bsky.social,2025-11-18T07:46:17.024Z,"But if you got to go
It's all right
But if you got to go, go now
Or else you gotta stay all night

Bob Dylan, 20th century

#Photography #Wisdom #Poetry #SpeirGorm #StreetPhotography #India #ImageAndVerse #ArtOfBlueSky #PhotographersOfBlueSky #EastCoastKin",168,1,7,9,NA
at://did:plc:zr5o3gfnig7jx3ihe23qhuot/app.bsky.feed.post/3m5v4xd6mck2l,roisindubh1.bsky.social,2025-11-18T06:39:42.326Z,"Maith thú I suppose ? 💪🏼

#SpéirGorm",0,0,0,0,at://did:plc:6uybbvnd3pfjh5oztjngzdss/app.bsky.feed.post/3m5k5djm5xf25
at://did:plc:slpcusmlwp2cu4y6elhhwsce/app.bsky.feed.post/3m5uo3mpuis2t,soolahhoops.com,2025-11-18T02:13:42.420Z,Another of #EssnalaraghWaterfalls in #NorthernIreland. I’m probably going to share a bunch because I’m wishing I went this year because I’m just tired of the madness of America. 😔 Gonna keep fighting but this is my peace in these moments I captured. #Ireland #IrishSky #SpéirGorm #Irish #waterfalls,7,0,0,2,NA
at://did:plc:u7cvn3wurdcagzi6lgydnafv/app.bsky.feed.post/3m5unrwwwn223,nedkelly.bsky.social,2025-11-18T02:08:24.123Z,I love this traditional Irish village just off the motorway #speirgorm,10,0,0,0,at://did:plc:syuzldzqctz7e4syg7iivjt5/app.bsky.feed.post/3m5tjsl2amn22
at://did:plc:jhndv2ueuu77qaiw5ivjkhx7/app.bsky.feed.post/3m5uetanttk2b,despod.bsky.social,2025-11-17T23:28:05.128Z,Canary Wharf and the wee illuminated man on top of the signpost. #Speirgorm,1,0,0,0,NA
at://did:plc:u46kbaz5nkittv2dkk2haq2v/app.bsky.feed.post/3m5udh2xwkk25,taryndevere.bsky.social,2025-11-17T23:03:14.925Z,"When you're watching a movie with your partner and his dad calls and sings ballads to him for 40 minutes...
#OnlyInIreland #Speirgorm",17,2,2,0,NA
at://did:plc:uwji4l3wzsygaxduowluqmgr/app.bsky.feed.post/3m5ublerojc2m,sharrow.bsky.social,2025-11-17T22:29:51.223Z,"Fuxk and off 

FF & FG challenge to stop trying to copy and paste the worst of UK policies. 

#speirgorm",8,0,2,1,NA
at://did:plc:zdxzpya4k5b4dguidkh3zajh/app.bsky.feed.post/3m5ubaittcs2j,gardeningwell.ie,2025-11-17T22:23:50.925Z,"Do you like true stories about place and purpose, nature-adjacent writing, quiet transformations?
Parents, teachers, and anyone curious about how environments change us.
You might like “The quiet acre - an Irish garden memoir”
Coming soon!  
#naturewriting 🌱 #speirgorm 
gardeningwell.ie/book",36,0,0,4,NA
at://did:plc:56wyc2axgzlsvmh73dd5dexu/app.bsky.feed.post/3m5u7dretyc2t,the-crackdown.bsky.social,2025-11-17T21:49:53.319Z,"Hello humans! I have updated the Dublin event listings spreadsheet. New gigs include Wire coverstar Claire Rousay, shoegaze sensation Maria Somerville, another night for the Big Star Quintet, The Nightingales (with Ted Chippington), and CABARET VOLTAIRE

docs.google.com/spreadsheets...

#speirgorm",9,0,2,9,NA
at://did:plc:tfm2zttwrmatbaq2m5sofg6t/app.bsky.feed.post/3m5u5xpq2k227,moragfriel.bsky.social,2025-11-17T21:25:10.522Z,"If you haven’t already pls sign this petition to ban fox hunting in Irl (can’t believe it’s not already 😡)
#spéirgorm #spéirghorm",8,0,0,4,NA
at://did:plc:tjj7toux5q6m2v7x2unyhznh/app.bsky.feed.post/3m5u3ljirgc2z,judesherry.bsky.social,2025-11-17T20:42:21.128Z,"Here's @frankoconnor.bsky.social & my review of how the new Housing Plan's deals with #DerelictIreland & #VacantIreland

#Speirgorm
'Minister's 'war' on vacancy and dereliction is missing timeframe and crucial policy measures'
www.irishexaminer.com/opinion/comm...",15,0,0,7,NA
at://did:plc:xnpigreyonjrbnmbqplcxfpl/app.bsky.feed.post/3m5u3bymtxs2c,shutupdaragh.bsky.social,2025-11-17T20:37:13.531Z,I've been thinking about how Britain's legacy in Ireland is a civic tradition of state cruelty and Jim O'Callaghan is that tradition writ large. #speirgorm,27,0,2,9,NA
at://did:plc:zol7j6fzk2vqf6yawnkkg6bi/app.bsky.feed.post/3m5tzwo3phs2w,playingwithdust.bsky.social,2025-11-17T20:13:00.924Z,"Took the Mini 5 Pro up over the River Suir at lunchtime: flew over the under construction Sustainable Transport Bridge, and Rice Bridge.

#Waterford #Speirgorm",8,0,2,0,NA
at://did:plc:tjj7toux5q6m2v7x2unyhznh/app.bsky.feed.post/3m5tx4buzfk2l,judesherry.bsky.social,2025-11-17T19:22:28.122Z,"We urgently need Compulsory Rental Orders so no habitable home lies empty in order to keep rents high, espically new build apartment blocks

Leaving these homes empty just goes to show that the profit margins must be huge to go without any income 
#spéirgorm #VacantIreland #DerelictIreland",15,0,1,7,NA
at://did:plc:bwri5etslrdnbu6jpqrznf36/app.bsky.feed.post/3m5twot6q7224,tggleeson.bsky.social,2025-11-17T19:15:01.125Z,"Poulnabrone Dolmen: Another likey ""of the sorrowing/sorrows"" rather than the assigned ""of the quernstone"". One quernstone somehow associated with a place of death/massacre I could accept but not two, sorrow(ing) wins out IMHO.  #Derrynaflan #Derrynabrone #speirgorm",7,0,1,3,NA
at://did:plc:dyeywjg7lee6wpcw2it6m2c2/app.bsky.feed.post/3m5tw2jcnlk2x,conormcnally.bsky.social,2025-11-17T19:03:33.824Z,"“The national investment will largely be focused on cycle highways connecting rural villages and suburban areas with metropolitan centres, providing access to jobs, healthcare and education.”

Imagine how transformative this approach would be in Ireland. #speirgorm #spéirgorm",6,0,0,3,NA
at://did:plc:6vbvxqiagwrnginqxmftzg7w/app.bsky.feed.post/3m5tuviihok2t,marcusguntherky.bsky.social,2025-11-17T18:42:55.723Z,"Someone enjoyed the sunshine today😁
#SpeirGorm",9,0,0,0,NA
at://did:plc:iecysrzsqba4uhev4v7r5py7/app.bsky.feed.post/3m5tsfa6v7c23,djwalker.bsky.social,2025-11-17T17:58:05.533Z,"A derelict Irish farmhouse and outbuildings

Moneygurney, Cork 🇮🇪 

#photography
#nature
#landscape
#derelictireland
#fixerupper
#farmhouse
#EastCoastKin
#spéirgorm
#PhotoHour

🐕 🚶 📷 📱 📸",110,0,2,16,NA
at://did:plc:flpf3rksopl7zx2tbgsyjv7m/app.bsky.feed.post/3m5ts3cgtbk2e,nicolahorgan.bsky.social,2025-11-17T17:52:30.729Z,"Raspberry foray...
#speirgorm #nature #joy",6,0,1,0,NA
at://did:plc:am3xhvt3epq57vn7fv4grf2p/app.bsky.feed.post/3m5tqp42qz22d,climatealarmclock.bsky.social,2025-11-17T17:27:45.728Z,"#COP30 - This will be our fourth year covering COP and seeing as there's not really that much new we can say, in order to avoid sounding like a broken record let's hear from YOU! 

Drop your questions, queries, concerns, criticisms, etc in the comments below! #SpeirGorm",11,0,2,5,NA
at://did:plc:jvelfy3ft5pant7jfsu4p637/app.bsky.feed.post/3m5tprw7lc22i,lamhfada.bsky.social,2025-11-17T17:11:27.022Z,"Leftist President, Neoliberal Government.

I think the first analysis of the recent Irish Presidential election that references Mark Fisher's Capitalist Realism. 

#Spéirghorm #Spéirgorm 

tribunemag.co.uk/2025/11/left...",8,4,1,3,NA
at://did:plc:tjj7toux5q6m2v7x2unyhznh/app.bsky.feed.post/3m5tppel7lk2h,judesherry.bsky.social,2025-11-17T17:09:46.629Z,"This is what the iconic #DerelictIreland home looks like when it sold in 2002 and what it looks like inside
#Speirgorm",5,0,0,2,at://did:plc:eweyharmeuf3er35ejhbjp4o/app.bsky.feed.post/3m5lhm6ffds2t
at://did:plc:tjj7toux5q6m2v7x2unyhznh/app.bsky.feed.post/3m5tpkvzotk2h,judesherry.bsky.social,2025-11-17T17:07:17.928Z,"This is what the iconic #DerelictIreland home looks like when it sold in 2002 and what it looks like inside
#Speirgorm",4,0,0,1,NA
at://did:plc:jl6cn5yuzpi4tj5vfl7ysfrm/app.bsky.feed.post/3m5tov6v6mk2d,shazbear.bsky.social,2025-11-17T16:55:19.922Z,#SpeirGorm,4,0,0,0,NA
at://did:plc:w4txcy7jayihqplycpiotbpw/app.bsky.feed.post/3m5tnt3zfs224,nancyhugh.bsky.social,2025-11-17T16:36:16.125Z,"Hey, just a heads up on the hashtag - it's #speirgorm or #speirghorm. The 'h' goes after the 'g', not the 'p'. Should be seen by more people.",0,0,3,0,at://did:plc:7czbhyt6vmlibzjk2md3ds36/app.bsky.feed.post/3m5sypwk4ys2a
at://did:plc:bwri5etslrdnbu6jpqrznf36/app.bsky.feed.post/3m5tmrio7lk2w,tggleeson.bsky.social,2025-11-17T16:17:32.222Z,"Everytime I see the Munster Irish word for young wans: Gearrchailí, pronounced Gearachailí, the theme tune from Daktari comes into my head. #speirgorm",1,1,1,1,NA
at://did:plc:n6yvrp7h45vdrm72nrldcbzq/app.bsky.feed.post/3m5tlhq7cl22y,tararoonies.bsky.social,2025-11-17T15:54:11.226Z,"Just on the very very very off chance that someone has a spare ticket. Id gladly take it ❤️🙏
 #mbv #speirgorm #ticketfairy #foggynotions",2,0,1,0,NA
at://did:plc:f75vp6memdclfhfblo5hurjg/app.bsky.feed.post/3m5tkwqtlds2v,orchardvillian.bsky.social,2025-11-17T15:44:37.123Z,"Meath people! We have until tomorrow at 4pm to make submissions to the Meath County Development plan consult.meath.ie  What should we do for the Arts, Environment and community services??? #speirgorm #meath #irishfilm #irisharts",0,0,0,0,NA
at://did:plc:nay2rior6uhyxzplvjlddazf/app.bsky.feed.post/3m5tidfz5bc23,irondragon1.bsky.social,2025-11-17T14:58:03.525Z,"Very alarming video about the lack of ANY emergency plans for if tailings dam of the Aughinish Alumina refinery fails, also concerning are the removal of a peer review & incomplete records in a health study on the local impact in '98
www.youtube.com/watch?v=DxTt3G5G7y0
#IrishPol #speirgorm #Limerick",0,0,0,0,NA
at://did:plc:72vwrdsx6zskcc5lmitzwuwv/app.bsky.feed.post/3m5thm5cvv22q,maryburke.bsky.social,2025-11-17T14:44:59.125Z,"contributors include: 
@costelkh.bsky.social
@carolineheafey.bsky.social
@sistermmm.bsky.social
@brianeanna.bsky.social
#speirgorm",2,0,0,0,at://did:plc:72vwrdsx6zskcc5lmitzwuwv/app.bsky.feed.post/3m5thlmj5us2q
at://did:plc:v6y63c54iecyzlxp3vrxvwv2/app.bsky.feed.post/3m5thakvr422t,rdisc0mb0bulate.bsky.social,2025-11-17T14:38:30.719Z,"Today, I started my day telling myself that this week was going to be a good week. 

And then I got some very positive news indeed. 

Still waiting to hear on my car though! 🤣
#SpeirGorm",8,0,0,0,NA
at://did:plc:culqpcpwzgdmcpwdfwmul34h/app.bsky.feed.post/3m5tdr3rgz225,eoinmcunningham.bsky.social,2025-11-17T13:36:12.727Z,"Following the tragic deaths over the weekend, I wanted to understand were there areas in Ireland that were more dangerous than others for road deaths and injuries.
I've produced the map below, which I hope will draw attention to where road safety efforts may help save lives.
#speirgorm",28,0,6,10,NA
at://did:plc:vo3c5x2szy6wq4xc3dlemv7f/app.bsky.feed.post/3m5tcvqnlxk2x,cathyby.bsky.social,2025-11-17T13:20:55.126Z,"Risks to global financial stabllity include soaring share prices on international stock markets, lending standards on private credit & deficits fueling sovereign debt, the head of the Irish Central Bank has warned. 

www.rte.ie/news/busines...

#SpeirGorm #AI #Debt",1,0,1,0,NA
at://did:plc:aozsf6n4ii7kftvlsr2yvfhq/app.bsky.feed.post/3m5tcdmiuoc2i,orla-hegarty.bsky.social,2025-11-17T13:10:45.627Z,"“Councillors win key High Court concession against government plan for smaller apartment sizes” 
#Housing #Planning #Speirgorm www.thejournal.ie/apartments-c...",12,0,0,7,NA
at://did:plc:siclj5jstt2xodsn7epgnqld/app.bsky.feed.post/3m5tbgnqvhk2p,robosullivan.bsky.social,2025-11-17T12:54:34.325Z,"Allowing landlords to continue vandalising existing stock to maximise profits is going to generate a lot of slums. We won't be able to fix those in future because it won't be profitable enough for private investors.
All this policy does is exacerbate the future homeless crisis #spéirgorm",13,0,0,2,at://did:plc:siclj5jstt2xodsn7epgnqld/app.bsky.feed.post/3m5tb4sbpks2p
at://did:plc:siclj5jstt2xodsn7epgnqld/app.bsky.feed.post/3m5tb4sbpks2p,robosullivan.bsky.social,2025-11-17T12:49:04.829Z,"My partner lived in one where the landlord told her she probably wouldn't be able to shower on Sundays because the water pressure would be too low.
They're literally going to eviscerate existing housing stock before they'll tackle dereliction, vacancy and short term lets. #spéirgorm",18,0,1,1,at://did:plc:siclj5jstt2xodsn7epgnqld/app.bsky.feed.post/3m5taxdvbds2p
at://did:plc:siclj5jstt2xodsn7epgnqld/app.bsky.feed.post/3m5taxdvbds2p,robosullivan.bsky.social,2025-11-17T12:46:00.327Z,"I've lived in some houses that have been converted into multiple flats and I cant stress how dysfunctional and uncomfortable they are. Forgetting issues like space and privacy, you don't just double or triple the strain on a building's water, sewerage and energy needs without issues. #spéirgorm",54,1,13,18,NA
at://did:plc:dnvpi77gppcosuglhn7nngk3/app.bsky.feed.post/3m5taspafmk2s,eslsys.bsky.social,2025-11-17T12:43:25.221Z,"""Inside, the centre circle is covered by a fragment from Gernika, a figure looking to the sky, crying as the bombs fall.""

#SpeirGorm #CoyBig

www.theguardian.com/football/202...",2,0,0,0,NA
at://did:plc:imdb5lnqdvuployv2wxfgdms/app.bsky.feed.post/3m5tar55njs2f,darylfeehely.com,2025-11-17T12:42:27.821Z,"""this is a “modest but necessary response” to the “wholesale slaughter and genocidal actions of the Netanyahu regime”.""

#IrishPol #Speirgorm",10,0,0,8,NA
at://did:plc:nkgh3rvwovyoveqco6xr5zdz/app.bsky.feed.post/3m5t7vdzgtc2j,ritawild.bsky.social,2025-11-17T12:26:58.620Z,#SpeirGorm,1,0,0,0,NA
at://did:plc:5cinc2kkxopkaxznsvl7ba5v/app.bsky.feed.post/3m5t7elmcnk2i,niamhnicheallaigh.bsky.social,2025-11-17T12:17:39.324Z,"Where are older people meant to find the money needed to split their homes? Refinancing will leave debts for your loved ones to pay after your death.
Chances are the only winners here will be the finance companies. 

Is this just a way to bring back bedsits?

#HousingCrisisByDesign 
#SpéirGorm",3,0,0,1,NA
at://did:plc:har4i535fc7jres2p3oqsyay/app.bsky.feed.post/3m5t775rwkk27,allanartist.bsky.social,2025-11-17T12:14:35.925Z,European Commission is using generative AI in public documents. #speirgorm #chatgpt www.rte.ie/news/busines...,5,0,0,4,NA
at://did:plc:4bl6bpnggvjb3qgcwhosv6xg/app.bsky.feed.post/3m5t75i3p5s2k,hayleymulch.com,2025-11-17T12:13:41.925Z,"It's been a while since I did one of these! 

#ArtVsArtist #ArtVsArtist2025 #ArtSky #HylysArt #Art #SpéirGorm",16,0,1,1,NA
at://did:plc:b25fw5q6tr2faqdy52du276g/app.bsky.feed.post/3m5t362iuxk2v,gildedalm.com,2025-11-17T11:02:24.025Z,"👀

𝗣𝗔𝗩𝗘𝗠𝗘𝗡𝗧

𝙷𝚎𝚌𝚔𝚕𝚎𝚛𝚜 𝙲𝚑𝚘𝚒𝚌𝚎:
𝙱𝚒𝚐 𝙶𝚞𝚖𝚜 𝚊𝚗𝚍 𝙷𝚎𝚊𝚟𝚢 𝙻𝚒𝚏𝚝𝚎𝚛𝚜
𝙰 𝙿𝚊𝚟𝚎𝚖𝚎𝚗𝚝 𝙲𝚘𝚕𝚕𝚎𝚌𝚝𝚒𝚘𝚗

ᴏɴ ᴍᴀᴛᴀᴅᴏʀ ʀᴇᴄᴏʀᴅꜱ

🫦

𝚒𝚜 𝚘𝚞𝚛 𝙶𝚒𝚕𝚍𝚎𝚍 𝙰𝙻𝙼
𝙰𝚕𝚋𝚞𝚖 𝚘𝚏 𝚝𝚑𝚎 𝚆𝚎𝚎𝚔

👂

LISTEN
tr.ee/GildedAOTWsp...

🦷

@matadorrecords.bsky.social 
#IrishBluesky #speirgorm #musicsky #aotw",0,0,0,1,NA
at://did:plc:fa5s22nvhesrytvafc2y7ldw/app.bsky.feed.post/3m5t2yoyyns2t,deborahhh.bsky.social,2025-11-17T10:59:22.021Z,"There’s a feeling of Italia ‘90 in the air and the sun is shining for once - the glory days are back folks

#SpeirGorm #Ireland #Parrott",5,0,0,0,NA
at://did:plc:hhfwpteeefymb5m324x3rsui/app.bsky.feed.post/3m5szyo2ku22i,irishplacenames.bsky.social,2025-11-17T10:41:36.322Z,"Ovens, Co. Cork. From the Irish 'Na hUamhanna' meaning 'the caves', referring to the limestone cave system in the area.

#speirgorm",6,0,1,0,NA
at://did:plc:k2tteq6dnva3ijgb4n3zblgz/app.bsky.feed.post/3m5szuicuns22,fiftywords.bsky.social,2025-11-17T10:39:10.325Z,This is for today’s #vss365 and anyone who experienced the exhilaration of Troy Parrott’s goal for Ireland yesterday #Speirgorm,17,0,0,1,NA
at://did:plc:ymhebkmh56zigyqiomogsupn/app.bsky.feed.post/3m5szkkzu6c25,taesaveslives.bsky.social,2025-11-17T10:33:35.021Z,"The east is growing. Ireland is declining. Almost as it hitching our entire economic identity to a mad king and his unstable court wasn't good economic planning, but it's ok because 'the US is ""our friends""' #speirgorm",4,0,0,1,NA
at://did:plc:mcb6n67plnrlx4lg35natk2b/app.bsky.feed.post/3m5sybm4vp523,nowbreezing.ntw.app,2025-11-17T10:10:39.624Z,"
Bluesky's Top 10 Trending Words (past 10min):
💨x1* - ukraine 🔓
💨x21 - 1﹐612
💨x19 - sheikh
💨x19 - hasina
💨x1* - gaza 🔓
💨x1* - democracy 🔓
💨x16 - bangladesh
💨x16 - 11/17
💨x14 - 盗品
💨x13 - jewellery
*🔓 = Unlocked Emergency Words (see img)

#ListenToBlackVoices

(Something not right? Reply!)",0,0,0,0,NA
at://did:plc:uwji4l3wzsygaxduowluqmgr/app.bsky.feed.post/3m5sy54i2e22j,sharrow.bsky.social,2025-11-17T10:08:08.920Z,#speirgorm,7,0,0,4,NA
at://did:plc:cibhaok4stlsmttbluik6hqz/app.bsky.feed.post/3m5sy3vnphs24,davidmcgurrin.ie,2025-11-17T10:07:26.024Z,"I like Bluesky in general and it has a much nicer vibe than the cesspit app, but it doesn't compare with live events. The memes and everything popping off on twitter after the game I'd say. Do miss that a bit #speirgorm #coybig #ireland",3,0,2,0,NA
at://did:plc:j2wnnsrxlcesmgggtmpfou7c/app.bsky.feed.post/3m5sxynaco22u,dochasisgra.bsky.social,2025-11-17T10:05:53.224Z,Bit frosty for the toes today. Everybody prefers looking out at it #speirgorm,7,0,0,1,NA
at://did:plc:ofmkl4k2ybutv5b3xpmuq36h/app.bsky.feed.post/3m5sxp3m2vc22,limerick4inarow.bsky.social,2025-11-17T10:00:21.123Z,"Lads…

#speirgorm",2,0,0,0,NA
at://did:plc:rd67s5mrnrwg5bqhvzft2kgv/app.bsky.feed.post/3m5sxjozagc27,sellybeth.bsky.social,2025-11-17T09:57:15.123Z,"This is a long shot, but I'm in Limerick regional hospital with my mum and she'd be a lot more comfortable with an electric fan but the hospital doesn't have one to spare. Would anybody out there have one I could borrow?

#SpéirGhorm #SpéirGorm",7,0,4,21,NA
at://did:plc:4pxxjie2356nqxd3cwf6hbpk/app.bsky.feed.post/3m5sxjf7oak2b,ciaraioch.bsky.social,2025-11-17T09:57:14.823Z,First of the season ❄️,149,0,3,8,NA
at://did:plc:sgbe5chhemjurynvlymfkeji/app.bsky.feed.post/3m5sxa5gmfs2e,duncanjonesmerrion.bsky.social,2025-11-17T09:51:57.621Z,A masterpiece of investigative journalism (only slightly undone by excess background cello music) - important stuff for #speirgorm #ireland,1,1,1,0,NA
at://did:plc:ogwujp2mco5nmifzk4mcgetz/app.bsky.feed.post/3m5swrhxrws2d,denterrick.bsky.social,2025-11-17T09:43:45.020Z,#Dublin #SpéirGorm,2,0,0,0,at://did:plc:tblae72vnvmmajyjntdhsunf/app.bsky.feed.post/3m5supgozqs2f
at://did:plc:fp3kfdvjyskh74nzp74bwcah/app.bsky.feed.post/3m5suo3evck2b,nordaltsee.bsky.social,2025-11-17T09:06:04.322Z,"Blessed Troy
#SpeirGorm",8,0,1,0,NA
at://did:plc:rj54e4tn2c5l6kmuqotuahuv/app.bsky.feed.post/3m5sumnpnk22h,pnamblath.bsky.social,2025-11-17T09:05:16.323Z,"Born #OTD 17 November 1940 - Luke Kelly - Folk singer, Dubliner
#speirgorm 
youtu.be/kz_dHcduUTU?...",5,0,0,0,NA
at://did:plc:zol7j6fzk2vqf6yawnkkg6bi/app.bsky.feed.post/3m5suanjrak2m,playingwithdust.bsky.social,2025-11-17T08:58:35.421Z,"Anyone travelling into #Waterford this morning, the Cork Rd is still blocked. #speirgorm

www.wlrfm.com/news/gardai-...",2,0,1,1,NA
at://did:plc:v6y63c54iecyzlxp3vrxvwv2/app.bsky.feed.post/3m5squ5g6uc2f,rdisc0mb0bulate.bsky.social,2025-11-17T07:57:52.420Z,"Good morning, #SpeirGorm! A cold but dry one today. I’m looking forward to heading to work today. Not least because being out of the house means a few hours away from the ginger cat! No joke! She has been an absolute pest this past weekend!",15,0,0,0,NA
at://did:plc:gjsoejzm7at4syhrvzgizrev/app.bsky.feed.post/3m5spggtp6c2t,ainekeenan.bsky.social,2025-11-17T07:32:28.534Z,"Every old man I see
Reminds me of my father
When he had fallen
in love with death
One time when 
sheaves were gathered ...

Patrick Kavanagh, 20th century

#Photography #Wisdom #Poetry #SpeirGorm #StreetPhotography #Ireland #India #ImageAndVerse #ArtOfBlueSky #PhotographersOfBlueSky #EastCoastKin",179,0,4,16,NA
at://did:plc:vjfdasv4ih34nmfxkit4obeo/app.bsky.feed.post/3m5rujkuhak2h,jhshelley.bsky.social,2025-11-16T23:30:49.124Z,"Apropos of 'Dublin in a rainstorm' and somebody called Troy

#Speirgorm
#Troy

youtu.be/0c4v7fp5GC8?...",4,0,0,0,NA
at://did:plc:ofmkl4k2ybutv5b3xpmuq36h/app.bsky.feed.post/3m5rtotpfm22r,limerick4inarow.bsky.social,2025-11-16T23:15:55.726Z,"Every parent has been here 
Our six year old lost his bunny.The actual trauma the poor fella.“I can’t ever do anything without my bunny Daddy” through floods of tears.We rang kid’s town.No sign.Daddy finally found bunny sitting on the lawnmower in the dark.The relief,the tears,the sobbing
#speirgorm",28,0,4,1,NA
at://did:plc:obekl3dfxbwzhyvhjgbb6ou2/app.bsky.feed.post/3m5rr6ltoic2b,pbeattie.bsky.social,2025-11-16T22:31:04.421Z,"I’m still rattled by that Ireland win earlier. I’ll be too buzzin to sleep tonight.

At the start of the group I was confident of reaching a playoff, but we looked dead and buried after the first 3 games.

Maximum points from the last 3 games is unbelievable stuff. 👏🏻

#COYBIG 🇮🇪 #WC2026
#SpeirGorm",7,0,0,0,NA
at://did:plc:htzrfp3q6p3ht3x7knog6mdd/app.bsky.feed.post/3m5rqd3r5cs23,grainneblair.bsky.social,2025-11-16T22:15:39.729Z,#Speirgorm #HiddenAssets we all know Sean is a slieveen and a traitor dont we?,0,0,1,0,NA
at://did:plc:zdxzpya4k5b4dguidkh3zajh/app.bsky.feed.post/3m5rppb4kcs2d,gardeningwell.ie,2025-11-16T22:04:39.120Z,"I just managed to watch the match on catch up.  
Contrary to what John Cleese might say 
“This parrot is more!” 
#speirgorm

Remarkable Parrott hat-trick earns World Cup play-off www.rte.ie/sport/soccer...",11,0,0,0,NA
at://did:plc:dwzzia37p6hrchyb54w4jufv/app.bsky.feed.post/3m5rpejobtk2o,imjustkev67.bsky.social,2025-11-16T21:58:35.023Z,💪⚽ Fantastic stuff #COYBIG #Spéirgorm Roll on the draw on Thursday,3,0,0,0,NA
at://did:plc:wse2xzmb4etf7dpmdodw75lt/app.bsky.feed.post/3m5rpb6y3wk2g,jenniferomeara5.bsky.social,2025-11-16T21:56:42.423Z,"How to get away with spending too much money on Vinted...""wait until you see how much money I just saved you"" 😉😬
You're welcome 😂
#SpeirGorm
#Vinted",4,0,0,0,NA
at://did:plc:ro76qxmd6nel5b5p4262x5eq/app.bsky.feed.post/3m5rpawyxuk27,lokideburca.bsky.social,2025-11-16T21:56:33.825Z,"Simon Harris and Mikey Martin at home frantically trying to do one single keepie uppie.
#COYIG #Speirgorm #Ireland #football",16,0,1,1,NA
at://did:plc:zdxzpya4k5b4dguidkh3zajh/app.bsky.feed.post/3m5roqs3fs22d,gardeningwell.ie,2025-11-16T21:47:36.322Z,"I just managed to watch the match on catch up.  
Contrary to what John Cleese might say 
“This parrot is more!” 
#speirgorm

Remarkable Parrott hat-trick earns World Cup play-off www.rte.ie/sport/soccer...",9,0,0,0,NA
at://did:plc:6nsn4i44ao5n74hprn6xbkru/app.bsky.feed.post/3m5rllmdqi22k,fcemurphy.bsky.social,2025-11-16T20:50:59.925Z,"The End

#COYBIG #Speirgorm",25,1,1,5,NA
at://did:plc:5vb5wk3l3xb5xxphddvyylte/app.bsky.feed.post/3m5rlfeb4os2z,eileen100.bsky.social,2025-11-16T20:47:32.121Z,Remembering our sister Jennifer Barrett on “World Day of remembrance for road traffic victims”. The car accident happened 49 years ago and we still mourn her loss. We also lost her unborn child that day. PLEASE take care on the roads and always be alert to the unexpected. #speirgorm,23,0,2,3,NA
at://did:plc:jhndv2ueuu77qaiw5ivjkhx7/app.bsky.feed.post/3m5rjoobghc24,despod.bsky.social,2025-11-16T20:17:00.526Z,The tip of The Shard looking like a poker that has been left in a fire for a while. #London #Speirgorm,5,0,1,0,NA
at://did:plc:r4hqvnfuc2flfguavyrhcjgg/app.bsky.feed.post/3m5riwj6zkc2y,321kieran.bsky.social,2025-11-16T20:03:32.724Z,Ollie Cole is here! #NovaGuestlist #Speirgorm,2,0,1,0,at://did:plc:r4hqvnfuc2flfguavyrhcjgg/app.bsky.feed.post/3m5rfkmpbyc2i
at://did:plc:k43ha6nlknmdw4owymqnvcat/app.bsky.feed.post/3m5rivparqi2g,hourlybreezing.ntw.app,2025-11-16T20:02:54.527Z,"
Bluesky's Top 10 Trending Words (past 60min):
💨x1* - ukraine 🔓
💨x1* - gaza 🔓
💨x1* - democracy 🔓
💨x65 - 1﹐611
💨x60 - musgrave
💨x38 - jameis
💨x34 - parrott
💨x32 - darnell
💨x31 - hassett
💨x29 - 2025-11-16
*🔓 = Unlocked Emergency Words (see img)

#ListenToBlackVoices

(Something not right? Reply!)",0,0,0,0,NA
at://did:plc:mcb6n67plnrlx4lg35natk2b/app.bsky.feed.post/3m5rirgdrr72j,nowbreezing.ntw.app,2025-11-16T20:00:31.027Z,"
Bluesky's Top 10 Trending Words (past 10min):
💨x36 - rudolph
💨x26 - whyle
💨x1* - ukraine 🔓
💨x22 - laces
💨x22 - balvinder
💨x21 - facemask
💨x1* - democracy 🔓
💨x18 - jj
💨x1* - gaza 🔓
💨x17 - sinner
*🔓 = Unlocked Emergency Words (see img)

#FreePalestine 🇵🇸

(Something not right? Reply!)",1,0,0,0,NA
at://did:plc:har4i535fc7jres2p3oqsyay/app.bsky.feed.post/3m5rimpsc2x2q,allanartist.bsky.social,2025-11-16T19:57:53.527Z,In Praise of... All You Need Is Death #film #horror #folkhorror #speirgorm,12,1,1,3,NA
at://did:plc:5lhoxk335wwo3ay7vdzkxnjg/app.bsky.feed.post/3m5rihd5ojc2w,obrienpmark.bsky.social,2025-11-16T19:55:12.921Z,Tonight as we celebrate let us remember you don’t get to cheer for this team and then try to divide the country and people they are and represent. That is not who we are. #COYBIG 🧵/ End #Speirgorm,43,0,0,7,at://did:plc:5lhoxk335wwo3ay7vdzkxnjg/app.bsky.feed.post/3m5rifztntc2w
at://did:plc:5lhoxk335wwo3ay7vdzkxnjg/app.bsky.feed.post/3m5riejojgc2w,obrienpmark.bsky.social,2025-11-16T19:53:20.325Z,"What an outburst of joy, of pride.
Ireland are into the play offs for World Cup Qualification. 
Our football team has always had a deep connection to communities all over this island and beyond. Tonight is no different. Young men pulling on the green jersey #COYBIG 1/ 🧵 #Speirgorm",95,3,2,16,NA
at://did:plc:v6y63c54iecyzlxp3vrxvwv2/app.bsky.feed.post/3m5ri3ofdic2g,rdisc0mb0bulate.bsky.social,2025-11-16T19:48:24.023Z,#SpeirGorm,86,4,4,14,NA
at://did:plc:y5uczbhip747luvhx5wc7bax/app.bsky.feed.post/3m5rhsirbns26,davidmoriarty.bsky.social,2025-11-16T19:43:16.620Z,"A hilarious line from Murph on @secondcaptains.bsky.social, paraphrase - never mind McIlroy at the Masters, Troy Parrott has had the greatest Thursday to Sunday run in the history of Irish sport. #COYBIG #speirgorm",41,1,0,7,NA
at://did:plc:jkgqy6z3shq6puqnt3t4g2to/app.bsky.feed.post/3m5rglbywns2u,thenpw.bsky.social,2025-11-16T19:21:17.625Z,"Honestly, the whole country must be addicted to Vinted at this stage... #speirgorm",3,0,1,0,NA
at://did:plc:3q4s2skzpknmpgljqnvf56l5/app.bsky.feed.post/3m5rga2tepk2w,thriftonaut.bsky.social,2025-11-16T19:15:00.625Z,Welcome to the world all the newborns named Troy! #Speirgorm #Speirghorm,8,0,1,0,NA
at://did:plc:5fg32i5hknkr3v6rwb6ebycu/app.bsky.feed.post/3m5rg7fblhs27,kevfrommayo.bsky.social,2025-11-16T19:14:41.723Z,"Second Captains post-match pod has dropped! @secondcaptains.bsky.social #coybig #spéirgorm

Episode webpage: shows.acast.com/the-second-c...",3,1,0,2,NA
at://did:plc:r4hqvnfuc2flfguavyrhcjgg/app.bsky.feed.post/3m5rfkmpbyc2i,321kieran.bsky.social,2025-11-16T19:03:05.532Z,"🚨On the #NovaGuestlist this hour:
💽Our Albums with Anniversaries this week are by #TheVelvetUnderground & @jesusandmarychain.bsky.social;
⁉️Are you a fan?
📻LIVE on @radionova100.bsky.social now! #speirgorm",3,0,1,0,at://did:plc:r4hqvnfuc2flfguavyrhcjgg/app.bsky.feed.post/3m5rfava7p22i
at://did:plc:r4hqvnfuc2flfguavyrhcjgg/app.bsky.feed.post/3m5rfava7p22i,321kieran.bsky.social,2025-11-16T18:57:35.426Z,"🎪Our Special #NovaGuestlist Gig-of-the-week is by #Sprints in #VicarStreet this Thursday 20th!
🎟️Check out one the most exciting Irish bands as they celebrate their new album All That Is Over! @singularartists.bsky.social #speirgorm",0,0,1,0,at://did:plc:r4hqvnfuc2flfguavyrhcjgg/app.bsky.feed.post/3m5rcilfcks2i
at://did:plc:htzrfp3q6p3ht3x7knog6mdd/app.bsky.feed.post/3m5rdzcqsqk2j,grainneblair.bsky.social,2025-11-16T18:35:31.627Z,"#Speirgorm  now don’t say anything to hex us. If youse Yanks asked for a bed here for the Golf youse better be sorting beds for us over there too🫣🙈😱😂☘️☘️ Ole, Ole, Ole it’s great for new generation too.",6,0,1,0,NA
at://did:plc:zol7j6fzk2vqf6yawnkkg6bi/app.bsky.feed.post/3m5rcuoc53k2w,playingwithdust.bsky.social,2025-11-16T18:14:57.220Z,"The Kelleher-Scales-Parrott combination for the winning goal will forever be known as the ""Cork-Dublin Expressway"". 

#COYBIG #HUNIRL #speirgorm",28,0,1,6,NA
at://did:plc:r4hqvnfuc2flfguavyrhcjgg/app.bsky.feed.post/3m5rcilfcks2i,321kieran.bsky.social,2025-11-16T18:08:16.223Z,"🚨On Tonight's WINNING #NovaGuestlist:

💽Classic LPs by @themarychain.bsky.social & #TheVelvets;
🎙️ #OliverCole CoPresent!
🔥NEW #ReallyGT #PCooney & #YeVagabonds;
☘️+ @hamsandwichmusic.bsky.social @affectiontorent.bsky.social;
📻LIVE on @radionova100.bsky.social NOW- What do YOU need to hear? #speirgorm",5,0,2,0,NA
at://did:plc:jl6cn5yuzpi4tj5vfl7ysfrm/app.bsky.feed.post/3m5rci4jf322y,shazbear.bsky.social,2025-11-16T18:07:56.428Z,👀 #SpeirGorm #FloridaDave,1,0,0,0,NA
at://did:plc:3sjn6vu3lvx7hdcuztf5ajpf/app.bsky.feed.post/3m5rb5f4kd22a,colmbrennan.bsky.social,2025-11-16T17:44:03.128Z,"Late late Troy show

#speirgorm",5,0,0,1,NA
at://did:plc:jhndv2ueuu77qaiw5ivjkhx7/app.bsky.feed.post/3m5ravzdun22s,despod.bsky.social,2025-11-16T17:40:05.737Z,"That's a lot for a bit of sausage. 

#Speirgorm",3,0,3,0,NA
at://did:plc:iecysrzsqba4uhev4v7r5py7/app.bsky.feed.post/3m5rasgj7rc26,djwalker.bsky.social,2025-11-16T17:38:04.832Z,"Toby posing

Rochestown, Cork 🇮🇪 

#photography
#nature
#landscape
#autumn
#EastCoastKin
#spéirgorm
#PhotoHour

🐕 🚶 📷 📱 📸 🌳 🍂 💚🧡🖤",72,0,3,3,NA
at://did:plc:mcb6n67plnrlx4lg35natk2b/app.bsky.feed.post/3m5r7tdlcfi2f,nowbreezing.ntw.app,2025-11-16T17:20:31.422Z,"
Bluesky's Top 10 Trending Words (past 10min):
💨x1* - democracy 🔓
💨x1* - gaza 🔓
💨x1* - ukraine 🔓
💨x17 - achane
💨x15 - 1﹐611
💨x12 - townsend
💨x12 - hassett
💨x11 - parrott
💨x9 - nichols
💨x9 - muffed
*🔓 = Unlocked Emergency Words (see img)

#ListenToBlackVoices

(Something not right? Reply!)",1,0,0,2,NA
at://did:plc:v6y63c54iecyzlxp3vrxvwv2/app.bsky.feed.post/3m5r7q3aw622n,rdisc0mb0bulate.bsky.social,2025-11-16T17:18:42.921Z,"Catching up on #BBCStrictly and Claudia is looking 🔥 
#SpeirGorm",4,0,0,0,NA
at://did:plc:jhndv2ueuu77qaiw5ivjkhx7/app.bsky.feed.post/3m5r7hluxh22c,despod.bsky.social,2025-11-16T17:13:59.721Z,I can't believe they're letting me drive the DLR. #Speirgorm,7,0,2,0,NA
at://did:plc:qj2uyiugobaynuuqvzjp2v4l/app.bsky.feed.post/3m5r7flbr2k2x,davegildedalm.bsky.social,2025-11-16T17:12:50.621Z,"#COYBIG #SpeirGorm

youtu.be/0c4v7fp5GC8?...",9,0,1,2,NA
at://did:plc:k43ha6nlknmdw4owymqnvcat/app.bsky.feed.post/3m5r6ttv6an2i,hourlybreezing.ntw.app,2025-11-16T17:02:54.726Z,"
Bluesky's Top 10 Trending Words (past 60min):
💨x271 - parrott
💨x1* - gaza 🔓
💨x1* - democracy 🔓
💨x1* - ukraine 🔓
💨x140 - 1﹐611
💨x81 - barrasso
💨x64 - mariota
💨x46 - 2025-11-16
💨x38 - keon
💨x38 - 9-1
*🔓 = Unlocked Emergency Words (see img)

#ListenToBlackVoices

(Something not right? Reply!)",0,0,0,0,NA
at://did:plc:ofmkl4k2ybutv5b3xpmuq36h/app.bsky.feed.post/3m5r6bmkt3226,limerick4inarow.bsky.social,2025-11-16T16:52:44.425Z,"Yes.

#speirgorm",18,0,2,5,NA
at://did:plc:v6y63c54iecyzlxp3vrxvwv2/app.bsky.feed.post/3m5r5riabfc2n,rdisc0mb0bulate.bsky.social,2025-11-16T16:43:41.322Z,"You know you live in rural Ireland when the neighbour’s boyfriend visits her in the tractor! 🤣
#SpeirGorm",316,1,16,21,NA
at://did:plc:mcb6n67plnrlx4lg35natk2b/app.bsky.feed.post/3m5r5lscnux2q,nowbreezing.ntw.app,2025-11-16T16:40:31.325Z,"
Bluesky's Top 10 Trending Words (past 10min):
💨x1* - gaza 🔓
💨x28 - parrott
💨x1* - ukraine 🔓
💨x23 - 1﹐611
💨x21 - coleman
💨x20 - mariota
💨x1* - democracy 🔓
💨x15 - keon
💨x12 - inactives
💨x12 - elijah
*🔓 = Unlocked Emergency Words (see img)

#ListenToBlackVoices

(Something not right? Reply!)",0,0,0,0,NA
at://did:plc:fs625ovzqs2tosutroj2lfvz/app.bsky.feed.post/3m5r5j7v3zs2h,susangriff.bsky.social,2025-11-16T16:39:04.320Z,#speirgorm I was so excited in the immediate aftermath I forgot the tag #speirgorm! And #coybig! And one more 🦜 for good measure!! 💚,5,0,0,0,at://did:plc:fs625ovzqs2tosutroj2lfvz/app.bsky.feed.post/3m5r3jspqts2h
at://did:plc:5izxyvmjl7awzjfptv6d6ane/app.bsky.feed.post/3m5r5b6tlac2c,trionac.bsky.social,2025-11-16T16:34:34.730Z,#coybig We are trending #speirgorm,3,0,0,0,NA
at://did:plc:uwji4l3wzsygaxduowluqmgr/app.bsky.feed.post/3m5r577w6jk2r,sharrow.bsky.social,2025-11-16T16:33:28.721Z,"Community masonettes used to be a norm. It kept old folk in their communities, going to the same church & bingo, same shops, ment they had family near by, same dr  &  their were support services. 

Most 'working class' areas had them, Finglas, Cabra, Crumlin. #speirgorm",17,0,3,2,at://did:plc:uwji4l3wzsygaxduowluqmgr/app.bsky.feed.post/3m5r4qht5ps2r
at://did:plc:mcb6n67plnrlx4lg35natk2b/app.bsky.feed.post/3m5r52hvy522y,nowbreezing.ntw.app,2025-11-16T16:30:49.922Z,"
Bluesky's Top 10 Trending Words (past 10min):
💨x1* - ukraine 🔓
💨x1* - democracy 🔓
💨x26 - parrott
💨x1* - gaza 🔓
💨x20 - 1﹐611
💨x16 - troy
💨x14 - barrasso
💨x13 - kaine
💨x12 - mcdaniel
💨x11 - 9-1
*🔓 = Unlocked Emergency Words (see img)

#FreePalestine 🇵🇸

(Something not right? Reply!)",1,0,0,0,NA
at://did:plc:z22iojvb45xno3nblfy6fcwg/app.bsky.feed.post/3m5r4zmjimg23,trendtags.bsky.social,2025-11-16T16:30:20.428Z,"🔥 Trending Now on BlueSky (Last 30 minutes):

#coybig #art #Photography #nsfw #OC #Nature #HUNIRL #EastCoastKin #stunday #섹블 #furry #Birds #speirgorm #섹트 #Ireland 

Trends refresh every 30 minutes.",1,0,0,0,NA
at://did:plc:y5uczbhip747luvhx5wc7bax/app.bsky.feed.post/3m5r4u2emnc26,davidmoriarty.bsky.social,2025-11-16T16:27:13.920Z,"Heimir Hallgrímsson ""They wasted their own time. It was kind of funny."" #COYBIG #speirgorm",3,0,0,0,NA
at://did:plc:qj2uyiugobaynuuqvzjp2v4l/app.bsky.feed.post/3m5r4sa6plk2x,davegildedalm.bsky.social,2025-11-16T16:26:13.222Z,"Ok, that’s good
#COYBIG #SpeirGorm",8,0,1,1,NA
at://did:plc:ofmkl4k2ybutv5b3xpmuq36h/app.bsky.feed.post/3m5r4s7uu5s26,limerick4inarow.bsky.social,2025-11-16T16:26:15.324Z,"Hon Ireland 🇮🇪 

#speirgorm",9,0,0,1,NA
at://did:plc:5cinc2kkxopkaxznsvl7ba5v/app.bsky.feed.post/3m5r4qkwpbc2s,niamhnicheallaigh.bsky.social,2025-11-16T16:25:17.823Z,"Who would have thought that a 🦜 would become the new symbol of hope for Ireland. 🎉

#COYBIG
#SpéirGorm",12,0,0,0,NA
at://did:plc:uwji4l3wzsygaxduowluqmgr/app.bsky.feed.post/3m5r4qht5ps2r,sharrow.bsky.social,2025-11-16T16:25:13.325Z,Heavens forbid they invest in community housing for older folks to move into. #supergluedpockets #Speirgorm,28,0,4,8,NA
at://did:plc:tydoeo5437tdskrdoptpopcm/app.bsky.feed.post/3m5r4ppugks2l,dermotlynott.bsky.social,2025-11-16T16:24:48.621Z,"The Siege of Troy takes on new meaning! 
#HUNIRL #speirgorm",11,0,1,0,NA
at://did:plc:obekl3dfxbwzhyvhjgbb6ou2/app.bsky.feed.post/3m5r4gqluhc2h,pbeattie.bsky.social,2025-11-16T16:19:48.125Z,"TROY PARROTT YOU ABSOLUTE RIDE!!!!

🇮🇪🇮🇪🇮🇪🇮🇪🇮🇪
#COYBIG
#SpeirGorm",8,0,1,1,NA
at://did:plc:ofmkl4k2ybutv5b3xpmuq36h/app.bsky.feed.post/3m5r4g4unac26,limerick4inarow.bsky.social,2025-11-16T16:19:26.921Z,"What happens now. Does Viktor Örban shoot them all?
Hon Ireland 🇮🇪 

#speirgorm",3,0,0,0,NA
at://did:plc:z22iojvb45xno3nblfy6fcwg/app.bsky.feed.post/3m5r464i4dk2j,trendtags.bsky.social,2025-11-16T16:14:57.823Z,"🚀 Trending Now on BlueSky (Last 15 minutes):

#coybig #art #Photography #nsfw #HUNIRL #oc #Nature #poetry #booksky #Ireland #EastCoastKin #furry #gay #speirgorm #섹블 

Trends refresh every 15 minutes.",1,0,1,0,NA
at://did:plc:y5uczbhip747luvhx5wc7bax/app.bsky.feed.post/3m5r44poo7226,davidmoriarty.bsky.social,2025-11-16T16:14:10.921Z,Can't believe that match. What an ending. #COYBIG #speirgorm,10,0,0,0,NA
at://did:plc:5izxyvmjl7awzjfptv6d6ane/app.bsky.feed.post/3m5r43g2ff22v,trionac.bsky.social,2025-11-16T16:13:27.620Z,Troy Parrott so humble as well in post match 🙌🏻  👏🏻 #speirgorm #coybig 🇮🇪,24,0,1,0,NA
at://did:plc:wpvwcjuhrpr5tjnhy3vp24ly/app.bsky.feed.post/3m5r42x4t5s2d,fhayesmccoy.bsky.social,2025-11-16T16:13:11.821Z,"#Speirgorm #Spéirghorm hive mind shoutout. 

Is ""bang to rights"" an expression you'd hear these days in Ireland?

All reposts/responses appreciated
Thanks",4,0,5,1,NA
at://did:plc:bfgylvtnfvzomjbpv7wetcq3/app.bsky.feed.post/3m5r424zmls2o,regcoppinger.bsky.social,2025-11-16T16:12:46.128Z,Awww that Troy Parrott interview. So emotional!  Fabulous. Billys Boots / Roy of the Rovers stuff  #SpeirGorm #HUNIRL,18,0,2,2,NA
at://did:plc:qj2uyiugobaynuuqvzjp2v4l/app.bsky.feed.post/3m5r3z6dops2x,davegildedalm.bsky.social,2025-11-16T16:12:15.121Z,"Jaysus…first comment from the RTE home studio

“Ireland didn’t deserve to win that game” …as a nation cries… 🦜🦜🦜

#COYBIG #SpeirGorm",6,0,0,0,NA
at://did:plc:mcb6n67plnrlx4lg35natk2b/app.bsky.feed.post/3m5r3wlcbtp2o,nowbreezing.ntw.app,2025-11-16T16:10:45.222Z,"
Bluesky's Top 10 Trending Words (past 10min):
💨x125 - parrott
💨x68 - troy
💨x28 - irlanda
💨x1* - democracy 🔓
💨x1* - ukraine 🔓
💨x1* - gaza 🔓
💨x23 - 1﹐611
💨x21 - parrot
💨x21 - hungary
💨x20 - ireland
*🔓 = Unlocked Emergency Words (see img)

#ListenToBlackVoices

(Something not right? Reply!)",2,0,0,1,NA
at://did:plc:ofmkl4k2ybutv5b3xpmuq36h/app.bsky.feed.post/3m5r3ur7i6226,limerick4inarow.bsky.social,2025-11-16T16:09:48.727Z,"What a result. Fuck Viktor Örban.
Hon Ireland 🇮🇪 

#speirgorm",4,1,0,0,NA
at://did:plc:y5uczbhip747luvhx5wc7bax/app.bsky.feed.post/3m5r3t4xsys26,davidmoriarty.bsky.social,2025-11-16T16:08:49.819Z,"Didi, go back to bed. #COYBIG #speirgorm",2,0,0,0,NA
at://did:plc:thuu4p4lr7wixoxeoyhtiyl4/app.bsky.feed.post/3m5r3rxbx4c2l,declander.bsky.social,2025-11-16T16:08:20.828Z,"Irish BlueSky right now 
#spéirgorm #coybig",7,0,0,0,NA
at://did:plc:qj2uyiugobaynuuqvzjp2v4l/app.bsky.feed.post/3m5r3qeoazs2x,davegildedalm.bsky.social,2025-11-16T16:07:18.528Z,"OM fuckinGod 🦜🦜🦜⚽️⚽️⚽️

#COYBIG #SpeirGorm

youtu.be/SXZ_2MnnrQQ?...",11,0,1,2,NA
at://did:plc:yvaazb6s3r2qje2i4cvoj7ur/app.bsky.feed.post/3m5r3q2rhdk2u,debhruin.bsky.social,2025-11-16T16:07:06.325Z,"Dublin will be absolutely hopping 
Bet the pubs are buzzing 
For some older people i bet it feels like an Italia 90 moment 
#Speirgorm",6,0,0,0,NA
at://did:plc:wjnzr7ir5xhc6wrxtef7nyhx/app.bsky.feed.post/3m5r3px6qgs23,wizball50.bsky.social,2025-11-16T16:07:03.021Z,"SCENES! Ireland get the win in the 6th minute of injury time. A wonderful end to an incredibly exciting game of football. Time for another drink! 

#COYBIG ✊ 

#redsky #speirgorm #HUNIRE",19,0,1,0,NA
at://did:plc:tydoeo5437tdskrdoptpopcm/app.bsky.feed.post/3m5r3omlzyk2w,dermotlynott.bsky.social,2025-11-16T16:06:17.820Z,"I thought the win against Portugal was unreal, but this was Hollywood movie ending stuff! #HUNIRL #speirgorm",10,0,0,0,NA
at://did:plc:5izxyvmjl7awzjfptv6d6ane/app.bsky.feed.post/3m5r3kavlck2v,trionac.bsky.social,2025-11-16T16:03:51.720Z,Time to start working on that Troy Parrott Statue!!! #coybig #speirgorm,15,0,0,1,NA
at://did:plc:culqpcpwzgdmcpwdfwmul34h/app.bsky.feed.post/3m5r3jr6nkk2g,eoinmcunningham.bsky.social,2025-11-16T16:03:35.222Z,"WHAT THE FUCK
#speirgorm",3,0,0,0,NA
at://did:plc:k43ha6nlknmdw4owymqnvcat/app.bsky.feed.post/3m5r3intv662h,hourlybreezing.ntw.app,2025-11-16T16:02:58.224Z,"
Bluesky's Top 10 Trending Words (past 60min):
💨x161 - 1﹐611
💨x1* - ukraine 🔓
💨x1* - democracy 🔓
💨x1* - gaza 🔓
💨x37 - 2025-11-16
💨x35 - clubby
💨x31 - keon
💨x26 - 11/16/2025
💨x25 - parrott
💨x25 - mariota
*🔓 = Unlocked Emergency Words (see img)

#FreePalestine 🇵🇸

(Something not right? Reply!)",0,0,0,0,NA
at://did:plc:3zrtumskbaikoqc2z3ou3nnc/app.bsky.feed.post/3m5r3i7yw6k2s,shanerazor.bsky.social,2025-11-16T16:02:45.121Z,Fuuuuuuccckkkkkkkkkkk Offfff. #COYBIG on towards the play offs! #hunire Troy Parrott you beauty #speirgorm,2,0,0,0,NA
at://did:plc:gt3a4gqthdisa3edj52ttxfi/app.bsky.feed.post/3m5r3gx25ts2q,ciaraoh.bsky.social,2025-11-16T16:02:00.721Z,I DONT EVEN WATCH FOOTBALL AND IM SCREAMING #COYBIG #Speirgorm,3,0,0,0,NA
at://did:plc:mcb6n67plnrlx4lg35natk2b/app.bsky.feed.post/3m5r3eg2kiy2g,nowbreezing.ntw.app,2025-11-16T16:00:35.629Z,"
Bluesky's Top 10 Trending Words (past 10min):
💨x1* - ukraine 🔓
💨x1* - democracy 🔓
💨x26 - 1﹐611
💨x16 - 9-1
💨x1* - gaza 🔓
💨x14 - kaine
💨x13 - armenia
💨x10 - littler
💨x10 - cavalo
💨x9 - massie
*🔓 = Unlocked Emergency Words (see img)

#ListenToBlackVoices

(Something not right? Reply!)",0,0,0,0,NA
at://did:plc:kg5wemdcmtcd4scfrfruyjvk/app.bsky.feed.post/3m5r32mry322d,dearg1974.bsky.social,2025-11-16T15:55:07.323Z,"Oh sweet Lord my heart, this day and night #irlvhun #speirgorm",6,0,0,0,NA
at://did:plc:5izxyvmjl7awzjfptv6d6ane/app.bsky.feed.post/3m5r2yyookk2x,trionac.bsky.social,2025-11-16T15:54:12.324Z,Has to be at least four minutes added on #coybig #speirgorm,4,0,1,0,NA
at://did:plc:jhndv2ueuu77qaiw5ivjkhx7/app.bsky.feed.post/3m5r2xz54vc2b,despod.bsky.social,2025-11-16T15:53:45.723Z,"Classic #London skyline - the London Wheel, Buckingham Palace and Big Ben. #Speirgorm",3,0,0,0,NA
at://did:plc:qj2uyiugobaynuuqvzjp2v4l/app.bsky.feed.post/3m5r2k4d7k22x,davegildedalm.bsky.social,2025-11-16T15:45:52.822Z,"🦜

#COYBIG #SpeirGorm",4,0,0,0,NA
at://did:plc:5izxyvmjl7awzjfptv6d6ane/app.bsky.feed.post/3m5r2jivjyc2x,trionac.bsky.social,2025-11-16T15:45:32.550Z,Troy Parrott!!! Unreal! #coybig #speirgorm Hope!,13,0,0,0,NA
at://did:plc:jl6cn5yuzpi4tj5vfl7ysfrm/app.bsky.feed.post/3m5qzslcxhk2j,shazbear.bsky.social,2025-11-16T15:32:46.325Z,"Devastating tragedy 😩 Thoughts are with friends & family of everyone involved. #SpeirGorm 

www.rte.ie/news/ireland...",3,0,0,0,NA
at://did:plc:k43ha6nlknmdw4owymqnvcat/app.bsky.feed.post/3m5qy5aits72e,hourlybreezing.ntw.app,2025-11-16T15:02:53.828Z,"
Bluesky's Top 10 Trending Words (past 60min):
💨x215 - 1﹐611
💨x1* - ukraine 🔓
💨x1* - democracy 🔓
💨x1* - gaza 🔓
💨x33 - clubby
💨x31 - 2025/11/16
💨x24 - 2025-11-16
💨x23 - parrott
💨x21 - 11/16/2025
💨x20 - snider
*🔓 = Unlocked Emergency Words (see img)

#FreePalestine 🇵🇸

(Something not right? Reply!)",0,0,0,0,NA
at://did:plc:jhndv2ueuu77qaiw5ivjkhx7/app.bsky.feed.post/3m5qxycka4k2o,despod.bsky.social,2025-11-16T15:00:15.227Z,Ich bin abroad. #Speirgorm,3,0,0,0,NA
at://did:plc:r2id5ogmv3mwkflk4vrl7kjl/app.bsky.feed.post/3m5qxrjmcjc2y,merrua.bsky.social,2025-11-16T14:56:23.823Z,"They are never not at it. www.theguardian.com/uk-news/2025... Normally if you are training dogs to hunt down people, it leads to the dogs becoming a dangerous breed. #SpéirGorm",0,0,0,0,NA
at://did:plc:lkecyegdenwtb5eonbfr3ica/app.bsky.feed.post/3m5qwzrhb5k2m,mojonaut.bsky.social,2025-11-16T14:43:03.822Z,Holy crap. That second goal from Hungary was a belter. #HUNIRL #spéirgorm,1,0,0,0,NA
at://did:plc:bzqnlmgnlanvenu2hxsrgze6/app.bsky.feed.post/3m5qwtp3hx22u,lynbw.bsky.social,2025-11-16T14:39:43.125Z,"Sharing this because I am getting obsessed,  first bag offer is €8, for a kg of coffee beans - you literally can not do better & it's gorgeous coffee
The full price is not bad too
I'm an drinking too much coffee tho
#speirgorm 

feighcullencoffee.myshopify.com",3,1,0,0,NA
at://did:plc:mcb6n67plnrlx4lg35natk2b/app.bsky.feed.post/3m5qwdfa23h2f,nowbreezing.ntw.app,2025-11-16T14:30:32.625Z,"
Bluesky's Top 10 Trending Words (past 10min):
💨x38 - 1﹐611
💨x1* - democracy 🔓
💨x1* - ukraine 🔓
💨x1* - gaza 🔓
💨x11 - portnoy
💨x10 - bubba
💨x9 - cavalo
💨x8 - mtg
💨x8 - fauci
💨x8 - clubby
*🔓 = Unlocked Emergency Words (see img)

#йобанарусня 🇺🇦

(Something not right? Reply!)",0,0,0,0,NA
at://did:plc:5zkqprnhjriixgdyrfanimxw/app.bsky.feed.post/3m5qwbc33j22o,decjordan.bsky.social,2025-11-16T14:29:23.325Z,"Very selective replays in this game. Disinformation in Hungary. I would love it if we beat them, love it. #COYBIG #SpeirGorm #IRLHUN",1,0,0,0,NA
at://did:plc:htzrfp3q6p3ht3x7knog6mdd/app.bsky.feed.post/3m5qvznsnjs24,grainneblair.bsky.social,2025-11-16T14:25:06.221Z,#Speirgorm im behind the sofa again but listening on radio 🫣☘️,9,0,1,0,NA
at://did:plc:5izxyvmjl7awzjfptv6d6ane/app.bsky.feed.post/3m5qvyudz6c2j,trionac.bsky.social,2025-11-16T14:24:39.323Z,Come on Ireland 🇮🇪 keep the dream alive #irevhun #speirgorm,4,0,0,0,NA
at://did:plc:mcb6n67plnrlx4lg35natk2b/app.bsky.feed.post/3m5qvrkrhvj2g,nowbreezing.ntw.app,2025-11-16T14:20:34.629Z,"
Bluesky's Top 10 Trending Words (past 10min):
💨x25 - 1﹐611
💨x1* - democracy 🔓
💨x1* - gaza 🔓
💨x1* - ukraine 🔓
💨x15 - parrott
💨x12 - leopards
💨x10 - motogp
💨x10 - mahmood
💨x9 - lipa
💨x9 - bubba
*🔓 = Unlocked Emergency Words (see img)

#ListenToBlackVoices

(Something not right? Reply!)",4,0,0,0,NA
at://did:plc:ofmkl4k2ybutv5b3xpmuq36h/app.bsky.feed.post/3m5qvpwiihs22,limerick4inarow.bsky.social,2025-11-16T14:19:39.923Z,"Great penalty Troy.
Come on Ireland 🇮🇪 👊

#speirgorm",0,0,0,0,NA
at://did:plc:eweyharmeuf3er35ejhbjp4o/app.bsky.feed.post/3m5qvp4bfv22p,frankoconnor.bsky.social,2025-11-16T14:19:13.824Z,"Time for use it or lose it
These former warehouses on Parnell Place (by bus station) should be converted to homes
Instead we get a decade of dereliction
Well done successive owners NAMA, Cork City Council & Tetrarch Capital for helping destroy our beautiful city
#DerelictIreland #speirgorm",16,0,0,6,NA
at://did:plc:jhndv2ueuu77qaiw5ivjkhx7/app.bsky.feed.post/3m5qtxmtmuk2o,despod.bsky.social,2025-11-16T13:49:16.720Z,"The Poppyground is taking up the slack today as the Lizzie Line is not operational.

The seats look like they haven't been washed since the first Armistice Day. 
 #Speirgorm",1,0,0,0,NA
at://did:plc:5lalgxnyfxas34qyb3u4dp4u/app.bsky.feed.post/3m5qt7m3jqk2s,cjamcmahon.bsky.social,2025-11-16T13:34:44.320Z,"On the surface of it, neat for Labour to steal SF's clothes for a change. But in reality, 'calling for a timeline' makes  exactly the same mistake that SF have done - asking for a referendum instead of outlining a vision for what would be voted on, or how it would be won #speirgorm",5,0,2,1,NA
at://did:plc:yvaazb6s3r2qje2i4cvoj7ur/app.bsky.feed.post/3m5qr5prkmc2z,debhruin.bsky.social,2025-11-16T12:57:58.124Z,"What are your favourite black and white films/movies?

#Speirgorm #blackandwhite #film #movies",4,0,2,0,NA
at://did:plc:jxo3eqeeh3kxphirpaqlbnaq/app.bsky.feed.post/3m5qpv6b2ec2e,hazelklarkin.bsky.social,2025-11-16T12:35:16.624Z,"This is truly horrific. Their poor families. #SpéirGorm
www.irishexaminer.com/news/arid-41...",2,0,0,0,NA
at://did:plc:rj54e4tn2c5l6kmuqotuahuv/app.bsky.feed.post/3m5qpgr7pw22r,pnamblath.bsky.social,2025-11-16T12:27:09.521Z,"Terrible tragedy, God rest them all, thinking of their families and loved ones
#speirgorm #IrishNews",5,0,0,1,NA
at://did:plc:v6y63c54iecyzlxp3vrxvwv2/app.bsky.feed.post/3m5qnwublik2r,rdisc0mb0bulate.bsky.social,2025-11-16T12:00:23.224Z,"Whoever thought cats need a myriad of toys has never had a cat! 
#SpeirGorm",12,0,2,2,NA
at://did:plc:v6y63c54iecyzlxp3vrxvwv2/app.bsky.feed.post/3m5qn2im7ds2r,rdisc0mb0bulate.bsky.social,2025-11-16T11:44:30.520Z,"This is a new one on me! 

When I walked into JYSK and was met with all the Christmas Gonks of various sizes, (enough to fill a small village), I was so happy and excited to see them I nearly burst into tears!!! 

Is this a #Perimenopause thing??
#SpeirGorm",2,0,0,0,NA
at://did:plc:iecysrzsqba4uhev4v7r5py7/app.bsky.feed.post/3m5qmefmr5k2c,djwalker.bsky.social,2025-11-16T11:32:16.422Z,"Blackrock Passage Greenway, Cork 🇮🇪 

#photography
#nature
#landscape
#autumn
#EastCoastKin
#spéirgorm
#PhotoHour

🐕 🚶 📷 📱 📸 🌳 🍂 💚🧡🖤",139,0,2,9,NA
at://did:plc:mkxzujov3oilpwjoorv7dlgp/app.bsky.feed.post/3m5qm5px5gs2l,carlogianuzzi.bsky.social,2025-11-16T11:28:31.724Z,"""Diario d’Irlanda. An Irish Journal"" — #S1E16
▶️ May O'Callaghan, la ragazza del Comintern. Intervista a Maurice Casey, autore di ""Hotel Lux"";
▶️ Notizie in breve, dal Nord e dal Sud 
🎧 Ascolta e iscriviti:
youtube.com/watch?v=uoJIDz…
#16novembre #speirgorm",1,0,0,0,NA
at://did:plc:aozsf6n4ii7kftvlsr2yvfhq/app.bsky.feed.post/3m5qltyi72k2x,orla-hegarty.bsky.social,2025-11-16T11:22:59.624Z,"📻 Progress Ireland “think tank” spokesperson on RTE Brendan O’Connor speaking up for sub-standard dark, shoebox housing, but “not de-regulation” 🙄

Background to funding investigated by @dublininquirer.com  #Speirgorm #Housing #Planning www.dublininquirer.com/with-progres...",11,2,3,3,NA
at://did:plc:rj54e4tn2c5l6kmuqotuahuv/app.bsky.feed.post/3m5ql7f43wk2r,pnamblath.bsky.social,2025-11-16T11:11:29.323Z,"The PWC Ladies Gaelic Football and Camogie All Stars 2025 🌟
#speirgorm 
#GaelicGames #LadiesFootball #Camogie",2,0,0,0,NA
at://did:plc:ogwujp2mco5nmifzk4mcgetz/app.bsky.feed.post/3m5qipowxoc2t,denterrick.bsky.social,2025-11-16T10:26:52.924Z,#Dublin #SpéirGorm,10,0,0,0,NA
at://did:plc:mcb6n67plnrlx4lg35natk2b/app.bsky.feed.post/3m5qgon5ot72o,nowbreezing.ntw.app,2025-11-16T09:50:30.121Z,"
Bluesky's Top 10 Trending Words (past 10min):
💨x1* - ukraine 🔓
💨x19 - 1﹐611
💨x16 - mahmood
💨x1* - gaza 🔓
💨x10 - wijers
💨x10 - bubba
💨x9 - べらぼう
💨x9 - shabana
💨x9 - marjorie
💨x9 - logtenberg
*🔓 = Unlocked Emergency Words (see img)

#ListenToBlackVoices

(Something not right? Reply!)",1,0,0,0,NA
at://did:plc:j2wnnsrxlcesmgggtmpfou7c/app.bsky.feed.post/3m5qghpwhlk22,dochasisgra.bsky.social,2025-11-16T09:46:38.323Z,"#speirgorm wish I was in Dublin for this. Great line-up including my personal vote for Loveliest Man in Ireland, Michael Farrell, a true legend of human rights.",6,0,0,0,NA
at://did:plc:mypgtjbs2ezul2ar3i2rjbpv/app.bsky.feed.post/3m5qgfmpuas2x,pmchoan.bsky.social,2025-11-16T09:45:51.422Z,"#SpéirGhorm #SpeirGorm #Nature #LoughErne #Curlew #Lapwing #Conservation 

www.bbc.co.uk/news/article...",8,0,0,0,NA
at://did:plc:owtiovxdlxm4bp4hgnihapfe/app.bsky.feed.post/3m5qgavbr2k2b,martinamorrow.bsky.social,2025-11-16T09:42:48.723Z,How bad of a car accident is it if Gardai still haven’t confirmed the number dead after 12/13 hours? Back road route into town and the right time for families coming home from the big Frostival celebration in Dundalk. #speirgorm,0,0,2,0,NA
at://did:plc:k2tteq6dnva3ijgb4n3zblgz/app.bsky.feed.post/3m5qfwbnxjk2s,fiftywords.bsky.social,2025-11-16T09:36:56.024Z,"A poem for #vss365 about yet another housing plan in Ireland, all the broken ones before it, and the new voice in the Áras. #speirgorm",21,0,0,1,NA
at://did:plc:e2vdb3yylfvzgvlo3fi5mrkf/app.bsky.feed.post/3m5qdqtpxu22v,atticuspeirgorm.bsky.social,2025-11-16T08:58:02.920Z,"'RTE's Kevin Bakhurst tipped for top BBC job'

But he's doing suck* a great job in RTE, why would he want to leave?

#Speirgorm",4,0,0,1,NA
at://did:plc:uxx3abcmqj7dppmgm4eqn6oi/app.bsky.feed.post/3m5q4f777r22x,franham.bsky.social,2025-11-16T06:46:15.819Z,Waking up to Gordon Lightfoot on a dark November morning. Nice. #risingtime #speirgorm,4,0,0,0,NA
at://did:plc:gjsoejzm7at4syhrvzgizrev/app.bsky.feed.post/3m5q3ngnsv22k,ainekeenan.bsky.social,2025-11-16T06:33:05.721Z,"Flying the flag for #SpeirGorm, Kate. Love the diversity of your timeline 💞",4,0,1,0,at://did:plc:lh7gdxjl3ik2kwwf2kxixfvi/app.bsky.feed.post/3l4q7zpyxp52o
at://did:plc:gjsoejzm7at4syhrvzgizrev/app.bsky.feed.post/3m5pzsfy42c2k,ainekeenan.bsky.social,2025-11-16T06:00:08.823Z,"No, you can't always get what you want
You can't always get what you want
You can't always get what you want
But if you try sometime you'll find
You get what you need

Rolling Stones, 20th century

#Photography #SpeirGorm #Stunday #ImageAndVerse #ArtOfBlueSky #PhotographersOfBlueSky #EastCoastKin",191,0,6,26,NA
at://did:plc:v6y63c54iecyzlxp3vrxvwv2/app.bsky.feed.post/3m5pyhw7hqs2s,rdisc0mb0bulate.bsky.social,2025-11-16T05:36:12.321Z,"So… Anyway.. 

I’m awake! 

5.30am.. 🙄😭😴
#SpeirGorm",6,0,1,0,NA
at://did:plc:xp52mnw3lcywewz2sqox2awz/app.bsky.feed.post/3m5pnwc5yy224,oliviachau.bsky.social,2025-11-16T02:27:24.219Z,There has to be some kind of study done about Irish people’s obsession with Maniac 2000! #speirgorm,4,0,1,1,NA
at://did:plc:lip4dl5jnz4ecweejdb32axw/app.bsky.feed.post/3m5pku4sf4m2j,filmcriticmaybe.bsky.social,2025-11-16T01:32:32.224Z,"It was named after a county in Ireland and that's about as much details as my shitty memory can give if you wanna try to hunt this down or like remind me

Calling #speirgorm for the save here",1,0,1,0,at://did:plc:lip4dl5jnz4ecweejdb32axw/app.bsky.feed.post/3m5pjvunrac2j
at://did:plc:jxo3eqeeh3kxphirpaqlbnaq/app.bsky.feed.post/3m5pgtw7w2k2p,hazelklarkin.bsky.social,2025-11-16T00:20:51.225Z,"Imagine this happening here, #SpéirGorm?

www.cnn.com/2025/11/13/a...",2,0,0,0,NA
at://did:plc:nigs7kco6eoaxc5aiimsaxc3/app.bsky.feed.post/3m5pdn37b6c2t,helendublin.bsky.social,2025-11-15T23:23:17.125Z,Sorry you lost your friend. It's fucked up. I've fam gone down rabbit holes. I feel I see it on speirgorm where we all get on because we're Irish but there's some people who deserve to be ostracized,1,0,1,0,at://did:plc:s7s6xmsxt33k7qp6k4vr7zem/app.bsky.feed.post/3m5pde424gs2q
at://did:plc:oxfmnceakuxgdwuydnnctski/app.bsky.feed.post/3m5pawreabc2s,amynim.bsky.social,2025-11-15T22:35:03.324Z,"Delighted with myself to get one of these in aldi earlier. €25 Will be brill for bread and casseroles and loads of stuff. www.aldi.ie/product/crof... 
#SpeirGorm",3,0,0,0,NA
at://did:plc:oxfmnceakuxgdwuydnnctski/app.bsky.feed.post/3m5patgfzjk2s,amynim.bsky.social,2025-11-15T22:33:09.223Z,"Cleaned the apt, can't find two of the cushion covers from the back cover of the couch. Literally have no idea when I saw them last or where they are. Can't access the utility room as I threw stuff in bags and fecked them in there. #Productive #SpeirGorm",2,0,0,0,NA
at://did:plc:dui7zffzvyy7fhoms4c6jzz3/app.bsky.feed.post/3m5p7ffam522r,patchotoole.bsky.social,2025-11-15T22:07:27.426Z,Mack Hansen's 'the other boys do the work and I just have to run over line' is a touch of class. What a 'player of the match'. #IREVAUS #SpeirGorm,11,0,0,0,NA
at://did:plc:5izxyvmjl7awzjfptv6d6ane/app.bsky.feed.post/3m5p6zcov3c2h,trionac.bsky.social,2025-11-15T22:00:38.624Z,Brilliant Ireland! Unapologetically glued to sport since 1:30 today 😂 #speirgorm,8,0,0,0,NA
at://did:plc:v6y63c54iecyzlxp3vrxvwv2/app.bsky.feed.post/3m5p6mjnuh22n,rdisc0mb0bulate.bsky.social,2025-11-15T21:53:30.521Z,"Are you awake?. It is time for second breakfast!! 

I love her to bits but she had had me awake since 4am already. This was about 7am
(sound up) 
#SpeirGorm
#PhoebeCat
#Caturday",30,0,1,1,NA
at://did:plc:56aoxjem4pjvtqsscuhq223t/app.bsky.feed.post/3m5p6jlqqf22z,rogerokeeffe.bsky.social,2025-11-15T21:51:51.724Z,"Standing ovation for Ireland's favourite larrikin! 

#speirgorm #irevaus",1,0,0,0,NA
at://did:plc:bzqnlmgnlanvenu2hxsrgze6/app.bsky.feed.post/3m5p5sgalm22n,lynbw.bsky.social,2025-11-15T21:38:53.825Z,"Because of the #irevaus game I've been introduced to the #skullet - the mullets littler, weirder sibling & it's a no, no thanks, from me
#speirgorm",2,0,0,0,NA
at://did:plc:5izxyvmjl7awzjfptv6d6ane/app.bsky.feed.post/3m5p5egvrf223,trionac.bsky.social,2025-11-15T21:31:06.732Z,Drop goal giving Ireland some breathing space 🤞🏻 #speirgorm,2,0,0,0,NA
at://did:plc:dui7zffzvyy7fhoms4c6jzz3/app.bsky.feed.post/3m5p54w2tcs2j,patchotoole.bsky.social,2025-11-15T21:26:55.925Z,"#Cadbury, proud sponsor of ... checks notes ... the Australian rugby team!!! #irevaus #SpeirGorm",1,0,0,0,NA
at://did:plc:bfgylvtnfvzomjbpv7wetcq3/app.bsky.feed.post/3m5p53awl4c2s,regcoppinger.bsky.social,2025-11-15T21:25:58.021Z,Jaysis. Winter is coming. #SpeirGorm,10,0,1,0,NA
at://did:plc:5izxyvmjl7awzjfptv6d6ane/app.bsky.feed.post/3m5p2omjap22l,trionac.bsky.social,2025-11-15T20:43:05.243Z,Seriously! A third try for Hansen! 🇮🇪 🇮🇪 #speirgorm #ire #rugby Only half an hour in!,6,0,0,0,NA
at://did:plc:7czbhyt6vmlibzjk2md3ds36/app.bsky.feed.post/3m5p2itqers2h,slated.ie,2025-11-15T20:39:53.321Z,"Will I let you in on a little secret?

My Granddad worked for Irish Lights, and he brought me to Ballycotton as a small child to the Lightouse, I was fascinated.

We may need to expand  the SLATED Landmark Collection, more Lighthouses.

#SLATED 

#Lighthouse

#speirgorm 

#boycottamazon

Slated.ie",17,0,3,2,NA
at://did:plc:dui7zffzvyy7fhoms4c6jzz3/app.bsky.feed.post/3m5ozsqqyk22j,patchotoole.bsky.social,2025-11-15T20:27:33.324Z,#Irevaus amazing starting 10mins. Mack Hansen in top form. #SpeirGorm,2,0,0,0,NA
at://did:plc:5izxyvmjl7awzjfptv6d6ane/app.bsky.feed.post/3m5ozkpm5cc24,trionac.bsky.social,2025-11-15T20:22:59.724Z,And another try from Hansen! #speirgorm,2,0,0,0,NA
at://did:plc:5izxyvmjl7awzjfptv6d6ane/app.bsky.feed.post/3m5ozbqbrl224,trionac.bsky.social,2025-11-15T20:17:58.724Z,Well done Mack Hansen! #ire #rugby #speirgorm He’s back!,6,0,0,0,NA
at://did:plc:eweyharmeuf3er35ejhbjp4o/app.bsky.feed.post/3m5oxw777vk2t,frankoconnor.bsky.social,2025-11-15T19:53:35.623Z,"Well done to you & Martin

Some achievement, keep up the great work

Thanks from me & @judesherry.bsky.social  🙏

#podcasts #speirgorm #TortoiseShack",8,0,1,1,at://did:plc:eam4odatenowhwdlijf3ypz4/app.bsky.feed.post/3m5oxavqeks2d
at://did:plc:nigs7kco6eoaxc5aiimsaxc3/app.bsky.feed.post/3m5ow2r3ffc2k,helendublin.bsky.social,2025-11-15T19:20:23.224Z,Ireland still treats girls and women like this 👇 people can keep their pregnancies secret and then after the denial/secrecy need to come forward and need care later. It also saves lives. Damnit. 12 weeks 😐 #speirgorm #abortion,10,0,2,1,NA
at://did:plc:5zkqprnhjriixgdyrfanimxw/app.bsky.feed.post/3m5ovv2w6ac2v,decjordan.bsky.social,2025-11-15T19:17:14.322Z,This is so infuriating. I hope things stay fine for Judge Cody and he never has to deal with the repercussions of a road collision. Because he has no empathy. Are there any implication for him breaching a High Court ruling? #RoadSafety #SpeirGorm www.irishtimes.com/crime-law/co...,10,0,0,1,NA
at://did:plc:uwji4l3wzsygaxduowluqmgr/app.bsky.feed.post/3m5ovqmsa2k24,sharrow.bsky.social,2025-11-15T19:14:44.425Z,"We #repealedthe8th and this is STILL happening.

#abortionishealthcare
#speirgorm",22,0,0,10,NA
at://did:plc:y7fyhofvnxwekohaqkiho5qp/app.bsky.feed.post/3m5ouxsdris24,suerussell.bsky.social,2025-11-15T19:00:49.924Z,This reflection on Winter Fires popped up in my FB memories. #spéirgorm  embracingturbulence.wordpress.com?fbclid=IwdGR...,0,0,0,0,NA
at://did:plc:5izxyvmjl7awzjfptv6d6ane/app.bsky.feed.post/3m5ou2cexdk2f,trionac.bsky.social,2025-11-15T18:44:20.528Z,Brilliant win for Athy v Summerhill!! 👏🏻👏🏻👏🏻 #gaa #speirgorm,3,0,0,0,NA
at://did:plc:nigs7kco6eoaxc5aiimsaxc3/app.bsky.feed.post/3m5otajw6cs2k,helendublin.bsky.social,2025-11-15T18:29:57.522Z,Wild and wooly broke my heart. If you're emotionally constipated like I am and need to connect 🐘 🐑 animals are wonderful. People are alright too 🫠 #speirgorm youtu.be/3Qt833YiJRc?...,3,0,1,0,NA
at://did:plc:wxo5kyy2uno2lm2sty2kva6e/app.bsky.feed.post/3m5orwc7umk2t,spillanemike.com,2025-11-15T18:06:25.623Z,"Guess the pub.... 
#speirgorm",3,0,2,1,NA
at://did:plc:r2id5ogmv3mwkflk4vrl7kjl/app.bsky.feed.post/3m5orqifw4c2f,merrua.bsky.social,2025-11-15T18:03:04.321Z,"After the thead about all the comments by Irish people about peoples outfits, I feel deeply sorry for that poor young guy in London who I laughed in the face at and called Granny when I saw him wearing a cardigan. I was young, but that was not cool. (I had never seen a guy wearing one.)  #Speirgorm",4,0,0,0,NA
at://did:plc:r7oxqtkfjczoyxqtrraaxt5b/app.bsky.feed.post/3m5oqozuisk2p,alanmccarthy.bsky.social,2025-11-15T17:44:24.528Z,"Here’s extra shots of the remarkable red colour of the Aurora Borealis / Northern Lights over Courtmacsherry in West Cork , Ireland on 12/11/2025 during that that G4/G5 Storm!! 🥰📸🌌💥🌊✨❤️ #aurora #astronomy #photo #photography #photographer #bluesky #blueskyart #speirgorm #art #nature #weather #colours",74,0,2,9,NA
at://did:plc:uwji4l3wzsygaxduowluqmgr/app.bsky.feed.post/3m5opziims22o,sharrow.bsky.social,2025-11-15T17:32:19.621Z,"Cos that will not encourage breakins esp in the run up to xmas.

www.thejournal.ie/households-c...

#Speirgorm",6,0,1,0,NA
at://did:plc:mcb6n67plnrlx4lg35natk2b/app.bsky.feed.post/3m5oosrucly2e,nowbreezing.ntw.app,2025-11-15T17:10:39.728Z,"
Bluesky's Top 10 Trending Words (past 10min):
💨x24 - mcafee
💨x1* - ukraine 🔓
💨x1* - gaza 🔓
💨x1* - democracy 🔓
💨x19 - senegal
💨x15 - nuzzi
💨x15 - 1﹐610
💨x13 - megyn
💨x12 - ttpd
💨x12 - mri
*🔓 = Unlocked Emergency Words (see img)

#йобанарусня 🇺🇦

(Something not right? Reply!)",0,0,0,0,NA
at://did:plc:6vbvxqiagwrnginqxmftzg7w/app.bsky.feed.post/3m5ooktf3i22t,marcusguntherky.bsky.social,2025-11-15T17:06:12.922Z,"Some of my followers know about @savestmaryoftheangels.com and how close to my heart this community is - my stepson lives there☺️

I have two pictures in the calendar again - see if you can spot them😄

Get your copy for €16 incl. p&p at www.savestmaryoftheangels.com

#SpeirGorm",3,0,0,2,NA
at://did:plc:5pooef6qnoftdfdymnork4sa/app.bsky.feed.post/3m5ooct75ik2q,savestmaryoftheangels.com,2025-11-15T17:01:47.022Z,"Our 2026 wall calendar is out😄 With fantastic photos from the Kingdom of Kerry by Chris Grayson and Marcus Günther, this makes a beautiful Christmas present while supporting a great cause 😊
youtu.be/eOEUt3zzX_s
#SpeirGorm",2,0,0,0,NA
at://did:plc:v6y63c54iecyzlxp3vrxvwv2/app.bsky.feed.post/3m5oo7w4cas27,rdisc0mb0bulate.bsky.social,2025-11-15T17:00:06.626Z,"Great sale on the rugs in Dunelm ( previously Home Focus ) 
#SpeirGorm",3,0,1,0,NA
at://did:plc:5cinc2kkxopkaxznsvl7ba5v/app.bsky.feed.post/3m5onqmsih22l,niamhnicheallaigh.bsky.social,2025-11-15T16:51:33.926Z,"If Simon Harris accepts ""political accountability,"" then why has he not resigned yet?

""Simon Harris today said he accepts ‘political accountability’ for a 2017 commitment that no child would have to wait more than four months for scoliosis treatment.""

#SpéirGorm",2,0,0,0,NA
at://did:plc:lkecyegdenwtb5eonbfr3ica/app.bsky.feed.post/3m5omwx6shk2i,mojonaut.bsky.social,2025-11-15T16:37:12.221Z,"Queuing up in Lidl Castleblayney, my local, a short time ago and I knocked two bottles of Gordon’s gin off their precariously balanced cardboard display so, yeah… can’t go there any more. #spéirgorm",2,0,2,0,NA
at://did:plc:5izxyvmjl7awzjfptv6d6ane/app.bsky.feed.post/3m5ollt6ucc2f,trionac.bsky.social,2025-11-15T16:13:05.319Z,The Kildare Football Clubs & Naas hurlers are giving us all a great season. Naas hurlers through to Leinster semi-final last week. Grangenolvin (Junior) and Sallins (Inter) both safely through to the next round today. Athy senior team QF broadcasting at 5pm on @rte.ie #speirgorm,2,0,0,0,NA
at://did:plc:dnvpi77gppcosuglhn7nngk3/app.bsky.feed.post/3m5ol2tttjs2a,eslsys.bsky.social,2025-11-15T16:03:35.825Z,"""The Domain of Dinosaurs"" seems so apt #speirGorm",5,0,0,0,NA
at://did:plc:2sbnpxj7giu7vkup5cinjhsi/app.bsky.feed.post/3m5okxc2kzk2h,juliecorcoranphotography.ie,2025-11-15T16:01:44.527Z,"Pinhole photograph of Brigid’s Well, Faughart, Co. Louth. 

#speirgorm",4,0,0,2,NA
at://did:plc:wk4vbtn77njhk4mlohgewj2m/app.bsky.feed.post/3m5okk7mz7c2h,caroleducky.bsky.social,2025-11-15T15:54:19.228Z,"#MissingChild #Greystones #Wicklow #Ireland
#SpeirGorm",6,0,1,2,NA
at://did:plc:rl3erbcbetqftmjhhok4xepe/app.bsky.feed.post/3m5ojes7kys2p,makary.online,2025-11-15T15:33:21.624Z,This cause is close to my heart - please sign: https://my.uplift.ie/petitions/petition-to-ban-fox-hunting-in-ireland @uplift.ie #foxhunting #petition #SpeirGorm-#MastoDaoine,1,0,0,0,NA
at://did:plc:ets3sxbntmhmfjb42w3cphky/app.bsky.feed.post/3m5oiho2mn22m,adrianlegg.bsky.social,2025-11-15T15:17:08.122Z,"The Thousand Yarn Stare

#SherkinIsland 
#Speirgorm
#Sheep",5,0,0,0,NA
at://did:plc:b5yxc2nhcgrbtu3twvlg3i7a/app.bsky.feed.post/3m5oial4hxk2g,siobhanmcelduff.bsky.social,2025-11-15T15:13:07.424Z,"""no one leaves home unless
home is the mouth of a shark
you only run for the border
when you see the whole city running as well""

 - Warsaw Shire

#spéirghorm #speirgorm",32,3,1,11,NA
at://did:plc:culqpcpwzgdmcpwdfwmul34h/app.bsky.feed.post/3m5ohpaui7c22,eoinmcunningham.bsky.social,2025-11-15T15:03:24.724Z,"Driving around Ireland has taught me one important thing: somebody in Sligo worked really hard to make every road sign in the country tell you the way to Sligo.
#speirgorm",6,0,1,0,NA
at://did:plc:ouza3jsycl2aszfc3xtodbfe/app.bsky.feed.post/3m5ohhnorkk22,dermotcasey.bsky.social,2025-11-15T14:59:10.220Z,A golden chalice (replica of the ardagh chalice) and a bowlful of golden individually handmade shamrock for Paddys day it is then…. #speirgorm,2,0,1,0,NA
at://did:plc:y7fyhofvnxwekohaqkiho5qp/app.bsky.feed.post/3m5ogqd6tik2x,suerussell.bsky.social,2025-11-15T14:46:16.829Z,"My kids reckon they were reared on lentils - burgers, pie, stew, etc - but I reckon you can't beat a bowl of homemade lentil soup on a winters day! 😋😋 #spèirgorm #soup #winterwarmers",1,0,0,0,NA
at://did:plc:uoenkmbrkyfqvvbwxdjsean5/app.bsky.feed.post/3m5ogkh4sds27,imbibecoffee.bsky.social,2025-11-15T14:42:52.922Z,"For the malcontents, misanthropists and just general bah humbug types. Our ""If You Know You Know"" blend has removed its glasses and donned a cape to become ""This Is Not A Christmas Blend"". #speirgorm imbibe.ie/collections/...",3,0,0,0,NA
at://did:plc:flpf3rksopl7zx2tbgsyjv7m/app.bsky.feed.post/3m5ofybuggk2v,nicolahorgan.bsky.social,2025-11-15T14:32:54.720Z,"So, a pal needed a pick me up - ladies and gentlemen i give you 'breakfast wine'

I need my leaba now 🛌
#speirgorm #joy #food",3,0,0,0,NA
at://did:plc:aozsf6n4ii7kftvlsr2yvfhq/app.bsky.feed.post/3m5ocrcjom22k,orla-hegarty.bsky.social,2025-11-15T13:35:07.220Z,"The Seven Stages of Housing Grief, my Tortoise Shack podcast with @tonygroves.bsky.social 
out now on Patreon Dot Com 
#Housing #SpeirGorm www.patreon.com/tortoiseshac...",14,1,0,3,NA
at://did:plc:v6y63c54iecyzlxp3vrxvwv2/app.bsky.feed.post/3m5ocoaqcxc2l,rdisc0mb0bulate.bsky.social,2025-11-15T13:33:22.819Z,"The Slaney has burst its banks! 
#SpeirGorm",9,0,2,2,NA
at://did:plc:v6y63c54iecyzlxp3vrxvwv2/app.bsky.feed.post/3m5ock4yzck2l,rdisc0mb0bulate.bsky.social,2025-11-15T13:31:07.027Z,"Waterford bound with Middle and Friend. While they watch their wacky Anime, I shall make a start on a bit of Christmas shopping. 

Good plan, Ro!!! 
#SpeirGorm",2,0,0,0,NA
at://did:plc:v6y63c54iecyzlxp3vrxvwv2/app.bsky.feed.post/3m5obx3cdj22l,rdisc0mb0bulate.bsky.social,2025-11-15T13:20:24.824Z,"The car has been dropped into the garage for Monday, to allow me to get to work without delay. 

These are the things you have to plan for when you are a one parent family. 
#SpeirGorm",3,0,0,0,NA
at://did:plc:qywcmx577hlrhttfeurxgqp4/app.bsky.feed.post/3m5ob5ftsvp2m,thriveabetes.bsky.social,2025-11-15T13:06:05.720Z,"🎉 Thriveabetes 2026 registration OPEN!
Do something nice for youself to mark #WorldDiabetesDay

🗓️ Apr 18, Dublin
Connect, learn & explore the latest in #Type1Diabetes

🌟 Register at buff.ly/zQQU4u0

More info soon

#IREDOC #NIDOC #ireland #T1D #LADA #MODY #T2D #DiabetesCommunity #SpeirGorm",3,0,0,1,NA
at://did:plc:folk7q7ua35z5kar5kktkjzf/app.bsky.feed.post/3m5ob45iwx22h,miriamkennedy.bsky.social,2025-11-15T13:05:32.121Z,The Liffey is well swollen. #StormClaudia #Dublin #SpeirGorm,3,0,0,0,NA
at://did:plc:siclj5jstt2xodsn7epgnqld/app.bsky.feed.post/3m5oaz3ebxs2y,robosullivan.bsky.social,2025-11-15T13:03:38.823Z,One of the biggest factors dissuading me from ever running for political office is the apparent requirement to pay attention to political pundits in establishment media #spéirgorm,12,1,1,1,NA
at://did:plc:imdb5lnqdvuployv2wxfgdms/app.bsky.feed.post/3m5oa6gdc2s22,darylfeehely.com,2025-11-15T12:48:42.521Z,"""I don't accept the concept of a delay"" says MM.

Well that explains a lot about gov delivery of **gestures at everything** over the last decade.

#IrishPol #Speirgorm",5,0,1,1,NA
at://did:plc:e2vdb3yylfvzgvlo3fi5mrkf/app.bsky.feed.post/3m5o7thwfks2n,atticuspeirgorm.bsky.social,2025-11-15T12:42:37.325Z,"Labour Party Conference:

Alan Kelly was never a left or centre left politician.

Thank you for coming to my TED talk.

#Irishpol #Speirgorm",5,0,1,0,NA
at://did:plc:bwri5etslrdnbu6jpqrznf36/app.bsky.feed.post/3m5o6t4qhc22n,tggleeson.bsky.social,2025-11-15T12:24:34.425Z,The séimhiu and urú are in the main language flow enablers rather than pure grammar (as in meaning grammar) along with the essential grammar (necessary in speech to identify meaning) leathan agus caol pronunciations define the unique sound and flow of the language. 1>> #speirgorm,6,0,1,0,NA
at://did:plc:fgsxjtocfggetujlxgghxhnh/app.bsky.feed.post/3m5o6pzmvzs2d,conorl.org,2025-11-15T12:22:47.724Z,"Managed to get tickets for the RPSI Santa Train. Didn't manage to get one of the steam train options - they sold out instantly - but did get one of the diesels. Really looking forward to it, first time we've gone since before COVID. #speirgorm",1,0,0,0,NA
at://did:plc:5l4vbxai2oe6axwbldoxxves/app.bsky.feed.post/3m5o6gu6xjc2p,quiltomancy.bsky.social,2025-11-15T12:17:45.723Z,"My new work area. Fabric & sewing stuff in the bookcase, a chair I can sit cross legged in! A view of green things. #speirgorm #maynooth #postgrad",11,0,3,0,NA
at://did:plc:sgbe5chhemjurynvlymfkeji/app.bsky.feed.post/3m5o5on4htc2p,duncanjonesmerrion.bsky.social,2025-11-15T12:04:07.725Z,If everyone in #speirgorm were to buy one plant in a pot and all bring them down on the one day this could be regreened and bee friendly in jig time.,12,0,1,4,NA
at://did:plc:har4i535fc7jres2p3oqsyay/app.bsky.feed.post/3m5o5ious6w2z,allanartist.bsky.social,2025-11-15T12:00:47.620Z,Meath Wedding Entertainment #meath #weddings #speirgorm,1,0,0,0,NA
at://did:plc:5cinc2kkxopkaxznsvl7ba5v/app.bsky.feed.post/3m5o4lvkx7s2u,niamhnicheallaigh.bsky.social,2025-11-15T11:44:41.520Z,"Why? Because we have a moral compass and the current US administration has none.
#SpéirGorm",7,0,0,0,NA
at://did:plc:tjj7toux5q6m2v7x2unyhznh/app.bsky.feed.post/3m5o3zybng22n,judesherry.bsky.social,2025-11-15T11:34:30.526Z,"While other cities are removing concrete to create green parks
Cork is removing green parks to create another concrete plaza

Would love to know what the carbon footprint of all this concrete is? 
Not to mention the removal of trees
#PureCork #speirgorm #DerelictIreland #Greenwashing",23,0,1,3,at://did:plc:eweyharmeuf3er35ejhbjp4o/app.bsky.feed.post/3m5nykwhwos2s
at://did:plc:tjj7toux5q6m2v7x2unyhznh/app.bsky.feed.post/3m5o3zri2jk2n,judesherry.bsky.social,2025-11-15T11:34:22.321Z,"While other cities are removing concrete to create green parks
Cork is removing green parks to create another concrete plaza

Would love to know what the carbon footprint of all this concrete is? 
Not to mention the removal of trees
#PureCork #speirgorm #DerelictIreland #Greenwashing",20,0,1,9,NA
at://did:plc:v6y63c54iecyzlxp3vrxvwv2/app.bsky.feed.post/3m5o3x5k7b22g,rdisc0mb0bulate.bsky.social,2025-11-15T11:33:05.324Z,"I had 0.0% Bulmers last night and I’m telling you. My head would like to disagree!!! 
#SpeirGorm",1,0,1,0,NA
at://did:plc:e2vdb3yylfvzgvlo3fi5mrkf/app.bsky.feed.post/3m5o2w2rbsk2c,atticuspeirgorm.bsky.social,2025-11-15T11:14:37.125Z,"The delayed review that was due last week is not delayed!

#Irislpol #Speirgorm 

youtube.com/shorts/YWQe0...",1,0,0,0,NA
at://did:plc:ogwujp2mco5nmifzk4mcgetz/app.bsky.feed.post/3m5o2vatpvs2j,denterrick.bsky.social,2025-11-15T11:14:07.221Z,#Dublin #Hellfire #SpéirGorm,13,0,0,0,NA
at://did:plc:mcb6n67plnrlx4lg35natk2b/app.bsky.feed.post/3m5o2p77hjd2x,nowbreezing.ntw.app,2025-11-15T11:10:44.721Z,"
Bluesky's Top 10 Trending Words (past 10min):
💨x1* - gaza 🔓
💨x22 - 1﹐610
💨x1* - ukraine 🔓
💨x14 - mri
💨x14 - bubba
💨x11 - デザフェス
💨x11 - 11/15
💨x10 - marjorie
💨x10 - 2025/11/15
💨x9 - 志田
*🔓 = Unlocked Emergency Words (see img)

#FreePalestine 🇵🇸

(Something not right? Reply!)",1,0,0,0,NA
at://did:plc:eweyharmeuf3er35ejhbjp4o/app.bsky.feed.post/3m5o2i5wea22j,frankoconnor.bsky.social,2025-11-15T11:06:48.726Z,#SpeirGorm #FreePalestine,0,0,0,0,at://did:plc:eweyharmeuf3er35ejhbjp4o/app.bsky.feed.post/3m5o2c55tnk2j
at://did:plc:aozsf6n4ii7kftvlsr2yvfhq/app.bsky.feed.post/3m5o2cmseas22,orla-hegarty.bsky.social,2025-11-15T11:03:42.622Z,#Speirgorm #Housing #Planning #Affordability #RealIssues #NotNimbysOrGeese,7,1,0,2,NA
at://did:plc:tvwagmwteyuzfgkxwsqjvhya/app.bsky.feed.post/3m5o24zah4c22,msmcglencree.bsky.social,2025-11-15T11:00:34.824Z,"Powerscourt Waterfall after the rain, Sound on for the Roar!
#speirgorm #waterfall #Ireland #Wicklow",8,0,1,1,NA
at://did:plc:v6y63c54iecyzlxp3vrxvwv2/app.bsky.feed.post/3m5o24f5gws2d,rdisc0mb0bulate.bsky.social,2025-11-15T11:00:13.320Z,I am so here for this thread!!’ #SpeirGorm,4,0,0,1,NA
at://did:plc:jaghk4rwlrciav5aieckiiit/app.bsky.feed.post/3m5nzvwjdzk2v,andyscollick.bsky.social,2025-11-15T10:56:37.021Z,"My advice to EU ministers, Commissioners and officials planning on attending #EU Presidency meetings in Ireland between July and December 2026 is..

Unless #Ireland guarantees adequate NATO-standard air #defence cover against Russian drone threats..

DON'T!

🧵 #security #speirgorm #spéirgorm #civmil",25,1,2,3,NA
at://did:plc:v6y63c54iecyzlxp3vrxvwv2/app.bsky.feed.post/3m5nzi4vwx22d,rdisc0mb0bulate.bsky.social,2025-11-15T10:48:53.620Z,"Dear #SpeirGorm

If you could kindly share, I would be most grateful. 

Does anybody have first hand experience of the timescale when applying for #CORU #SocialCareWorker registration under Section 38 (Graduates/New Entrants) route.",4,0,2,8,NA
at://did:plc:v6y63c54iecyzlxp3vrxvwv2/app.bsky.feed.post/3m5nz3lnblc2d,rdisc0mb0bulate.bsky.social,2025-11-15T10:41:53.021Z,"The Father who collected coins, stamps, glass bottles and old tools and loved to visit old graveyards. Who forever asked ‘Did you put Hermesetas in that’ every time you made him a cuppa. 

Every time!!!!!
#SpeirGorm",5,1,0,0,NA
at://did:plc:imdb5lnqdvuployv2wxfgdms/app.bsky.feed.post/3m5nyze5br222,darylfeehely.com,2025-11-15T10:40:36.026Z,"Disgusting, looks like garden landscaping from 2005.

There are smaller parks in the middle of central London with more green space, natural growth, & less anti homeless architecture.

#Speirgorm",13,0,1,3,NA
at://did:plc:jaghk4rwlrciav5aieckiiit/app.bsky.feed.post/3m5nymskuuk2d,andyscollick.bsky.social,2025-11-15T10:33:40.723Z,"Former Attorney General Senator Michael McDowell can raise whatever ""constitutional questions"" he likes, but it makes no difference: EU Presidency events require protection against Russian drone threats (or worse) and the Irish Defence Forces are incapable of providing that. #spéirghorm #spéirgorm",4,0,2,1,NA
at://did:plc:223cpcieytdlbmzovhs2ypg2/app.bsky.feed.post/3m5nxtqceec2w,bgormley.bsky.social,2025-11-15T10:19:38.223Z,Any #speirgorm people interested in the impact of #climate on Iceland - award-winning Icelandic writer and documentary filmmaker @andrimagnason.bsky.social will be speaking in @tudublinsustain.bsky.social on Wednesday! Andri is known for his eulogy to the first glacier lost to climate change. Book 👇,9,0,1,4,NA
at://did:plc:76cw26hwdi25erd35jwlnksr/app.bsky.feed.post/3m5nxqoittc2z,coreilly.bsky.social,2025-11-15T10:17:53.041Z,"Interesting, no? 

#speirgorm",2,0,0,0,at://did:plc:76cw26hwdi25erd35jwlnksr/app.bsky.feed.post/3m5nxqndnfk2z
at://did:plc:ha74ps5lkn343nud27oem5n2/app.bsky.feed.post/3m5nx4elqyk23,catwranglervik.bsky.social,2025-11-15T10:06:32.419Z,"The Irish Times this morning answering a question literally no one was asking. 
#speirgorm",2,0,2,0,NA
at://did:plc:4pxxjie2356nqxd3cwf6hbpk/app.bsky.feed.post/3m5nwwid2xc2t,ciaraioch.bsky.social,2025-11-15T10:03:16.120Z,"They're trying to turn Tralee bay into a giant bowl of coddle, you can't convince me otherwise",55,0,5,3,NA
at://did:plc:wzelpzmv2b3oudwhkcpr2s6n/app.bsky.feed.post/3m5nwuixws22x,drmarymcauliffe.bsky.social,2025-11-15T10:02:11.622Z,I had to give up half way through this raimèis this morning - Maoism/Third worldism infecting the left - our new president is steeped in its rhetoric apparently! I mean is this supposed to be what passes for serious critique in the IT! #speirgorm,17,0,3,0,NA
at://did:plc:aozsf6n4ii7kftvlsr2yvfhq/app.bsky.feed.post/3m5nwodqb5s22,orla-hegarty.bsky.social,2025-11-15T09:58:43.421Z,"“One thing we can say for sure is that failing to deliver will probably aggravate the existing affordability gap” 

DELIVERING the housing plan will aggravate the affordability gap

High priced unaffordable housing & price inflation IS THE PLAN  #Speirgorm #Housing www.irishtimes.com/business/202...",22,2,2,3,NA
at://did:plc:mcb6n67plnrlx4lg35natk2b/app.bsky.feed.post/3m5nw7rcbjv23,nowbreezing.ntw.app,2025-11-15T09:50:31.724Z,"
Bluesky's Top 10 Trending Words (past 10min):
💨x1* - ukraine 🔓
💨x1* - gaza 🔓
💨x14 - bubba
💨x13 - marjorie
💨x13 - clinton
💨x13 - 1﹐610
💨x11 - nrc
💨x11 - greene
💨x10 - wijers
💨x1* - democracy 🔓
*🔓 = Unlocked Emergency Words (see img)

#ListenToBlackVoices

(Something not right? Reply!)",0,0,0,0,NA
at://did:plc:v6y63c54iecyzlxp3vrxvwv2/app.bsky.feed.post/3m5nw4qgnt22d,rdisc0mb0bulate.bsky.social,2025-11-15T09:48:50.128Z,"I am typing this out because putting it down on words will help me see just how ridiculous it would be to send a text to that person. 

So I say to myself. ‘Ro…. Do NOT text the person who broke your heart into pieces and took you years to get over. 
#SpeirGorm",10,0,2,0,NA
at://did:plc:atvnvkmpkr3szyzr25bd63uh/app.bsky.feed.post/3m5nvzspj622e,alimack13.bsky.social,2025-11-15T09:47:11.224Z,#speirgorm and @msfrugalone.bsky.social  and #booksky for spreading the word,6,0,0,1,NA
at://did:plc:oxfmnceakuxgdwuydnnctski/app.bsky.feed.post/3m5nvwogqis2x,amynim.bsky.social,2025-11-15T09:45:52.021Z,One if us is not fully vaccinated so goes out in the sling of shame. If anyone knows where I can get sunglasses for a puppy let me know. 😎 #SpeirGorm,2,0,0,0,NA
at://did:plc:imdb5lnqdvuployv2wxfgdms/app.bsky.feed.post/3m5nvo7nyzc22,darylfeehely.com,2025-11-15T09:40:43.925Z,"Regarding the discussion about Irish abroad voting in Presidential elections, I just came across Ireland’s Diaspora Strategy 2020–2025.

In it, they promise to ""Hold a referendum on extending the franchise in presidential elections to citizens resident outside the State""

Maybe in Dec 😂

#Speirgorm",3,0,1,1,NA
at://did:plc:cfoygrx4clhglmhy6ted7su2/app.bsky.feed.post/3m5nsmfkucs2u,stivvers.bsky.social,2025-11-15T08:45:59.319Z,"#seafóid1048 15 Samhain
🟩🟩🟩🟩🟩
🟩⭐🟩⬛🟩
🟩🟩🟩🟩🟩
🟩⬛🟩⬛🟩
🟩🟩🟩🟩🟩
Réalta amháin as cúig

#Gaeilge #Cluichí #Seafóid #speirgorm

seafóid.com - seafoid.com",0,0,1,0,at://did:plc:cfoygrx4clhglmhy6ted7su2/app.bsky.feed.post/3m5lbhahmlk25
at://did:plc:mh5mt4ifqn6otuf52ddfa7nb/app.bsky.feed.post/3m5nqhlb64c22,sighjinks.bsky.social,2025-11-15T08:07:31.725Z,"No matter how nice it is, if someone compliments you, you must immediately say “What? This? Penney’s, hun” even if it’s designer, you must insist it was a bargain. Otherwise notions will be declared. #speirgorm",5,0,0,0,NA
at://did:plc:3hfw67p4pxa73yr5sentqpzs/app.bsky.feed.post/3m5nqfx4drc2v,lmur.bsky.social,2025-11-15T08:06:38.522Z,🤣 #speirgorm #spéirgorm,1,0,0,0,NA
at://did:plc:gjsoejzm7at4syhrvzgizrev/app.bsky.feed.post/3m5ncoivqkc2a,ainekeenan.bsky.social,2025-11-15T04:01:05.625Z,"Everybody needs good neighbours.
With a little understanding,
You can find the perfect blend.
That's when good neighbours
become good friends.

Barry Crocker, 20th century

#Photography #Poetry #SpeirGorm #StreetPhotography #Caturday #ImageAndVerse #ArtOfBlueSky #PhotographersOfBlueSky #EastCoastKin",187,2,9,20,NA
at://did:plc:jxo3eqeeh3kxphirpaqlbnaq/app.bsky.feed.post/3m5n4yjz4yk2s,hazelklarkin.bsky.social,2025-11-15T02:19:05.920Z,"Ireland, take note #SpéirGorm",25,0,0,13,NA
at://did:plc:uwji4l3wzsygaxduowluqmgr/app.bsky.feed.post/3m5mwvnyejc2y,sharrow.bsky.social,2025-11-15T00:30:06.828Z,"Could you image the #Dáil & Seanad being like even 70% women, for 2 decades?

I think #Ireland would be better for it. 

#speirgorm",6,0,1,1,NA
at://did:plc:atvnvkmpkr3szyzr25bd63uh/app.bsky.feed.post/3m5ms6syzek2d,alimack13.bsky.social,2025-11-14T23:05:44.428Z,"#speirgorm. Still at it, the rain mean.",1,0,0,0,NA
at://did:plc:uwji4l3wzsygaxduowluqmgr/app.bsky.feed.post/3m5ms62csb22l,sharrow.bsky.social,2025-11-14T23:05:19.821Z,"What nonsense is this, esp for those who are on #disability or are #loneparents.

#speirgorm",9,0,0,1,NA
at://did:plc:wse2xzmb4etf7dpmdodw75lt/app.bsky.feed.post/3m5mpzlm35k2y,jenniferomeara5.bsky.social,2025-11-14T22:27:05.635Z,"New designs! Ooh! Just in time for gifting. 
#SLATED
#SpeirGorm",3,0,1,2,NA
at://did:plc:3wwfmk7uimirf4qtfj3ybjzl/app.bsky.feed.post/3m5mpnnu3222y,colmori.bsky.social,2025-11-14T22:20:37.548Z,"At the turntables at Anseo, Camden St tonight if you are about Dublin town in search of tunes.. #Speirgorm",2,0,0,0,NA
at://did:plc:ro76qxmd6nel5b5p4262x5eq/app.bsky.feed.post/3m5mn5ij3vs2i,lokideburca.bsky.social,2025-11-14T21:35:31.125Z,"#Ireland #SaoirseDonPhalaistín #Speirgorm
T'will be wet, but tis Ireland like, so wrap up, stay dry and bring your shouting voice. See ye tomorrow.
🇮🇪💚🇵🇸",3,0,0,0,NA
at://did:plc:aa5wpvxhuwxxznbdy4rsay2e/app.bsky.feed.post/3m5mjvwajec27,elaineedwards.bsky.social,2025-11-14T20:37:36.924Z,Bouncy landing at Dublin airport earlier prompted some clapping from the People Who Clap When Planes Land. A few threw a smile and a “fair play to him!” at the cabin crew as they got off. #Speirgorm,4,0,0,0,NA
at://did:plc:prly24cm7uliwpa5khnuxuej/app.bsky.feed.post/3m5mhdjpmoc23,doublek01.bsky.social,2025-11-14T19:51:31.923Z,##speirgorm,10,0,0,4,NA
at://did:plc:y37mgxptpzfiljrhqdcmbwzt/app.bsky.feed.post/3m5mg6etens2i,pollygaillimh.bsky.social,2025-11-14T19:30:45.426Z,#speirgorm,4,0,1,0,NA
at://did:plc:y37mgxptpzfiljrhqdcmbwzt/app.bsky.feed.post/3m5mg2vxt6c2i,pollygaillimh.bsky.social,2025-11-14T19:28:50.725Z,"time.com/7333194/irel...
#speirgorm",0,0,0,0,NA
at://did:plc:v6y63c54iecyzlxp3vrxvwv2/app.bsky.feed.post/3m5mehnvpgs24,rdisc0mb0bulate.bsky.social,2025-11-14T19:00:09.520Z,You’ll need to create a # so #SpeirGorm can follow!,1,0,1,0,at://did:plc:rcrygfr57rhiaaeet2snrwnc/app.bsky.feed.post/3m5mefmjuxk27
at://did:plc:jhndv2ueuu77qaiw5ivjkhx7/app.bsky.feed.post/3m5me3rla3f2b,despod.bsky.social,2025-11-14T18:53:30.421Z,"Interesting to contrast the reactions to the weather guys posts:
Bluesky: that information is already in the warnings.
X: the lizard people want us to die.

#Speirgorm",2,0,1,0,NA
at://did:plc:tlnguhs2pkkplm3zhyi63lms/app.bsky.feed.post/3m5mdmo4qp22x,creativedynamix.bsky.social,2025-11-14T18:45:04.722Z,"North Wexford 
Cahore 

#speirgorm",0,0,0,2,NA
at://did:plc:r4hqvnfuc2flfguavyrhcjgg/app.bsky.feed.post/3m5mdfpg5w22h,321kieran.bsky.social,2025-11-14T18:41:12.326Z,"🚨If you💚 #IrishMusic go follow this playlist NOW!
▶️3hrs+ of🔥incl:
@niallbreslin.bsky.social
@maykay.bsky.social
@cmatbaby.bsky.social
@saolsongs.bsky.social
@affectiontorent.bsky.social
@eamonbrady.bsky.social ++
open.spotify.com/playlist/4ur... #Speirgorm",0,0,0,0,at://did:plc:r4hqvnfuc2flfguavyrhcjgg/app.bsky.feed.post/3m5lrnpeuc22h
at://did:plc:mcb6n67plnrlx4lg35natk2b/app.bsky.feed.post/3m5mcstguio2g,nowbreezing.ntw.app,2025-11-14T18:30:37.025Z,"
Bluesky's Top 10 Trending Words (past 10min):
💨x66 - nuzzi
💨x44 - metroid
💨x37 - bubba
💨x1* - democracy 🔓
💨x1* - ukraine 🔓
💨x27 - samus
💨x1* - gaza 🔓
💨x17 - lolita
💨x16 - 1﹐609
💨x14 - megyn
*🔓 = Unlocked Emergency Words (see img)

#йобанарусня 🇺🇦

(Something not right? Reply!)",1,0,0,0,NA
at://did:plc:rj54e4tn2c5l6kmuqotuahuv/app.bsky.feed.post/3m5mcppg3i22a,pnamblath.bsky.social,2025-11-14T18:28:53.319Z,"Still raining ☔️ 
#báisteach #rain
#speirgorm 
youtu.be/_VyA2f6hGW4?...",2,0,0,0,NA
at://did:plc:uwji4l3wzsygaxduowluqmgr/app.bsky.feed.post/3m5mcgq7rn22t,sharrow.bsky.social,2025-11-14T18:23:51.128Z,"There are many medications which are over the counter in the redt if the EU which are prescription only here.

Changing this will free up GPs.

#speirgorm",13,0,1,3,NA
at://did:plc:zhnxit2ol47yfkmdl6eicbbm/app.bsky.feed.post/3m5mcbzjads2c,hyperbolicdub.bsky.social,2025-11-14T18:21:12.922Z,"Nobody does a stag-do like the Brits. Loved wherever they go for seamlessly fitting in 

#speirgorm",5,0,0,0,NA
at://did:plc:56aoxjem4pjvtqsscuhq223t/app.bsky.feed.post/3m5mc4dehtk2z,rogerokeeffe.bsky.social,2025-11-14T18:18:06.021Z,"www.instagram.com/reel/DQgTMmX...

#speirgorm These are the most unequivocally Irish accents I've ever heard from Newfoundland.",3,0,1,1,NA
at://did:plc:v6y63c54iecyzlxp3vrxvwv2/app.bsky.feed.post/3m5mbvkmfqc24,rdisc0mb0bulate.bsky.social,2025-11-14T18:14:18.127Z,"It’s happening!! 
#SpeirGorm",2,0,2,0,NA
at://did:plc:htzrfp3q6p3ht3x7knog6mdd/app.bsky.feed.post/3m5mbleqdik2w,grainneblair.bsky.social,2025-11-14T18:08:37.123Z,#Speirgorm,14,0,3,1,NA
at://did:plc:3mynxmaherbxeaun744qzgmy/app.bsky.feed.post/3m5marqklac26,conormolloy.bsky.social,2025-11-14T17:54:13.120Z,"The EU is on track, Ireland🔥€1+m🦖juice/hr. #speirgorm",2,0,0,0,NA
at://did:plc:ofmkl4k2ybutv5b3xpmuq36h/app.bsky.feed.post/3m5m7vksjok2r,limerick4inarow.bsky.social,2025-11-14T17:38:30.120Z,"Lads..

#speirgorm",4,0,0,0,NA
at://did:plc:tvwagmwteyuzfgkxwsqjvhya/app.bsky.feed.post/3m5m73pqfo226,msmcglencree.bsky.social,2025-11-14T17:24:05.923Z,"Happy Doggo in the woods!
#speirgorm #retriever #autumn",10,0,0,0,NA
at://did:plc:v6y63c54iecyzlxp3vrxvwv2/app.bsky.feed.post/3m5m6yol4ls2v,rdisc0mb0bulate.bsky.social,2025-11-14T17:22:21.924Z,"Not bad at all! 

(No Alcohol November in lieu of Dry January)
#SpeirGorm",5,0,1,0,NA
at://did:plc:lcczgcqfsgyocligu3ukzexx/app.bsky.feed.post/3m5m6qo4xw22t,squeefulraven.bsky.social,2025-11-14T17:17:49.121Z,"Winter…oh youuuuuu! 5pm and ‘Tis pitch black out there! It was also very mild up to this week, I’m feeling the damp in my forty something year old bones! OH! The draaaama! 😩😅 

#FierceWeather #Winter #Dark #DarkEarly #SpéirGorm #SpeirGorm #Ireland #WinterIsComing #StormClaudia",3,0,0,0,NA
at://did:plc:uykfbllmouhzglizubgmqu2d/app.bsky.feed.post/3m5m5ci4epc2g,python-ireland.bsky.social,2025-11-14T16:52:02.120Z,"Hi all,
We’ll be posting live from PyCon Ireland tomorrow. 
We’re far more active on mastodon than here so if you can, please join us on mastodon.ie and follow the hashtag #PyConIE there! 

#SpeirGorm",2,0,0,2,NA
at://did:plc:5cinc2kkxopkaxznsvl7ba5v/app.bsky.feed.post/3m5m4lngiy22b,niamhnicheallaigh.bsky.social,2025-11-14T16:39:19.324Z,"#StormClaudia is in full swing. Danny is having a duvet day. The sun is well and truly over the yardarm, and it's Friday!!. Sure what else could I do? Sláinte 🥃

#SpéirGorm",7,0,0,0,NA
at://did:plc:v6y63c54iecyzlxp3vrxvwv2/app.bsky.feed.post/3m5m34qt3v22w,rdisc0mb0bulate.bsky.social,2025-11-14T16:12:59.827Z,"Took an early afternoon on account of that dreadful weather. Shopping done, children spared the ordeal of having to wait an hour for the school bus. 

Home and already in PJs with the fire lighting! 

#SpeirGorm",9,0,3,0,NA
at://did:plc:dwzlhfisxytmrluhpl2dvypt/app.bsky.feed.post/3m5m2vvn6l22r,niamhroisin.bsky.social,2025-11-14T16:09:09.922Z,A 17-post thread for you all :) I think I will just try to write my book on Bluesky posts!! #speirgorm,10,1,2,0,NA
at://did:plc:vjfdasv4ih34nmfxkit4obeo/app.bsky.feed.post/3m5lysb464226,jhshelley.bsky.social,2025-11-14T15:31:19.628Z,"#Speirgorm

So if the Pro-Cathederal is no longer.
Does that imply there'll soon be a continuity-Cathedral whilst people look back on the Old-Cathedral ? 

Drama in church ⛪",1,0,1,1,NA
at://did:plc:3mynxmaherbxeaun744qzgmy/app.bsky.feed.post/3m5lyc37tnk2w,conormolloy.bsky.social,2025-11-14T15:22:17.020Z,"#Speirgorm Importing and burning Fossil Fuels is costing us a fortune (>€1m per hour in 2024). 
Worth supporting @foeireland.bsky.social 
(I don't always agree with FOE or @greenpartyie.bsky.social but #Climate and #StopBurningStuff is something we can all agree on).",1,0,0,0,NA
at://did:plc:lcczgcqfsgyocligu3ukzexx/app.bsky.feed.post/3m5ly4mghek2w,squeefulraven.bsky.social,2025-11-14T15:19:13.823Z,"It’s Trans Awareness Week, Nov 13th to 19th. All my love to my wonderful waifu and my Trans friends and family, I love you all and without meaning to sound pretentious… I am proud of you and proud to have you in my life 🥰 🏳️‍⚧️🏳️‍🌈

#TransAwarenessWeek #TransRights #SpéirGorm #SpeirGorm #LGBTQIA+ #LGBTQ",13,0,0,6,NA
at://did:plc:aozsf6n4ii7kftvlsr2yvfhq/app.bsky.feed.post/3m5lxmagk4s2w,orla-hegarty.bsky.social,2025-11-14T15:10:05.623Z,"“as incomes catch up, houses will become more affordable” - TCD Economist Barra Roantree on RTE Primetime 

..I’m not an economist, but wanting wage inflation in order to put more money into housing, & damaging Ireland’s competitiveness in the process? Very high risk & very unnecessary  #Speirgorm",39,1,12,11,NA
at://did:plc:mcb6n67plnrlx4lg35natk2b/app.bsky.feed.post/3m5lx3eg6z323,nowbreezing.ntw.app,2025-11-14T15:00:38.425Z,"
Bluesky's Top 10 Trending Words (past 10min):
💨x67 - megyn
💨x52 - metroid
💨x42 - samus
💨x37 - patton
💨x1* - democracy 🔓
💨x30 - bubba
💨x1* - ukraine 🔓
💨x26 - 1﹐609
💨x25 - oswalt
💨x1* - gaza 🔓
*🔓 = Unlocked Emergency Words (see img)

#йобанарусня 🇺🇦

(Something not right? Reply!)",1,0,0,0,NA
at://did:plc:dwzzia37p6hrchyb54w4jufv/app.bsky.feed.post/3m5lwprxxic2i,imjustkev67.bsky.social,2025-11-14T14:54:11.823Z,If fecking only #Speirgorm #TransRightsAreHumanRights,3,0,0,0,NA
at://did:plc:44tv6cw6m646fqaxhgnys437/app.bsky.feed.post/3m5lwpd5b2k2u,drkevguitar.bsky.social,2025-11-14T14:53:54.020Z,"Reminder, I block or mute *any* account posting AI generated images. It's just not fuckin cool at all. 
#guitar #speirgorm #BillsMafia",5,0,0,0,NA
at://did:plc:ymhebkmh56zigyqiomogsupn/app.bsky.feed.post/3m5lwnkzi7k2c,taesaveslives.bsky.social,2025-11-14T14:52:56.220Z,"I will defend to the end my belief that these various quacks, promoting pseudoscience, giving false hope and encouraging unsafe or downright lethal practices should be tried for at least manslaughter if not murder. 
#speirgorm",4,0,0,0,NA
at://did:plc:jxo3eqeeh3kxphirpaqlbnaq/app.bsky.feed.post/3m5lvzk55mc2j,hazelklarkin.bsky.social,2025-11-14T14:41:43.722Z,"It's desperate, isn't it? I'm so grateful to have a roof over my head and a warm home. #SpéirGorm #WhatTheFluich #SpéirLiath",1,0,1,0,at://did:plc:tjqi5lvhbzfs22x2fivei2kk/app.bsky.feed.post/3m5lu6zmpj22p
at://did:plc:jl6cn5yuzpi4tj5vfl7ysfrm/app.bsky.feed.post/3m5luknfqlk2b,shazbear.bsky.social,2025-11-14T14:15:32.427Z,"Wtf is it with electric prices here? 😡My latest bill just gave me horrible nostalgia of Pandemic prices. It's €50 a month more for the same amount of usage & in tiny print it says ""Due to wholesale energy & network price charges, we've regrettably increased our elec prices from 12 Oct"" #SpeirGorm ⚡",2,0,2,1,NA
at://did:plc:swknwdgyvbkrbda6fdhhwefj/app.bsky.feed.post/3m5lufomrrc2x,electionlit.bsky.social,2025-11-14T14:12:46.722Z,Might be of help today..  #speirgorm,64,7,5,22,NA
at://did:plc:bzjctancupmf6cbk3eazuenz/app.bsky.feed.post/3m5ltpxgfy22y,rebelalliance77.bsky.social,2025-11-14T14:00:34.224Z,Is there a reason we can’t just have Christchurch back? It was a Catholic cathedral from the foundation stone up and for hundreds of years&taken over during the reformation under severely dubious circumstances. Surely if we just asked them nicely? I mean they took St Patrick’s too like #Speirgorm,0,0,2,0,NA
at://did:plc:ofmkl4k2ybutv5b3xpmuq36h/app.bsky.feed.post/3m5ltnbx4ok2r,limerick4inarow.bsky.social,2025-11-14T13:59:07.729Z,"Lads…

#speirgorm",0,0,0,0,NA
at://did:plc:x5lrler73bq3lzmf5hwks5wg/app.bsky.feed.post/3m5ltck4vfc26,siobhanmcclean.bsky.social,2025-11-14T13:53:05.627Z,"I find it really hard to believe that that charlatan in Killaloe is still on the go 
Over 20 years ago, he requested a massive fee to treat a friend with a brain tumour  that would’ve required a house re-mortgage. 
He has absolutely no scruples. 
#spéirgorm",5,0,0,2,NA
at://did:plc:wk4vbtn77njhk4mlohgewj2m/app.bsky.feed.post/3m5lt3h4ekc22,caroleducky.bsky.social,2025-11-14T13:49:10.421Z,#Dublin #DCC #SpeirGorm,0,0,0,2,NA
at://did:plc:rj54e4tn2c5l6kmuqotuahuv/app.bsky.feed.post/3m5ls32dld22i,pnamblath.bsky.social,2025-11-14T13:31:01.122Z,"🌧️🌧️🌧️🌂 More on the way #báisteach
#speirgorm
youtu.be/lRmJZIQfjbo?...",2,0,1,0,NA
at://did:plc:r4hqvnfuc2flfguavyrhcjgg/app.bsky.feed.post/3m5lrnpeuc22h,321kieran.bsky.social,2025-11-14T13:23:30.823Z,"📢Listen back NOW to Dublin's #AnamoeDrive all about their great new album!

🎧Also check out great chats with @maykay.bsky.social , #Cabl & @davidsanclair.bsky.social, @niallbreslin.bsky.social, @asmythmusic.bsky.social. @richiejape.bsky.social, & more!

▶️ www.nova.ie/podcast/the-... #Speirgorm",1,0,1,0,at://did:plc:r4hqvnfuc2flfguavyrhcjgg/app.bsky.feed.post/3m5cd3kft2k2j
at://did:plc:fs625ovzqs2tosutroj2lfvz/app.bsky.feed.post/3m5lqps73x22q,susangriff.bsky.social,2025-11-14T13:06:48.523Z,"Today is the *first anniversary* of me joining Bluesky.🎉 My first post on 14th Nov '24 was a pic of my ""smiley"" doggo, and me saying ""happy to be here"". I'm still happy to be here, and thankful for the communities discovered (special mention : #speirgorm), and for all the interactions along the way.",11,0,2,0,NA
at://did:plc:wse2xzmb4etf7dpmdodw75lt/app.bsky.feed.post/3m5lqdwzjjs2u,jenniferomeara5.bsky.social,2025-11-14T13:00:10.222Z,"Am I reading this right? He gave her an injection of what was basically sugar and told her it would cure arthritis???
People who are in pain are desperate for relief. People like him are just desperate to get our money. 
#SpeirGorm",8,0,1,0,NA
at://did:plc:p3ajfs5yqzh6anrao6r73nho/app.bsky.feed.post/3m5lqan2a2c2r,uplift.ie,2025-11-14T12:58:21.124Z,"Survivors of sexual violence deserve safety, dignity, and privacy when seeking counseling and support. ✊️

#SpeirGorm

my.uplift.ie/petitions/en...",2,0,0,1,NA
at://did:plc:wk4vbtn77njhk4mlohgewj2m/app.bsky.feed.post/3m5lpmeycrc2n,caroleducky.bsky.social,2025-11-14T12:47:05.743Z,"‘Open verdict returned in death of woman (83) who used alternative medicine.’

JFC! All that is wrong with ‘natural practitioners’ in one tragic example. 🤬 
jrnl.ie/6874449

#SpeirGorm",22,1,6,11,NA
at://did:plc:dwzlhfisxytmrluhpl2dvypt/app.bsky.feed.post/3m5lpcrmrhk2r,niamhroisin.bsky.social,2025-11-14T12:41:39.927Z,Lots of posts on my new BuildingCatholicIreland Instagram page for anyone who might be interested! #IrishArchitecture #IrishHistory #speirgorm,7,0,0,0,NA
at://did:plc:bjovrbtmnlckoh6vaalnqjzi/app.bsky.feed.post/3m5lolhiock2u,lisagrimm.com,2025-11-14T12:28:40.322Z,"Some painting happening at The Auld Triangle - odd to see it without the mural. Would imagine a new one will appear in due course.

#SpeirGorm",10,0,2,1,NA
at://did:plc:il65euvovepysgitnnxtyghe/app.bsky.feed.post/3m5lnpefjkc2q,claireissimo.bsky.social,2025-11-14T12:12:55.025Z,#TicketFairy #SpeirGorm #SpéirGhorm,1,0,1,1,NA
at://did:plc:2ll6cgbcj4u3prjbf75bjvjr/app.bsky.feed.post/3m5lmutfocilp,flockdublin.bsky.social,2025-11-14T11:58:15.921Z,"Our Christmas cards use scraps and offcuts of wool felt, stuck with eco glue over a print of a tree trunk drawing on recycled card and come with a recycled envelope packed in clear cornstarch cellophane.
Pick out a selection Instore!
#irishcraft #woolfelt #christmascards #visitdublin #speirgorm",5,0,0,2,NA
at://did:plc:kdfjolyplxr4ope2ssfuosck/app.bsky.feed.post/3m5llzr3sts2y,eointf.bsky.social,2025-11-14T11:42:56.625Z,Seems like the trimmings on the RadWagon cargo bike were perhaps not designed with the Irish climate in mind. #bikesky #speirgorm,6,0,2,0,NA
at://did:plc:rj54e4tn2c5l6kmuqotuahuv/app.bsky.feed.post/3m5llrbjtqk2e,pnamblath.bsky.social,2025-11-14T11:38:09.123Z,"Still I wonder, still I wonder…
💧🌧️☔️☔️🌂 #báisteach
#speirgorm 
youtu.be/VMJFWiZ-bOc?...",1,0,0,0,NA
at://did:plc:pdendcplixw4gxmn7ubv3dnd/app.bsky.feed.post/3m5lln57lnk2w,meltyshirts.com,2025-11-14T11:35:49.820Z,"Feck it, for the day that's in it...

www.redbubble.com/shop/ap/1758...",7,0,0,2,NA
at://did:plc:j2wnnsrxlcesmgggtmpfou7c/app.bsky.feed.post/3m5ll7wr4tc23,dochasisgra.bsky.social,2025-11-14T11:28:27.120Z,#speirgorm,1,0,0,0,NA
at://did:plc:b25fw5q6tr2faqdy52du276g/app.bsky.feed.post/3m5lkatbix22t,gildedalm.com,2025-11-14T11:11:05.528Z,"◈
𝕟𝕖𝕨
𝕚𝕟𝕕𝕖𝕡𝕖𝕟𝕕𝕖𝕟𝕥
𝕣𝕖𝕝𝕖𝕒𝕤𝕖𝕤
◈
𝕠𝕦𝕥 𝕟𝕠𝕨

▣  SWORD II
▣  FKA twigs
▣  BLONDSHELL
▣  NIGHTMARES ON WAX

◈
𝕝𝕚𝕤𝕥𝕖𝕟
linktr.ee/gildedalm

◈
@partisanrecords.bsky.social @warprecords.bsky.social @blondshell.bsky.social #swordII #FKAtwigs #NightmaresOnWax #irishbluesky #speirgorm #musicsky #newreleases #music",0,0,0,1,NA
at://did:plc:bjovrbtmnlckoh6vaalnqjzi/app.bsky.feed.post/3m5lgs42l222y,lisagrimm.com,2025-11-14T10:09:21.921Z,"‘Tis the season…

#SpeirGorm",7,0,0,0,NA
at://did:plc:fp3kfdvjyskh74nzp74bwcah/app.bsky.feed.post/3m5let2sxoc2f,nordaltsee.bsky.social,2025-11-14T09:33:52.921Z,Soundabout - I love it #SpeirGorm,19,1,1,5,NA
at://did:plc:dwzzia37p6hrchyb54w4jufv/app.bsky.feed.post/3m5leoldnsc2x,imjustkev67.bsky.social,2025-11-14T09:31:23.325Z,"Yep, I can imagine Ireland winning the game two nil being mentioned in passing in the last paragraph of that one alright 😂 Forgive me if I dont give them the click they most desperately crave. #spéirgorm #COYBIG

arethebritsatitagain.org",1,0,0,0,NA
at://did:plc:n7fcksjsljwyxguh5mjsbl5s/app.bsky.feed.post/3m5ledqjpz224,rockyroader.bsky.social,2025-11-14T09:25:19.222Z,"#speirgorm #livemusic #SugarClub #dublingigs #Free #Tickets

I have a pair of tickets for Martin Stephenson & The Daintees at the Sugar Club, Dublin, Thurs 20th.
FREE to any taker.
I've double-booked myself for Thursday, but I'll see the show on Friday night!",1,0,0,0,NA
at://did:plc:34xv6f7iv63eqdmgqd7jyws6/app.bsky.feed.post/3m5ld4pey3c23,smidgendublin.bsky.social,2025-11-14T09:03:22.822Z,🚨FIADH ALERT🚨 Hang this in the Louvre (behind very secure glass!). #speirgorm,7,0,0,2,NA
at://did:plc:34xv6f7iv63eqdmgqd7jyws6/app.bsky.feed.post/3m5lcqbf57c2a,smidgendublin.bsky.social,2025-11-14T08:56:29.123Z,"#GOODNEWSONLY 1.50min of pure seratonin. ""A wildlife photographer on a whale-watching trip in waters off Seattle captured dramatic video and photos of a pod of killer whales hunting a seal that survived only by clambering on to the stern of her boat."" #speirgorm www.theguardian.com/environment/...",6,0,0,1,NA
at://did:plc:c6u2yeaq6gqyhlkodkjkli5l/app.bsky.feed.post/3m5lci6icx22j,nevshek.bsky.social,2025-11-14T08:52:00.022Z,Interesting 🧵 #speirgorm,1,0,0,0,NA
at://did:plc:qywcmx577hlrhttfeurxgqp4/app.bsky.feed.post/3m5lc44flfp2k,thriveabetes.bsky.social,2025-11-14T08:45:14.921Z,"Guess what day it is? It’s Giant Pupil aka Diabetes Retina Screening Day
Thriveabetes cofounder, Gráinne had her Retina Screening this week. She was in & out of her appointment in 35 mins.
Check to see if you're on the register buff.ly/UrYQGA8 
#WorldDiabetesDay #WDD #DiabetesIreland #SpeirGorm",2,0,0,0,NA
at://did:plc:cfoygrx4clhglmhy6ted7su2/app.bsky.feed.post/3m5lbhahmlk25,stivvers.bsky.social,2025-11-14T08:33:33.122Z,"#seafóid1047 14 Samhain
🟩🟩🟩🟩🟩
🟩⬛🟩⬛🟩
🟩🟩🟩⬜🟩
🟩⬛⬜⬛⬜
🟩🟩🟩🟩🟩
Teip ann inniu 😤

#Gaeilge #Cluichí #Seafóid #speirgorm 

seafóid.com - seafoid.com",0,0,1,0,at://did:plc:cfoygrx4clhglmhy6ted7su2/app.bsky.feed.post/3m5gmzz33sk26
at://did:plc:mcb6n67plnrlx4lg35natk2b/app.bsky.feed.post/3m5l4aro3m52e,nowbreezing.ntw.app,2025-11-14T07:00:29.024Z,"
Bluesky's Top 10 Trending Words (past 10min):
💨x25 - 1﹐609
💨x1* - ukraine 🔓
💨x11 - megyn
💨x8 - са
💨x8 - vrijdag
💨x8 - starbucks
💨x1* - gaza 🔓
💨x8 - 396
💨x7 - 紅白
💨x7 - huevos
*🔓 = Unlocked Emergency Words (see img)

#ListenToBlackVoices

(Something not right? Reply!)",1,0,0,0,NA
at://did:plc:vjfdasv4ih34nmfxkit4obeo/app.bsky.feed.post/3m5l44ppgss2f,jhshelley.bsky.social,2025-11-14T06:58:17.924Z,"Rather proud of this one.

#Blueskyphotography
#speirgorm #Ireland
#Art
#photography
#Landscape
#Nature
#Snapseed
#Reflections",17,0,0,0,NA
at://did:plc:ro76qxmd6nel5b5p4262x5eq/app.bsky.feed.post/3m5l3xjmycs27,lokideburca.bsky.social,2025-11-14T06:55:18.127Z,"Morning, still can't believe voting for Catherine Connolly would end in a 2-0 win over Portugal(with added Ronaldo red card bonus) but here we are. 
#Ireland #Speirgorm #football #footie",73,0,2,15,NA
at://did:plc:v6y63c54iecyzlxp3vrxvwv2/app.bsky.feed.post/3m5l3g3y74c2s,rdisc0mb0bulate.bsky.social,2025-11-14T06:45:34.526Z,"Good morning, #SpeirGorm

TFIF!",13,0,4,0,NA
at://did:plc:bml5hshg5h32vbfxn3nuicjx/app.bsky.feed.post/3m5l27aa3ls24,obstreperousg.bsky.social,2025-11-14T06:23:50.520Z,"Stumbled upon a wonderful podcast episode called ""How To Be Irish"" talking with @clodaghfinn.bsky.social yesterday, loved every minute. I'm now moving onto the other episodes. #SpéirGorm",4,0,0,0,NA
at://did:plc:gjsoejzm7at4syhrvzgizrev/app.bsky.feed.post/3m5kzajd7fs2v,ainekeenan.bsky.social,2025-11-14T06:06:44.623Z,"Ya douse an souse
Ya rub and scrub
Ya sputter and splash
all over the tub
You may be cold and wet
when you're done
But ya gotta admit
it's good clean fun

Snow White, 20th century

#Photography #Poetry #SpeirGorm #StreetPhotography #ImageAndVerse #ArtOfBlueSky #PhotographersOfBlueSky #EastCoastKin",178,1,3,16,NA
at://did:plc:wse2xzmb4etf7dpmdodw75lt/app.bsky.feed.post/3m5kngfkckk2s,jenniferomeara5.bsky.social,2025-11-14T02:35:11.621Z,"The flights to Hungary just got VERY expensive. 
#SpeirGorm",3,0,1,1,NA
at://did:plc:wse2xzmb4etf7dpmdodw75lt/app.bsky.feed.post/3m5kmstnsh22s,jenniferomeara5.bsky.social,2025-11-14T02:24:15.026Z,"This takes less than 2 minutes - a template email is provided, just add your name at the end and hit send. 
Please do it! 
#SpeirGorm
#BDS",3,0,0,0,NA
at://did:plc:y37mgxptpzfiljrhqdcmbwzt/app.bsky.feed.post/3m5kinudyu22m,pollygaillimh.bsky.social,2025-11-14T01:09:52.822Z,#flooding #speirgorm,0,0,0,0,NA
at://did:plc:flpf3rksopl7zx2tbgsyjv7m/app.bsky.feed.post/3m5kdan6zh22y,nicolahorgan.bsky.social,2025-11-13T23:33:10.269Z,"Tis a well lit wander home...

#speirgorm #moonlight",3,0,0,0,NA
at://did:plc:n6yvrp7h45vdrm72nrldcbzq/app.bsky.feed.post/3m5kcgxj55k2i,tararoonies.bsky.social,2025-11-13T23:18:39.221Z,"Hehe cheeriobye Ronnie
#speirgorm",10,1,0,0,NA
at://did:plc:k43ha6nlknmdw4owymqnvcat/app.bsky.feed.post/3m5kbkw3y7o2r,hourlybreezing.ntw.app,2025-11-13T23:02:58.128Z,"
Bluesky's Top 10 Trending Words (past 60min):
💨x152 - megyn
💨x1* - democracy 🔓
💨x1* - ukraine 🔓
💨x1* - gaza 🔓
💨x60 - gaetz
💨x58 - rubiales
💨x40 - 11/13/2025
💨x34 - oreos
💨x33 - ephebophilia
💨x33 - chatterton
*🔓 = Unlocked Emergency Words (see img)

#FreePalestine 🇵🇸

(Something not right? Reply!)",0,0,0,0,NA
at://did:plc:xkdpocwvwcs2j4qydoicjkg4/app.bsky.feed.post/3m5kbk7ucik2t,bwalsh.bsky.social,2025-11-13T23:02:34.821Z,"Speirgorm
Spéirghorm
Spéir Ġorm

(""Glenroe"" theme plays)",2,0,0,0,NA
at://did:plc:367j7vu5r3gmfjoecplnrhvb/app.bsky.feed.post/3m5kalsayrc2z,mairenimhordha.bsky.social,2025-11-13T22:45:39.728Z,"On a day that saw our govt publish a housing strategy with no targets, benefiting business interests, CATU Meath were out knocking on doors talking to people about housing issues. We are all stronger together, and when we work together we can do so much than on our own.  
catuireland.org #spéirgorm",8,0,1,2,NA
at://did:plc:mcb6n67plnrlx4lg35natk2b/app.bsky.feed.post/3m5kacrpuma2x,nowbreezing.ntw.app,2025-11-13T22:40:31.326Z,"
Bluesky's Top 10 Trending Words (past 10min):
💨x70 - megyn
💨x1* - democracy 🔓
💨x21 - vine
💨x20 - gaetz
💨x17 - sombrero
💨x15 - oreos
💨x14 - mls
💨x14 - chomsky
💨x1* - ukraine 🔓
💨x12 - spear
*🔓 = Unlocked Emergency Words (see img)

#йобанарусня 🇺🇦

(Something not right? Reply!)",0,0,0,1,NA
at://did:plc:6hkl7fbyzvr6nb7xw3n4k3ks/app.bsky.feed.post/3m5ka2gzl5k2g,karenoc.bsky.social,2025-11-13T22:35:51.625Z,This - this is the best one - please someone make this 👌🏼 #speirgorm #irlpor,7,0,0,1,NA
at://did:plc:aa5wpvxhuwxxznbdy4rsay2e/app.bsky.feed.post/3m5k7y2b5ok2m,elaineedwards.bsky.social,2025-11-13T22:34:31.422Z,"In the year of our lord 2025, a hotel does not have any sockets beside the bed #Speirgorm",15,0,4,0,NA
at://did:plc:k2qphz4i7ioibek2iaqmdwwi/app.bsky.feed.post/3m5k7rny45223,bikesnbukes.bsky.social,2025-11-13T22:30:57.220Z,"Too many American folk in my feed tonight and not enough exultant Irish nonsense. We should really follow the lead of  @rude1.blacksky.team and develop a  #speirgorm community.  Curated feeds only get you so far. And by all accounts, the tools Blacksky developed do help a healthy online community.",6,0,6,0,NA
at://did:plc:6nsn4i44ao5n74hprn6xbkru/app.bsky.feed.post/3m5k6osnrcs25,fcemurphy.bsky.social,2025-11-13T22:11:30.219Z,"Live reporting from Lansdowne Rd

#COYBIG #Speirgorm #coybig #Ireland",16,0,1,0,NA
at://did:plc:hwmq6mpg7enk436vw6rg4o5g/app.bsky.feed.post/3m5k6oiv2i22c,marcocathasaigh.bsky.social,2025-11-13T22:11:16.628Z,"Dochreidte ag an pointe seo. Tá na treoirlínte seo (chomh maith le cionníollacha teanga, atá b'fheidir chomh tábhachtach) geallta le fada an lá. Níl sé inghlactha le géarchéim titíochta ag cur leis an ngéarchéim teanga. @greenpartyie.bsky.social #spéirgorm",4,1,0,3,NA
at://did:plc:mcb6n67plnrlx4lg35natk2b/app.bsky.feed.post/3m5k6nm3yif2h,nowbreezing.ntw.app,2025-11-13T22:10:47.228Z,"
Bluesky's Top 10 Trending Words (past 10min):
💨x82 - megyn
💨x1* - democracy 🔓
💨x28 - mls
💨x21 - gaetz
💨x1* - gaza 🔓
💨x1* - ukraine 🔓
💨x19 - taskmaster
💨x17 - 11/14
💨x15 - oreos
💨x13 - rubiales
*🔓 = Unlocked Emergency Words (see img)

#ListenToBlackVoices

(Something not right? Reply!)",1,0,0,1,NA
at://did:plc:ovdpgfgf7umvabead4h3mxye/app.bsky.feed.post/3m5k6lw7ibk25,kristian7ross.bsky.social,2025-11-13T22:09:54.128Z,"Good grief. 

#Speirgorm",1,0,0,0,NA
at://did:plc:ofmkl4k2ybutv5b3xpmuq36h/app.bsky.feed.post/3m5k6j2zcgs2c,limerick4inarow.bsky.social,2025-11-13T22:08:18.123Z,"Lads…

#speirgorm",6,0,0,1,NA
at://did:plc:y5uczbhip747luvhx5wc7bax/app.bsky.feed.post/3m5k6b2r2ac23,davidmoriarty.bsky.social,2025-11-13T22:03:46.628Z,A famous night in Dublin. Let's follow it up in Budapest. #COYBIG #speirgorm,2,0,0,0,NA
at://did:plc:dnvpi77gppcosuglhn7nngk3/app.bsky.feed.post/3m5k6a42ewc2v,eslsys.bsky.social,2025-11-13T22:03:15.319Z,#coybig #speirgorm,66,0,0,20,NA
at://did:plc:6lwkbo3a7zgf42l75njvofnu/app.bsky.feed.post/3m5k67ukvtk2r,elaineburke.bsky.social,2025-11-13T22:03:04.022Z,Lol at this coming amid the stream of celebrations from #spéirgorm,4,0,0,0,NA
at://did:plc:k43ha6nlknmdw4owymqnvcat/app.bsky.feed.post/3m5k67mcibm2f,hourlybreezing.ntw.app,2025-11-13T22:02:57.723Z,"
Bluesky's Top 10 Trending Words (past 60min):
💨x156 - megyn
💨x1* - democracy 🔓
💨x1* - ukraine 🔓
💨x1* - gaza 🔓
💨x70 - rubiales
💨x56 - gaetz
💨x48 - 1﹐608
💨x46 - wijers
💨x46 - ronaldo
💨x40 - ephebophilia
*🔓 = Unlocked Emergency Words (see img)

#FreePalestine 🇵🇸

(Something not right? Reply!)",0,0,0,0,NA
at://did:plc:dnvpi77gppcosuglhn7nngk3/app.bsky.feed.post/3m5k5rueygk2v,eslsys.bsky.social,2025-11-13T21:55:13.822Z,"Some fine performances tonight, makes up somewhat for the added time losses in our last few trips to Portugal.

Quality trolling of Ronaldo an extra pleasure #coybig #speirgorm",6,0,0,0,NA
at://did:plc:laapn5mwj5oenlnezukis2k5/app.bsky.feed.post/3m5k5jh4oqs23,theodonnell.bsky.social,2025-11-13T21:50:32.729Z,"Ferdinand Magellan, Nelly Furtado, Eusebio, Vasco da Gama, Fernando Pessoa, Christopher Columbus.... Your boys took one hell of a beating!!!

#speirgorm #irlpor",6,0,0,1,NA
at://did:plc:k2qphz4i7ioibek2iaqmdwwi/app.bsky.feed.post/3m5k5aboigc23,bikesnbukes.bsky.social,2025-11-13T21:45:26.225Z,"Jesus #speirgorm I don’t know what to do with myself. I forgot you could enjoy watching Ireland like this. So far from watching international football these days. 

2-0 vs Portugal. 

Fucking incredible. Where’s my Horslips albums.",16,0,0,0,NA
at://did:plc:pdendcplixw4gxmn7ubv3dnd/app.bsky.feed.post/3m5k53sj7tk2y,meltyshirts.com,2025-11-13T21:42:55.022Z,"Win the 2026 World Cup you say? 🤔

☘️ #IREPOR #COYBIG #Speirgorm",6,0,1,0,NA
at://did:plc:wjnzr7ir5xhc6wrxtef7nyhx/app.bsky.feed.post/3m5k4w6m6as2k,wizball50.bsky.social,2025-11-13T21:39:47.527Z,"A sensational, famous, folklore-entering win for Ireland tonight: two goals for Parrott, a clean sheet for Kelleher and a red card for Ronaldo. I'll drink to that! 

#COYBIG ✊ 

#IREPOR #Redsky #speirgorm",30,0,2,1,NA
at://did:plc:zzyrap2v4ebwcynb5wfppuco/app.bsky.feed.post/3m5k3vqrvqc2a,wasabi-bestie.bsky.social,2025-11-13T21:21:39.728Z,"This is so tea #IREvPOR 

#IRLPOR #COYBIG #Speirgorm",0,0,0,0,NA
at://did:plc:mcb6n67plnrlx4lg35natk2b/app.bsky.feed.post/3m5k3trqext2x,nowbreezing.ntw.app,2025-11-13T21:20:33.130Z,"
Bluesky's Top 10 Trending Words (past 10min):
💨x77 - megyn
💨x29 - ronaldo
💨x1* - gaza 🔓
💨x1* - democracy 🔓
💨x23 - gaetz
💨x21 - pedophilia
💨x1* - ukraine 🔓
💨x14 - mls
💨x14 - cristiano
💨x13 - musetti
*🔓 = Unlocked Emergency Words (see img)

#йобанарусня 🇺🇦

(Something not right? Reply!)",0,0,0,0,NA
at://did:plc:laapn5mwj5oenlnezukis2k5/app.bsky.feed.post/3m5k3rvidwc23,theodonnell.bsky.social,2025-11-13T21:19:29.521Z,"Ronaldo is such a pro. So driven. He even wants to be the best at walking off after getting a red card 🤡 #speirgorm #irlpor 

iirc he actually slapped O'Shea in a game at Lansdowne before but only got a yellow. I'd love to know what Dara does be saying to him 😂😂",8,0,0,0,NA
at://did:plc:ro76qxmd6nel5b5p4262x5eq/app.bsky.feed.post/3m5k3pez4p22c,lokideburca.bsky.social,2025-11-13T21:18:09.124Z,"Lookit...I'm just sayin...just doesn't feel like a coincidence is all.
#COYBIG #Ireland #Leftie #Speirgorm #VoteLeft",213,4,1,68,NA
at://did:plc:dwzzia37p6hrchyb54w4jufv/app.bsky.feed.post/3m5k3mtaq3k2z,imjustkev67.bsky.social,2025-11-13T21:16:43.323Z,That Ronaldo's a cod sure 😉 #COYBIG  #Speirgorm,4,0,0,0,NA
at://did:plc:culqpcpwzgdmcpwdfwmul34h/app.bsky.feed.post/3m5k3hzrpqk2h,eoinmcunningham.bsky.social,2025-11-13T21:13:58.922Z,My son’s excitement about this match is so much fun to see. #IRLPOR #speirgorm,6,0,0,0,NA
at://did:plc:dui7zffzvyy7fhoms4c6jzz3/app.bsky.feed.post/3m5k2nhb25k23,patchotoole.bsky.social,2025-11-13T20:59:10.423Z,"Holy moly, feels like he's been around longer than Coleman. #SpeirGorm",1,0,1,0,at://did:plc:5lhoxk335wwo3ay7vdzkxnjg/app.bsky.feed.post/3m5k2hmdrr22n
at://did:plc:fs625ovzqs2tosutroj2lfvz/app.bsky.feed.post/3m5k24awaas2l,susangriff.bsky.social,2025-11-13T20:49:30.728Z,"It is a nice emoji, 🦜,  isn't it?! Irish Bluesky (#speirgorm) at the moment is like Hitchcock's ""The Birds"" there's so many 🦜 🦜 😄 #coybig 💚 The boy Troy! 💚
Massive 45 minutes to come 🤞🏿",6,0,1,1,NA
at://did:plc:dwzzia37p6hrchyb54w4jufv/app.bsky.feed.post/3m5jzvyi2ds2j,imjustkev67.bsky.social,2025-11-13T20:46:03.428Z,"Jaysus Mary and Joseph and all his carpenter friends! Since when are we good at football? 

IRELAND 2 PORTUGAL 0 at Half Time
Keep it up lads! 
Think I'll need a drink or two for this second half for me nerves. 

#COYBIG #Speirgorm

youtu.be/I5PT65I2ny8?...",3,0,0,0,NA
at://did:plc:mcb6n67plnrlx4lg35natk2b/app.bsky.feed.post/3m5jzmau7hz2x,nowbreezing.ntw.app,2025-11-13T20:40:33.227Z,"
Bluesky's Top 10 Trending Words (past 10min):
💨x105 - megyn
💨x34 - rubiales
💨x32 - gaetz
💨x1* - ukraine 🔓
💨x22 - parrott
💨x1* - democracy 🔓
💨x17 - dixon
💨x17 - apologises
💨x15 - kelly
💨x1* - gaza 🔓
*🔓 = Unlocked Emergency Words (see img)

#FreePalestine 🇵🇸

(Something not right? Reply!)",0,0,0,0,NA
at://did:plc:bzjctancupmf6cbk3eazuenz/app.bsky.feed.post/3m5jzfz7wvs2i,rebelalliance77.bsky.social,2025-11-13T20:37:04.221Z,"If this scoreboard stays the same how does the maths work? 

Do we qualify? 
Anyone know? 

#Speirgorm",0,0,2,0,NA
at://did:plc:aozsf6n4ii7kftvlsr2yvfhq/app.bsky.feed.post/3m5jzej42k22e,orla-hegarty.bsky.social,2025-11-13T20:36:14.526Z,"“Climate action is non-negotiable

Pushing families further into sprawl with car-commuting, and pushing city dwellers into carbon-intense shoeboxes cannot be justified” @thejournal.ie  #Housing #Speirgorm www.thejournal.ie/experts-reac...",19,2,0,5,NA
at://did:plc:bzjctancupmf6cbk3eazuenz/app.bsky.feed.post/3m5jzaoicxs2i,rebelalliance77.bsky.social,2025-11-13T20:34:11.520Z,"We’re ALL goin the credit union in the morning!! 
🇮🇪🇮🇪🇮🇪
#IREPOR
#Oleoleoleole
#Speirgorm",30,1,4,6,NA
at://did:plc:ovkdqvwwwxp6qd5pncvsl3ls/app.bsky.feed.post/3m5jza2yow22l,ciaragemmam.bsky.social,2025-11-13T20:33:44.225Z,WHAT THE FUCK IRELAND?! #coybig #speirgorm,12,0,0,0,NA
at://did:plc:wjnzr7ir5xhc6wrxtef7nyhx/app.bsky.feed.post/3m5jz2fjqnk2k,wizball50.bsky.social,2025-11-13T20:30:33.627Z,"Great performance from Ireland so far. Deservedly ahead despite a right prick of a ref, and Ogbene should have grabbed a second. It was as close as Ronaldo's two eyes. 

#irepor #redsky #speirgorm",8,0,0,0,NA
at://did:plc:bzjctancupmf6cbk3eazuenz/app.bsky.feed.post/3m5jxwlicts2i,rebelalliance77.bsky.social,2025-11-13T20:10:32.724Z,"Take a minute and please vote for Donal’s fantastic book. Ah Gwan 

#Speirgorm",2,0,0,1,NA
at://did:plc:aq2f6q2flkiygiiahebfm6cp/app.bsky.feed.post/3m5jwpbe7m22t,thebookshopie.bsky.social,2025-11-13T19:48:35.826Z,"And the book launch is in the Central Hotel, Tullamore, Sunday 23rd November from 3-7pm , fáilte roimh chách. #uibhfhaili #speirgorm",2,0,0,1,at://did:plc:aq2f6q2flkiygiiahebfm6cp/app.bsky.feed.post/3m5jv27qryk2l
at://did:plc:ebd2ccgsnkfj4mqhbfklbizw/app.bsky.feed.post/3m5jvichp722e,alannahr.bsky.social,2025-11-13T19:26:44.925Z,"It will take EXACTLY 5 years!
So remember now, vote FFG back in, or smelly Sinn Féin will ruin the plan!
#Spéirgorm",2,0,0,0,NA
at://did:plc:j2wnnsrxlcesmgggtmpfou7c/app.bsky.feed.post/3m5jvdmkhi22x,dochasisgra.bsky.social,2025-11-13T19:24:08.226Z,#speirgorm,3,0,0,1,NA
at://did:plc:ymhebkmh56zigyqiomogsupn/app.bsky.feed.post/3m5jus7cbls2f,taesaveslives.bsky.social,2025-11-13T19:14:25.122Z,"Cool beans. My milk price has fallen by 4c/l this month (Oct - we get paid in arrears).
For context that's a fall of 10% to price paid to farmers.
For context last October I got paid 11c/l more or 25%.
And in October 2023 it was 4c/l less than today.
It ain't the farmers profiting here #speirgorm",1,0,1,1,NA
at://did:plc:vo3c5x2szy6wq4xc3dlemv7f/app.bsky.feed.post/3m5jtsey7os2h,cathyby.bsky.social,2025-11-13T18:56:39.120Z,"Annual Dublin Castle Christmas market will not go ahead this year or next.

The venue will need to be vacant to allow for preparations by State to host important events linked to Ireland's presidency of EU between July 1st and December 31st, 2026.

m.independent.ie/regionals/du...

#SpeirGorm",0,0,0,0,NA
at://did:plc:6nsn4i44ao5n74hprn6xbkru/app.bsky.feed.post/3m5jtqihypc2e,fcemurphy.bsky.social,2025-11-13T18:55:33.228Z,If you hurt an animal you’ll hurt a human #speirgorm,5,0,0,0,NA
at://did:plc:jhndv2ueuu77qaiw5ivjkhx7/app.bsky.feed.post/3m5jtjbnzyl2b,despod.bsky.social,2025-11-13T18:51:30.427Z,"The discourse pendulum has moved to Met Éireann not issuing enough warnings. Made by the same people who complained about warnings and ""sure didn't it rain a lot back in 1974 and nobody died (other than the ones who did) ?"".

Thankfully the fearless amateurs are taking up the slack.

#Speirgorm",12,0,1,4,NA
at://did:plc:5l4vbxai2oe6axwbldoxxves/app.bsky.feed.post/3m5jtckwodc2h,quiltomancy.bsky.social,2025-11-13T18:47:45.424Z,"Had a field trip to the Liberties today and it was so wonderful! However, my ankle hurts and in turn, my back hurts…. #dublin #speirgorm",2,0,0,0,NA
at://did:plc:b5yxc2nhcgrbtu3twvlg3i7a/app.bsky.feed.post/3m5jsbhzwsk2f,siobhanmcelduff.bsky.social,2025-11-13T18:29:15.429Z,"Thr Brits are at it again. US edition.

#spéirghorm #speirgorm",4,0,1,2,NA
at://did:plc:jq3kk7ifzi7xp55eq4znoovt/app.bsky.feed.post/3m5js3qfc322o,oscarfranklin.bsky.social,2025-11-13T18:26:11.730Z,#SpéirGorm,0,0,0,0,NA
at://did:plc:p3ajfs5yqzh6anrao6r73nho/app.bsky.feed.post/3m5jntive3s2x,uplift.ie,2025-11-13T17:09:53.024Z,"We know how powerful people-power can be, and thousands of us adding our names to this campaign will make sure the airline listens to our call to adopt inclusive boarding pass options and drop a policy that will permanently excludes vulnerable passengers.

my.uplift.ie/petitions/pr...
#SpeirGorm",1,0,0,0,NA
at://did:plc:3mynxmaherbxeaun744qzgmy/app.bsky.feed.post/3m5jjzs65u222,conormolloy.bsky.social,2025-11-13T16:01:50.123Z,"Marie Donnelly at CCAC and Kevin O'Sullivan call the 🐘out!
(we import and burn €1+m of fossil fuels per hour). 
Irish cars drive 30+% more that EU average 
#SpeirGorm #SUVskam #StopBurningStuff 
www.irishtimes.com/environment/...",6,0,1,0,NA
at://did:plc:p3ajfs5yqzh6anrao6r73nho/app.bsky.feed.post/3m5jjvonqvs2x,uplift.ie,2025-11-13T15:59:32.522Z,"Petition delivery happening soon, add your name to help it reach 2000 signatures before delivery 📝✊️

#SpeirGorm 

my.uplift.ie/petitions/pr...",0,0,0,0,NA
at://did:plc:coivdf2u5qxrnlllw73xvoeu/app.bsky.feed.post/3m5jhapi5ec22,angelacoraccio.bsky.social,2025-11-13T15:11:55.125Z,"Urgent request!!! (not really)

Desperately seeking McIntosh apples literally anywhere in the 32 counties. Please share!
🍎🍏🍎🍏🍎🍏🍎🍏
 #speirgorm #spéirgorm #speirghorm #spéirghorm",2,0,1,0,NA
at://did:plc:siclj5jstt2xodsn7epgnqld/app.bsky.feed.post/3m5jgx3dgfc2c,robosullivan.bsky.social,2025-11-13T15:06:38.626Z,"Today I realised just how frequently I've been published in the opinion/letters pages of a few papers, while criticising the government, so I'm formally accepting solicitations for a regular column entitled ""Old Man Yells at Clowns"" #spéirgorm",14,0,2,0,NA
at://did:plc:har4i535fc7jres2p3oqsyay/app.bsky.feed.post/3m5jfwtmwjk2e,allanartist.bsky.social,2025-11-13T14:48:34.920Z,"Wanna get rid of Covid? Stop counting the cases!
Wanna get rid of the housing crisis? Stop counting the houses! 
#speirgorm",5,0,1,1,NA
at://did:plc:rd67s5mrnrwg5bqhvzft2kgv/app.bsky.feed.post/3m5jfrmww2c2t,sellybeth.bsky.social,2025-11-13T14:45:37.527Z,"I generally get annoyed by people playing music loudly in their cars with the windows down but you know what? The dude in Fairview right now blasting Last Christmas gets a pass because I'd like to think he's doing it to screw with numpties playing Whamageddon.

#SpéirGhorm #SpéirGorm",1,0,0,0,NA
at://did:plc:imdb5lnqdvuployv2wxfgdms/app.bsky.feed.post/3m5jf3v62hk25,darylfeehely.com,2025-11-13T14:33:28.966Z,"It wasn't perfect, but everyone made life work.

This was without organised racism & anti-immigration sentiment.

This was without politicians like Timmy Dooley repeating far right rhetoric & scapegoating migrants for their failures.

They deserve better & so do we.

Up The Banner.

3/3
#Speirgorm",15,0,1,2,at://did:plc:imdb5lnqdvuployv2wxfgdms/app.bsky.feed.post/3m5jf3v5zic25
at://did:plc:siclj5jstt2xodsn7epgnqld/app.bsky.feed.post/3m5jeezbu6c23,robosullivan.bsky.social,2025-11-13T14:20:38.529Z,If you're a Sinn Féin member and you wish to ensure the party takes the correct direction at this vital juncture I encourage you to write to them today asking them to be much more careful in their language and policies regarding immigration. Particularly Matt Carthy. Please. #Spéirgorm,27,0,1,14,NA
at://did:plc:api4saclnkxawlardlremclp/app.bsky.feed.post/3m5jdj4gg222s,mkmartinwriter.com,2025-11-13T14:05:05.731Z,"What are renters supposed to do for the next five years?

It is enormously frustrating to see FF-FG doing so little while 80% of homes in Dublin are sold not to families but to corporations.

#speirgorm",5,0,0,0,at://did:plc:5cinc2kkxopkaxznsvl7ba5v/app.bsky.feed.post/3m5jcyertyk2b
at://did:plc:siclj5jstt2xodsn7epgnqld/app.bsky.feed.post/3m5jcottt5s23,robosullivan.bsky.social,2025-11-13T13:50:29.523Z,"My letter in today's Clare Champion calling out the xenophobic dog-whistling from our local TD, Timmy Dooley, as well as Sinn Féin's Matt Carthy. 
Immigrants are not the reason I've struggled to retain housing or buy my own home - Government policies are. Landlords like Timmy Dooley are. #Spéirgorm",86,0,6,29,NA
at://did:plc:b7xzcpmgtzognluekh27dffl/app.bsky.feed.post/3m5j7ilfqnc2i,orlanimh.bsky.social,2025-11-13T12:53:14.222Z,"Yesterday we launched our National Centre for Inclusive Higher Education at Maynooth University! Our key note Professor Penny Jane Burke is an inspiration, as is our director Professor Katriona O'Sullivan! Mercy College choir provided some uplifting music for us. #MaynoothUniversity #SpeirGorm",3,0,1,1,NA
at://did:plc:2ppycu7ombkkn76ezn3n6tg4/app.bsky.feed.post/3m5j7dp4mj22g,mstevnsmj.bsky.social,2025-11-13T12:50:29.927Z,"Anybody in the Irish political class listening...? This looks great! Let's get cracking with new solutions!
#SpeirGorm",15,0,0,4,NA
at://did:plc:imdb5lnqdvuployv2wxfgdms/app.bsky.feed.post/3m5j5rnd77c2m,darylfeehely.com,2025-11-13T12:22:28.724Z,"What gets measured gets managed...ah, ok.

#IrishPol #Speirgorm",4,0,1,0,NA
at://did:plc:3om2rrmtkdq2qsqjzibiaooo/app.bsky.feed.post/3m5j5diydvc2y,trasinscneach.bsky.social,2025-11-13T12:14:38.023Z,Might be if interest. Got a response from the department of health today about trans healthcare in Ireland. Apparently the community correspondence has been already done #SpéirGorm #trans #ireland,11,0,1,0,NA
at://did:plc:73huo7yhxqkafs2xyr36hqt6/app.bsky.feed.post/3m5j52yksxc24,sarahskeeter.bsky.social,2025-11-13T12:09:49.124Z,"Left-wing activists moving towards the far-right is a non-negligible thing, but I do want us all to remember that Sinn Féin is primarily a nationalist party, not a left-wing party and lots of its members (and even spokespeople) are not left-wing. At all.
#spéirgorm",7,0,2,0,NA
at://did:plc:tjj7toux5q6m2v7x2unyhznh/app.bsky.feed.post/3m5j4qdpkq22a,judesherry.bsky.social,2025-11-13T12:03:46.423Z,"This is #DerelictIreland 
#Speirgorm",8,0,0,3,NA
at://did:plc:6nsn4i44ao5n74hprn6xbkru/app.bsky.feed.post/3m5j4fywurc2p,fcemurphy.bsky.social,2025-11-13T11:58:06.122Z,This is so beautifully written and very relatable #speirgorm,2,0,1,0,NA
at://did:plc:qj2uyiugobaynuuqvzjp2v4l/app.bsky.feed.post/3m5j2szhizk2m,davegildedalm.bsky.social,2025-11-13T11:29:35.322Z,"The Third Coming (in Ireland of 2025) of Baxter Dury at Vicar Street last night was truly something to witness…”answer the text, answer the phone”

@heavenlyrecordings.bsky.social #SpeirGorm #SpeirGhorm",6,0,0,2,NA
at://did:plc:uwji4l3wzsygaxduowluqmgr/app.bsky.feed.post/3m5j2fgpx422d,sharrow.bsky.social,2025-11-13T11:21:58.321Z,#speirgorm,8,0,0,3,NA
at://did:plc:siclj5jstt2xodsn7epgnqld/app.bsky.feed.post/3m5iztc57l22e,robosullivan.bsky.social,2025-11-13T11:11:50.522Z,8 months old. Still relevant today. This government are attacking the very idea of targets because they consistently fail to reach even the inadequate targets they set for themselves. We must do better. We can't give them 4 more years without accountability.  #spéirgorm,4,1,0,0,NA
at://did:plc:54nya2mupquqf4xmt5bduhwn/app.bsky.feed.post/3m5izew7cw22u,ellenrey.bsky.social,2025-11-13T11:03:46.323Z,#spéirgorm,3,0,0,0,NA
at://did:plc:hhfwpteeefymb5m324x3rsui/app.bsky.feed.post/3m5iz6dfwes22,irishplacenames.bsky.social,2025-11-13T11:00:11.625Z,"Doody's Bottoms, near Donard in Co. Wicklow. In Irish, 'Tóin Uí Dhúda'.

Land once belonging to a William Doody, and presumably low-lying.

#speirgorm",2,0,0,0,NA
at://did:plc:siclj5jstt2xodsn7epgnqld/app.bsky.feed.post/3m5iyqtqows23,robosullivan.bsky.social,2025-11-13T10:52:34.725Z,"Back in March I wrote about Minister Browne's aversion to targets. Unfortunately it remains relevant today. Specific, measurable, achievable, relevant and timely targets are ESSENTIAL to any goal. A plan without these elements is just a gamble #spéirgorm
www.irishexaminer.com/opinion/your...",19,0,1,5,NA
at://did:plc:ob2jyuguq3mum6pmgxrl7ht2/app.bsky.feed.post/3m5iyix65dk2h,flohoward.bsky.social,2025-11-13T10:48:10.522Z,"Very sad, this poor lady died without any answers about her missing son. #speirgorm #philipcairns",4,0,2,0,NA
at://did:plc:owtiovxdlxm4bp4hgnihapfe/app.bsky.feed.post/3m5iy55w5ms2q,martinamorrow.bsky.social,2025-11-13T10:41:32.919Z,The Waitrose Christmas Ad is my absolute favourite ever! Joe Wilkinson & Kiera Knightly in a romance - very funny and still nice #speirgorm,1,0,1,0,NA
at://did:plc:jaghk4rwlrciav5aieckiiit/app.bsky.feed.post/3m5ixqlx7ek2s,andyscollick.bsky.social,2025-11-13T10:34:32.823Z,"In #Ireland, the ""Emerald Isle"", we pretend to be green. We trade on that image. Just ask a tourist. In reality, we continue to pollute the atmosphere and change the climate more than our fair share. All for greed and profit. We are anything but ""neutral"". We are hypocrites. #spéirghorm #spéirgorm",10,0,1,0,NA
at://did:plc:wpvwcjuhrpr5tjnhy3vp24ly/app.bsky.feed.post/3m5iwqlhcfs25,fhayesmccoy.bsky.social,2025-11-13T10:16:40.926Z,"Join me for this workshop in beautiful Dingle town on November 22nd. Click on the link to book your place - they tell me it's filling up fast 💙📚

#speirgorm #booksky #Irish #writing @dinglelit.bsky.social",6,0,0,5,NA
at://did:plc:bjovrbtmnlckoh6vaalnqjzi/app.bsky.feed.post/3m5ivigp2mc2y,lisagrimm.com,2025-11-13T09:54:10.324Z,"Bit of rain last night, so the Tolka is a little lively.

#SpeirGorm",20,0,0,0,NA
at://did:plc:4pxxjie2356nqxd3cwf6hbpk/app.bsky.feed.post/3m5isqejnwc2s,ciaraioch.bsky.social,2025-11-13T09:04:56.923Z,"Last year's Christmas cards will also be restocked, and can be ordered at the link (will also begin to ship towards the end of November) www.ciaraioch.com/artprints/p/...",68,1,2,23,at://did:plc:4pxxjie2356nqxd3cwf6hbpk/app.bsky.feed.post/3m5iskv5quk2s
at://did:plc:2vmxrejfahuy2tnxdda2poay/app.bsky.feed.post/3m5ispqifg22m,judetheconfused.bsky.social,2025-11-13T09:04:34.122Z,"I’m running late because I’m breaking my heart laughing at this 🧵 
#speirgorm",6,0,0,1,NA
at://did:plc:gjsoejzm7at4syhrvzgizrev/app.bsky.feed.post/3m5islfa4tc2u,ainekeenan.bsky.social,2025-11-13T09:02:24.222Z,"England's not the mythical land
of Madame George and roses
It's the home of police who
kill blacks boys on mopeds ...

Sinéad O'Connor, 21st century

#Photography #Poetry #SpeirGorm #UrbanGaze #ArtChallenges #StreetPhotography #India #ImageAndVerse #ArtOfBlueSky #PhotographersOfBlueSky #EastCoastKin",173,2,4,16,NA
at://did:plc:4pxxjie2356nqxd3cwf6hbpk/app.bsky.feed.post/3m5isfklayk2s,ciaraioch.bsky.social,2025-11-13T08:58:58.921Z,"An Cailleach brings the winter 🌬️

The mythological figure in Irish, Scottish, and Manx tradition who summons winter, and is associated with storms, reshaping the landscape, and horned beasts like deer. She defies convention and is a force for regeneration.

Prints: www.ciaraioch.com/artprints/p/...",185,6,3,47,NA
at://did:plc:3zrtumskbaikoqc2z3ou3nnc/app.bsky.feed.post/3m5isaazsqc2g,shanerazor.bsky.social,2025-11-13T08:55:55.922Z,"WWN - no notes. Nailed it. #speirgorm 

waterfordwhispersnews.com/2025/05/14/m...",4,0,0,0,NA
at://did:plc:wzelpzmv2b3oudwhkcpr2s6n/app.bsky.feed.post/3m5is5zbo6c25,drmarymcauliffe.bsky.social,2025-11-13T08:54:42.619Z,"‘They surround our car’: Families at Citywest IPAS centre tell of ongoing ‘harassment’ People fleeing war, poverty, insecurity are being abused daily by local racist gobsh*tes, desecrating the tricolour as they harass women, children & men. Shameful! #speirgorm 

www.irishtimes.com/ireland/2025...",21,1,2,10,NA
at://did:plc:rrj4gnpl267pqtrrdsjkijaq/app.bsky.feed.post/3m5irnq4q2s23,dubmac.bsky.social,2025-11-13T08:45:31.920Z,"If _____ beats _____ and _____ draws with _____ then we have a chance to qualify for the finals if we can beat _____ ...

This is the narrative of Irish football for over 20 years now ... 😢
#IREVPOR #Speirgorm",2,0,0,0,NA
at://did:plc:ke7k4in7gtv3dhfyxsjkizll/app.bsky.feed.post/3m5iplo6mbs24,cheekyian.bsky.social,2025-11-13T08:08:36.822Z,"Forget the Book of Kells, Fair City or Garron Noone, this one true totem of Irish Culture has been resurrected and not before time

#SpeirGorm",3,0,0,0,NA
at://did:plc:aozsf6n4ii7kftvlsr2yvfhq/app.bsky.feed.post/3m5ip37tskk2f,orla-hegarty.bsky.social,2025-11-13T07:59:26.623Z,"“Advisory Council says Ireland is failing to reach climate targets”

Watch today’s housing plan for all the policy that isn’t aligned with  “legally binding 2030 climate commitments & fines of up to €26 billion” (& saving the planet) #Speirgorm #Housing 
www.rte.ie/news/environ...",6,0,0,0,NA
at://did:plc:owtiovxdlxm4bp4hgnihapfe/app.bsky.feed.post/3m5ilogame22r,martinamorrow.bsky.social,2025-11-13T06:58:33.425Z,Is anybody watching Trespasses on Channel 4? It’s about a Catholic girl in the troubles falling in love with a Protestant Barrister and it’s so good!  #speirgorm,1,0,2,1,NA
at://did:plc:v6y63c54iecyzlxp3vrxvwv2/app.bsky.feed.post/3m5il6t3ipc2l,rdisc0mb0bulate.bsky.social,2025-11-13T06:49:50.019Z,"Good morning, #SpeirGorm

Has the rain stopped?",7,0,4,0,NA
at://did:plc:flpf3rksopl7zx2tbgsyjv7m/app.bsky.feed.post/3m5ijuwtvf22e,nicolahorgan.bsky.social,2025-11-13T06:26:33.425Z,"Discovered this beauty sharing my pillow at 06:20:00

Discovered 🐞's are deaf at 06:20:01

#Speirgorm #Nature",8,0,0,1,NA
at://did:plc:r7oxqtkfjczoyxqtrraaxt5b/app.bsky.feed.post/3m5i2xhu3wk2d,alanmccarthy.bsky.social,2025-11-13T01:59:27.130Z,"HOLY MOLY!!! 🤯😍.. The “AMAZINGLY
 SPECTACULAR” #AuroraBorealis / #NorthernLights (Also visible to the naked eye too..) danced over Courtmacsherry areas in West Cork, #Ireland on 12th  November 2025!! 🤩🥰📸🌠🌌💥🌊✨❤️ #aurora #astronomy #photo #photography #bluesky #speirgorm #art #nature #weather #Colours",67,0,1,3,NA
at://did:plc:wse2xzmb4etf7dpmdodw75lt/app.bsky.feed.post/3m5hxune7h225,jenniferomeara5.bsky.social,2025-11-13T01:04:07.421Z,"Would there be any hope at all that the Dept. of Education would consider this as notice that the local schools are going to have an influx and act accordingly? Same goes for HSE and local GP surgeries. 
#SpeirGorm",10,0,4,0,NA
at://did:plc:jn7vcvabvx2ijzwhkxn4ph4t/app.bsky.feed.post/3m5htacbht22a,ianclarke88.bsky.social,2025-11-12T23:41:11.320Z,Why are people still buying Teslas?  #spéirgorm #tesla www.irishexaminer.com/business/eco...,5,0,0,0,NA
at://did:plc:wse2xzmb4etf7dpmdodw75lt/app.bsky.feed.post/3m5ht3k7snk25,jenniferomeara5.bsky.social,2025-11-12T23:38:30.828Z,"I know the man probably hasn't time to scratch between covering Leinster House and The Group Chat but I wish to jesus Gavan Reilly was the permanent presenter on @tonightvmtv.bsky.social. 
#SpeirGorm",5,0,0,0,NA
at://did:plc:4ism35eyqucar2lru3huunld/app.bsky.feed.post/3m5hsiv5t2c2z,izzyfox.bsky.social,2025-11-12T23:28:05.942Z,"Loving the ""Spéirgorm, as much as you try, you'll never be Irish Twitter, bah-humbug!"" discourse going around today. 

Real ""old man yells at cloud"" vibes. 🤣",7,0,2,0,NA
at://did:plc:siclj5jstt2xodsn7epgnqld/app.bsky.feed.post/3m5hrgeklps2h,robosullivan.bsky.social,2025-11-12T23:08:48.627Z,I do not care if a state construction company will take many years to come to fruition. We are in this position because decisions are made in terms of 5 year electoral cycles. We need to start solving the housing crises our kids will be facing 15/20/30 years from now. #spéirgorm,65,0,7,13,NA
at://did:plc:dui7zffzvyy7fhoms4c6jzz3/app.bsky.feed.post/3m5hqrbwal22e,patchotoole.bsky.social,2025-11-12T22:57:03.632Z,#stevevai causing a temperature warning on stage in #Dublin...well of course he did. #SpeirGorm,0,0,0,0,NA
at://did:plc:73huo7yhxqkafs2xyr36hqt6/app.bsky.feed.post/3m5hqr624vc2f,sarahskeeter.bsky.social,2025-11-12T22:56:54.722Z,"Jaysus Mickey McDowell calling for the return of the Ra wasn't on my 2025 bingo card, but here we are apparently 😏 #spéirgorm",7,0,0,2,NA
at://did:plc:zhnxit2ol47yfkmdl6eicbbm/app.bsky.feed.post/3m5hom3gors2b,hyperbolicdub.bsky.social,2025-11-12T22:18:16.422Z,"Luckily, these fascist terrorists seem to be idiots as well #speirgorm",4,0,0,0,NA
at://did:plc:56aoxjem4pjvtqsscuhq223t/app.bsky.feed.post/3m5hnmlj2l22f,rogerokeeffe.bsky.social,2025-11-12T22:00:41.122Z,You need to use the tag #speirgorm for this sort of thing!,0,0,0,0,at://did:plc:kba5ra5zizxsey2nq4pwnove/app.bsky.feed.post/3m5fx3ycixc2j
at://did:plc:ovdpgfgf7umvabead4h3mxye/app.bsky.feed.post/3m5hnlsqvws26,kristian7ross.bsky.social,2025-11-12T22:00:13.831Z,"#Trespasses is nothing short of outstanding. Everything from the production, to the cast, from start to finish truly is wonderful. A truly incredible ending as well. #Speirgorm",3,0,0,0,NA
at://did:plc:56wyc2axgzlsvmh73dd5dexu/app.bsky.feed.post/3m5hn32khms23,the-crackdown.bsky.social,2025-11-12T21:50:57.427Z,"Miaow! I have updated the Dublin events listing spreadsheet! New gigs include concerts by Tinariwen, the UCD Composition Ensemble & the UCD Gamelan Orchestra (together at last!), and Bristol ""trip hop"" sensation Tricky

docs.google.com/spreadsheets...

#speirgorm #DublinListings #DublinGigs",3,0,1,4,NA
at://did:plc:uwji4l3wzsygaxduowluqmgr/app.bsky.feed.post/3m5hlt7ck4c26,sharrow.bsky.social,2025-11-12T21:28:34.530Z,"I don't like codine, but today I am grateful for it and electric blankets.

Also adult spawn who  check in on me a d bring me tea. 

#speirgorm #LongCovid #disability",7,0,0,1,NA
at://did:plc:mjmimgnalbb7qx7zvmchlpdw/app.bsky.feed.post/3m5hlh77hns2v,tattoodlebug.bsky.social,2025-11-12T21:21:51.633Z,Decided to use public transport tonight. So messy. So unreliable. So infrequent. It’s no bloody wonder people have to use cars. In Any other European city you can hop on and off without thinking and checking. If govt want us out of cars they have to improve this  #speirgorm,8,0,0,0,NA
at://did:plc:wpvwcjuhrpr5tjnhy3vp24ly/app.bsky.feed.post/3m5hkf4xtec2g,fhayesmccoy.bsky.social,2025-11-12T21:02:48.922Z,"She's some woman for one woman. Grab these tickets, #Spéirgorm 👇",0,0,0,0,NA
at://did:plc:wk4vbtn77njhk4mlohgewj2m/app.bsky.feed.post/3m5hka7lxvk2l,caroleducky.bsky.social,2025-11-12T21:00:05.155Z,"Hmm! Don’t think there’s going to be much Aurora in evidence over Dublin tonight. 👀

#SpeirGorm (not atm 😁).",47,0,3,4,NA
at://did:plc:5l4vbxai2oe6axwbldoxxves/app.bsky.feed.post/3m5hk33db2k2p,quiltomancy.bsky.social,2025-11-12T20:57:03.223Z,"Today i completed my homework, set up several pieces of Ikea furniture, made dinner, made soup, and the first half of a loaf od bread.  DId some laundry, did a bunch of dishes, and went to the pharmacy. 

I also took a nap. 

I am exhausted.  

ANYWAY I love my new work area. 
#speirgorm",9,0,1,0,NA
at://did:plc:jhndv2ueuu77qaiw5ivjkhx7/app.bsky.feed.post/3m5hixhiw3f2b,despod.bsky.social,2025-11-12T20:37:15.623Z,"And yet the country dwellers* who jealousy guard their land from the greater good have no problem turning up to matches in the city and abandoning their vehicles on any patch of green no matter how manicured. Yerra. 

#Speirgorm

* not all country dwellers.",5,0,0,0,NA
at://did:plc:wse2xzmb4etf7dpmdodw75lt/app.bsky.feed.post/3m5hijytcms2d,jenniferomeara5.bsky.social,2025-11-12T20:29:44.525Z,"We're highly consulted in Limerick.
#SpeirGorm",1,0,0,0,NA
at://did:plc:33vlabr5n5naktrl6xgyopoc/app.bsky.feed.post/3m5hha6halc2x,nigellicus.bsky.social,2025-11-12T20:07:48.823Z,"I can't go, but ironically the reason I can't go will probably be sparsely attended because of it. So go! Leave all other things sparsely attended! #speirgorm",1,0,0,0,NA
at://did:plc:33vlabr5n5naktrl6xgyopoc/app.bsky.feed.post/3m5hdt6qgmc2q,nigellicus.bsky.social,2025-11-12T19:06:52.823Z,#speirgorm,3,0,0,1,NA
at://did:plc:wpvwcjuhrpr5tjnhy3vp24ly/app.bsky.feed.post/3m5hdetafcs22,fhayesmccoy.bsky.social,2025-11-12T18:57:23.228Z,"Had such a great time in Ennistymon, Co Clare, where Banner Books hosted a conversation/ Q&A between Roisin Meaney and myself yesterday evening. 
Shout-out to Sally and Lily at the bookshop, and to the Falls Hotel where Wilf and I stayed in a room with a stunning view of the river 

#spéirgorm 💙 📚",10,0,1,0,NA
at://did:plc:63mlf5ayqa3qbmgddw4d4zsu/app.bsky.feed.post/3m5hd4os33225,sullydaysleeper.bsky.social,2025-11-12T18:52:48.930Z,"I was asked to speak to some medical students about my disability for one of their modules. Had my first meeting with them today, they were so lovely and sent me a lovely email this evening to say they learned a lot. They fill me with hope for the future of healthcare #Speirgorm",15,0,1,1,NA
at://did:plc:siclj5jstt2xodsn7epgnqld/app.bsky.feed.post/3m5hd2qopek2h,robosullivan.bsky.social,2025-11-12T18:51:45.527Z,"Cool. Now do weapons ""concealed"" inside cargo holds #spéirgorm",12,0,1,1,NA
at://did:plc:56aoxjem4pjvtqsscuhq223t/app.bsky.feed.post/3m5hbwfre7s2f,rogerokeeffe.bsky.social,2025-11-12T18:31:25.729Z,"Well, at least we won't have to worry about trainloads of Óglaigh na h-Éireann tanks being spied on by Russian drones. #speirgorm",1,0,0,0,NA
at://did:plc:qywcmx577hlrhttfeurxgqp4/app.bsky.feed.post/3m5hazp676p25,thriveabetes.bsky.social,2025-11-12T18:15:21.125Z,"Other Types 
I am not well-versed in Other types of diabetes, but Google is your friend. Use it.  
👉 All types require daily management 
👉 Compassion > assumptions 

If you want to support people living with diabetes, share facts, not stereotypes. 
Let’s spread awareness, not blame. 💙 

#SpeirGorm",1,0,0,0,at://did:plc:qywcmx577hlrhttfeurxgqp4/app.bsky.feed.post/3m5haznsncp2b
at://did:plc:brkrffiife5sjmatom35ojwa/app.bsky.feed.post/3m5h6xbg47c24,anairis.bsky.social,2025-11-12T17:38:11.822Z,WHERE IS BERET GIRL?!?!? #Speirgorm,3,0,1,0,NA
at://did:plc:aozsf6n4ii7kftvlsr2yvfhq/app.bsky.feed.post/3m5h6cvzjtk2r,orla-hegarty.bsky.social,2025-11-12T17:26:50.131Z,"🎤 What is wrong with Ireland’s #housing & #planning system

My discussion today with Hugh Linehan, @irishtimes.com Inside Politics & Sean Keyes, Progress Ireland #Speirgorm 

Spotify: open.spotify.com/episode/0KXu...
Apple: podcasts.apple.com/ie/podcast/i...
Web: shows.acast.com/inside-polit...",41,4,5,12,NA
at://did:plc:jhndv2ueuu77qaiw5ivjkhx7/app.bsky.feed.post/3m5h6atfeds2m,despod.bsky.social,2025-11-12T17:25:40.321Z,This was sent to me and captures Limerick Junction perfectly - bucketing down and the rain to Cork is late. #Speirgorm,25,0,4,6,NA
at://did:plc:hfty7y3ybvhulvdsnygpqy5q/app.bsky.feed.post/3m5h52z3qos2u,fiercemilder.com,2025-11-12T17:04:30.121Z,"What a lovely day to forget one's rain gear for the cycle home.

#Speirgorm",9,0,1,0,NA
at://did:plc:p3ajfs5yqzh6anrao6r73nho/app.bsky.feed.post/3m5h3tqalyk2e,uplift.ie,2025-11-12T16:42:32.625Z,"''The Triple lock, Which is the core of Irish Neutrality'' - Micheal Martin, Dáil 2013. 

#triplelock #SpeirGorm",3,0,0,1,NA
at://did:plc:nigs7kco6eoaxc5aiimsaxc3/app.bsky.feed.post/3m5h3hnlngc2d,helendublin.bsky.social,2025-11-12T16:35:47.331Z,#derelictireland #speirgorm,1,0,0,0,at://did:plc:2uuweutnraypsnhc3dytlghw/app.bsky.feed.post/3m5gmnsx5i22q
at://did:plc:56aoxjem4pjvtqsscuhq223t/app.bsky.feed.post/3m5gzhidwuk2f,rogerokeeffe.bsky.social,2025-11-12T15:59:53.019Z,#speirgorm,2,0,0,0,NA
at://did:plc:zol7j6fzk2vqf6yawnkkg6bi/app.bsky.feed.post/3m5gxzyjn5k24,playingwithdust.bsky.social,2025-11-12T15:34:27.120Z,"Terrible weather forecast across Ireland, but if you have any clear skies tonight, get out and look out for potentially an extremely strong northern lights display. Possibly the best since the early 2000s. #speirgorm #astronomy #ireland",16,0,1,5,NA
at://did:plc:vjfdasv4ih34nmfxkit4obeo/app.bsky.feed.post/3m5gxp2bh222q,jhshelley.bsky.social,2025-11-12T15:28:24.630Z,"From an exhibition in the Irish museum of modern art (IMMA) in Kilmainham, Dublin.

No, my photo was not the exhibit, but a photo of an art installation piece.

I wish.

😢

#Speirgorm",3,0,0,0,NA
at://did:plc:em6envbhyc3lp2bqus7nf7vh/app.bsky.feed.post/3m5gx6k2sbk2x,nshiel.bsky.social,2025-11-12T15:19:08.229Z,Do it. Can we do a thread about nicknames too? #speirgorm,1,0,1,1,NA
at://did:plc:e2vdb3yylfvzgvlo3fi5mrkf/app.bsky.feed.post/3m5guuuofgk2s,atticuspeirgorm.bsky.social,2025-11-12T14:37:53.125Z,"'Bookies have slashed odds on Minister for Justice Jim O'Callaghan being the next Fianna Fáil leader amid pressure on Taoiseach Micheál Martin.'

#Irishpol #Speirgorm 

www.breakingnews.ie/ireland/odds...",2,0,1,0,NA
at://did:plc:2772baqwlamm7ovlm3lm3clo/app.bsky.feed.post/3m5gssudgek2i,conmachiavel.bsky.social,2025-11-12T14:00:59.121Z,"OMG - it’s happening! 

#speirgorm, assemble!",2,0,0,0,NA
at://did:plc:v6y63c54iecyzlxp3vrxvwv2/app.bsky.feed.post/3m5gsru6ilk2e,rdisc0mb0bulate.bsky.social,2025-11-12T14:00:25.822Z,"I finally put together my new bed! I bought it at the start of the summer! 🤣
#SpeirGorm",7,0,2,0,NA
at://did:plc:rd67s5mrnrwg5bqhvzft2kgv/app.bsky.feed.post/3m5gqqi5ie22s,sellybeth.bsky.social,2025-11-12T13:23:52.423Z,"This is absolutely true you know. They did rigorous studies at the...uh..Institute Of Clever Science Research People.

Please let me live with you or someone you know!

#SpéirGhorm #SpéirGorm",2,0,0,1,NA
at://did:plc:rj54e4tn2c5l6kmuqotuahuv/app.bsky.feed.post/3m5gqk7nkrs2g,pnamblath.bsky.social,2025-11-12T13:20:21.824Z,"Some real kitchen horror stories #OMG 😱😱😱
#speirgorm #IrishNews",2,0,0,0,NA
at://did:plc:gphph5iwgrv3ze7qq4ja7squ/app.bsky.feed.post/3m5gq7fw5ic2v,georginabarrow.bsky.social,2025-11-12T13:14:20.329Z,The resurrection we needed #SpeirGorm,0,0,0,0,NA
at://did:plc:qi3uhneb2cz77ibwnzailb22/app.bsky.feed.post/3m5gopczjec2s,dfertl.bsky.social,2025-11-12T12:47:28.323Z,"""How #CatherineConnolly Won Ireland’s Presidential Election…Her left-wing insurgent campaign took the Irish political establishment by surprise, winning a record number of votes and proving the Left can still triumph even in a bleak political landscape""
#SpéirGorm #Áras25
jacobin.com/2025/11/conn...",3,0,0,1,NA
at://did:plc:e2vdb3yylfvzgvlo3fi5mrkf/app.bsky.feed.post/3m5gnksxauk2j,atticuspeirgorm.bsky.social,2025-11-12T12:27:05.323Z,"The Government's new housing plan is sponsored by Jet2 Holidays ✈️

#Irishpol #Speirgorm 

www.breakingnews.ie/ireland/hous...",3,0,1,0,NA
at://did:plc:fkorj7epx4zpmdxx7d6m7qgc/app.bsky.feed.post/3m5gnetznzs2p,saytheirnamesir.bsky.social,2025-11-12T12:23:46.122Z,County #Down born #IrishSlaveholders identified as of Nov 2025 martinebrennanresearch.weebly.com/irish-slaveh...  #speirgorm 1/2,3,0,1,2,NA
at://did:plc:cfoygrx4clhglmhy6ted7su2/app.bsky.feed.post/3m5gmzz33sk26,stivvers.bsky.social,2025-11-12T12:17:35.923Z,"#seafóid1045 12 Samhain
🟩🟩🟩🟩🟩
🟩⬛🟩⬛🟩
🟩🟩🟩🟩🟩
🟩⬛🟩⬛🟩
🟩🟩🟩🟩🟩
Réalta ar bith inniu 😅

#Gaeilge #Cluichí #Seafóid #speirgorm 

seafóid.com - seafoid.com",0,0,1,0,at://did:plc:cfoygrx4clhglmhy6ted7su2/app.bsky.feed.post/3m5fd2kdbds2n
at://did:plc:zol7j6fzk2vqf6yawnkkg6bi/app.bsky.feed.post/3m5gmvk7whk2r,playingwithdust.bsky.social,2025-11-12T12:15:13.225Z,"Can't make it myself tonight, but if you are around Waterford this evening, do go along to the SE Astronomy Club meeting which is part of Science Week. #speirgorm #ireland 

www.waterford-news.ie/news/south-e...",0,0,0,0,NA
at://did:plc:uvdkj65ewl23i5eni3sn5krt/app.bsky.feed.post/3m5glsukcts2x,elacatstan.bsky.social,2025-11-12T11:55:44.825Z,And pls stop saying racism is just an imported problem from the US and the UK. This is also dismissive #speirgorm,2,0,1,1,NA
at://did:plc:p3ajfs5yqzh6anrao6r73nho/app.bsky.feed.post/3m5gkzjwyas2e,uplift.ie,2025-11-12T11:41:34.720Z,"Get your ‘Ban Fox Hunting’ Christmas jumper here for you or the animal lovers in your life. #SpeirGorm

Shop.uplift.ie",1,0,0,1,NA
at://did:plc:xsswt6efjmn473fgruxq752a/app.bsky.feed.post/3m5gklbwkak26,simonb84.bsky.social,2025-11-12T11:33:34.721Z,Anyone how what number hoising plan we're on now is it ten or eleven? #IrishPolitics #SpéirGorm,6,0,1,0,NA
at://did:plc:jxo3eqeeh3kxphirpaqlbnaq/app.bsky.feed.post/3m5gkl6k2ks27,hazelklarkin.bsky.social,2025-11-12T11:33:44.121Z,"I'm ruining my workplace by having the audacity to be self employed, AND maintaining the office temperature at a level that suits me. #SpéirGorm",8,0,0,0,at://did:plc:wzelpzmv2b3oudwhkcpr2s6n/app.bsky.feed.post/3m5gfz6ol622h
at://did:plc:wk4vbtn77njhk4mlohgewj2m/app.bsky.feed.post/3m5gk2ojdas2d,caroleducky.bsky.social,2025-11-12T11:24:19.824Z,"‘Noted violinist Geraldine O’Grady dies at age of 93.’

www.irishtimes.com/culture/musi...

#SpeirGorm",1,0,0,0,NA
at://did:plc:gjsoejzm7at4syhrvzgizrev/app.bsky.feed.post/3m5gjzc4anc2f,ainekeenan.bsky.social,2025-11-12T11:23:40.422Z,"Magnified, sanctified
Be the holy name
Vilified, crucified
In the human frame
A million candles burning
For the help that never came
You want it darker

Leonard Cohen, 20th century

#Photography #Poetry #SpeirGorm #StreetPhotography #ImageAndVerse #ArtOfBlueSky #PhotographersOfBlueSky #EastCoastKin",171,0,4,15,NA
at://did:plc:43pp7we7dk4pmibe4ahfdhzi/app.bsky.feed.post/3m5giuucbms2p,ealadubh.bsky.social,2025-11-12T11:03:21.322Z,"There was a lovely little Samhain festival on the hill of Uisneach last weekend. I was asked to do some readings, so I offered #TeaLeaf readings & cards & it was very busy, but I took an early morning walk

Hill of Uisneach, 8th Nov 2025
#Samhain 
#SpéirGorm #SpeirGorm 
Ireland home of Halloween",2,0,0,0,NA
at://did:plc:rj54e4tn2c5l6kmuqotuahuv/app.bsky.feed.post/3m5gi6k5re223,pnamblath.bsky.social,2025-11-12T10:50:39.922Z,#speirgorm #IrishNews,0,0,0,0,NA
at://did:plc:5lalgxnyfxas34qyb3u4dp4u/app.bsky.feed.post/3m5gi3kbonc2u,cjamcmahon.bsky.social,2025-11-12T10:49:01.122Z,"fascinating how this 'plan' is being trailed. Obviously 300k houses over 6 years averages 50k a year, but specifying that would remind everyone that this government promised 40k would be built in 2024 during #ge2024 and then were shown to have fallen far below that #speirgorm",4,0,1,0,NA
at://did:plc:v6y63c54iecyzlxp3vrxvwv2/app.bsky.feed.post/3m5ghh7xrnk2d,rdisc0mb0bulate.bsky.social,2025-11-12T10:37:38.221Z,A misty one this morning! #SpeirGorm,16,0,0,0,NA
at://did:plc:v3qidkwdgquq42eikzvtevlp/app.bsky.feed.post/3m5ghfyfuuc2m,buchanan.today,2025-11-12T10:37:03.522Z,"Máel Sechnaill mac Domnaill (Malachy II, d. 1022) was High King of Ireland 980–1002 and 1014–1022.

In 1002, Brian Boru usurped his position as Ard Rí.

After Brian’s death at Clontarf (1014), Máel Sechnaill was restored as High King until 1022.

#WyrdWednesday  #SpéirGorm",21,0,2,3,NA
at://did:plc:e2vdb3yylfvzgvlo3fi5mrkf/app.bsky.feed.post/3m5ghf45bls2e,atticuspeirgorm.bsky.social,2025-11-12T10:36:26.921Z,"'Once more with feeling: Here comes the latest housing plan'

#Irishpol #Speirgorm 

fmb.ie/business-new...",3,0,0,0,NA
at://did:plc:wzelpzmv2b3oudwhkcpr2s6n/app.bsky.feed.post/3m5gfz6ol622h,drmarymcauliffe.bsky.social,2025-11-12T10:11:53.022Z,"Good morning - as a woman worker I’m off to ‘ruin’ my workplace by insisting on equal pay and respectful behaviour. Couldn’t be happier? Sisters, how are you ‘ruining’ your workplace? #speirgorm #feminismrules",58,0,3,4,NA
at://did:plc:hhfwpteeefymb5m324x3rsui/app.bsky.feed.post/3m5gfiirkhk2o,irishplacenames.bsky.social,2025-11-12T10:02:35.824Z,"New Twopothouse, Co. Cork.

From an 18th century coaching inn, the 'Two-Pot House Inn'. When the Cork to Limerick road was built a new coaching stop was opened and named 'New Two-Pot-House' to distinguish it from the coaching stop on the older road.

#speirgorm",2,0,1,1,NA
at://did:plc:ymhebkmh56zigyqiomogsupn/app.bsky.feed.post/3m5ger3e47k2a,taesaveslives.bsky.social,2025-11-12T09:49:28.521Z,The European people want a stronger EU. Numerous surveys and polls show this. Pro-EU parties are successfully pushing back far right across European elections. Yet again the lack of ambition is killing momentum #speirgorm,6,0,0,0,NA
at://did:plc:m6ug347bvaddvo6gqdzhvczc/app.bsky.feed.post/3m5ge5o6ytc2l,eoinlettice.bsky.social,2025-11-12T09:38:35.525Z,"We still have a small number of places left for our #ScienceWeek event in UCC, celebrating 180 years of the UCC Arboretum. See details below and to register. #Speirgorm #Cork",2,0,0,2,NA
at://did:plc:nigs7kco6eoaxc5aiimsaxc3/app.bsky.feed.post/3m5gdvwktlk25,helendublin.bsky.social,2025-11-12T09:34:17.021Z,#speirgorm,0,0,0,0,at://did:plc:kuksxnpgzxskgmhijcl52rdv/app.bsky.feed.post/3m5gchmuons2b
at://did:plc:qi3uhneb2cz77ibwnzailb22/app.bsky.feed.post/3m5gcxl6q6k2a,dfertl.bsky.social,2025-11-12T09:17:21.322Z,"“When Alison O’Connor warned that the rise of the Irish language might be “creating a them-and-us situation,” she revealed less about the language than about the anxieties of Ireland’s establishment commentariat”
#gaeilge #spéirgorm #CatherineConnolly 
substack.com/home/post/p-...",36,1,1,4,NA
at://did:plc:lnp4tqbsnxbcjc5upkiupbq7/app.bsky.feed.post/3m5gcldy4i22s,adamisreallyme.bsky.social,2025-11-12T09:10:27.425Z,"I've been cycling to the office in town and I do no understand how to turn right from Clanwilliam Pl to Grand Canal St, without almost knocking down everyone crossing the road? Does anyone know?
#spéirgorm",2,0,0,0,NA
at://did:plc:he6u6i7pmelvgaoqycdgv44e/app.bsky.feed.post/3m5gaw26bfs2t,frankiegolucky.bsky.social,2025-11-12T08:40:38.621Z,Was there a reason Simon  Harris was nodding when walking in with Catherine Connolly for the Inauguration? #Aras25 #SpeirGorm,2,0,0,0,NA
at://did:plc:atvnvkmpkr3szyzr25bd63uh/app.bsky.feed.post/3m5gakgkp522k,alimack13.bsky.social,2025-11-12T08:34:09.023Z,"#speirgorm and who says it's going to affect businesses in a good way? It could, maybe, but there is too much hype and promise of being a way to salvation and businesses need to adopt responsibly (if at all) after very careful consideration. It takes time to consider.",1,0,1,0,at://did:plc:klkrhw6jl7re5gg3fwvp2aj2/app.bsky.feed.post/3m5g7rtcuhk27
at://did:plc:ofmkl4k2ybutv5b3xpmuq36h/app.bsky.feed.post/3m5gaazitwk27,limerick4inarow.bsky.social,2025-11-12T08:28:55.424Z,"Carville in an Irish sweater. Good man James 🇮🇪
Excellent pod as usual Jim
@jimacosta.bsky.social 

#speirgorm",3,0,0,1,NA
at://did:plc:dnvpi77gppcosuglhn7nngk3/app.bsky.feed.post/3m5g7pzmkgk2a,eslsys.bsky.social,2025-11-12T08:19:24.123Z,Spot on  @bjennings90.bsky.social  in the @theguardian.com   #SpeirGorm,1,0,1,0,NA
at://did:plc:ek6kvqen34uiu3ctdfyutjcw/app.bsky.feed.post/3m5g5mzucgc2a,orlaegan1.bsky.social,2025-11-12T07:41:56.324Z,"The Irish Presidents over past 35 years: President Catherine Connolly with her predecessors Mary Robinson,  Mary McAleese and Michael D Higgins #SpéirGorm",12,0,1,2,NA
at://did:plc:mcb6n67plnrlx4lg35natk2b/app.bsky.feed.post/3m5g4ykoj6623,nowbreezing.ntw.app,2025-11-12T07:30:28.224Z,"
Bluesky's Top 10 Trending Words (past 10min):
💨x30 - 1﹐607
💨x23 - schaufenster
💨x1* - gaza 🔓
💨x1* - ukraine 🔓
💨x15 - borealis
💨x15 - aurora
💨x1* - democracy 🔓
💨x9 - streeting
💨x8 - wes
💨x8 - 167
*🔓 = Unlocked Emergency Words (see img)

#FreePalestine 🇵🇸

(Something not right? Reply!)",1,0,0,0,NA
at://did:plc:uikhh4ytkn7hivripzltye7z/app.bsky.feed.post/3m5g4snp2ls2k,beebsymca.bsky.social,2025-11-12T07:27:10.023Z,"I'm all for this post because the Twitter one was such a classic but the OP and replies are SO BlueSky; all thoughtful analysis and clarification.

Maybe it's because #Speirgorm isn't awake yet 😂",31,1,3,5,NA
at://did:plc:lkbwas4aehjhnn3epqhhtxz2/app.bsky.feed.post/3m5g4jkav3s2h,sarahmccrann.bsky.social,2025-11-12T07:22:05.124Z,#Speirgorm Off you go!,5,0,0,0,NA
at://did:plc:vu334q6rocws445oikkiysbs/app.bsky.feed.post/3m5g3gbkc6c23,john-hurley.bsky.social,2025-11-12T07:02:22.823Z,"The difference in presentation of the same fact by two British news agencies. 
Guardian Vs Sky
#speirgorm",2,0,0,0,NA
at://did:plc:v6y63c54iecyzlxp3vrxvwv2/app.bsky.feed.post/3m5fzqjseos24,rdisc0mb0bulate.bsky.social,2025-11-12T06:32:17.622Z,"I actually slept! All night! 

‘‘Tis a Christmas miracle! 

#SpeirGorm",27,0,2,0,NA
at://did:plc:54nya2mupquqf4xmt5bduhwn/app.bsky.feed.post/3m5fvtiqipc2p,ellenrey.bsky.social,2025-11-12T05:22:21.624Z,"3-cueing system used for learning to read is 'deceptive' and 'defective'. 
Wondering how many teachers are using this type of cueing to teach reading in Ireland?
#Spéirgorm",0,0,0,0,NA
at://did:plc:lcczgcqfsgyocligu3ukzexx/app.bsky.feed.post/3m5fnjzlqi223,squeefulraven.bsky.social,2025-11-12T02:54:01.127Z,"Massive thanks to @domhnaill061.bsky.social for the heads up, aurora on view at the minute, not a great view from where we are, but it’s still beautiful to see 🥰

#Aurora #SpéirGorm #SpeirGorm #SpeirGorm #Rare #RareSight #Ireland #Nature #Sky #Beautiful #NoFilter #IPhone #Munster #CountyLimerick",21,0,2,1,NA
at://did:plc:jetcomelzrjjt7hb2lpvira6/app.bsky.feed.post/3m5fltwvjz22v,domhnaill061.bsky.social,2025-11-12T02:23:48.125Z,"I doubt many are up but if you are, go outside #speirgorm",20,0,3,1,NA
at://did:plc:wse2xzmb4etf7dpmdodw75lt/app.bsky.feed.post/3m5fk44qbrs2j,jenniferomeara5.bsky.social,2025-11-12T01:52:26.725Z,"I'm rewatching some of today's footage and I could swing for Peadar Tóibín (a regular occurrence tbf). He's on RTE News claiming that he shares lots of common ground with President Connolly yet he happily admitted to spoiling his vote. That fella had  some neck to show up today. 
#SpeirGorm",15,0,1,0,NA
at://did:plc:k37qbsu7vms4fcu6wszzuu3l/app.bsky.feed.post/3m5fgddx7p226,alanmacseain.bsky.social,2025-11-12T00:44:58.420Z,"My daughter's latest oil painting. ""Tlachtga"", druidess of The Hill of Ward. Prints available.

www.instagram.com/p/DQ7qWxWDLn2

#speirgorm",1,0,1,1,NA
at://did:plc:k37qbsu7vms4fcu6wszzuu3l/app.bsky.feed.post/3m5fdpqafz226,alanmacseain.bsky.social,2025-11-11T23:58:09.225Z,"The next plane that Aer Lingus registers will  have the registration EI-EIO. 

Will passengers be obliged to sing ""Old MacDonald had a farm"" on takeoff?

#speirgorm #aerlingus",4,0,0,0,NA
at://did:plc:cfoygrx4clhglmhy6ted7su2/app.bsky.feed.post/3m5fd2kdbds2n,stivvers.bsky.social,2025-11-11T23:46:16.523Z,"#seafóid1044 11 Samhain
🟩🟩🟩🟩🟩
⬜⬛🟩⬛🟩
⬜🟩🟩⬜🟩
🟩⬛🟩⬛🟩
🟩⬜🟩⬜🟩
Teip ann inniu 😭

#Gaeilge #Cluichí #Seafóid #speirgorm 

seafóid.com - seafoid.com",0,0,1,0,at://did:plc:cfoygrx4clhglmhy6ted7su2/app.bsky.feed.post/3m5cdezh3kk23
at://did:plc:s6znrelghqcbkis7iudax6v7/app.bsky.feed.post/3m5fbkkmvok2g,lisafitz.bsky.social,2025-11-11T23:19:27.727Z,Good jesus.. just realised that was Bertie Aherne standing behind Catherine Connelly.. what in the fucknuckle has he done to himself.. boiled is how my mother described him.. oh well.. #speirgorm,3,0,0,0,NA
at://did:plc:zdxzpya4k5b4dguidkh3zajh/app.bsky.feed.post/3m5fagqllrs2w,gardeningwell.ie,2025-11-11T22:59:27.326Z,These are our 3 previous and current presidents. Who you elect says a lot about you .  Be careful who you elect.   We are. We proud to have these people represent us #speirgorm,38,0,2,2,NA
at://did:plc:h5dbmkg6gguanjsa2etfhum4/app.bsky.feed.post/3m5fafdaqzk2w,carlwinberg.bsky.social,2025-11-11T22:58:38.730Z,Pretty funny. #speirgorm,8,0,0,4,NA
at://did:plc:dnvpi77gppcosuglhn7nngk3/app.bsky.feed.post/3m5f7xw7l222a,eslsys.bsky.social,2025-11-11T22:51:07.322Z,"Negotiated and championed by Micheal Martin with the promise of securing our future neutrality, now pulling it apart at its first moment of stress. They take us for fools #speirgorm",2,0,0,0,NA
at://did:plc:wpvwcjuhrpr5tjnhy3vp24ly/app.bsky.feed.post/3m5f7rgddx22x,fhayesmccoy.bsky.social,2025-11-11T22:47:41.382Z,"Okay, I lied about the grand piano, but it was some night.

Massive thanks to Sally of Banner Books, Ennistymon, to Lily, and all who came.

And love and thanks to @roisinm.bsky.social  x

#spéirgorm #booksky #writincommunity #arscáthachéileamhairimíd #shoplocal #choosebooks",6,0,1,0,at://did:plc:wpvwcjuhrpr5tjnhy3vp24ly/app.bsky.feed.post/3m5f7r7dsms2x
at://did:plc:wpvwcjuhrpr5tjnhy3vp24ly/app.bsky.feed.post/3m5f7qkpuhk2x,fhayesmccoy.bsky.social,2025-11-11T22:47:41.321Z,"There was craic and there was cake

#spéirgorm #booksky #Irish #writing",12,0,1,1,NA
at://did:plc:5zkqprnhjriixgdyrfanimxw/app.bsky.feed.post/3m5f5nwusp22v,decjordan.bsky.social,2025-11-11T22:09:45.928Z,Not easy cycling around #Cork these days. If only there was some way of knowing when trees would shed their leaves and a lot of rain would fall. #SpeirGorm #CleartheDrains,1,0,0,0,NA
at://did:plc:nigs7kco6eoaxc5aiimsaxc3/app.bsky.feed.post/3m5f46t4jf226,helendublin.bsky.social,2025-11-11T21:43:24.923Z,I'm Pro-abortion and pro choice. How the fuck are people meant to have families #speirgorm #housingcrisis,5,0,1,0,NA
at://did:plc:r2id5ogmv3mwkflk4vrl7kjl/app.bsky.feed.post/3m5f2sqb3mc2y,merrua.bsky.social,2025-11-11T21:18:49.127Z, www.openculture.com/2025/09/a-to... Belfast is in this one.  #speirgorm #speírghorm,2,0,0,0,NA
at://did:plc:uwji4l3wzsygaxduowluqmgr/app.bsky.feed.post/3m5ezwdxiy22r,sharrow.bsky.social,2025-11-11T21:02:53.025Z,Again FF & FG have #SupergluedPockets when it comes to 'Public Spending'. The State as unprecedented money in tax and seems so reluctant to spend it on #Healthcare #Housing & #ChildCare  #Speirgorm,6,0,0,3,NA
at://did:plc:wf5grp4urwhotfzikjnxdurs/app.bsky.feed.post/3m5eyoutcos2b,carriegrif.bsky.social,2025-11-11T20:40:48.123Z,"As an Irishwoman I'm so proud and moved that we as people value hard work, integrity, female resilience, compassion, bravery, and intelligence & that we've positioned those qualities centrally in our nation. Catherine abú. Thar a bheith bródiúil. #spéirgorm #uachtaránnahéireann",24,0,1,3,NA
at://did:plc:dyx2nesmuuoq2nga6pyqx2lh/app.bsky.feed.post/3m5eydrjhq22z,oreilly1.bsky.social,2025-11-11T20:34:38.926Z,"O'Brien claims civil service remote working makes the government less efficient. They were asleep at their desks when he got the Esat Digifone license back in the day...
#Irishpolitics
#speirgorm",5,0,0,0,NA
at://did:plc:mcb6n67plnrlx4lg35natk2b/app.bsky.feed.post/3m5exkptlq72i,nowbreezing.ntw.app,2025-11-11T20:20:35.722Z,"
Bluesky's Top 10 Trending Words (past 10min):
💨x1* - democracy 🔓
💨x1* - ukraine 🔓
💨x24 - veterans
💨x1* - gaza 🔓
💨x19 - veteran's
💨x19 - pocky
💨x19 - phonics
💨x18 - fujitsu
💨x17 - £41
💨x17 - doordash
*🔓 = Unlocked Emergency Words (see img)

#FreePalestine 🇵🇸

(Something not right? Reply!)",0,0,0,0,NA
at://did:plc:otbtowq6frkzwtcielvufi4n/app.bsky.feed.post/3m5exgs76lc2a,ciarameehan.bsky.social,2025-11-11T20:18:31.325Z,"What a privilege to contribute, in a small way, to RTÉ’s coverage of President Connolly’s inauguration today. #aras25 #speirgorm",9,0,0,0,NA
at://did:plc:nigs7kco6eoaxc5aiimsaxc3/app.bsky.feed.post/3m5exclneh226,helendublin.bsky.social,2025-11-11T20:16:03.324Z,Makes me so angry #speirgorm,3,0,1,0,NA
at://did:plc:2ie425wzoojoewvaabwy6t3s/app.bsky.feed.post/3m5ex3vbvjc2b,desfitzgerald.bsky.social,2025-11-11T20:12:18.022Z,Me watching all the Irish lads earnest posting about the presidency #speirgorm,1,0,0,0,NA
at://did:plc:ofmkl4k2ybutv5b3xpmuq36h/app.bsky.feed.post/3m5ewc7wcd22p,limerick4inarow.bsky.social,2025-11-11T19:58:01.722Z,"Lads..
#speirgorm",5,0,0,0,NA
at://did:plc:hsami2xqnyvluahikcz2u6ca/app.bsky.feed.post/3m5evrxsql22z,beatingblog.bsky.social,2025-11-11T19:48:52.420Z,So who's at this shindig at Dublin Castle tonight then? Anyone really famous like? Would they invite celebrities to that or just politicians? Miggeldy's one was so long ago I've forgotten. Surely we can rustle up a few A listers? #aras25 #speirgorm,1,0,1,0,NA
at://did:plc:jhndv2ueuu77qaiw5ivjkhx7/app.bsky.feed.post/3m5ev6tgw622p,despod.bsky.social,2025-11-11T19:38:14.621Z,"Always something good to listen to on The Mystery Train. 

#Speirgorm 

www.shazam.com/track/832146...",4,0,0,0,NA
at://did:plc:jhndv2ueuu77qaiw5ivjkhx7/app.bsky.feed.post/3m5ev4yzsnc2p,despod.bsky.social,2025-11-11T19:37:13.126Z,"Strong whiff of Neu! off this track from the great King Creosote. 

#Speirgorm

www.shazam.com/track/128919...",2,0,0,0,NA
at://did:plc:v6y63c54iecyzlxp3vrxvwv2/app.bsky.feed.post/3m5etkiux6s2f,rdisc0mb0bulate.bsky.social,2025-11-11T19:08:53.125Z,#SpeirGorm,2,0,1,0,NA
at://did:plc:flpf3rksopl7zx2tbgsyjv7m/app.bsky.feed.post/3m5etkcp35s2m,nicolahorgan.bsky.social,2025-11-11T19:08:54.724Z,"It's a two curly wurly kinda Tuesday 

#speirgorm",10,0,0,1,NA
at://did:plc:mcb6n67plnrlx4lg35natk2b/app.bsky.feed.post/3m5et3l2gyg23,nowbreezing.ntw.app,2025-11-11T19:00:32.329Z,"
Bluesky's Top 10 Trending Words (past 10min):
💨x1* - democracy 🔓
💨x1* - ukraine 🔓
💨x27 - veterans
💨x24 - veteran's
💨x21 - bond
💨x16 - phonics
💨x16 - mcafee
💨x1* - gaza 🔓
💨x15 - mortgages
💨x15 - armistice
*🔓 = Unlocked Emergency Words (see img)

#FreePalestine 🇵🇸

(Something not right? Reply!)",0,0,0,0,NA
at://did:plc:jkgqy6z3shq6puqnt3t4g2to/app.bsky.feed.post/3m5et25cwbs2n,thenpw.bsky.social,2025-11-11T18:59:51.221Z,Can we take a moment for this absolute icon too! ❤️ #Speirgorm,67,0,1,11,NA
at://did:plc:wzelpzmv2b3oudwhkcpr2s6n/app.bsky.feed.post/3m5esvivmqk2q,drmarymcauliffe.bsky.social,2025-11-11T18:57:20.029Z,"To cap a very lovely (despite the weather) day, it’s great to be at the launch of Owen o’Shea’s book ‘From Bullets to Ballots; politics and electioneering in post civil war Kerry, 1923-1933’. Available from @ucdpress.bsky.social 👇🏼#spèirghorm #speirgorm 

www.ucdpress.ie/page/detail/...",32,0,2,6,NA
at://did:plc:mp5cwi7rndnx4ekfsjvk53yf/app.bsky.feed.post/3m5esojr7lc2u,paddypadman.bsky.social,2025-11-11T18:53:18.120Z,There she is now getting out of the car at Dublin Castle #speirgorm,5,0,0,0,NA
at://did:plc:jhndv2ueuu77qaiw5ivjkhx7/app.bsky.feed.post/3m5esn7z67o2p,despod.bsky.social,2025-11-11T18:52:30.419Z,"Lots of important emergency status information posted today by Irish Rail and Cork City Council (for example) but unavailable to those who don't use X.

#Speirgorm",9,0,4,3,NA
at://did:plc:imdb5lnqdvuployv2wxfgdms/app.bsky.feed.post/3m5erkmpthk2y,darylfeehely.com,2025-11-11T18:33:08.824Z,"😍
Mar a chuirfeas tú, bainfidh tú. 
As you sow, so shall you reap.

#Speirgorm",9,0,0,0,NA
at://did:plc:5umbpor2jx3i4a7g5gureesq/app.bsky.feed.post/3m5erhgzskk2f,stancarey.bsky.social,2025-11-11T18:31:30.328Z,"Ireland's presidential inauguration chair was made from native oak, symbolic of strength and endurance

Here's some background from a beautiful book that I copy-edited in 2018 artisanhouse.ie/product/see-... #SpéirGhorm #SpéirGorm",42,0,0,10,NA
at://did:plc:63mlf5ayqa3qbmgddw4d4zsu/app.bsky.feed.post/3m5era6bpos2o,sullydaysleeper.bsky.social,2025-11-11T18:27:19.023Z,This is such a great idea but it's also really sad to think that some parents are so poor they cannot afford Santa. Feel really really sad for all the children in Ireland who will be living in emergency accommodation this Christmas #Speirgorm #SpeirGorm #HousingCrisis,10,0,1,5,NA
at://did:plc:sp6yooz77ckr32j7dqxjt5fr/app.bsky.feed.post/3m5eqiqcypc26,geraldineishere.bsky.social,2025-11-11T18:14:15.522Z,"Íosa Críost, the @news.rte.ie subtitles aren’t anywhere near good enough either 🤦‍♀️

#Spéirgorm #Speirgorm",12,0,0,1,at://did:plc:sp6yooz77ckr32j7dqxjt5fr/app.bsky.feed.post/3m5epg2l3ts26
at://did:plc:qywcmx577hlrhttfeurxgqp4/app.bsky.feed.post/3m5epuns5hx2m,thriveabetes.bsky.social,2025-11-11T18:02:59.127Z,"📣 Can you help two @Stripe_YSTE students with a diabetes project?

Donnacha & Dylan from CBS Mullingar are building DiaCare+, a new app to support people living with diabetes.

#SpeirGorm #IREDOC #Diabetes #Ireland #ScienceWeek #Type1Diabetes #T1D #LADA",1,0,1,1,NA
at://did:plc:v6y63c54iecyzlxp3vrxvwv2/app.bsky.feed.post/3m5epr6igtc2j,rdisc0mb0bulate.bsky.social,2025-11-11T18:01:05.735Z,"Good evening, #SpeirGorm! I don’t know how I made it through the day but I did. Awake since early hours listening to the house getting battered by wind and rain! 

I’m over winter now. It can get in the bin!",5,0,0,0,NA
at://did:plc:sp6yooz77ckr32j7dqxjt5fr/app.bsky.feed.post/3m5epg2l3ts26,geraldineishere.bsky.social,2025-11-11T17:54:52.127Z,"Oh wow, watching @virginmedianews.bsky.social & the auto generated subtitles for the Presidential oath as Gaeilge are *not good* 😬",40,1,5,12,NA
at://did:plc:vmvfjiq64l4zjxj6omfqalwm/app.bsky.feed.post/3m5ep7yfb322a,cormacos.bsky.social,2025-11-11T17:51:28.924Z,"Taking a moment to appreciate the Presidential Chair.

Commissioned back in 2011 by @opwireland.bsky.social from John Lee, based in Co. Meath.

She's a thing of beauty.
#speirgorm #áras2025",54,1,4,9,NA
at://did:plc:p3ajfs5yqzh6anrao6r73nho/app.bsky.feed.post/3m5ep7vc5722z,uplift.ie,2025-11-11T17:51:22.529Z,"Ireland is at risk of being locked into decades of dirty, expensive fracked gas imports 

We are coming together to support the calls demanding we keep Ireland ''LNG'' Free 📝✊️

#Peoplepoweredchange #Uplift ##SpeirGorm 

my.uplift.ie/petitions/ke...",0,0,0,1,NA
at://did:plc:uwji4l3wzsygaxduowluqmgr/app.bsky.feed.post/3m5eos4kfuc2t,sharrow.bsky.social,2025-11-11T17:43:42.323Z,"Outhouse #LGBTQ+ CENTRE 

DROP IN VACCINE CLINIC # Wednesday, 26 November; from 2pm to 7pm Get your Winter #flu vaccine and #Covid booster, No pre-registration required. Just walk in! 

Outhouse, LGBTQ+ Centre. 105 Capel Street, Dublin D01 R290 
@outhousedublin.bsky.social

#speirgorm #Queer",6,0,0,5,NA
at://did:plc:ebd2ccgsnkfj4mqhbfklbizw/app.bsky.feed.post/3m5eor3d3ik2a,alannahr.bsky.social,2025-11-11T17:43:05.832Z,"I love purple. Light purple preferably, but I really like this colour on Catherine. 💜
Go hiontach ar fad!
#Spéirgorm",5,1,0,0,NA
at://did:plc:5umbpor2jx3i4a7g5gureesq/app.bsky.feed.post/3m5eoj6lpls2f,stancarey.bsky.social,2025-11-11T17:38:43.824Z,The full text of Catherine Connolly's speech is here: president.ie/en/media-lib... #SpéirGhorm #SpéirGorm,5,0,0,1,at://did:plc:5umbpor2jx3i4a7g5gureesq/app.bsky.feed.post/3m5en2zislc2a
at://did:plc:2qmih3koz433ajeaebppmgr6/app.bsky.feed.post/3m5eoj37th22k,gerardelwood.bsky.social,2025-11-11T17:38:41.326Z,"Teaching about life in Nazi Germany in Junior Certificate History today, focusing on the lives of women and young people. Happened to have a real Mother's Cross to bring the topic alive. 

#history #speirgorm #edchatie",2,0,0,0,NA
at://did:plc:73huo7yhxqkafs2xyr36hqt6/app.bsky.feed.post/3m5en43c54k2v,sarahskeeter.bsky.social,2025-11-11T17:13:27.824Z,"Ha! The face on Bertie! talk about a spectre at the feast!

#spéirgorm #IrishPol",7,0,0,0,NA
at://did:plc:xsyhsinadeaebjifn2sgwc4m/app.bsky.feed.post/3m5emrsok3s2k,gerrioneillhist.bsky.social,2025-11-11T17:07:48.925Z,What a sunset. #speirgorm,4,0,0,0,NA
at://did:plc:33vlabr5n5naktrl6xgyopoc/app.bsky.feed.post/3m5emop6w4k2e,nigellicus.bsky.social,2025-11-11T17:07:25.327Z,Hoisting his own pet árd. #speirgorm,18,0,1,5,NA
at://did:plc:4azdt3udrkqxhyzpmt2olbkr/app.bsky.feed.post/3m5elrdrgds2j,heneghano.bsky.social,2025-11-11T16:49:33.022Z,"Mid way through Porter Cake # 2 and it’s not even December.  Used Odlums & Darina recipes.  Any chance that wonderful baker from Cork is on here?  Loved her pics of home bakes, recipes and cheerful greetings from Cork.  #speirgorm #PorterCake as Gaeilge aon duine?",0,0,0,1,NA
at://did:plc:imdb5lnqdvuployv2wxfgdms/app.bsky.feed.post/3m5elqprfus2q,darylfeehely.com,2025-11-11T16:49:11.720Z,"A Catherine wore amethyst & became President today after all 😀

#Speirgorm",8,0,0,4,NA
at://did:plc:b5yxc2nhcgrbtu3twvlg3i7a/app.bsky.feed.post/3m5el52a3ic2f,siobhanmcelduff.bsky.social,2025-11-11T16:38:12.825Z,"I present to you the greatest show about the Romans trying to invade Ireland filmed in New Zealand. There are some Brad Pitt levels of accent work displayed.

#spéirghorm ##speirgorm",6,1,2,3,NA
at://did:plc:p3ajfs5yqzh6anrao6r73nho/app.bsky.feed.post/3m5efczqfus23,uplift.ie,2025-11-11T14:54:09.622Z,"Rainy days are great for catching up on things around the house, like setting up that petition you've been thinking of starting.... #SpeirGorm 

Uplift.ie",0,0,0,0,NA
at://did:plc:aozsf6n4ii7kftvlsr2yvfhq/app.bsky.feed.post/3m5efcrazck2d,orla-hegarty.bsky.social,2025-11-11T14:54:05.432Z,Waiting for the Christmas tree.. #Miggeldy #Speirgorm #Aras25,27,0,2,1,NA
at://did:plc:ek6kvqen34uiu3ctdfyutjcw/app.bsky.feed.post/3m5ecx25nk22a,orlaegan1.bsky.social,2025-11-11T14:11:40.520Z,"President Connolly declared a clear commitment to valuing equality, diversity, inclusion, housing as a human right, opposition to war and genocide, defence of Irish neutrality and using Irish as a working language. #Áras25 #SpéirGorm",13,1,0,5,at://did:plc:ek6kvqen34uiu3ctdfyutjcw/app.bsky.feed.post/3m5eb64u7ok2q
at://did:plc:uwji4l3wzsygaxduowluqmgr/app.bsky.feed.post/3m5ecwktpsk2d,sharrow.bsky.social,2025-11-11T14:11:24.526Z,#Aras25 #speirgorm #MyPresident,13,0,1,0,NA
at://did:plc:k43ha6nlknmdw4owymqnvcat/app.bsky.feed.post/3m5eclrq4q52s,hourlybreezing.ntw.app,2025-11-11T14:05:22.428Z,"
Bluesky's Top 10 Trending Words (past 60min):
💨x1* - democracy 🔓
💨x172 - 1﹐606
💨x1* - gaza 🔓
💨x1* - ukraine 🔓
💨x97 - armistice
💨x91 - ポッキー
💨x76 - pocky
💨x54 - c6
💨x53 - suica
💨x49 - bond's
*🔓 = Unlocked Emergency Words (see img)

#ListenToBlackVoices

(Something not right? Reply!)",1,0,0,1,NA
at://did:plc:zhnxit2ol47yfkmdl6eicbbm/app.bsky.feed.post/3m5ecbhkknc26,hyperbolicdub.bsky.social,2025-11-11T13:59:32.426Z,"President of Ireland, Catherine Connolly nailing her colours to the mast straight out of the gate. A president we can be proud of. #speirgorm",13,0,0,0,NA
at://did:plc:wse2xzmb4etf7dpmdodw75lt/app.bsky.feed.post/3m5ebxfqubk2v,jenniferomeara5.bsky.social,2025-11-11T13:53:59.020Z,"Don't be fooled by Catherine Connolly's choice of colour today. She's no shrinking violet.
#SpeirGorm",3,0,1,0,NA
at://did:plc:txovk4fleiim76boz7veuruk/app.bsky.feed.post/3m5ebp4niis2p,sheila-garrity.bsky.social,2025-11-11T13:49:22.623Z,"What a day!!!

Great group of #CatherineConnolly supporters and #campaign volunteers gathered @buskerbrown.bsky.social to celebrate the #inauguration of our #10thPresident 
#GalwayforCatherine
#speirgorm",7,0,0,0,NA
at://did:plc:ek6kvqen34uiu3ctdfyutjcw/app.bsky.feed.post/3m5eb64u7ok2q,orlaegan1.bsky.social,2025-11-11T13:39:50.331Z,"Enjoyed watching the inauguration of Irish President Catherine Connolly.  Strong defence of Irish neutrality, while standing next to the Taoiseach and Tánaiste who want to undermine it. 
A highlight was seeing her husband Brian make sure she didn't leave her glasses behind! #Áras25 #SpéirGorm",17,0,1,3,NA
at://did:plc:oxfmnceakuxgdwuydnnctski/app.bsky.feed.post/3m5eb3s2ly22t,amynim.bsky.social,2025-11-11T13:38:32.924Z,"Some days I'm incredibly proud of this little country. Deeply moving ceremony, full on sobbed during Amhrán na bhFiann. A great day. #Áras25 #Aras25 #SpeirGorm",8,0,2,0,NA
at://did:plc:zq2rgiqukr2xw75c5agplcbo/app.bsky.feed.post/3m5eay5xzrc2o,scopedesigner.bsky.social,2025-11-11T13:36:32.325Z,Live coverage of Ireland 🇮🇪 vs Paraguay 🇵🇾 at the FIFA #U17WC in Qatar #COYBIG #Speirgorm,2,0,0,0,NA
at://did:plc:e2vdb3yylfvzgvlo3fi5mrkf/app.bsky.feed.post/3m5eap5wsls2o,atticuspeirgorm.bsky.social,2025-11-11T13:31:27.320Z,"Ivan Bates was not a pundit on any broadcast today, that's  progress. 

#Aras25 #Speirgorm",5,0,0,0,NA
at://did:plc:mcb6n67plnrlx4lg35natk2b/app.bsky.feed.post/3m5eanpl3qv2y,nowbreezing.ntw.app,2025-11-11T13:30:40.126Z,"
Bluesky's Top 10 Trending Words (past 10min):
💨x63 - ポッキー
💨x1* - democracy 🔓
💨x32 - continuity
💨x32 - bond
💨x28 - veterans
💨x28 - 11/11
💨x27 - 1﹐606
💨x25 - 007
💨x24 - ペンギン
💨x21 - veteran's
*🔓 = Unlocked Emergency Words (see img)

#ListenToBlackVoices

(Something not right? Reply!)",1,0,0,1,NA
at://did:plc:56aoxjem4pjvtqsscuhq223t/app.bsky.feed.post/3m5ealye54c2s,rogerokeeffe.bsky.social,2025-11-11T13:29:42.726Z,"Two reservists needed to make up the numbers for the motorcycle escort, a duty they will be proud to perform. 

In my day the whole route through the city was lined by entire FCA units as well as Regulars.

#Áras25 #speirgorm",2,0,1,0,NA
at://did:plc:hsami2xqnyvluahikcz2u6ca/app.bsky.feed.post/3m5eakouawc22,beatingblog.bsky.social,2025-11-11T13:28:57.625Z,"That Army No 1 Band put the heart crossways in me when President Connolly was being signed in, I'll tell you that for nothing! Was an almighty trumpet out of the blue really necessary? #speirgorm",6,0,3,0,NA
at://did:plc:txovk4fleiim76boz7veuruk/app.bsky.feed.post/3m5eah6p4f22p,sheila-garrity.bsky.social,2025-11-11T13:27:01.423Z,"On train to Dublin. Golden ticket for #inauguration reception #DublinCastle

Conductor just did regular leaving-Galway announcements.

Then added, we now have a new President, Catherine Connolly 😊

#presidentconnolly 
#10thPresident 
#GalwayforCatherine
#speirgorm",15,0,0,1,NA
at://did:plc:vgw34ubb4wjjkrkwtw6qpcyu/app.bsky.feed.post/3m5eadiovjc2q,ciaralynnmurphy.bsky.social,2025-11-11T13:24:57.226Z,Proud today! Good job everyone. #SpéirGorm #Aras25,8,0,0,0,NA
at://did:plc:54nya2mupquqf4xmt5bduhwn/app.bsky.feed.post/3m5ea6fklpk26,ellenrey.bsky.social,2025-11-11T13:22:15.424Z,"Keeping with the main themes of her election campaign, a great speech by Uachrarán Catherine Connolly #Spéirgorm",8,0,0,0,NA
at://did:plc:wse2xzmb4etf7dpmdodw75lt/app.bsky.feed.post/3m5e7sjkbtc2z,jenniferomeara5.bsky.social,2025-11-11T13:15:27.620Z,"Does anyone else think we've just seen a far more assertive and firm Catherine Connolly in that speech? I'm here for it.
#SpeirGorm",11,0,3,0,NA
at://did:plc:htzrfp3q6p3ht3x7knog6mdd/app.bsky.feed.post/3m5e7j6yf7s2q,grainneblair.bsky.social,2025-11-11T13:10:14.523Z,"#Speirgorm #PresidentCatherineConnolly #TenthIrishPresidentThirdIrishWoman
#AnotherLinkInTheChain
#Feminism
#SuffragetteColours",3,0,0,1,NA
at://did:plc:rrj4gnpl267pqtrrdsjkijaq/app.bsky.feed.post/3m5e77gcwg22c,dubmac.bsky.social,2025-11-11T13:04:46.323Z,"Oh the aching pride at that inauguration speech by our President Connolly ... 🔥❤️
#Speirgorm",3,0,0,0,NA
at://did:plc:e2vdb3yylfvzgvlo3fi5mrkf/app.bsky.feed.post/3m5e73eygrk2o,atticuspeirgorm.bsky.social,2025-11-11T13:02:33.520Z,"The Republic of Ireland has just inaugurated a Democratic Solcialist as the 10th President. 

Get over it.

What's next? ✅️

#Aras25 #Speirgorm",6,0,0,0,NA
at://did:plc:pdendcplixw4gxmn7ubv3dnd/app.bsky.feed.post/3m5e6xllr7c26,meltyshirts.com,2025-11-11T13:00:26.222Z,Gwan Catherine! Let's Go!,23,0,2,8,NA
at://did:plc:dyx2nesmuuoq2nga6pyqx2lh/app.bsky.feed.post/3m5e6ljpkms2z,oreilly1.bsky.social,2025-11-11T12:53:39.125Z,"A super speech. A defiant speech. A speech of hope. The government will be run ragged with our new president...
#aras25
#speirgorm",21,0,0,4,NA
at://did:plc:ofmkl4k2ybutv5b3xpmuq36h/app.bsky.feed.post/3m5e6kht4i222,limerick4inarow.bsky.social,2025-11-11T12:53:03.322Z,"All that’s left to say is best of luck Madame President. She’ll do a great job. 

#speirgorm",3,0,0,0,NA
at://did:plc:vo3c5x2szy6wq4xc3dlemv7f/app.bsky.feed.post/3m5e6eo2jw223,cathyby.bsky.social,2025-11-11T12:49:48.529Z,"Thread: inauguration of Catherine Connolly as tenth president of Ireland. 

#SpeirGorm #SpéirGorm",2,0,1,0,NA
at://did:plc:56aoxjem4pjvtqsscuhq223t/app.bsky.feed.post/3m5e67qefe22s,rogerokeeffe.bsky.social,2025-11-11T12:47:05.222Z,"Housing. She isn't wasting time before getting stuck in!

#Áras25 #speirgorm",7,0,1,0,NA
at://did:plc:dyx2nesmuuoq2nga6pyqx2lh/app.bsky.feed.post/3m5e5nh7bas2z,oreilly1.bsky.social,2025-11-11T12:36:49.320Z,"Bertie would have mangled the declaration...
#aras25
#speirgorm",5,0,2,0,NA
at://did:plc:um2urgwzbwn56p742s6zwivq/app.bsky.feed.post/3m5e4mzsp7k22,drdeclankavanagh.bsky.social,2025-11-11T12:18:42.127Z,Very happy that Catherine Connolly is just about to be inaugurated as the tenth president of Ireland #Spéirgorm,34,0,1,3,NA
at://did:plc:ovdpgfgf7umvabead4h3mxye/app.bsky.feed.post/3m5e4cg4z522n,kristian7ross.bsky.social,2025-11-11T12:12:47.122Z,"Delighted for my friend Eugene. 

He's also a dab hand at five-a-side football too. 

#Speirgorm

www.derryjournal.com/news/people/...",0,0,0,0,NA
at://did:plc:5lalgxnyfxas34qyb3u4dp4u/app.bsky.feed.post/3m5e3xr22ss2d,cjamcmahon.bsky.social,2025-11-11T12:06:46.323Z,"this is a feature of Ireland having an excruciatingly centralised system of government. Not only is there effectively zero power in local authorities, but central government is concentrated in the executive. Let's face it, the Dáil just guillotines whatever MM says it should #speirgorm #aras25",2,0,1,0,at://did:plc:5lalgxnyfxas34qyb3u4dp4u/app.bsky.feed.post/3m5e3qccxnc2d
at://did:plc:5lalgxnyfxas34qyb3u4dp4u/app.bsky.feed.post/3m5e3qccxnc2d,cjamcmahon.bsky.social,2025-11-11T12:02:35.741Z,"despite incessant bleating of pol scientists that 'the President can't do that', it seems that the electorate do prefer candidates who are willing to push the boundaries of the role, just a little bit. Higgins, frankly, had the govt scared every time he spoke #aras25 #speirgorm",2,0,1,0,at://did:plc:5lalgxnyfxas34qyb3u4dp4u/app.bsky.feed.post/3m5e3qbwzsk2d
at://did:plc:5lalgxnyfxas34qyb3u4dp4u/app.bsky.feed.post/3m5e3qbwzsk2d,cjamcmahon.bsky.social,2025-11-11T12:02:35.720Z,Two things strike me over the last 30 years of #aras25 races: a) we are consistently electing lefty/progressive presidents while sticking with conservative governments. #speirgorm,4,0,1,0,at://did:plc:5lalgxnyfxas34qyb3u4dp4u/app.bsky.feed.post/3m5dytniuws2r
at://did:plc:fkorj7epx4zpmdxx7d6m7qgc/app.bsky.feed.post/3m5e36sddvs2h,saytheirnamesir.bsky.social,2025-11-11T11:52:55.123Z,A Future Built on Fairness: Reimagining Our Societies #speirgorm  almabase.ucc.ie/e/global-spe...,3,0,0,1,NA
at://did:plc:hhfwpteeefymb5m324x3rsui/app.bsky.feed.post/3m5e345b5kk2b,irishplacenames.bsky.social,2025-11-11T11:51:23.923Z,"Bweeng, Co. Cork. 

From the Irish 'Na boinn', 'the coins'.

I'm sure it's full of lovely human bweengs. 

#speirgorm",6,0,0,4,NA
at://did:plc:mcb6n67plnrlx4lg35natk2b/app.bsky.feed.post/3m5dzwuqwh42e,nowbreezing.ntw.app,2025-11-11T11:30:31.024Z,"
Bluesky's Top 10 Trending Words (past 10min):
💨x54 - ポッキー
💨x30 - 1﹐606
💨x27 - ペンギン
💨x1* - ukraine 🔓
💨x26 - suica
💨x25 - bond
💨x23 - 11/11
💨x1* - gaza 🔓
💨x19 - veterans
💨x19 - armistice
*🔓 = Unlocked Emergency Words (see img)

#FreePalestine 🇵🇸

(Something not right? Reply!)",0,0,0,0,NA
at://did:plc:wpvwcjuhrpr5tjnhy3vp24ly/app.bsky.feed.post/3m5dzuxx5xc2w,fhayesmccoy.bsky.social,2025-11-11T11:29:28.223Z,"Just dropped by to check. It's a concert grand. I said you'd tune it.

#Spéirgorm #booksky",6,0,1,1,at://did:plc:hnbxbhiv6baboisbizvop7ez/app.bsky.feed.post/3m5dxyc4rak2b
at://did:plc:54nya2mupquqf4xmt5bduhwn/app.bsky.feed.post/3m5dzqe3b2k26,ellenrey.bsky.social,2025-11-11T11:26:56.821Z,#Spéirgorm,0,0,0,0,NA
at://did:plc:dyx2nesmuuoq2nga6pyqx2lh/app.bsky.feed.post/3m5dzojaouk2p,oreilly1.bsky.social,2025-11-11T11:25:50.323Z,"One of the best things about today's presidential inauguration is that we won't have to hear the Irish language being butchered by Heather screeching ""tuar dom an caica milis""
#aras25
#speirgorm",4,0,0,0,NA
at://did:plc:wl6hu2taknxe2igvmaq53fwu/app.bsky.feed.post/3m5dzlt6f6c2k,gylesnamopaleen.bsky.social,2025-11-11T11:24:19.726Z,"bualadh bos. GRMA

#speirgorm #spéirgorm",7,0,0,1,NA
at://did:plc:fkorj7epx4zpmdxx7d6m7qgc/app.bsky.feed.post/3m5dz37wnxk2j,saytheirnamesir.bsky.social,2025-11-11T11:15:04.422Z,"'the question of potential undocumented burials at the site, and the positive obligation to 
conduct research to ascertain how many women and children died at #SundaysWell and where 
they are buried...' @jfmresearch.bsky.social #Cork #speirgorm",1,0,0,0,NA
at://did:plc:5lalgxnyfxas34qyb3u4dp4u/app.bsky.feed.post/3m5dytniuws2r,cjamcmahon.bsky.social,2025-11-11T11:10:47.223Z,"We are pretty unusal afaik to have the combination of a largely ceremonial yet directly-elected President. Add in the usual 7+7 year terms, and you get a constitutional monarchy in all but name. The entire election campaign has become a discourse entirely centred character 
 #speirgorm #aras25",2,0,2,0,at://did:plc:5lalgxnyfxas34qyb3u4dp4u/app.bsky.feed.post/3m5dycvucvc2r
at://did:plc:3mynxmaherbxeaun744qzgmy/app.bsky.feed.post/3m5dylm4aoc2o,conormolloy.bsky.social,2025-11-11T11:06:21.424Z,"Clear message from @climaterealityproject.org leaders across the world to #DearWorldLeaders at #COP30. 
#Speirgorm #StopBurningStuff #SUVskam
www.climaterealityproject.org/dear-world-l...",0,0,0,0,NA
at://did:plc:5lalgxnyfxas34qyb3u4dp4u/app.bsky.feed.post/3m5dycvucvc2r,cjamcmahon.bsky.social,2025-11-11T11:01:25.524Z,"It would have been facile for some continental princeling to be installed as the 'old man in the Park', do the needful, sign whatever was put in front of him and otherwise not embarrass the government of the day. The history of the 'republic' would have been otherwise effectively the same #speirgorm",1,0,1,0,at://did:plc:5lalgxnyfxas34qyb3u4dp4u/app.bsky.feed.post/3m5dy5fsdrs2r
at://did:plc:mcb6n67plnrlx4lg35natk2b/app.bsky.feed.post/3m5dyb7lyev2q,nowbreezing.ntw.app,2025-11-11T11:00:30.524Z,"
Bluesky's Top 10 Trending Words (past 10min):
💨x63 - ポッキー
💨x36 - suica
💨x35 - ペンギン
💨x25 - bond
💨x1* - democracy 🔓
💨x22 - 11/11
💨x1* - gaza 🔓
💨x17 - 1﹐606
💨x16 - continuity
💨x16 - 007
*🔓 = Unlocked Emergency Words (see img)

#FreePalestine 🇵🇸

(Something not right? Reply!)",0,0,0,0,NA
at://did:plc:xwjlw3ygmqlbr5igkokbkzfn/app.bsky.feed.post/3m5dy6jlgec2q,oisinmcgann.bsky.social,2025-11-11T10:59:00.720Z,"We need an Irish word for when there are weather warnings for the country, and your county is not included in them, but you get the weather anyway.

#SpeirGorm #OhGreatMoreRain",15,0,3,1,NA
at://did:plc:5lalgxnyfxas34qyb3u4dp4u/app.bsky.feed.post/3m5dy5fsdrs2r,cjamcmahon.bsky.social,2025-11-11T10:58:21.021Z,"Think how things might have been different -  no effort has been made to remove the trappings of the British Empire from Dublin Castle. It has been meticulously restored. No one thought to raze the place to the ground given all it represents, and everything that happened therein #speirgorm #aras25",2,0,1,0,at://did:plc:5lalgxnyfxas34qyb3u4dp4u/app.bsky.feed.post/3m5dxw2ezes2r
at://did:plc:lcczgcqfsgyocligu3ukzexx/app.bsky.feed.post/3m5dy4bobnc2q,squeefulraven.bsky.social,2025-11-11T10:57:44.924Z,"This may be fake, but it made me giggle anyway! 😆 Florence + The Machine rocks!!! I think she would be happy with this review! 😅 

#FlorenceAndTheMachine #Review #SpéirGorm #SpeirGorm #Music #MusicReview",9,0,0,1,NA
at://did:plc:5lalgxnyfxas34qyb3u4dp4u/app.bsky.feed.post/3m5dxw2ezes2r,cjamcmahon.bsky.social,2025-11-11T10:54:13.922Z,I don't think it's controversial to suggest that the way that Ireland has developed a particular culture around the Presidency doesn't exactly look particularly republican. We would have handled a constitutional monarchy just fine #aras25 #speirgorm,2,0,3,0,NA
at://did:plc:6dcpx2gchej3kjsn3gkk6o3v/app.bsky.feed.post/3m5dwz4qe2c2q,homebrewandhacking.bsky.social,2025-11-11T10:38:05.322Z,"Dread is a good GM and rather good at Actual Play work. 👍 

#TTRPG #Speirgorm",3,0,0,0,NA
at://did:plc:ek6kvqen34uiu3ctdfyutjcw/app.bsky.feed.post/3m5dvetkpzc2a,orlaegan1.bsky.social,2025-11-11T10:08:52.622Z,"#SpeirGorm 
Do we have a # for Inauguration (oirnithe) of Catherine Connolly as 10th President of Ireland today??? 
Stormy wet day in Cork, so happy to be sitting on my red couch, all set to watch it all on RTE",2,0,2,2,NA
at://did:plc:wzelpzmv2b3oudwhkcpr2s6n/app.bsky.feed.post/3m5duthbkd22p,drmarymcauliffe.bsky.social,2025-11-11T09:59:12.421Z,One of my fav occasions of the Decade of Centenaries wasthe 2014 commemoration of the founding of Cumann na mBan at Glasnevin. President Michael D gave a wonderful speech paying tribute to the women & I was the respondent as Pres of the @whaireland.bsky.social #speirgorm president.ie/en/media-lib...,31,0,1,8,NA
at://did:plc:dwzlhfisxytmrluhpl2dvypt/app.bsky.feed.post/3m5dtc2cuxc2n,niamhroisin.bsky.social,2025-11-11T09:31:45.520Z,"Loved seeing these fab pictures of Michael D Higgins outside Galway Museum recently. What an amazing life, how lucky we have been to have him as a leader! GRMMA, Michael D! #speirgorm #speirghorm",15,0,0,4,NA
at://did:plc:mcb6n67plnrlx4lg35natk2b/app.bsky.feed.post/3m5dtaeugyg23,nowbreezing.ntw.app,2025-11-11T09:30:33.724Z,"
Bluesky's Top 10 Trending Words (past 10min):
💨x63 - ポッキー
💨x42 - ペンギン
💨x39 - suica
💨x19 - 1﹐606
💨x1* - ukraine 🔓
💨x1* - gaza 🔓
💨x13 - 肥前
💨x12 - freispiel
💨x12 - armistice
💨x12 - 1918
*🔓 = Unlocked Emergency Words (see img)

#FreePalestine 🇵🇸

(Something not right? Reply!)",0,0,0,0,NA
at://did:plc:wzelpzmv2b3oudwhkcpr2s6n/app.bsky.feed.post/3m5dszsudmc2n,drmarymcauliffe.bsky.social,2025-11-11T09:27:06.325Z,"It was lovely to be outside Dublin castle this morning watching the preparations, doing a small segment on morning Ireland on the inauguration of President elect Catherine Connolly. The rain even held off for a few minutes. It’s a historic moment -the 10th President and 3rd woman. #speirgorm #aras25",94,0,2,8,NA
at://did:plc:j2wnnsrxlcesmgggtmpfou7c/app.bsky.feed.post/3m5dsvzbgt223,dochasisgra.bsky.social,2025-11-11T09:24:46.321Z,"On the bright side, he will be able to call people wankers again after 14 years of having to find other words #speirgorm",11,0,0,0,NA
at://did:plc:b25fw5q6tr2faqdy52du276g/app.bsky.feed.post/3m5dsrbiqr22g,gildedalm.com,2025-11-11T09:22:09.823Z,"✨
BAXTER DURY

⚪️
LIVE in IRELAND 
this week 🇮🇪

🟢
11 Nov Belfast
Mandela Hall

🔵
12 Nov Dublin
Vicar Street

🟠
get in early to see
JOSHUA IDEHEN

🔴
~ Allbarone ~ 
out now
@heavenlyrecordings.bsky.social 
ʟɪꜱᴛᴇɴ
spotify.link/mvCg0n2IWXb

🟡
#BaxterDury
#IrishBluesky #musicsky #speirgorm #music",7,0,2,2,NA
at://did:plc:zhnxit2ol47yfkmdl6eicbbm/app.bsky.feed.post/3m5dsem6mss2y,hyperbolicdub.bsky.social,2025-11-11T09:14:57.820Z,"Yes, it takes very little for the far-right and the people who fall for the racist narratives to feel validated. These people already suffer from the delusion that they are ""protecting"" one group from the dangerous hordes without political leaders confirming their hero fantasies for them  #speirgorm",5,0,0,1,NA
at://did:plc:2e42ofowixkurvywhyfmffjy/app.bsky.feed.post/3m5drqore4d2q,rss.dfaria.eu,2025-11-11T09:03:53.222Z,"bsky.app: 

Children in #Dublin waiting up to 13 years to be seen by a primary care psychologist. #Ireland desperately needs a functioning public health service. #Speirgorm https://www.rte.ie/news/health/2025/1110/1543052-child-psychologist-services/

https://bsky.app/profile/keithwilson.eu/...",0,0,0,0,NA
at://did:plc:ebd2ccgsnkfj4mqhbfklbizw/app.bsky.feed.post/3m5dqgyquoc2e,alannahr.bsky.social,2025-11-11T08:40:35.123Z,"Rampant capitalism in Ireland.
#Spéirgorm 
share.google/j4wIJi2ChCGi...",4,0,2,2,NA
at://did:plc:yvaazb6s3r2qje2i4cvoj7ur/app.bsky.feed.post/3m5dpauaxmc2h,debhruin.bsky.social,2025-11-11T08:19:14.124Z,I miss Dublin of the early 2000s #Speirgorm,4,0,0,0,NA
at://did:plc:gjsoejzm7at4syhrvzgizrev/app.bsky.feed.post/3m5dkefixis2w,ainekeenan.bsky.social,2025-11-11T06:51:51.328Z,"Truly I tell you, he said,
unless you turn and
become like little children,
you will never enter
the kingdom of heaven.

Matthew, 1st century

#Photography #Wisdom #Poetry #SpeirGorm #StreetPhotography #Children #Wedding #Nepal #ImageAndVerse #ArtOfBlueSky #PhotographersOfBlueSky #EastCoastKin",164,4,5,10,NA
at://did:plc:cpqmcolqz2y2vwves6f2yzho/app.bsky.feed.post/3m5d7za332227,gerardorger.bsky.social,2025-11-11T03:46:39.824Z,"Just a walk or a dream 
#fujifilm #Ireland #SpéirGorm #autumn #photography #nature #landscape",36,0,0,2,NA
at://did:plc:wse2xzmb4etf7dpmdodw75lt/app.bsky.feed.post/3m5cunzz6r22h,jenniferomeara5.bsky.social,2025-11-11T00:23:26.222Z,"#ThankYouMichaelD
#SpeirGorm",8,0,1,0,NA
at://did:plc:wse2xzmb4etf7dpmdodw75lt/app.bsky.feed.post/3m5cuihkuc22h,jenniferomeara5.bsky.social,2025-11-11T00:20:18.727Z,"#ThankYouMichaelD
#SpeirGorm",4,0,0,0,NA
at://did:plc:kub3mhx6yyvqisdddrnvq2zw/app.bsky.feed.post/3m5crgn2uhc23,powersflowers.bsky.social,2025-11-10T23:25:36.225Z,"If you’re still up and have a clear sky to the east it’s worth paying your respects to the Moon (it’s a capital M moon tonight), Jupiter and Gemini. All within the width of a hand held at arm’s length. 

#speirgorm
#spéirghorm",9,0,1,2,NA
at://did:plc:jxo3eqeeh3kxphirpaqlbnaq/app.bsky.feed.post/3m5cpyxlay22s,hazelklarkin.bsky.social,2025-11-10T23:00:06.826Z,"Because women don't matter: www.rte.ie/news/ireland...
#SpéirGorm",5,0,0,2,NA
at://did:plc:il65euvovepysgitnnxtyghe/app.bsky.feed.post/3m5cpjlyk622v,claireissimo.bsky.social,2025-11-10T22:51:29.025Z,"This is a Michael D. Higgins stan account.
I love him. Best Uachtarán ever.
Will miss him so, so much. 
#MichaelD

#SpeirGorm #SpéirGhorm #Áras25",8,0,0,0,NA
at://did:plc:wse2xzmb4etf7dpmdodw75lt/app.bsky.feed.post/3m5cpbjhpp224,jenniferomeara5.bsky.social,2025-11-10T22:46:57.623Z,"#SpeirGorm this is a suggestion we can all get behind. God knows the man deserves a hashtag! 
#ThankYouMichaelD",12,0,0,3,NA
at://did:plc:har4i535fc7jres2p3oqsyay/app.bsky.feed.post/3m5cmyzfzd22u,allanartist.bsky.social,2025-11-10T22:06:27.627Z,Thank you Michael D. Higgins. #speirgorm,32,0,0,5,NA
at://did:plc:33vlabr5n5naktrl6xgyopoc/app.bsky.feed.post/3m5cmfqkq4u2m,nigellicus.bsky.social,2025-11-10T21:55:37.330Z,"AM: God, I hope he's not thinking of driving all the way to Galway tonight. #speirgorm",4,0,0,0,NA
at://did:plc:4gkhunopukop6ugvlessqyvx/app.bsky.feed.post/3m5cmc6asf225,chendirl.bsky.social,2025-11-10T21:53:39.626Z,Am very much looking forward to speaking @tlrhub.bsky.social @tcddublin.bsky.social Wed 26 Nov at 1pm GMT - HYBRID event.  Topic - The Long Goodbye: Hidden Histories of Baby Loss & Parental Bereavement in 20th century Ireland #MedHums #HistMed #Speirgorm #Skystorians #Midwifery tinyurl.com/2s3cwn9u,8,1,1,7,NA
at://did:plc:4gnebpoe7wljgw3pf3y35do3/app.bsky.feed.post/3m5cl5x73c22s,annapr.bsky.social,2025-11-10T21:33:22.630Z,"What a special moment this was for @sanctuaryrunner.bsky.social Over a hundred sanctuary runners gathered to wish President Higgins and Sabina a fond farewell. We were so honoured to have him as a patron. 

#SpeirGorm",70,0,0,10,NA
at://did:plc:mkxzujov3oilpwjoorv7dlgp/app.bsky.feed.post/3m5ck242jhk2e,carlogianuzzi.bsky.social,2025-11-10T21:13:22.924Z,"Carlo III ha privato il fratello dei titoli nobiliari: ""Il principe Andrew sarà noto d'ora in poi come Andrew Mountbatten Windsor"".
Mountbatten, in Irlanda, richiama Villa Kincora (Belfast), di cui ho parlato in ""Diario d’Irlanda - An Irish Journal"" S1E11:
www.spreaker.com/episode/flot... #speirgorm",0,0,0,0,NA
at://did:plc:rj54e4tn2c5l6kmuqotuahuv/app.bsky.feed.post/3m5cjouvl2c2x,pnamblath.bsky.social,2025-11-10T21:07:04.623Z,"Will turkey be on the menu at all, this Christmas??
Hopefully this bird flu outbreak will be contained 
#speirgorm #IrishNews
www.thejournal.ie/outbreak-bir...",0,0,0,0,NA
at://did:plc:tcytdxc4g4lfetzqyun6vvts/app.bsky.feed.post/3m5ciny5dmc26,joyofhazel.bsky.social,2025-11-10T20:48:51.222Z,"If there isn't a #ThankYouMichaelD hashtag, then there should be. Thanks for 14 years of the kind of leadership the rest of the world is crying out for. 
#speirgorm",31,0,0,9,NA
at://did:plc:lcczgcqfsgyocligu3ukzexx/app.bsky.feed.post/3m5ch7z3lb22f,squeefulraven.bsky.social,2025-11-10T20:22:56.829Z,"Settling in to watch the new Frankenstein 2025 Del Toro movie, I’m hearing good things and from the clips I’ve seen, it looks delicious, let’s be having yuh!! 

#Frankenstein2025 #Frankenstein #SpéirGorm #SpeirGorm #Movie #Netflix  #DelToro #Horror #Fun #EyeCandy",2,0,1,0,NA
at://did:plc:33vlabr5n5naktrl6xgyopoc/app.bsky.feed.post/3m5cgjac36c2w,nigellicus.bsky.social,2025-11-10T20:11:40.427Z,I bet the dogs feckin LOOOOOOVE that park. #speirgorm,2,0,1,0,NA
at://did:plc:v6y63c54iecyzlxp3vrxvwv2/app.bsky.feed.post/3m5cem3czoc2f,rdisc0mb0bulate.bsky.social,2025-11-10T19:36:00.831Z,"One very happy Middle is wearing his long sleeve shirt which arrived from Adidas today! 
#SpeirGorm
#LFC
#YNWA",4,0,0,0,NA
at://did:plc:cfoygrx4clhglmhy6ted7su2/app.bsky.feed.post/3m5cdezh3kk23,stivvers.bsky.social,2025-11-10T19:14:09.226Z,"#seafóid1043 10 Samhain
🟩🟩🟩🟩🟩
🟩⬛🟩⬛🟩
🟩🟩🟩🟩🟩
🟩⬛🟩⬛🟩
🟩🟩🟩🟩🟩
Réalta ar bith inniu 😅
Sraith trí lá 🔥 

#Gaeilge #Cluichí #Seafóid #speirgorm 

seafóid.com - seafoid.com",0,0,1,0,at://did:plc:cfoygrx4clhglmhy6ted7su2/app.bsky.feed.post/3m57oe44w4c2j
at://did:plc:r4hqvnfuc2flfguavyrhcjgg/app.bsky.feed.post/3m5cd3kft2k2j,321kieran.bsky.social,2025-11-10T19:09:00.531Z,"What songs jump out to YOU?
🚨All the great songs on the #NovaGuestlist: including a #Pebbledash review, #AnamoeDrive chats, + 1st plays for @affectiontorent.bsky.social & #TheScratch;☘️
📻Listen back now on www.nova.ie/radio-schedu... or 6pm Sundays on @radionova100.bsky.social! #Speirgorm",2,0,1,0,at://did:plc:r4hqvnfuc2flfguavyrhcjgg/app.bsky.feed.post/3m57vwottls25
at://did:plc:aozsf6n4ii7kftvlsr2yvfhq/app.bsky.feed.post/3m5ccekjbds2s,orla-hegarty.bsky.social,2025-11-10T18:56:05.746Z,"Good tenant / bad tenant 
Good president /

Beir bua agus beannacht President Micheal D. Higgins 2011- 2025 🇮🇪  #Speirgorm",5,0,0,0,NA
at://did:plc:jhndv2ueuu77qaiw5ivjkhx7/app.bsky.feed.post/3m5ccbv2gi62b,despod.bsky.social,2025-11-10T18:54:30.427Z,"Is it really the case that people can be in a court room , impugn the judge, shout down everyone else and the sole sanction is being shown the door ?

Why isn't everyone at it ?

#Speirgorm",6,0,2,0,NA
at://did:plc:b7xzcpmgtzognluekh27dffl/app.bsky.feed.post/3m5cc4ybgqs2z,orlanimh.bsky.social,2025-11-10T18:51:47.220Z,"What an eventful day! Unbearable pain, thought I would need an ambulance. Thankfully, I was able to see a nurse (thinking bad kidney infection). Saw nurse, then Dr, and turns out it's likely a kidney stone 😭 I'm hoping that pain was the worst of it and don't get another!  #SpeirGorm",3,0,2,0,NA
at://did:plc:dnvpi77gppcosuglhn7nngk3/app.bsky.feed.post/3m5cbnuhczc2f,eslsys.bsky.social,2025-11-10T18:43:17.927Z,So appreciative and grateful to Michael D for his 14 years as @president.ie .  Irreplaceable #speirgorm,11,0,0,1,NA
at://did:plc:5zkivnf3bil5jakqybcuupx2/app.bsky.feed.post/3m5c7y7ldw22j,sopranovox.bsky.social,2025-11-10T18:13:18.723Z,OK #speirgorm does Connelly have dogs or not?!,1,0,2,0,NA
at://did:plc:wk4vbtn77njhk4mlohgewj2m/app.bsky.feed.post/3m5c7l3wm6s2k,caroleducky.bsky.social,2025-11-10T18:05:59.124Z,"6 p.m. on day 1 of @rteradio1.bsky.social’s new schedule - @drivetime.bsky.social 
ends & a sports programme begins. *Switches station*. 

I can’t be the only one who wants a news programme on the drive home. (More than enough bloody sport at w/e). 

#SpeirGorm",10,0,2,1,NA
at://did:plc:rrj4gnpl267pqtrrdsjkijaq/app.bsky.feed.post/3m5c7kcvv5c2o,dubmac.bsky.social,2025-11-10T18:05:32.223Z,"What we learnt from the Austrian lady on drive time on RTE radio 1 in regards to state owned housing and the half a million people in Vienna who live in them is that we need a left leaning socialist government in Ireland as soon as possible.
#speirgorm",11,0,0,4,NA
at://did:plc:jhndv2ueuu77qaiw5ivjkhx7/app.bsky.feed.post/3m5c6btbcuc2u,despod.bsky.social,2025-11-10T17:42:56.025Z,"In case anybody wants to watch the Cork City Council meeting live here's the link.

Quality seems good. Could do with more publicity.

#Speirgorm

corkcity.public-i.tv/core/portal/...",4,0,0,1,NA
at://did:plc:hsami2xqnyvluahikcz2u6ca/app.bsky.feed.post/3m5c4whnjxk27,beatingblog.bsky.social,2025-11-10T17:18:38.429Z,"Lads I can't watch the coverage of Michael D leaving, I just can't! I've half seen snippets on social media of him and his dogs and his last speech etc and I just turn it off, I can't, my heart is broken!! I just love him so much #speirgorm",11,0,1,0,NA
at://did:plc:4gkhunopukop6ugvlessqyvx/app.bsky.feed.post/3m5c3ootphs25,chendirl.bsky.social,2025-11-10T16:56:24.626Z,"The #HPSC database on #Disease #Outbreaks #Ireland has a very cool interface, so you can see what is making people sick this week! Can view by Transmission Mode #airborne. Open to all outbreaks.hpsc.ie #Speirgorm #Flu #Covid #RSV #Norovirus Nice one @hselive.bsky.social #HealthProtectionSurveillance",0,0,0,0,NA
at://did:plc:2megf4wm4zbyel5soyu7u7xk/app.bsky.feed.post/3m5c2ojc3pc2k,nigelmonaghan-nh.bsky.social,2025-11-10T16:38:49.027Z,It’s great to live in a country where your president gets an informal public guard of honor of Bernese Mountain dogs and their owners as he travels out of the official residence for his last day in office. #SpeirGorm he is so popular he appears in children’s books and even as a tea cosy,28,0,1,7,NA
at://did:plc:ofmkl4k2ybutv5b3xpmuq36h/app.bsky.feed.post/3m5c2mjn44c2m,limerick4inarow.bsky.social,2025-11-10T16:37:19.132Z,"This is our president affectionately known as Miggledy. He’s out the gap tomorrow after 14 years.I haven’t always agreed with him but he is a man of integrity and decency. He’s only small but had no problem telling people to fuck off. Enjoy your retirement sir. 

#speirgorm

youtu.be/eZFR0NWpjio?...",10,1,0,1,NA
at://did:plc:p3ajfs5yqzh6anrao6r73nho/app.bsky.feed.post/3m5bzthgvt22s,uplift.ie,2025-11-10T16:23:18.526Z,"Two very important and possibly life saving petitions active at the moment. 

Both campaigns can be found over on Uplift.ie ✊️

#SpeirGorm",0,0,0,0,NA
at://did:plc:nigs7kco6eoaxc5aiimsaxc3/app.bsky.feed.post/3m5bz6bslf222,helendublin.bsky.social,2025-11-10T16:11:26.725Z,"#speirgorm about time attacks like these were called misogynistic, should be a hate crime. She will suffer so badly now. And only 9yrs",5,0,1,1,NA
at://did:plc:bjovrbtmnlckoh6vaalnqjzi/app.bsky.feed.post/3m5byidmt5s2b,lisagrimm.com,2025-11-10T15:59:58.825Z,"New Weirdo Dublin Pub posts usually go up on Wed/Thur, but this week, we had to do it today.

#SpeirGorm

www.weirdodublinpubs.com/a-farewell-t...",20,0,7,6,NA
at://did:plc:6ofsjvfrnsdfvq2bwhdpydbw/app.bsky.feed.post/3m5bxfsb5m22g,cephilis.bsky.social,2025-11-10T15:39:50.922Z,"Crazy how a face like that and a name like Alexander McCartney will protect you from the fash brigades violence 
It was never about protecting women and children.
It was never about rape or the victims.
It is and always was about race.
#speirgorm",5,0,0,1,NA
at://did:plc:bwri5etslrdnbu6jpqrznf36/app.bsky.feed.post/3m5buceyhjs2k,tggleeson.bsky.social,2025-11-10T14:44:17.921Z,"The Orange Order, An tOrd Flannbhuí, nah, An tOrd Orásiste, nah; the origin of the political Orange is neither the colour nor the fruit, but the County/City of Orange in Southern France whose name evolved separately and independently from that of the fruit. An tOrd Oráisteach it is so. #speirgorm",4,0,0,2,NA
at://did:plc:ymhebkmh56zigyqiomogsupn/app.bsky.feed.post/3m5bts4kwh22g,taesaveslives.bsky.social,2025-11-10T14:35:10.622Z,"Not that we would ever respect a yank who can't differentiate not supporting genocide vs antisemitism but us being pro Russia is laughable.
Fake news might be the norm for Americans but we look at facts in Ireland #speirgorm.",6,0,0,1,NA
at://did:plc:aozsf6n4ii7kftvlsr2yvfhq/app.bsky.feed.post/3m5btdo4ho22e,orla-hegarty.bsky.social,2025-11-10T14:27:05.636Z,"“Is the plan to crack down on judicial reviews is missing the mark?” @newstalkfm.bsky.social 
#Planning #Housing #Speirgorm 

www.goloudplayer.com/episodes/is-...",0,0,0,1,NA
at://did:plc:63mlf5ayqa3qbmgddw4d4zsu/app.bsky.feed.post/3m5bsriiues2x,sullydaysleeper.bsky.social,2025-11-10T14:16:54.421Z,"Liveline is 💔 ... this couple who lost their 4 1/2 daughter from sepsis & then receiving no support for their autistic child. Life is so unfair, to lose a child & then the lack of State support for children with disabilities is just awful. It's so shameful, the State neglect #Speirgorm",4,0,0,0,NA
at://did:plc:v6y63c54iecyzlxp3vrxvwv2/app.bsky.feed.post/3m5bsofdjis2u,rdisc0mb0bulate.bsky.social,2025-11-10T14:15:10.727Z,"My car threw an error message on the way into work. 

I love that for me! 

#SpeirGorm",5,0,4,0,NA
at://did:plc:zhnxit2ol47yfkmdl6eicbbm/app.bsky.feed.post/3m5bs2katdc2h,hyperbolicdub.bsky.social,2025-11-10T14:04:03.621Z,At least they got these thugs and I hope the young lad will be OK psychologically going forward #speirgorm,4,0,0,1,NA
at://did:plc:63mlf5ayqa3qbmgddw4d4zsu/app.bsky.feed.post/3m5brtxqvjk25,sullydaysleeper.bsky.social,2025-11-10T14:00:24.220Z,"This is so lovely, all the doggos 🥹. Michael D. Higgins did such a brilliant job. #Speirgorm",31,0,0,5,NA
at://did:plc:ek6kvqen34uiu3ctdfyutjcw/app.bsky.feed.post/3m5bqs5suas2q,orlaegan1.bsky.social,2025-11-10T13:41:29.326Z,"While the President of a country to our west was booed by crowds, in Ireland the road is lined by people with their dogs to say goodbye to much loved President Michael D. Higgins as he leaves Áras an Uachtaráin (President's House) for last time.
New President Catherine Connolly tomorrow #SpeirGorm",14,0,0,4,NA
at://did:plc:xwjlw3ygmqlbr5igkokbkzfn/app.bsky.feed.post/3m5bpmzhl7c22,oisinmcgann.bsky.social,2025-11-10T13:20:43.420Z,"Forgot to add #SpéirGorm, or even #SpeirGorm.",2,0,0,1,NA
at://did:plc:jxo3eqeeh3kxphirpaqlbnaq/app.bsky.feed.post/3m5bph362x22k,hazelklarkin.bsky.social,2025-11-10T13:17:26.323Z,"Dear #TheatreFolk I'm looking for a freelance producer. If you can think of anyone, I'd be much obliged for the steer. #SpéirGorm",2,0,0,4,NA
at://did:plc:xwjlw3ygmqlbr5igkokbkzfn/app.bsky.feed.post/3m5bpeltrec2p,oisinmcgann.bsky.social,2025-11-10T13:16:00.921Z,"Ireland, take note.

#SpeirGorm",8,0,0,3,NA
at://did:plc:htzrfp3q6p3ht3x7knog6mdd/app.bsky.feed.post/3m5bp2qbbyk25,grainneblair.bsky.social,2025-11-10T13:10:34.029Z,"#Speirgorm #LiveAid  Make  sure to support, it’s wonderful to see the display of material donated to the National Library of Ireland from Bob Geldof /Live Aid curated by Head of Exhibitions, Learning and Programming: Dr Sinéad McCoole. Check out the other associated events. 
Book your free tickets",4,0,0,1,NA
at://did:plc:jl6cn5yuzpi4tj5vfl7ysfrm/app.bsky.feed.post/3m5bot2sx4s2f,shazbear.bsky.social,2025-11-10T13:06:12.326Z,#SpeirGorm #Miggeldy,3,0,1,2,NA
at://did:plc:3zrtumskbaikoqc2z3ou3nnc/app.bsky.feed.post/3m5bol2hmc22l,shanerazor.bsky.social,2025-11-10T13:01:44.825Z,Riposte 🙄🙄 bloody autocorrect. #speirgorm,1,0,0,0,at://did:plc:3zrtumskbaikoqc2z3ou3nnc/app.bsky.feed.post/3m5boijy6a22l
at://did:plc:3zrtumskbaikoqc2z3ou3nnc/app.bsky.feed.post/3m5boijy6a22l,shanerazor.bsky.social,2025-11-10T13:00:22.129Z,"Further (excellent) repost of the ITs original op ed on the Fastway collapse. #speirgorm 

Scapegoating of An Post and charges being made against it lack credibility

www.irishtimes.com/opinion/lett...",0,0,1,0,at://did:plc:3zrtumskbaikoqc2z3ou3nnc/app.bsky.feed.post/3m4zqxsjzps2k
at://did:plc:b25fw5q6tr2faqdy52du276g/app.bsky.feed.post/3m5bnz3uy7s2u,gildedalm.com,2025-11-10T12:51:43.023Z,"◯ | ◯ | ◯

𝗪𝗛𝗜𝗧𝗘 𝗟𝗜𝗘𝗦
𝙉𝙞𝙜𝙝𝙩 𝙇𝙞𝙜𝙝𝙩
𝘰𝘯 𝘗𝘭𝘢𝘺 𝘐𝘵 𝘈𝘨𝘢𝘪𝘯 𝘚𝘢𝘮

◯ | ◯ | ◯

𝚒𝚜 𝚘𝚞𝚛 𝙶𝚒𝚕𝚍𝚎𝚍 𝙰𝙻𝙼
𝙰𝚕𝚋𝚞𝚖 𝚘𝚏 𝚝𝚑𝚎 𝚆𝚎𝚎𝚔

LISTEN
tr.ee/GildedAOTWsp...

◯ | ◯ | ◯

LIVE
24 Jan - Academy Dublin
25 Jan - Limelight 1 Belfast

◯ | ◯ | ◯

@playitagainsamrecs.bsky.social 
#IrishBluesky #speirgorm #musicsky #aotw",0,0,0,2,NA
at://did:plc:p3ajfs5yqzh6anrao6r73nho/app.bsky.feed.post/3m5bntuihzc2c,uplift.ie,2025-11-10T12:48:46.328Z,"We’ve fought back against fossil fuel corporations before, and we can do it again. Join the movement and take action now to stop this. ✊️

#SpeirGorm 

#Peoplepoweredchange #Uplift",1,0,0,0,NA
at://did:plc:tjj7toux5q6m2v7x2unyhznh/app.bsky.feed.post/3m5bmo4j2f22q,judesherry.bsky.social,2025-11-10T12:27:36.723Z,"These are owned by UCC & featured in our 'This is Derelict Ireland' report
Intially bought by DairyGold who got a 13.3% return on their investment (aka speculation) 
UCC bought this site in 2019 for €17.25m & now don't have money to do anything but won't sell them either
#DerelictIreland #Speirgorm",5,0,1,1,NA
at://did:plc:jl6cn5yuzpi4tj5vfl7ysfrm/app.bsky.feed.post/3m5blvz4oxs2f,shazbear.bsky.social,2025-11-10T12:14:10.121Z,😂😂 #SpeirGorm #Yates,5,0,1,1,NA
at://did:plc:jl6cn5yuzpi4tj5vfl7ysfrm/app.bsky.feed.post/3m5blm4tf522f,shazbear.bsky.social,2025-11-10T12:08:39.024Z,#SpeirGorm,4,0,1,1,NA
at://did:plc:hhfwpteeefymb5m324x3rsui/app.bsky.feed.post/3m5bldjzzgs2y,irishplacenames.bsky.social,2025-11-10T12:03:59.425Z,"The Metals, Dalkey, Co. Dublin.

Laid out in 1817 and originally a truck railroad upon which horse-drawn trucks brought granite from Dalkey quarry down to Dun Laoghaire for the construction of the piers., it is now used as a walking and cycling path.

#speirgorm",5,0,1,2,NA
at://did:plc:dyx2nesmuuoq2nga6pyqx2lh/app.bsky.feed.post/3m5bkqq2ew22x,oreilly1.bsky.social,2025-11-10T11:53:17.924Z,"So Yates was concerned about the trust of his clients but couldn't give a fiddlers f@ck about the trust of his audience. Like a lot of right-wing commentators, he views his audience as dispensible fools...
#aras25
#speirgorm",3,0,0,0,NA
at://did:plc:5cinc2kkxopkaxznsvl7ba5v/app.bsky.feed.post/3m5bj4lighs2v,niamhnicheallaigh.bsky.social,2025-11-10T11:24:10.720Z,"This is a lesson @rte.ie needs to learn. Please stop with the ""government would say"" every time a guest or panelist says something.

#SpéirGorm",5,0,0,0,NA
at://did:plc:stnvk37xl6qf52drqeqieejf/app.bsky.feed.post/3m5bhxutftk2v,lukedaly.bsky.social,2025-11-10T11:03:39.323Z,"Hiya #SpeirGorm, I forgot I had this! 

🚨 Important #DubW Update: 
Paid parking planning permission sought in Blanchardstown Shopping Centre. 

This “Mobility Enhancement Project” means environmental impacts & restriction to basic civic services will come with a price tag now.  

#NoBarriersToBlanch",1,0,1,0,NA
at://did:plc:lcczgcqfsgyocligu3ukzexx/app.bsky.feed.post/3m5bhiauhzc2z,squeefulraven.bsky.social,2025-11-10T10:54:52.823Z,"I have had my #Wheelchair moved and used as a coat hanger by strangers on different occasions (Both while I was sitting in it!!)

#Disabled #DifferentlyAbled #Ireland #SpeirGorm #Awareness #DoNotTouch #AlwaysAsk #EDS #EhlersDanlosSyndrome #Pots #Dysautonomia #ChronicIllness",4,0,1,0,NA
at://did:plc:zxpoz5zgmanarg4h3rbq5tuq/app.bsky.feed.post/3m5bfby4jbc2c,kerryanne123.bsky.social,2025-11-10T10:15:42.021Z,"Thanks, hun, Penneys! 🤔
#SpeirGorm

RTE news: Bursting at the seams: Ireland's textile waste problem

www.rte.ie/news/ireland...",7,0,0,1,NA
at://did:plc:txz3xycs3u32z2din2qyxn6o/app.bsky.feed.post/3m5bf3qoats2v,harrymckillen.com,2025-11-10T10:12:06.522Z,"Going to go out on limb here and suggest in the same week a famous Kilkenny hurler got jailed for fraud, that allowing a previously jailed fraudster take over the Kilkenny camogie team isn't a good look for Kilkenny #spéirgorm",3,0,0,0,NA
at://did:plc:bzqnlmgnlanvenu2hxsrgze6/app.bsky.feed.post/3m5beyjnqks2c,lynbw.bsky.social,2025-11-10T10:10:18.723Z,"1. Who buys his books?
2. Does anyone believe the 'you can't fire me I already quit line'?
3. Is he good at anything he does? 
4. Tbh if he is on, normally, I don't listen, & having heard him today for the first time in years, why does anyone? 
5. Gobshite

#speirgorm",5,0,0,0,NA
at://did:plc:56aoxjem4pjvtqsscuhq223t/app.bsky.feed.post/3m5beqtuzo22x,rogerokeeffe.bsky.social,2025-11-10T10:06:00.620Z,"Ugh. Not impressed with the new RTE Radio One schedule so far.

Instead of Oliver Callan's programme providing an oasis after the news, it's now a seamless continuation of RTE heavy hitter trying to get yet another politics-media-bubble person to say something they're not going to say.

#speirgorm",3,0,1,0,NA
at://did:plc:ld2vd37jefwcaw6dmx6raaqt/app.bsky.feed.post/3m5beeghiq22x,libertiesbelle.bsky.social,2025-11-10T09:59:06.420Z,"#SpéirGorm

www.rte.ie/news/dublin/...",4,0,0,3,NA
at://did:plc:5lalgxnyfxas34qyb3u4dp4u/app.bsky.feed.post/3m5bdcxnvpc2i,cjamcmahon.bsky.social,2025-11-10T09:40:22.122Z,"now on RTÉ Radio 1, David McCullagh interviews Ivan Yates #speirgorm",8,0,0,0,NA
at://did:plc:xsswt6efjmn473fgruxq752a/app.bsky.feed.post/3m5bcoban7c2v,simonb84.bsky.social,2025-11-10T09:28:49.222Z,"Ladies and Gentlemen your Euro Country. And because FF-FG have so completely ruined hoising all their other crisis don't even get a look in 

#IrishPolitics #SpéirGorm 
www.rte.ie/news/health/...",1,0,0,0,NA
at://did:plc:wzelpzmv2b3oudwhkcpr2s6n/app.bsky.feed.post/3m5bbk6pstc2r,drmarymcauliffe.bsky.social,2025-11-10T09:08:36.023Z,"Ah FFS, in the ultimate of who cares anymore the very first guest on David McCullagh’s is Ivan Yates. Yates just needs to be ignored, he is an ignoramus and a buffoon. He’s already used that most idiotic of phrases ‘anti-woke’! #speirgorm",55,0,5,2,NA
at://did:plc:qi3uhneb2cz77ibwnzailb22/app.bsky.feed.post/3m5bahbra522y,dfertl.bsky.social,2025-11-10T08:49:06.122Z,"“Not even Ivan Yates can be blamed as #MicheálMartin burns Fianna Fáil’s credibility…
Fianna Fáil’s rate of U-turning on its positions is now becoming comical…
The presidential election campaign is now a never-ending debacle for #FiannaFáil”
#SpéirGorm
www.independent.ie/opinion/comm...",1,0,0,0,NA
at://did:plc:laapn5mwj5oenlnezukis2k5/app.bsky.feed.post/3m5ba776vss2j,theodonnell.bsky.social,2025-11-10T08:44:38.721Z,"www.rte.ie/news/ireland...

Double the EU average 😭

#speirgorm",4,0,0,0,NA
at://did:plc:fp3kfdvjyskh74nzp74bwcah/app.bsky.feed.post/3m5b66tj5j222,nordaltsee.bsky.social,2025-11-10T08:08:41.725Z,"Piper has crammed herself under the duvet and doesn't want to get up 🤣
Good morning #SpeirGorm",8,0,0,0,NA
at://did:plc:3bybp6nqszlhuan2ch2cmv66/app.bsky.feed.post/3m5b4lgkc5k2k,keithwilson.eu,2025-11-10T07:39:51.524Z,Children in #Dublin waiting up to 13 years to be seen by a primary care psychologist. #Ireland desperately needs a functioning public health service. #Speirgorm www.rte.ie/news/health/...,10,1,0,1,NA
at://did:plc:dwzlhfisxytmrluhpl2dvypt/app.bsky.feed.post/3m5b2axvxs22v,niamhroisin.bsky.social,2025-11-10T06:58:19.825Z,Found faces on the Dublin quays #dublin #speirgorm,12,0,0,1,NA
at://did:plc:b7xzcpmgtzognluekh27dffl/app.bsky.feed.post/3m5azv4ds2k2a,orlanimh.bsky.social,2025-11-10T06:51:38.921Z,Happy Monday! #SpeirGorm,7,0,1,0,NA
at://did:plc:gjsoejzm7at4syhrvzgizrev/app.bsky.feed.post/3m5aqvibwy22r,ainekeenan.bsky.social,2025-11-10T04:11:00.422Z,"To die, to sleep;
To sleep: perchance to dream:
ay, there's the rub;
For in that sleep of death
what dreams may come
when we have shuffled
off this mortal coil,
must give us pause.

Shakespeare, 16th century

#Photography #Poetry #SpeirGorm #ImageAndVerse  #PhotographersOfBlueSky #EastCoastKin",198,1,4,19,NA
at://did:plc:wse2xzmb4etf7dpmdodw75lt/app.bsky.feed.post/3m5an6fwzw227,jenniferomeara5.bsky.social,2025-11-10T03:04:06.228Z,"Is this a good idea?
You can chalk it down!!! (Pun intended and if you're not from Limerick that's a YES!)
#SLATED
#SpeirGorm",4,1,0,0,NA
at://did:plc:wm5b3q2znvnatujmm46yucon/app.bsky.feed.post/3m5aaell6ok2n,aldunne.bsky.social,2025-11-09T23:14:59.022Z,"New EV registrations in Ireland, January to October 2025. Tesla models are number 2 and 4 in the top 20 best-selling EVs. What is it that people here love about those awful cars?

#spéirgorm",16,0,8,3,NA
at://did:plc:uwji4l3wzsygaxduowluqmgr/app.bsky.feed.post/3m5a7fobgtc2o,sharrow.bsky.social,2025-11-09T22:57:38.130Z,"Fascist Islam phobia can get in the fecking sea.

#speirgorm",16,0,0,3,NA
at://did:plc:33vlabr5n5naktrl6xgyopoc/app.bsky.feed.post/3m5a6yoxjic2i,nigellicus.bsky.social,2025-11-09T22:51:54.924Z,Tá siad ag teacht #speirgorm,2,0,0,0,NA
at://did:plc:bjovrbtmnlckoh6vaalnqjzi/app.bsky.feed.post/3m5a6umajzc25,lisagrimm.com,2025-11-09T22:48:10.021Z,"In at Underdog for last orders…we shall not look upon its like again.

#SpeirGorm",16,0,2,0,NA
at://did:plc:ofmkl4k2ybutv5b3xpmuq36h/app.bsky.feed.post/3m5a6nebgxc2x,limerick4inarow.bsky.social,2025-11-09T22:44:07.233Z,"Proper Porter.

#Speirgorm
#Speirghorm",4,0,1,0,NA
at://did:plc:qa4r5kjqwd54f6tzn3sdrbgc/app.bsky.feed.post/3m5a5apkbbs2p,suzimagee.bsky.social,2025-11-09T22:19:05.224Z,"Trespasses. Great show. 

#speirgorm",0,0,0,0,NA
at://did:plc:b7xzcpmgtzognluekh27dffl/app.bsky.feed.post/3m5a4kccl6k2a,orlanimh.bsky.social,2025-11-09T22:06:40.122Z,I really felt I needed this new coat in my life! #faux #SpeirGorm,1,0,0,0,NA
at://did:plc:b7xzcpmgtzognluekh27dffl/app.bsky.feed.post/3m5a4hdvje22a,orlanimh.bsky.social,2025-11-09T22:04:53.222Z,About 3pm I got my laptop out. Adam started laughing... have you reached peak boredom... eh yes... I can't cope with another nap 👀 #SpeirGorm,1,0,1,0,NA
at://did:plc:ytloehpsr3yj6ikv2pgaksmb/app.bsky.feed.post/3m57znlayfc2d,maggiemakes.bsky.social,2025-11-09T21:14:41.929Z,Beautiful arrangement and harmonies on Johnny Seoighe by Bláth na hÓige.  #speirgorm,0,0,0,0,NA
at://did:plc:hwmq6mpg7enk436vw6rg4o5g/app.bsky.feed.post/3m57zmefifk2n,marcocathasaigh.bsky.social,2025-11-09T21:13:59.025Z,Hey #spéirgorm - anyone know the difference between ré and gealach as words for the Moon?,5,0,7,1,NA
at://did:plc:zcsbyrhosie7d223zrx5ffjy/app.bsky.feed.post/3m57yijcxys2g,weirdireland.bsky.social,2025-11-09T20:53:57.821Z,Samhainween and i wanna get my spooky on #speirgorm #samhain,7,1,0,1,NA
at://did:plc:rmvzxs3ow3np7n23bqow3sft/app.bsky.feed.post/3m57y4jk2qk2k,dw-ireland.bsky.social,2025-11-09T20:47:12.525Z,"We’ve started sharing insights from our Disabled Women & Poverty event! 💭

Check out the DWI and DPNH Instagram pages to hear what participants had to say about the real costs of participation. #DisabledWomen #Poverty

www.instagram.com/disability_p...

www.instagram.com/dwireland

#SpeirGorm",3,0,0,2,NA
at://did:plc:har4i535fc7jres2p3oqsyay/app.bsky.feed.post/3m57x4tfffc2q,allanartist.bsky.social,2025-11-09T20:29:31.524Z,"In praise of... Citylink. I can go Galway to Dublin return for €27, with a park and ride day rate of €12 in the coach station. Driving to Dublin would cost at least €50 diesel, then another €20 for parking, + time lost in Dublin traffic. I'm 2.5 hours on the bus. And usually asleep! #speirgorm",12,0,0,0,NA
at://did:plc:r4hqvnfuc2flfguavyrhcjgg/app.bsky.feed.post/3m57vwottls25,321kieran.bsky.social,2025-11-09T20:08:12.427Z,"🚨On the #NovaGuestlist ALL-IRISH HOUR:
💽Classics by #TheThrills #Horslips @thecorpo.bsky.social & #Microdisney;
📞Oisin #AnamoeDrive chats!
🔥NEW #TheScratch & @affectiontorent.bsky.social;
☘️+ @murdercapital.bsky.social @sorcharichardson.bsky.social;
📻LIVE on @radionova100.bsky.social now! #Speirgorm",2,0,2,0,at://did:plc:r4hqvnfuc2flfguavyrhcjgg/app.bsky.feed.post/3m57ssvdgek25
at://did:plc:v6y63c54iecyzlxp3vrxvwv2/app.bsky.feed.post/3m57tw5ki7s2o,rdisc0mb0bulate.bsky.social,2025-11-09T19:32:05.530Z,"I caught sight of myself in a mirror during the week and my attention was drawn to my hairline. With the weight loss from #OzempicTales also came hair loss. Now my hairline looks like I’ve been to Turkey as the signs of regrowth appear 
#SpeirGorm
#ChronicIllness",2,0,1,0,NA
at://did:plc:r4hqvnfuc2flfguavyrhcjgg/app.bsky.feed.post/3m57ssvdgek25,321kieran.bsky.social,2025-11-09T19:12:23.331Z,"🚨On the #NovaGuestlist this hour:
💽Our Albums with Anniversaries this week are by #Sinead & #MBV
⁉️Are you a FAN of either?
📻LIVE on @radionova100.bsky.social NOW! #Speirgorm",1,0,1,0,at://did:plc:r4hqvnfuc2flfguavyrhcjgg/app.bsky.feed.post/3m57sj7kqcs25
at://did:plc:r4hqvnfuc2flfguavyrhcjgg/app.bsky.feed.post/3m57sj7kqcs25,321kieran.bsky.social,2025-11-09T19:06:58.523Z,"🎪Our Special #NovaGuestlist gig of the week is from #Cliffords in #TheAcademy this weds 12th November!
🎟️Check out the rising Irish band playing top of a great lineup in Dublin this week! #Speirgorm",0,0,1,0,at://did:plc:r4hqvnfuc2flfguavyrhcjgg/app.bsky.feed.post/3m57pulzqls25
at://did:plc:zhnxit2ol47yfkmdl6eicbbm/app.bsky.feed.post/3m57rzcweks23,hyperbolicdub.bsky.social,2025-11-09T18:58:01.121Z,Hope Declan get's the money up front on any deals he does with his homie #speirgorm,9,0,0,0,NA
at://did:plc:jhndv2ueuu77qaiw5ivjkhx7/app.bsky.feed.post/3m57rlfop4w2l,despod.bsky.social,2025-11-09T18:50:16.924Z,"The other day I was parking up and a Tesla arrived. They locked up and the confirmation sound was the ""swoosh swoosh swoosh"" noise from KITT in Knight Rider. 

A Swasticar appropriating the sound of a vehicle that did good and whose driver fought evil.

#Speirgorm",5,0,0,1,NA
at://did:plc:zcrtaixkbhz4seddpkf4bzv3/app.bsky.feed.post/3m57rj5fs3k2u,cairdiul.bsky.social,2025-11-09T18:49:04.133Z,An Irish-language majority-female crime thriller set in Antrim??? I am EXCITED #speirgorm iftuk.com/titles/aontas,14,1,2,3,NA
at://did:plc:zhnxit2ol47yfkmdl6eicbbm/app.bsky.feed.post/3m57qhomnpk2p,hyperbolicdub.bsky.social,2025-11-09T18:30:17.631Z,"The only place that Ireland's Muslim population pose any kind of threat to society is in online spaces like The Liberal dot ie, Gript and the far-right accounts on FB and X: 

Violent attack on Muslims in Portlaoise

#speirgorm 

www.laois-nationalist.ie/news/violent...",18,0,0,4,NA
at://did:plc:jhndv2ueuu77qaiw5ivjkhx7/app.bsky.feed.post/3m57qfajrts2l,despod.bsky.social,2025-11-09T18:28:57.228Z,"Amazing what makes a BBC DG resign and what doesn't.

Photoshopping fur hats on politicians, madly abusive ""talent"", amplifying the haters - all acceptable.

#Speirgorm",5,0,0,0,NA
at://did:plc:vjfdasv4ih34nmfxkit4obeo/app.bsky.feed.post/3m57pujest22o,jhshelley.bsky.social,2025-11-09T18:19:34.524Z,"#Speirgorm
So, learning Irish. Haven't started, this is not a show-off.

But, I pulled down a list of 41 (regular) verbs. Of which, 20, I would say confidently I know from school days, 10, kind of remember, the rest new to me

Surely, without getting bogged down, 20 (+10) is reasonable to start

??",10,0,1,0,NA
at://did:plc:owtiovxdlxm4bp4hgnihapfe/app.bsky.feed.post/3m57pgm43tk2p,martinamorrow.bsky.social,2025-11-09T18:11:51.122Z,"This is going to be a fabulous concert, we’ve done this type of Christmas concert before but to get to do it at home in Dundalk will be extra special #speirgorm",1,0,0,0,NA
at://did:plc:mcb6n67plnrlx4lg35natk2b/app.bsky.feed.post/3m57osk567x2i,nowbreezing.ntw.app,2025-11-09T18:00:35.624Z,"
Bluesky's Top 10 Trending Words (past 10min):
💨x143 - doku
💨x47 - falcons
💨x1* - gaza 🔓
💨x30 - ferrari
💨x1* - ukraine 🔓
💨x28 - jt
💨x27 - piastri
💨x1* - democracy 🔓
💨x25 - jonathan
💨x21 - tagliabue
*🔓 = Unlocked Emergency Words (see img)

#FreePalestine 🇵🇸

(Something not right? Reply!)",0,0,0,0,NA
at://did:plc:jl6cn5yuzpi4tj5vfl7ysfrm/app.bsky.feed.post/3m57op6zyuk2v,shazbear.bsky.social,2025-11-09T17:58:44.119Z,#SpeirGorm 🙄,4,0,0,0,NA
at://did:plc:626ghelomh2kzuwv6x3prmba/app.bsky.feed.post/3m57oftge6k2l,acidrains.bsky.social,2025-11-09T17:53:32.823Z,"#speirgorm might be interested to see this, as we await President Connolly’s inauguration this week. A vision of what might have been 😬",66,1,14,38,NA
at://did:plc:cfoygrx4clhglmhy6ted7su2/app.bsky.feed.post/3m57oe44w4c2j,stivvers.bsky.social,2025-11-09T17:52:30.324Z,"#seafóid1042 9 Samhain
🟩🟩🟩🟩🟩
🟩⬛🟩⬛🟩
🟩🟩🟩🟩🟩
🟩⬛🟩⬛🟩
🟩🟩🟩🟩🟩
Réalta ar bith inniu 😅

#Gaeilge #Cluichí #Seafóid #speirgorm 

seafóid.com - seafoid.com",0,0,1,0,NA
at://did:plc:v6y63c54iecyzlxp3vrxvwv2/app.bsky.feed.post/3m57mpu2xok2g,rdisc0mb0bulate.bsky.social,2025-11-09T17:23:17.927Z,"I picked a fine time to have a break from the alcohol! 

It’ll be a long road to Christmas! 🤣
#SpeirGorm
MCILIV",4,0,2,0,NA
at://did:plc:v6y63c54iecyzlxp3vrxvwv2/app.bsky.feed.post/3m57kliaavs2h,rdisc0mb0bulate.bsky.social,2025-11-09T16:45:04.530Z,"You beaut, Mamardashvili!

Up yours, Haaland! 
#SpeirGorm
#MCILIV",2,0,0,0,NA
at://did:plc:v6y63c54iecyzlxp3vrxvwv2/app.bsky.feed.post/3m57khjktwc2h,rdisc0mb0bulate.bsky.social,2025-11-09T16:42:51.021Z,#SpeirGorm,5,0,0,1,NA
at://did:plc:5cinc2kkxopkaxznsvl7ba5v/app.bsky.feed.post/3m57kbvbeus2j,niamhnicheallaigh.bsky.social,2025-11-09T16:39:42.529Z,"The Venn diagram of people bemoaning the lack of poppy wearing by the Irish and the people who want to enact fascist policies and laws is a near perfect circle.
Oh, the irony. 🤷🏻‍♀️

#SpéirGorm",9,0,0,1,NA
at://did:plc:v6y63c54iecyzlxp3vrxvwv2/app.bsky.feed.post/3m57iqnj4pc2h,rdisc0mb0bulate.bsky.social,2025-11-09T16:12:13.320Z,"I’ll be watching from behind a cushion! 
#SpeirGorm
#MCILIV",3,0,0,0,NA
at://did:plc:o3ni265odbspxhafcmtkp6gm/app.bsky.feed.post/3m57ilxxmxk2k,kieranclarke.bsky.social,2025-11-09T16:09:38.322Z,Another almost empty US flight last night coming home from Chicago. It was the same going out. Average of 1 person every 4 rows.  #speirgorm,7,0,2,5,NA
at://did:plc:rrj4gnpl267pqtrrdsjkijaq/app.bsky.feed.post/3m57hoystls2i,dubmac.bsky.social,2025-11-09T15:53:19.226Z,"Before we got MDH elected the first time, the rightwing media bias brigade tried to convince us it was a pipedream. 
That's what they do anytime a leftwing threat to their cosy consensus appears.

We knew MDH would be a leader led by morals just like we know CC will be. #Aras25  #Speirgorm",5,0,0,1,NA
at://did:plc:atvnvkmpkr3szyzr25bd63uh/app.bsky.feed.post/3m57fuftj3c2h,alimack13.bsky.social,2025-11-09T15:20:34.422Z,#speirgorm #theatresky here's another possible night out.,2,0,0,0,at://did:plc:tipzmahopmdathcgpkmlclra/app.bsky.feed.post/3m576hppjr22p
at://did:plc:rd67s5mrnrwg5bqhvzft2kgv/app.bsky.feed.post/3m57enkfsl22g,sellybeth.bsky.social,2025-11-09T14:58:49.925Z,"This sounds like Terry Pratchett writing a villain.

#SpéirGhorm #SpéirGorm",27,0,1,4,NA
at://did:plc:v6y63c54iecyzlxp3vrxvwv2/app.bsky.feed.post/3m57dv5yd7c23,rdisc0mb0bulate.bsky.social,2025-11-09T14:45:12.224Z,"I haven’t the energy to move, so it’s me, the sofa and Sandi & the gang. 

#SpeirGorm",2,0,0,0,NA
at://did:plc:lcczgcqfsgyocligu3ukzexx/app.bsky.feed.post/3m57cmbapqk2y,squeefulraven.bsky.social,2025-11-09T14:22:21.528Z,"This is true, I’m the type of gal that gets my hair done once every year or two! The rest of the time is ponytail season!! 

#Hair #HairStyle #SpeirGorm #SpéirGorm #Caterpillars #Silly #Funny #FunnyButTrue #Ponytail",11,0,1,1,NA
at://did:plc:vo3c5x2szy6wq4xc3dlemv7f/app.bsky.feed.post/3m577asnvic2p,cathyby.bsky.social,2025-11-09T13:22:17.924Z,"Steven Spielberg, Tom Hanks and Matt Damon to be invited to Wexford for 30th anniversary of ‘Saving Private Ryan’  share.google/WfHp9HND7XUz...

#SpeirGorm",5,0,1,1,NA
at://did:plc:flpf3rksopl7zx2tbgsyjv7m/app.bsky.feed.post/3m575iij7zk2b,nicolahorgan.bsky.social,2025-11-09T12:50:53.023Z,"Reflections of a day well spent
#speirgorm #nature #joy",5,0,0,1,NA
at://did:plc:zq2rgiqukr2xw75c5agplcbo/app.bsky.feed.post/3m574nlgf5c2q,scopedesigner.bsky.social,2025-11-09T12:35:48.421Z,"I still can’t believe our beloved Dave left us on Wednesday 💔 Almost a decade of pure joy gone in a matter of hours. What should have been a straightforward knee operation, unleashed a tsunami of underlying health issues, leaving Dave in severe pain and weeks to live #speirgorm #fuckcancer",11,0,7,0,NA
at://did:plc:yvaazb6s3r2qje2i4cvoj7ur/app.bsky.feed.post/3m572weeld22a,debhruin.bsky.social,2025-11-09T12:04:48.478Z,"#Speirgorm can Irish slagging Irish banter Irish nuances and experiences be easily encapsulated and explained 
I'm trying to get a grasp on how to explain to my relatives who have grown up abroad who feel Irish and are entitled to feel whatever they want that growing up in Ireland is different",1,0,1,0,at://did:plc:yvaazb6s3r2qje2i4cvoj7ur/app.bsky.feed.post/3m572weekds2a
at://did:plc:yvaazb6s3r2qje2i4cvoj7ur/app.bsky.feed.post/3m572wee3p22a,debhruin.bsky.social,2025-11-09T12:04:48.421Z,"#Speirgorm if you were to explain what it means to be Irish to our diaspora how would you explain it.
I feel growing up in Ireland is different to just having Irish parents.",1,0,1,0,NA
at://did:plc:6ofsjvfrnsdfvq2bwhdpydbw/app.bsky.feed.post/3m572tydsos2l,cephilis.bsky.social,2025-11-09T12:03:30.821Z,"When even the gardai are saying the shite our government is saying about immigration is leading to arson attacks and assaults, its disgraceful that we still have politicians trying to have an ""open and honest""  discussion. And worse again is @news.rte.ie are publishing it
#speirgorm",12,0,1,1,at://did:plc:6ofsjvfrnsdfvq2bwhdpydbw/app.bsky.feed.post/3m572gu7gxk2c
at://did:plc:6ofsjvfrnsdfvq2bwhdpydbw/app.bsky.feed.post/3m572j7k4ks2p,cephilis.bsky.social,2025-11-09T11:57:27.325Z,"🇮🇪🇮🇪 Immigrants are class 🇮🇪🇮🇪
#speirgorm",5,0,0,0,NA
at://did:plc:pdendcplixw4gxmn7ubv3dnd/app.bsky.feed.post/3m572bzxjqk2r,meltyshirts.com,2025-11-09T11:53:28.624Z,"Pfft, Who needs 'Live, Laugh, Love'?

🛒: www.redbubble.com/shop/ap/1725...",5,0,0,1,NA
at://did:plc:jxo3eqeeh3kxphirpaqlbnaq/app.bsky.feed.post/3m56yfa2s522e,hazelklarkin.bsky.social,2025-11-09T11:19:31.920Z,"Gotta love Born & Bred 😂 😂  🤣 

#SpéirGorm",0,0,0,0,NA
at://did:plc:zdxzpya4k5b4dguidkh3zajh/app.bsky.feed.post/3m56y5hkfl226,gardeningwell.ie,2025-11-09T11:15:09.323Z,"Teachers: No spare time? Same. This free Irish Wildlife School Garden pack breaks it into 10-minute micro-lessons + simple routines that survive summer. 🌱🦋🌎
Editable .docx: gardeningwell.ie/school-pack
Please share/repost 
#SchoolGardens #speirgorm #GreenSchools",65,1,0,14,NA
at://did:plc:zhnxit2ol47yfkmdl6eicbbm/app.bsky.feed.post/3m56y2xc32c2x,hyperbolicdub.bsky.social,2025-11-09T11:13:41.824Z,Stop the presses. Brendan O'Connor has a representative of a minority ethnic community on. It only took two terrorist incidents in one week. #speirgorm,8,0,0,1,NA
at://did:plc:zhnxit2ol47yfkmdl6eicbbm/app.bsky.feed.post/3m56xazwrac2z,hyperbolicdub.bsky.social,2025-11-09T10:59:15.222Z,"Lindsey Graham, who has received over $1M from AIPAC, was out within minutes of Ireland's FAI vote to suspend Israel from UEFA. 

He's far more interested in defending the genocidal state than his own constituents going hungry because of the shutdown in America 

#speirgorm 
#FreePalestine",7,0,0,2,NA
at://did:plc:wpvwcjuhrpr5tjnhy3vp24ly/app.bsky.feed.post/3m56x4otayk22,fhayesmccoy.bsky.social,2025-11-09T10:56:48.623Z,"Q. Where would you get two bestselling Irish authors in one utterly charming bookshop on Tuesday? 

A. Ennistymon, Co Clare

Q: For?

A: A FREE event! Conversation, book signing, readings refreshments and Q&A

Join @roisinm.bsky.social and me in Banner Books on Tuesday at 7pm ...

#spéirgorm 📚 💙",9,0,1,8,NA
at://did:plc:htaob5ymanqwchsi4mk2gj7v/app.bsky.feed.post/3m56v4ocpe22h,garethoconnor.bsky.social,2025-11-09T10:21:04.722Z,#Speirgorm,1,0,0,1,NA
at://did:plc:aqbytd3mij37uop2gnm4wriu/app.bsky.feed.post/3m56uuxq7b22y,parishpolitics.bsky.social,2025-11-09T10:16:54.521Z,"Low winter sunlight #WeekSforShadow
#AlphabetChallenge
#photography
#streetphotography
#blackandwhitephotography
#speirgorm",18,0,0,0,NA
at://did:plc:b25fw5q6tr2faqdy52du276g/app.bsky.feed.post/3m56uuli3fs2v,gildedalm.com,2025-11-09T10:16:29.224Z,"🔹
𝗧𝗛𝗘 𝗗𝗜𝗩𝗜𝗡𝗘 𝗖𝗢𝗠𝗘𝗗𝗬

on your 𝐓𝐕 
TONIGHT!

📺
𝙇𝙖𝙩𝙚𝙧…
𝙬𝙞𝙩𝙝 𝙅𝙤𝙤𝙡𝙨 𝙃𝙤𝙡𝙡𝙖𝙣𝙙
this Sunday 
9 November
BBC Two 
@ 10.45pm

🔹
new album
~ 𝙍𝙖𝙞𝙣𝙮 𝙎𝙪𝙣𝙙𝙖𝙮 𝘼𝙛𝙩𝙚𝙧𝙣𝙤𝙤𝙣 ~
out now
lnk.to/rainysunday

🔹
@divinecomedyhq.bsky.social #music
#IrishBluesky #speirgorm #musicsky",9,0,1,1,NA
at://did:plc:jxo3eqeeh3kxphirpaqlbnaq/app.bsky.feed.post/3m56s3s6cdk2w,hazelklarkin.bsky.social,2025-11-09T09:26:47.424Z,"I wish I could write radio plays as well as Hugh Costello. His work is consistently excellent. 
www.bbc.com/audio/play/m...
#SpéirGorm
#Radio",1,0,0,0,NA
at://did:plc:jxo3eqeeh3kxphirpaqlbnaq/app.bsky.feed.post/3m56rumkz2k2w,hazelklarkin.bsky.social,2025-11-09T09:22:50.725Z,"I'm claiming this girl as Irish! 
www.independent.co.uk/news/world/a...
#SpéirGorm",2,0,1,0,NA
at://did:plc:rrj4gnpl267pqtrrdsjkijaq/app.bsky.feed.post/3m56rib7mdc2s,dubmac.bsky.social,2025-11-09T09:15:52.121Z,"The chaos of a Sunday morning commute to town.
#Dublin #Ireland #Speirgorm",5,0,0,0,NA
at://did:plc:siclj5jstt2xodsn7epgnqld/app.bsky.feed.post/3m56oksug622g,robosullivan.bsky.social,2025-11-09T08:23:37.120Z,"Trying to enjoy our holiday in a clean, affordable, walkable city with 3rd spaces everywhere but instead we're just wandering from cool thing to cool thing asking ""Why can't we do this in Ireland?"" #spéirgorm",32,0,1,1,NA
at://did:plc:mcb6n67plnrlx4lg35natk2b/app.bsky.feed.post/3m56nbhhjcm2y,nowbreezing.ntw.app,2025-11-09T08:00:28.823Z,"
Bluesky's Top 10 Trending Words (past 10min):
💨x26 - 1﹐604
💨x1* - gaza 🔓
💨x17 - シングレ
💨x1* - ukraine 🔓
💨x12 - remembrance
💨x12 - 1938
💨x11 - faker
💨x10 - t1
💨x9 - オベイ
💨x9 - nebel
*🔓 = Unlocked Emergency Words (see img)

#ListenToBlackVoices

(Something not right? Reply!)",1,0,0,0,NA
at://did:plc:bzjctancupmf6cbk3eazuenz/app.bsky.feed.post/3m56n2qjih22k,rebelalliance77.bsky.social,2025-11-09T07:56:43.722Z,#Speirgorm,6,1,0,1,NA
at://did:plc:2vmxrejfahuy2tnxdda2poay/app.bsky.feed.post/3m56muonoxk2r,judetheconfused.bsky.social,2025-11-09T07:53:20.220Z,"#speirgorm
Interesting piece",1,0,0,0,NA
at://did:plc:nn3osgxofchp4kltpym3e6zk/app.bsky.feed.post/3m56jzcjzyk25,lisahafey.bsky.social,2025-11-09T07:02:18.522Z,Is anyone else watching Hector OZ/NZ on @tg4.bsky.social? It’s so so good! #SpeirGorm www.tg4.ie/en/player/ca...,3,0,0,1,NA
at://did:plc:vmaa275bmnrksir7y6muzkkf/app.bsky.feed.post/3m55yn3wsg22j,dailigh.bsky.social,2025-11-09T01:51:12.620Z,"This guy is a twit, but he’s a powerful twit.

I love how people like him (and we see same in some British politicians) are scared of a little anglophone Island on the north west of Europe.

We scare them, we show them how life can be better while also suggesting we can be better.
#speirgorm",28,0,1,5,NA
at://did:plc:jkgqy6z3shq6puqnt3t4g2to/app.bsky.feed.post/3m55m7535gs2y,thenpw.bsky.social,2025-11-08T22:08:45.325Z,Nature's blanket ❤️ Leaf mulch is the only insulation that becomes better for the soil the longer it lays there 🌱 #gardening #speirgorm,4,0,0,0,NA
at://did:plc:ro76qxmd6nel5b5p4262x5eq/app.bsky.feed.post/3m55klmu7ys2f,lokideburca.bsky.social,2025-11-08T21:39:48.220Z,"Heor lads, what was this lads name and is he still for the unification of Ireland or his off painting Georges crosses on roundabouts?
#speirgorm #ireland",3,0,1,0,NA
at://did:plc:kvx5mxavth6uck4sqhb6vpcg/app.bsky.feed.post/3m55kggja2s2b,abhoysvoice.bsky.social,2025-11-08T21:36:59.020Z,"I see the doc/dramatisation of Ann Lovett is on RTÉ 1 tonight at 9.55pm.

I honestly...

Every time I pass one of the many, many grottos across Ireland, I think of her. 😢

Yet just one of 1000s...10s of 1000s of experiences of Ireland's shameful past.

A shame that continues today.

#SpeirGorm",21,0,2,7,NA
at://did:plc:htzrfp3q6p3ht3x7knog6mdd/app.bsky.feed.post/3m55jihqexc25,grainneblair.bsky.social,2025-11-08T21:20:13.626Z,#Speirgorm #RTEOne 21.30 tonight watch it with some young wans and talk about it. Never Forget,9,0,3,5,NA
at://did:plc:yq6twtxsyczk7wtcptg76za2/app.bsky.feed.post/3m55hyrfhd22j,roc83.bsky.social,2025-11-08T20:53:29.122Z,"Dublin people sharing posts about non-Dubs liking coddle as if it’s something to be celebrated and not a cry for help.

#Speirgorm",7,0,1,1,NA
at://did:plc:idnpisnwi6wnaf6bbaqdorqg/app.bsky.feed.post/3m55gq7chbk22,crazymagsisbarking.bsky.social,2025-11-08T20:30:52.528Z,Please share if in Cork city area #SpeirGorm,4,0,0,2,NA
at://did:plc:jl6cn5yuzpi4tj5vfl7ysfrm/app.bsky.feed.post/3m55fhxvdns2m,shazbear.bsky.social,2025-11-08T20:08:18.423Z,#SpeirGorm 😆,19,0,3,3,NA
at://did:plc:v6y63c54iecyzlxp3vrxvwv2/app.bsky.feed.post/3m55d4n5oy22d,rdisc0mb0bulate.bsky.social,2025-11-08T19:26:13.923Z,"There was a vinyl market taking place in Gorey this afternoon. So myself and Eldest went for a look. 

I decided to treat myself! 
#SpeirGorm
#DepecheMode",37,0,1,2,NA
at://did:plc:xwjlw3ygmqlbr5igkokbkzfn/app.bsky.feed.post/3m55coalb3s2a,oisinmcgann.bsky.social,2025-11-08T19:18:06.826Z,"This was either: 
1) Written by an LLM.
2) Written by someone who hates the English language.
3) The scream of a banshee heralding the death of Irish newspaper journalism.

#SpeirGorm",15,0,3,4,NA
at://did:plc:ofmkl4k2ybutv5b3xpmuq36h/app.bsky.feed.post/3m55bhjxiek2t,limerick4inarow.bsky.social,2025-11-08T18:56:28.526Z,"The absolute cut of him. He looks like an Irish showband singer from the 1970’s. 

#speirgorm",15,0,2,0,at://did:plc:7upoypvlxudsiv4pzbi5jtwf/app.bsky.feed.post/3m55balxdec2r
at://did:plc:vo3c5x2szy6wq4xc3dlemv7f/app.bsky.feed.post/3m55bdz3hfs23,cathyby.bsky.social,2025-11-08T18:54:33.827Z,"#SpeirGorm 

Had to be done...",3,0,0,1,NA
at://did:plc:qi3uhneb2cz77ibwnzailb22/app.bsky.feed.post/3m55b66yhtk2a,dfertl.bsky.social,2025-11-08T18:51:16.824Z,"“A ""violent"" right-wing extremist group threatened on video to attack a #Galway mosque, #IPAS centres and hotels housing migrants around #Ireland…
a ""manifesto"" for the extremist right wing group also formed part of the evidence”
The #farright threat is real.
#SpéirGorm
www.rte.ie/news/courts/...",2,0,0,0,NA
at://did:plc:vmaa275bmnrksir7y6muzkkf/app.bsky.feed.post/3m55ao6gubk2d,dailigh.bsky.social,2025-11-08T18:42:19.121Z,Ah was wondering if we’d have some Bluesky fun today & not let Treyvaud roasting on Twitter have all the craic. #speirgorm,1,0,1,0,NA
at://did:plc:rj54e4tn2c5l6kmuqotuahuv/app.bsky.feed.post/3m554ig6kwc2u,pnamblath.bsky.social,2025-11-08T17:27:29.026Z,"So sad that Jo Jo family still waiting for closure after 30 years
#speirgorm #IrishNews",8,0,1,2,NA
at://did:plc:wse2xzmb4etf7dpmdodw75lt/app.bsky.feed.post/3m552kpejws2h,jenniferomeara5.bsky.social,2025-11-08T16:52:58.722Z,"The Effing & Blinding feed. Someone please start it! 
#SpeirGorm",5,0,1,0,NA
at://did:plc:wse2xzmb4etf7dpmdodw75lt/app.bsky.feed.post/3m552ekeock2h,jenniferomeara5.bsky.social,2025-11-08T16:49:32.423Z,"The Effing & Blinding feed. Someone please start it! 
#SpeirGorm",5,0,1,0,at://did:plc:4nr2tilnqrhdvm5eh554afrd/app.bsky.feed.post/3m54zldcmpk2m
at://did:plc:zhnxit2ol47yfkmdl6eicbbm/app.bsky.feed.post/3m54z6mw55s2f,hyperbolicdub.bsky.social,2025-11-08T16:28:17.925Z,This shit has become normalised in Ireland. These thugs don't even feel a need to hide their faces. What does it say about how social media has denigrated people's compassion towards others? #speirgorm,5,0,1,0,NA
at://did:plc:flpf3rksopl7zx2tbgsyjv7m/app.bsky.feed.post/3m54xdggoxk2v,nicolahorgan.bsky.social,2025-11-08T15:55:20.426Z,"Peekaboo
#speirgorm #nature #joy",9,0,0,3,NA
at://did:plc:trjaqvpxbhcheqnr5fv6tkpm/app.bsky.feed.post/3m54wyl6ws22e,johnbarrington.bsky.social,2025-11-08T15:49:12.426Z,"Son and granddaughter attended rugby friendly between Ireland and Japan at Lansdowne today, and this was their view #speirgorm #rugby #Ireland",8,0,1,0,NA
at://did:plc:cfoygrx4clhglmhy6ted7su2/app.bsky.feed.post/3m54vof5pdk2j,stivvers.bsky.social,2025-11-08T15:25:31.925Z,"#seafóid1041 8 Samhain
🟩🟩🟩🟩🟩
🟩⬛🟩⬛🟩
🟩🟩🟩🟩🟩
🟩⬛🟩⬛🟩
🟩🟩🟩🟩🟩
Réalta ar bith inniu 😅

#Gaeilge #Cluichí #Seafóid #speirgorm 

seafóid.com - seafoid.com",0,0,0,0,NA
at://did:plc:gtj55dznp4vuvx4qc2lhlrd3/app.bsky.feed.post/3m54u2ubk7k2w,shaneconneely.bsky.social,2025-11-08T14:56:46.425Z,"Resetting all the filters to ""I'm an adult who has no fear of cursing"", has resurrected many of the Irish #Speirgorm  that'd vanished from my feed",55,1,2,15,NA
at://did:plc:367j7vu5r3gmfjoecplnrhvb/app.bsky.feed.post/3m54tydq7m224,mairenimhordha.bsky.social,2025-11-08T14:55:26.025Z,"Super turnout of solidarity and céad míle fáilte in Drogheda today organised by the wonderful community group @drogheda4all.bsky.social  🥰
#IrelandForAll #spéirgorm #wholivesherebelongshere",8,1,0,2,NA
at://did:plc:zhnxit2ol47yfkmdl6eicbbm/app.bsky.feed.post/3m54qojbk7c26,hyperbolicdub.bsky.social,2025-11-08T13:56:08.423Z,This is exactly why the State needs to deal quickly and decisively with these racist criminals #speirgorm,5,0,0,1,NA
at://did:plc:bwri5etslrdnbu6jpqrznf36/app.bsky.feed.post/3m54ouzbe6s2b,tggleeson.bsky.social,2025-11-08T13:24:01.121Z,Fianna Fáil must have loved Eamonn Morrissey's Minister for Hardship weekly skit www.rte.ie/archives/exh... #speirgorm,1,1,0,1,NA
at://did:plc:wzelpzmv2b3oudwhkcpr2s6n/app.bsky.feed.post/3m54oll77rs2m,drmarymcauliffe.bsky.social,2025-11-08T13:18:48.423Z,"Melting in a very warm O’Reilly hall meeting lots of interested, engaged potential students - doing the needful for our undergraduate degree in Social Justice at the UCD open day. Thousands on campus which is looking really lovely in the autumnal sunshine #ucd #speirgorm",19,0,1,0,NA
at://did:plc:ro76qxmd6nel5b5p4262x5eq/app.bsky.feed.post/3m54nvw2ucc2p,lokideburca.bsky.social,2025-11-08T13:06:34.921Z,"Like, I've met lads who've been cautiously racist, or casually racist but this was full blown conspiracy theory, antisemitic, culture war, fuckwittery. 
#speirgorm #ireland",7,0,0,1,NA
at://did:plc:lcczgcqfsgyocligu3ukzexx/app.bsky.feed.post/3m54mk5cw3k2s,squeefulraven.bsky.social,2025-11-08T12:42:10.224Z,"#PinkHushing is a thing now... siiiiiiiigh!!
""Is this not just exposing you for how shallow your Rainbow Capitalism has always been?"" ...Yes. Yes it is!!

#JessicaKellggrenFozard #SpeirGorm #LGBTQ+ #LGBTQIA+ #Pride #GayPride #TransRights #Rainbow #RainbowCapitalism #Rights #GayRights #LGBTRights",1,0,0,0,NA
at://did:plc:zzyrap2v4ebwcynb5wfppuco/app.bsky.feed.post/3m54m6umvec2b,wasabi-bestie.bsky.social,2025-11-08T12:35:49.226Z,"They’re rare, but I find it so healing when there’s an Irish news story that’s altogether so goofy that it unites us in having a lol. 

All of us on the same page; slagging this one current affairs/pop culture moment. We can already visualise it on Reeling In The Years.

It’s like a hug. #SpeirGorm",2,0,0,0,NA
at://did:plc:qywcmx577hlrhttfeurxgqp4/app.bsky.feed.post/3m54kyf3dvc2t,thriveabetes.bsky.social,2025-11-08T12:14:20.323Z,"We’re so excited for this tomorrow 😁

Thriveabetes is attending Diabetes Ireland’s“Living Life Well with Diabetes” event

📍 Midlands Park Hotel, Portlaoise
🗓️ Sun, Nov 9
🕰️ 1:30-4pm

Come by & say 👋! We’d love to meet you!
#DiabetesIreland #type1diabetes #lada #mody #insulin #cgm #speirgorm",1,0,0,0,NA
at://did:plc:zhnxit2ol47yfkmdl6eicbbm/app.bsky.feed.post/3m54jmfpncs25,hyperbolicdub.bsky.social,2025-11-08T11:49:41.523Z,"Why does a man emigrate to Ireland from Lithuania only to attempt to cause violence on peaceful law-abiding members of society because he thinks they are ""invaders""? The mind boggles #speirgorm",8,0,1,0,NA
at://did:plc:wpvwcjuhrpr5tjnhy3vp24ly/app.bsky.feed.post/3m54j2hanhc2x,fhayesmccoy.bsky.social,2025-11-08T11:39:39.622Z,"Join @roisinm.bsky.social and me in Banner Books Ennistymon from 7pm on Tuesday. It'll be our first face-to-face meeting and there'll be no holding us

#spéirgorm #booksky #Irish #writingcommunity  #shoplocal #choosebooks #supportlocalbusinesses 📚 💙",7,0,0,1,NA
at://did:plc:uwji4l3wzsygaxduowluqmgr/app.bsky.feed.post/3m54ihypkgc2s,sharrow.bsky.social,2025-11-08T11:29:22.324Z,"Thank you @carlkinsella.bsky.social

Unfortunately Carl is right, until FF & FG actually consider thousands of homeless kids a crisis which effects them & thier voter base, they won't act.

 jrnl.ie/6866350 #supergluedpockets
#speirgorm",54,2,2,16,NA
at://did:plc:rd67s5mrnrwg5bqhvzft2kgv/app.bsky.feed.post/3m54gesaalc2o,sellybeth.bsky.social,2025-11-08T10:51:45.623Z,"Oh no wait I've just remembered the existence of Maria Steen and have never changed my mind so quickly in my life. Back to the usual democratic process until I come up with something better I guess

#SpéirGhorm #SpéirGorm",10,0,2,1,at://did:plc:rd67s5mrnrwg5bqhvzft2kgv/app.bsky.feed.post/3m54gcmk5cc2o
at://did:plc:rd67s5mrnrwg5bqhvzft2kgv/app.bsky.feed.post/3m54gcmk5cc2o,sellybeth.bsky.social,2025-11-08T10:50:32.522Z,"Proposal: henceforth the president should be selected on the basis of whose name is easiest to make into a tea based pun. It would've disqualified Jim Gavin right off the bat.

#SpéirGhorm #SpéirGorm",22,1,3,6,NA
at://did:plc:htaob5ymanqwchsi4mk2gj7v/app.bsky.feed.post/3m54g6e7kr22s,garethoconnor.bsky.social,2025-11-08T10:48:13.822Z,#SpeirGorm,3,0,0,0,NA
at://did:plc:v6y63c54iecyzlxp3vrxvwv2/app.bsky.feed.post/3m54eik2co226,rdisc0mb0bulate.bsky.social,2025-11-08T10:18:05.924Z,"You know those signs that tell you how many days it has been without incident? 

Translate that to perimenopause! 🤣

Well fuck ya anyhow! 
#SpeirGorm",2,0,1,0,NA
at://did:plc:pdendcplixw4gxmn7ubv3dnd/app.bsky.feed.post/3m54ecup2ks22,meltyshirts.com,2025-11-08T10:15:03.023Z,"Hoody Season

🛒: www.redbubble.com/i/hoodie/Gr%...",6,0,0,3,NA
at://did:plc:lcczgcqfsgyocligu3ukzexx/app.bsky.feed.post/3m54duhrn4k27,squeefulraven.bsky.social,2025-11-08T10:07:05.121Z,"Give us this day, our weekly pancakey!! 

#SpeirGorm #SpéirGorm #Breakfast #Pancakes #Homemade #Delicious #PancakeSaturday #Saturday #Lidl #ChocolateSpread #Cappuchino #Probiotic",10,0,2,0,NA
at://did:plc:b7xzcpmgtzognluekh27dffl/app.bsky.feed.post/3m54d33azlk2w,orlanimh.bsky.social,2025-11-08T09:52:39.823Z,Putting some of my photos together #SpeirGorm,5,0,0,1,NA
at://did:plc:ld2vd37jefwcaw6dmx6raaqt/app.bsky.feed.post/3m54cilr75s2h,libertiesbelle.bsky.social,2025-11-08T09:42:19.524Z,"#SpéirGorm

www.rte.ie/news/2025/11...",21,0,1,7,NA
at://did:plc:sjeemmrxw46kr3d2755boiie/app.bsky.feed.post/3m54bfa65as2r,craigbreathnach.bsky.social,2025-11-08T09:22:33.023Z,"The @imirt.bsky.social Steam Curator List now has a handy section showing all of the wonderful games that work on @valvesoftware.com 's #SteamDeck .

store.steampowered.com/curator/4145...

#IrishGameDev #IndieDev #GameDev #IrishCreatives #IrishGameDomination #SpeirGhorm #SpeirGorm #IndieGame",29,1,0,17,NA
at://did:plc:siclj5jstt2xodsn7epgnqld/app.bsky.feed.post/3m54achq2lc2i,robosullivan.bsky.social,2025-11-08T09:03:10.721Z,My letter regarding the Irish Government's lurch towards the far-right. We all need to redouble our efforts to protect our communities with compassion and anti-racism activism. #spéirgorm www.irishexaminer.com/opinion/your...,34,0,0,12,NA
at://did:plc:jkgqy6z3shq6puqnt3t4g2to/app.bsky.feed.post/3m547rgdzqc24,thenpw.bsky.social,2025-11-08T08:53:39.122Z,What a wonderful seanchoíche at Ballinlough Castle last night! #speirgorm #samhain,0,0,0,0,NA
at://did:plc:j2wnnsrxlcesmgggtmpfou7c/app.bsky.feed.post/3m53zwe6xks26,dochasisgra.bsky.social,2025-11-08T07:08:55.620Z,#speirgorm,11,0,0,2,NA
at://did:plc:j2wnnsrxlcesmgggtmpfou7c/app.bsky.feed.post/3m53zujdvqs26,dochasisgra.bsky.social,2025-11-08T07:07:54.420Z,#speirgorm,9,0,1,2,NA
at://did:plc:gjsoejzm7at4syhrvzgizrev/app.bsky.feed.post/3m53zp2dkss2q,ainekeenan.bsky.social,2025-11-08T07:05:00.023Z,"Death, be not proud,
though some have called thee
mighty and dreadful,
for thou art not so;
for those whom thou think'st
thou overthrow die not,
poor Death ...

John Donne, 17th century

#Photography #Poetry #SpeirGorm #India #ImageAndVerse #ArtOfBlueSky #PhotographersOfBlueSky #EastCoastKin",166,2,3,10,NA
at://did:plc:jxo3eqeeh3kxphirpaqlbnaq/app.bsky.feed.post/3m53kct2xyc2u,hazelklarkin.bsky.social,2025-11-08T02:29:34.021Z,#SpéirGorm,7,0,1,0,NA
at://did:plc:wse2xzmb4etf7dpmdodw75lt/app.bsky.feed.post/3m53i42czh227,jenniferomeara5.bsky.social,2025-11-08T01:49:59.828Z,"Buy something for the thrill of opening that gorgeous packaging. The contents aren't too shabby either 😉
#SLATED
#SpeirGorm",6,0,1,3,NA
at://did:plc:laapn5mwj5oenlnezukis2k5/app.bsky.feed.post/3m53cdayhh22x,theodonnell.bsky.social,2025-11-08T00:06:36.521Z,"Most times I think any talk of media collusion with government is total nonsense but today I'm thinking is there a specific moment in time when we stopped talking about the children's hospital fiasco, and was that moment when Stephen Donnelly failed to be re-elected?#speirgorm",1,0,0,0,NA
at://did:plc:3knasliftb6kwttor3caezrb/app.bsky.feed.post/3m537de4usc2c,trish-roe.bsky.social,2025-11-07T23:13:00.626Z,"Pity Paddy Kielty didn’t ask a few personal / general questions. You know the kind of soft ball ones the media threw to Heather. I’m sure the audience would have appreciated hearing how she juggles new motherhood with the Dáil. But still an excellent  interview by Holly Cairns. 
#speirgorm
#latelate",4,0,1,0,NA
at://did:plc:oxfmnceakuxgdwuydnnctski/app.bsky.feed.post/3m5364oxu622m,amynim.bsky.social,2025-11-07T22:52:29.927Z,"Have been awol as have been far too distracted by new addition. The shelter were calling him trout, which is shit so have to come up with one, thinking something Irish but sussing his personality out bit more first. He's 4 months, bit of JRT, Irish Terrier and Patterdale. Delighted. #SpeirGorm",8,0,1,0,NA
at://did:plc:dyx2nesmuuoq2nga6pyqx2lh/app.bsky.feed.post/3m535lt6oxc2m,oreilly1.bsky.social,2025-11-07T22:41:57.224Z,"Holly Kearns is excellent tonight on the #latelate
#latelateshow
#speirgorm",3,0,0,0,NA
at://did:plc:aa5wpvxhuwxxznbdy4rsay2e/app.bsky.feed.post/3m52zhwnju22p,elaineedwards.bsky.social,2025-11-07T21:28:12.321Z,Is it just me or do all Father John Misty songs go on forever? #Speirgorm,0,0,0,0,NA
at://did:plc:flpf3rksopl7zx2tbgsyjv7m/app.bsky.feed.post/3m52yore3rs2v,nicolahorgan.bsky.social,2025-11-07T21:14:14.424Z,"Beguiling...

#speirgorm #moon #beaver",3,0,0,0,NA
at://did:plc:mypgtjbs2ezul2ar3i2rjbpv/app.bsky.feed.post/3m52wbnbu3226,pmchoan.bsky.social,2025-11-07T20:31:17.725Z,#SpéirGorm #SpeirGorm #Dublin #Letterkenny #Bus,7,0,1,2,NA
at://did:plc:tebblcmjilvtchbjqpwlknt6/app.bsky.feed.post/3m52vi3avxk26,amandadunne.bsky.social,2025-11-07T20:16:41.931Z,With Mr. Crow they were truly the fab 4 -  Wanderly Wagon meant the weekend had finally arrived! #SpeirGorm #Spéirgorm,4,0,1,0,at://did:plc:i4k5jo343mnn5kjf3ooz2rhj/app.bsky.feed.post/3m52r4szffc25
at://did:plc:5lalgxnyfxas34qyb3u4dp4u/app.bsky.feed.post/3m52u6yuyxs2k,cjamcmahon.bsky.social,2025-11-07T19:53:43.825Z,"gonna go out on a limb here but I suspect the current govt is sitting on a bag of crises quite similar to the penalty points, whistleblower, GSOC etc scandals which hit Kenny's govt a decade ago. And they will all burst now that Martin looks wounded by Yates #speirgorm",0,0,0,0,NA
at://did:plc:i4k5jo343mnn5kjf3ooz2rhj/app.bsky.feed.post/3m52r4szffc25,ravenbooks.bsky.social,2025-11-07T19:00:38.420Z,"And for those of us of a certain vintage... 
#SpeirGorm #SpéirGorm",6,0,2,1,at://did:plc:i4k5jo343mnn5kjf3ooz2rhj/app.bsky.feed.post/3m52qwvn3pc25
at://did:plc:i4k5jo343mnn5kjf3ooz2rhj/app.bsky.feed.post/3m52qwvn3pc25,ravenbooks.bsky.social,2025-11-07T18:57:40.626Z,"With the ink barely dry from the printers, the latest -opedia from John & Kathi Burke is ""Animalopedia: a Menagerie of Every Irish Animal You Can Think Of"". It's amazing!
#KidLit #KidsBooksFriday #NonFictionNovember #SpeirGorm #SpéirGorm",22,3,2,8,NA
at://did:plc:il65euvovepysgitnnxtyghe/app.bsky.feed.post/3m52oiigtos2n,claireissimo.bsky.social,2025-11-07T18:11:40.827Z,"Jesus, this is depraved.
 
#SpéirGorm #SpéirGhorm
www.thejournal.ie/two-men-char...",7,0,2,4,NA
at://did:plc:wk4vbtn77njhk4mlohgewj2m/app.bsky.feed.post/3m52o57kslc2g,caroleducky.bsky.social,2025-11-07T18:05:22.629Z,"Right-wing extremist group planned to 'target IPAS centres, mosques and hotels', court hears jrnl.ie/6868234

#SpeirGorm",0,0,0,0,NA
at://did:plc:htzrfp3q6p3ht3x7knog6mdd/app.bsky.feed.post/3m52ny34h322q,grainneblair.bsky.social,2025-11-07T18:02:33.522Z,#Speirgorm #keeperofstones #cailleach #newgrange #tribespress,2,0,0,0,NA
at://did:plc:5lalgxnyfxas34qyb3u4dp4u/app.bsky.feed.post/3m52nmdhnzs2k,cjamcmahon.bsky.social,2025-11-07T17:55:54.921Z,"If we're going to go full-on Gaelic revival can we drop 'died peacefully at home' and return to the Annals of the Four Masters style of 'died, having gained victory over the Devil, and the world' #speirgorm",7,0,0,0,NA
at://did:plc:dnvpi77gppcosuglhn7nngk3/app.bsky.feed.post/3m52mnwdgq22s,eslsys.bsky.social,2025-11-07T17:38:52.423Z,"some performance by @ciaranmulloolymep.bsky.social  on RTE Drivetime, refusing to answer questions as to whether the nitrate deregation should end, daft statistics, anecdotal stories in reply to straightforward questions etc #speirgorm",7,0,0,0,NA
at://did:plc:rrj4gnpl267pqtrrdsjkijaq/app.bsky.feed.post/3m52miloet22c,dubmac.bsky.social,2025-11-07T17:35:54.926Z,"Wouldn't it be great if we had politicians who had innate speaking abilities rather than them being trained to proficiently lie?

Did you know that the original name for PR was propaganda?
Look up Edward Bernays.
#Dail #Oireachtas #GiftlessGab
#Speirgorm",2,0,1,0,NA
at://did:plc:trjaqvpxbhcheqnr5fv6tkpm/app.bsky.feed.post/3m52lpcxcws2e,johnbarrington.bsky.social,2025-11-07T17:21:51.923Z,"It’s looking good
St Patrick’s Athletic light box delivered today #StPatricksAthletic #LeagueOfIreland #Speirgorm",4,0,0,0,NA
at://did:plc:33vlabr5n5naktrl6xgyopoc/app.bsky.feed.post/3m52krovjek2n,nigellicus.bsky.social,2025-11-07T17:06:38.321Z,He can only be a folk hero if he picked people up on the way. #speirgorm,3,0,1,0,NA
at://did:plc:nykl7whvnmnrluuxdkl72vum/app.bsky.feed.post/3m52k3nftik2b,breathingfire.bsky.social,2025-11-07T16:52:55.625Z,"So you can send Dairy Milk Chocolate but not Cheese & Onion crisps because ""no dairy""? 🙃 #Spéirgorm www.rte.ie/news/ireland...",1,0,1,0,NA
at://did:plc:wse2xzmb4etf7dpmdodw75lt/app.bsky.feed.post/3m52j5cqvcc26,jenniferomeara5.bsky.social,2025-11-07T16:35:56.222Z,"I'm not a big drinker. Never drink at home except maybe a glass of wine on Christmas Day. I'm on antibiotics at the mo so why is a bottle of Sancerre calling my name from the cabinet? It's only been there for 11 months without even whispering. 
#SpeirGorm",3,0,0,0,NA
at://did:plc:r4hqvnfuc2flfguavyrhcjgg/app.bsky.feed.post/3m52j26dfbc2q,321kieran.bsky.social,2025-11-07T16:34:11.123Z,Click here now! drivensnowmusic.bandcamp.com/album/a-kind... #speirgorm,4,0,0,2,NA
at://did:plc:vo3c5x2szy6wq4xc3dlemv7f/app.bsky.feed.post/3m52is5m2nc2i,cathyby.bsky.social,2025-11-07T16:29:46.730Z,"'Violent' extremist group threatened to attack Galway mosque, IPAS centres, Portlaoise court hears. 

Two men have been charged with possession of explosives. 

www.rte.ie/news/courts/...

#SpeirGorm",3,0,1,0,NA
at://did:plc:2sbnpxj7giu7vkup5cinjhsi/app.bsky.feed.post/3m52iqxuc7c2x,juliecorcoranphotography.ie,2025-11-07T16:29:02.323Z,"I was asked to supply an image for use online. I said I couldn’t oblige because it was a darkroom print made from a negative. The image does not exist as a digital object. It was so liberating. 
It Matters runs until the 2nd Dec, Downtown Hub, Dundalk #speirgorm",2,0,0,0,NA
at://did:plc:wk4vbtn77njhk4mlohgewj2m/app.bsky.feed.post/3m52hjg44g22k,caroleducky.bsky.social,2025-11-07T16:06:56.929Z,"‘Three teenage boys charged in connection with riot at Saggart Ipas centre’.
 jrnl.ie/6868049
#SpeirGorm",4,0,0,1,NA
at://did:plc:htzrfp3q6p3ht3x7knog6mdd/app.bsky.feed.post/3m52gtuwhmk2p,grainneblair.bsky.social,2025-11-07T15:54:56.624Z,#Speirgorm Please donate or buy somethings on the list and drop them off  to MQI in Dublin thanks.,3,0,0,1,NA
at://did:plc:iynfektv23knpbfu2cct4i4p/app.bsky.feed.post/3m52g2fxjas2g,garymoloney.bsky.social,2025-11-07T15:40:40.929Z,"Tá an-áthas orm a chur in iúl go d’oibrigh mé ar an leagan Gaeilge de Quantum Quest (gearrscannáin nua ó Cassette Vision) mar aistritheoir!

Delighted to announce I worked on the Irish language version of Quantum Quest, a new short film from Cassette Vision, as a translator! 1/

#Speirgorm",2,0,2,2,NA
at://did:plc:jl6cn5yuzpi4tj5vfl7ysfrm/app.bsky.feed.post/3m52fyqvq5k2d,shazbear.bsky.social,2025-11-07T15:39:42.324Z,#SpeirGorm,1,0,0,0,NA
at://did:plc:twcctwxow52a2smobzwrgbgf/app.bsky.feed.post/3m52damtbec2e,niamhpuirseil.bsky.social,2025-11-07T14:50:24.324Z,"¡Hola! A pal is looking for a Jinx Lennon ticket for Thomas House this evening if anyone has a spare?
#ticketfairy
#speirgorm",0,0,1,3,NA
at://did:plc:wse2xzmb4etf7dpmdodw75lt/app.bsky.feed.post/3m52d3r6br222,jenniferomeara5.bsky.social,2025-11-07T14:47:41.727Z,"Never, EVER, get your passport photo done 6 weeks after having a baby. Sleep deprived and puffy eyed is not a 10 year look you want. It doesn't matter how good you look at the check in desk, they still see *that* photo.
TEN f*cking years!!!!

#SpeirGorm",5,0,0,0,NA
at://did:plc:56aoxjem4pjvtqsscuhq223t/app.bsky.feed.post/3m52cxm5gz22m,rogerokeeffe.bsky.social,2025-11-07T14:45:20.826Z,Don't forget the tag! #speirgorm,1,0,0,0,NA
at://did:plc:hfty7y3ybvhulvdsnygpqy5q/app.bsky.feed.post/3m52avulbcc2a,fiercemilder.com,2025-11-07T14:08:43.725Z,"It is taken down now so I'll post it here. 

The University of Limerick library had this survey in the lobby for the past few weeks, along with some good information on the effects & consequences of AI.
(If I find my pic of one of the boards, I'll post below)

The trends are interesting.
#speirgorm",4,1,0,2,NA
at://did:plc:bwri5etslrdnbu6jpqrznf36/app.bsky.feed.post/3m52avnbqnc26,tggleeson.bsky.social,2025-11-07T14:08:30.225Z,"Blood Yellow. Flann as blood rather than name Flann may be better fit for Derrynaflan (site of the unearthed hoard) so Bloody Wood rather than Wood of the (two) Flans, considering likely massacre that led to the hoarding. Also next bog-island along is Derrynabrone (Wood of the Sorrows). #speirgorm",4,0,0,1,NA
at://did:plc:56aoxjem4pjvtqsscuhq223t/app.bsky.feed.post/3m52aobh3i22m,rogerokeeffe.bsky.social,2025-11-07T14:04:23.524Z,"This article could serve as the last word on anti-Irish #PoppyRage. But it probably won't. 
@remembrancewatch.bsky.social 
#speirgorm",12,0,0,2,at://did:plc:56aoxjem4pjvtqsscuhq223t/app.bsky.feed.post/3m4x4swlio22d
at://did:plc:lcczgcqfsgyocligu3ukzexx/app.bsky.feed.post/3m527ymdr722k,squeefulraven.bsky.social,2025-11-07T13:52:12.625Z,"Don't tell me what to do!!! 👀

#SpeirGorm #ChronicIllness #pajamas #Pyjamas #RealLife #Facts",2,0,0,0,NA
at://did:plc:y7fyhofvnxwekohaqkiho5qp/app.bsky.feed.post/3m526lo4c7s26,suerussell.bsky.social,2025-11-07T13:27:18.227Z,"I know that in the grand scheme of things it's hardly earth shattering, but when your wee doggie is too poorly  to be interested in treats, it's heartbreaking. She's seen the vet, so hopefully feeling better soon. #dogsoftwitter #spéirgorm",10,0,1,0,NA
at://did:plc:56aoxjem4pjvtqsscuhq223t/app.bsky.feed.post/3m525pt7d4c2g,rogerokeeffe.bsky.social,2025-11-07T13:11:31.727Z,#speirgorm,5,0,1,0,NA
at://did:plc:56aoxjem4pjvtqsscuhq223t/app.bsky.feed.post/3m525fdhkdc2g,rogerokeeffe.bsky.social,2025-11-07T13:05:38.925Z,#speirgorm,1,0,0,0,NA
at://did:plc:56aoxjem4pjvtqsscuhq223t/app.bsky.feed.post/3m5257ax2qc2g,rogerokeeffe.bsky.social,2025-11-07T13:02:16.022Z,"Call me conservative, but I'd be wary of any man his age with a hairstyle like that.
#speirgorm",0,0,0,0,at://did:plc:qi3uhneb2cz77ibwnzailb22/app.bsky.feed.post/3m5244awyvk2z
at://did:plc:mcb6n67plnrlx4lg35natk2b/app.bsky.feed.post/3m525472pig2i,nowbreezing.ntw.app,2025-11-07T13:00:33.425Z,"
Bluesky's Top 10 Trending Words (past 10min):
💨x31 - 1﹐602
💨x1* - ukraine 🔓
💨x1* - democracy 🔓
💨x17 - trillionaire
💨x16 - コミケ
💨x1* - gaza 🔓
💨x14 - コミ
💨x14 - rosalia
💨x12 - audiencia
💨x12 - 107
*🔓 = Unlocked Emergency Words (see img)

#ListenToBlackVoices

(Something not right? Reply!)",0,0,0,0,NA
at://did:plc:lcczgcqfsgyocligu3ukzexx/app.bsky.feed.post/3m524x7objc24,squeefulraven.bsky.social,2025-11-07T12:57:44.826Z,"I have just been likened to Lauren Lyle from The Ridge... I don't see it myself, but I will absolutely take it as a compliment :) She is pretty (which I don't see myself as) and her accent is wonderful! :) 

#TheRidge #LaurenLyle #SpeirGorm #TV #TVShow #Double #Scottish",1,0,0,1,NA
at://did:plc:fp3kfdvjyskh74nzp74bwcah/app.bsky.feed.post/3m524x53wqs2n,nordaltsee.bsky.social,2025-11-07T12:57:44.121Z,"I see it's eyeball meat stew time again 🤢
#SpeirGorm",0,0,0,0,NA
at://did:plc:bwri5etslrdnbu6jpqrznf36/app.bsky.feed.post/3m524wed7ks2l,tggleeson.bsky.social,2025-11-07T12:57:19.522Z,"Dineen has Ugh being used in mid Ulster, it's also the Gàidhlig for egg, so likely was island-wide at one stage. Dineen also has Ughagán for egg custard, modern dictionaries use the imported unmodified Custard and have Ubhagán as an ovary! #speirgorm",2,0,0,0,NA
at://did:plc:wpvwcjuhrpr5tjnhy3vp24ly/app.bsky.feed.post/3m524sdxfek2c,fhayesmccoy.bsky.social,2025-11-07T12:55:05.423Z,"Scroll down to listen 

Huge thanks to Alan and @clarefmradio.bsky.social 

#Spéirgorm #booksky #Irish #novel  #OnceAYear 

@gaiabanks.bsky.social",8,0,0,4,NA
at://did:plc:hhfwpteeefymb5m324x3rsui/app.bsky.feed.post/3m524e6kl5c2m,irishplacenames.bsky.social,2025-11-07T12:47:12.726Z,"Glassamucky Brakes, Dublin mountains.

From the Irish 'Glaise na Muice', stream of the pigs. 'Brake' is an old English word for 'bracken'.

#speirgorm",2,0,0,0,NA
at://did:plc:qi3uhneb2cz77ibwnzailb22/app.bsky.feed.post/3m5244awyvk2z,dfertl.bsky.social,2025-11-07T12:42:44.324Z,"""Why is the Government playing chicken on #climate with Europe?
At a time of #climatecrisis: #Climateaction is fiscal prudence…
Minister for Climate Darragh O’Brien brushed off warnings from… fiscal and climate watchdogs as “back-of-the-envelope stuff”""
#SpéirGorm
www.irishtimes.com/environment/...",3,0,2,1,NA
at://did:plc:56aoxjem4pjvtqsscuhq223t/app.bsky.feed.post/3m4zzzsbd4s2g,rogerokeeffe.bsky.social,2025-11-07T12:05:34.020Z,"As I learned here, it should really be gormspéir, but #speirgorm (without even the fada or upper or camel case) has first mover advantage. 

You need to follow the feed to catch posts with all the variants.",1,0,1,0,at://did:plc:wc3wlp6no7wvh553kec5vc2g/app.bsky.feed.post/3m4zpyccoxk2o
at://did:plc:ptzflttudpqcrf44hctiiylw/app.bsky.feed.post/3m4zym24pwc2z,alkalinecollective.bsky.social,2025-11-07T11:39:56.521Z,"Careful #speirgorm, ""thanking your bus driver is noteworthy"" discourse is hitting the skyline!",2,0,2,0,NA
at://did:plc:aozsf6n4ii7kftvlsr2yvfhq/app.bsky.feed.post/3m4zyl7fcus2m,orla-hegarty.bsky.social,2025-11-07T11:39:29.219Z,"🏗️ Dear Irish media, when the AIB #Construction PMI comes out next Tuesday & likely shows a drop again in “civil engineering activity”

.. ask if the “infrastructure blockages” might be in public funding, rather than nimbyism. Thanks #Speirgorm #Planning #Housing aib.ie/fxcentre/res...",7,0,0,1,NA
at://did:plc:j2wnnsrxlcesmgggtmpfou7c/app.bsky.feed.post/3m4zwwvw47c2f,dochasisgra.bsky.social,2025-11-07T11:10:28.123Z,"I need to go out to do the weekly shop, it's pissing rain and I need my coat but my coat is currently occupied. Clearly I will just have to cancel all plans. (He is snoring deeply). #speirgorm #cats",13,0,2,1,NA
at://did:plc:dwzlhfisxytmrluhpl2dvypt/app.bsky.feed.post/3m4zwcqzvsk2u,niamhroisin.bsky.social,2025-11-07T10:58:59.126Z,“A late contender for album of the year” - what an amazing Hotpress review for the new Altered Hours album - out today! #ProudSister #IrishMusic #Speirgorm #Speirghorm www.hotpress.com/music/album-...,3,1,1,1,NA
at://did:plc:aozsf6n4ii7kftvlsr2yvfhq/app.bsky.feed.post/3m4zw7554622m,orla-hegarty.bsky.social,2025-11-07T10:56:58.725Z,"Irish architect behind $1bn Grand Egyptian Museum 'very excited'

Congratulations to Heneghan Peng architects: Róisín Heneghan, Shih-Fu Peng, Edel Tobin & Alicia Perez-Gomez  #architecture #Speirgorm 
www.rte.ie/news/2025/11...",13,1,0,3,NA
at://did:plc:zhnxit2ol47yfkmdl6eicbbm/app.bsky.feed.post/3m4zudr3pn22e,hyperbolicdub.bsky.social,2025-11-07T10:23:47.521Z,The far-right are claiming that the attempted killing of women and children in the Drogheda IPAS centre was drugs related.  The social media accounts of those arrested tell a different story.  These are just a couple of posts from the fiancé of one. #speirgorm,3,0,0,2,NA
at://did:plc:j2wnnsrxlcesmgggtmpfou7c/app.bsky.feed.post/3m4ztob6no227,dochasisgra.bsky.social,2025-11-07T10:11:42.022Z,"#speirgorm also consider disabling or setting to ""warn"" rather than ""hide"" on almost  all the other settings as people have pointed out trans people existing is getting flagged as ""porn"" and opposition to oppressive regimes is getting flagged as ""violence/threat"".",9,0,0,1,NA
