original_uri,author,text,uri
at://did:plc:siclj5jstt2xodsn7epgnqld/app.bsky.feed.post/3m6nl6no3bk2u,robosullivan.bsky.social,"This is obviously bad, but what's worse is I can guarantee you the only ""plan"" Fianna Fáil and Fine Gael have for when this 3 year period lapses will be to ask for another extension. 
We will get a line about needing ""balance"" between the environment and livelihoods #spéirgorm",at://did:plc:siclj5jstt2xodsn7epgnqld/app.bsky.feed.post/3m6nl6no3bk2u
at://did:plc:uwji4l3wzsygaxduowluqmgr/app.bsky.feed.post/3m6nazursrk2v,sharrow.bsky.social,"Yeah mr taxi driver, if you are going to make comments about my mask, the 'plandemic'; telling how I just need to eat 'clean' mushroom supplements you heard about via Joe Rogan, then I am going to tell you I have cancer and I don't want talk for the rest of the journey. 

#spéirgorm 

And let you",at://did:plc:uwji4l3wzsygaxduowluqmgr/app.bsky.feed.post/3m6nazursrk2v
at://did:plc:uwji4l3wzsygaxduowluqmgr/app.bsky.feed.post/3m6n6su2nak2p,sharrow.bsky.social,"The population growth 'argument' is sheer bullshit.

Pre 1880s ireland had 8 million people.

We have space, what we don't have is inferstructure thanks to the lack of forward thinking and implantation of growth plans, for the country.

Thanks FF & FG. 

#supergluedpockets 

#spéirgorm",at://did:plc:uwji4l3wzsygaxduowluqmgr/app.bsky.feed.post/3m6n6su2nak2p
at://did:plc:xzzjiym2bjfnya4eare3od6x/app.bsky.feed.post/3m6n4xdgle22e,roboconnor.bsky.social,Dear @newyorker.com - #Ireland would like to raise on objection #speirgorm,at://did:plc:xzzjiym2bjfnya4eare3od6x/app.bsky.feed.post/3m6n4xdgle22e
at://did:plc:7czbhyt6vmlibzjk2md3ds36/app.bsky.feed.post/3m6n2k2tyis22,slated.ie,"They call it Black Friday —
a day for rushing, grabbing, and taking.

We love the quiet — the table, the laughter, the pieces made by hand for years of memory, not minutes of chaos.

Our pieces are shaped by hands, not hysteria.

We choose warmth over waste. 

🖤🇮🇪✨

 #SLATED #speirgorm 

Slated.ie",at://did:plc:7czbhyt6vmlibzjk2md3ds36/app.bsky.feed.post/3m6n2k2tyis22
at://did:plc:v6y63c54iecyzlxp3vrxvwv2/app.bsky.feed.post/3m6mxfjapck2r,rdisc0mb0bulate.bsky.social,"Yep! Delighted with it! 

Fair play to Eldest! 
#SpeirGorm",at://did:plc:v6y63c54iecyzlxp3vrxvwv2/app.bsky.feed.post/3m6mxfjapck2r
at://did:plc:wzelpzmv2b3oudwhkcpr2s6n/app.bsky.feed.post/3m6mwmyrar22b,drmarymcauliffe.bsky.social,"The wonderful things you see when rambling through the city - ‘a consciousness of their own dignity and worth should be encouraged in women’, Countess Markievicz #speirgorm",at://did:plc:wzelpzmv2b3oudwhkcpr2s6n/app.bsky.feed.post/3m6mwmyrar22b
at://did:plc:73huo7yhxqkafs2xyr36hqt6/app.bsky.feed.post/3m6mqpqqwbc2e,sarahskeeter.bsky.social,"Is it just me or do Irish men politicians favour a blue suit to an unreasonable degree? Is this everywhere or just us?

#spéirgorm",at://did:plc:73huo7yhxqkafs2xyr36hqt6/app.bsky.feed.post/3m6mqpqqwbc2e
at://did:plc:v6y63c54iecyzlxp3vrxvwv2/app.bsky.feed.post/3m6mqi5k6g22z,rdisc0mb0bulate.bsky.social,"It has arrived and Eldest is on the case with his trusty electronic screwdriver! 

#SpeirGorm",at://did:plc:v6y63c54iecyzlxp3vrxvwv2/app.bsky.feed.post/3m6mqi5k6g22z
at://did:plc:tjj7toux5q6m2v7x2unyhznh/app.bsky.feed.post/3m6mppndsv22j,judesherry.bsky.social,"We need to talk about HOLIDAY HOMES

If you already own a home, should you be allowed to buy a spare one?

The Dutch don't think so 

New laws require buyers to obtain permits to buy a 2nd home, while existing owners will be given 1 year amnesty
#DerelictIreland #speirgorm #EveryoneShouldHaveAHome",at://did:plc:tjj7toux5q6m2v7x2unyhznh/app.bsky.feed.post/3m6mppndsv22j
at://did:plc:4pflfge55lfib5mzy6szdjrr/app.bsky.feed.post/3m6mkoniukk2i,aleccoakley.bsky.social,"Hey #speirgorm, are we still supposed to beep the horn on windy roads or is that gone?",at://did:plc:4pflfge55lfib5mzy6szdjrr/app.bsky.feed.post/3m6mkoniukk2i
at://did:plc:gmbqy5pcenb4bduadxtinou7/app.bsky.feed.post/3m6mkgtjqus2g,dov.bsky.social,a bunch of you already post about irish defence policy as if speirgorm posters are a representative sample of the nation and all i can say is that by that metric every second american must be a furry in a polycule,at://did:plc:gmbqy5pcenb4bduadxtinou7/app.bsky.feed.post/3m6mkgtjqus2g
at://did:plc:wk4vbtn77njhk4mlohgewj2m/app.bsky.feed.post/3m6mk75orpk2s,caroleducky.bsky.social,"#Dublin #Ireland #Traffic
#SpeirGorm",at://did:plc:wk4vbtn77njhk4mlohgewj2m/app.bsky.feed.post/3m6mk75orpk2s
at://did:plc:gjsoejzm7at4syhrvzgizrev/app.bsky.feed.post/3m6mi7pmawk2f,ainekeenan.bsky.social,"When you go will you send 
back a letter from America?
Take a look up the rail track 
from Miami to Canada ...

The Proclaimers, 20th century

#Photography #Wisdom #Poetry #SpeirGorm #StreetPhotography #RamanaMaharshi #Ashram #India #ImageAndVerse #ArtOfBlueSky #PhotographersOfBlueSky #EastCoastKin",at://did:plc:gjsoejzm7at4syhrvzgizrev/app.bsky.feed.post/3m6mi7pmawk2f
at://did:plc:ymhebkmh56zigyqiomogsupn/app.bsky.feed.post/3m6mhaargy22q,taesaveslives.bsky.social,"Nice positive story of a real working young person. Not from a farm so has to lease the entire place, and that's a cost he has to bear.
Left school at 16 only to do so well in third level ag course we won student of the year. Had to ""fight long and hard"" to get bank lending #speirgorm",at://did:plc:ymhebkmh56zigyqiomogsupn/app.bsky.feed.post/3m6mhaargy22q
at://did:plc:ymhebkmh56zigyqiomogsupn/app.bsky.feed.post/3m6mgxh2sa22q,taesaveslives.bsky.social,"If you wonder why farmers can be so hostile to environmentalists its often because of the talking down to

We've spend €26-40k on water quality
People who dont work in our sector telling us what good or bad leadership is so dismissive
Maybe talk to actual farmers rather than echo chambers
#speirgorm",at://did:plc:ymhebkmh56zigyqiomogsupn/app.bsky.feed.post/3m6mgxh2sa22q
at://did:plc:v6y63c54iecyzlxp3vrxvwv2/app.bsky.feed.post/3m6mfzsi4mk2i,rdisc0mb0bulate.bsky.social,"I saw a TikTok that spoke about seeing the cats you’ve lost, finding each other and I was not prepared for it and now I’m sitting here crying. 

Don’t let anyone ever tell you pet grief isn’t real! 
#SpeirGorm",at://did:plc:v6y63c54iecyzlxp3vrxvwv2/app.bsky.feed.post/3m6mfzsi4mk2i
at://did:plc:ymhebkmh56zigyqiomogsupn/app.bsky.feed.post/3m6mc5wi2wc2s,taesaveslives.bsky.social,"Even for non-derogation farmers this is great news.
For non farmers opposed to it I'd ask a simple question, why were farmers/groups who represent no derogation farmers (upland farmers & grain producers) ALL supporting it?
There'll be strict conditions too #speirgorm 
www.agriland.ie/farming-news...",at://did:plc:ymhebkmh56zigyqiomogsupn/app.bsky.feed.post/3m6mc5wi2wc2s
at://did:plc:v6y63c54iecyzlxp3vrxvwv2/app.bsky.feed.post/3m6mbwz65tc2h,rdisc0mb0bulate.bsky.social,"I just found a One4All card tucked away in a drawer. 

€50 balance still intact! 

Nice! 
#SpeirGorm",at://did:plc:v6y63c54iecyzlxp3vrxvwv2/app.bsky.feed.post/3m6mbwz65tc2h
at://did:plc:jr5xhxt5w6a2jqh2os36rkvg/app.bsky.feed.post/3m6mblqrmss2x,ciara2001.bsky.social,"For those who have heard us on #speirgorm wax lyrically about the spice bag, here's all you need to know",at://did:plc:jr5xhxt5w6a2jqh2os36rkvg/app.bsky.feed.post/3m6mblqrmss2x
at://did:plc:hbdv3kavhrd7dwwbpeewrdzo/app.bsky.feed.post/3m6mapdpvps2s,ancienteejit.bsky.social,I may only have 50 followers and most of them are bots I'm sure but I highly recommend this book. Read it years ago and really enjoyed it. #spéirgorm #buylocal,at://did:plc:hbdv3kavhrd7dwwbpeewrdzo/app.bsky.feed.post/3m6mapdpvps2s
at://did:plc:swknwdgyvbkrbda6fdhhwefj/app.bsky.feed.post/3m6m7uxf73k2d,electionlit.bsky.social,"During the Presidential campaign a question came into the WhatsApp group.  ""Is Catherine Connolly married?"", someone had been asked this when canvassing.  These days candidates tend not to share too much personal details in their material or indeed online. That wasn't always the case.... #speirgorm",at://did:plc:swknwdgyvbkrbda6fdhhwefj/app.bsky.feed.post/3m6m7uxf73k2d
at://did:plc:e2vdb3yylfvzgvlo3fi5mrkf/app.bsky.feed.post/3m6m6kqnum22x,atticuspeirgorm.bsky.social,"🧵🌍👇
#Climate #Speirgorm",at://did:plc:e2vdb3yylfvzgvlo3fi5mrkf/app.bsky.feed.post/3m6m6kqnum22x
at://did:plc:wzelpzmv2b3oudwhkcpr2s6n/app.bsky.feed.post/3m6m2uyypnc2c,drmarymcauliffe.bsky.social,"Lovely photo of my mother and her friends - can you guess which one she is! My sister looks more like her than I do, but I do look a bit like her too! #speirgorm",at://did:plc:wzelpzmv2b3oudwhkcpr2s6n/app.bsky.feed.post/3m6m2uyypnc2c
at://did:plc:4bl6bpnggvjb3qgcwhosv6xg/app.bsky.feed.post/3m6lzooovec2j,hayleymulch.com,"My Winter Sale is now on at hayleymulch.com !

More deets about the sale here: hayleymulch.com/blogs/news/w...

#BSNM #BlackFriday #CyberMonday #SmallBusiness #SmallBusinessSaturday #Art #ArtSky #SpéirGorm",at://did:plc:4bl6bpnggvjb3qgcwhosv6xg/app.bsky.feed.post/3m6lzooovec2j
at://did:plc:v6y63c54iecyzlxp3vrxvwv2/app.bsky.feed.post/3m6luslay622e,rdisc0mb0bulate.bsky.social,"Good morning, #SpeirGorm

I took today off work. I have quite a bit of house stuff to do which involves moving existing furniture and hopefully assembling the new sideboard that is arriving today! 

Busy, busy, busy!",at://did:plc:v6y63c54iecyzlxp3vrxvwv2/app.bsky.feed.post/3m6luslay622e
at://did:plc:b5yxc2nhcgrbtu3twvlg3i7a/app.bsky.feed.post/3m6liyocx7s2e,siobhanmcelduff.bsky.social,"The lost sister to yer man who took out Gavin with his tale of the stolen rent.

#spéirghorm #speirgorm",at://did:plc:b5yxc2nhcgrbtu3twvlg3i7a/app.bsky.feed.post/3m6liyocx7s2e
at://did:plc:vaawjhgwzilckuoc72ovydtt/app.bsky.feed.post/3m6kplorka22v,jayroszman.bsky.social,"Dear #Speirgorm :

I'll be in Dublin Saturday AM for a meeting and won't be taking the train back to Cork till late afternoon. I need xmas gifts for family in US – where would you go for cool artsy, crafty, independent Irish stuff?",at://did:plc:vaawjhgwzilckuoc72ovydtt/app.bsky.feed.post/3m6kplorka22v
at://did:plc:jkgqy6z3shq6puqnt3t4g2to/app.bsky.feed.post/3m6knvkac4c2n,thenpw.bsky.social,Listened to this today. It was insanely delicious! Please give it a whirl... 🍎 #speirgorm,at://did:plc:jkgqy6z3shq6puqnt3t4g2to/app.bsky.feed.post/3m6knvkac4c2n
at://did:plc:3zrtumskbaikoqc2z3ou3nnc/app.bsky.feed.post/3m6kmtzr76c2v,shanerazor.bsky.social,"The National Development Plan 2040 summed up in 15 secs #speirgorm #transport 

youtu.be/cjl8OIZijjY?...",at://did:plc:3zrtumskbaikoqc2z3ou3nnc/app.bsky.feed.post/3m6kmtzr76c2v
at://did:plc:uwji4l3wzsygaxduowluqmgr/app.bsky.feed.post/3m6klhhw2ss2b,sharrow.bsky.social,"That is a worrying trend.

High rate of c sections can be, unreasonable time lines set by hospitals, or consultants preferences ré timing.

C sections cost more & take longer to recover from.

I look forward to Aims ireland statement on this.

#spéirgorm",at://did:plc:uwji4l3wzsygaxduowluqmgr/app.bsky.feed.post/3m6klhhw2ss2b
at://did:plc:uwji4l3wzsygaxduowluqmgr/app.bsky.feed.post/3m6kk5tbhuc2g,sharrow.bsky.social,"Grooming children via #roblox 

#notallmenbutenoughofthem 

#spéirgorm 

jrnl.ie/6886439",at://did:plc:uwji4l3wzsygaxduowluqmgr/app.bsky.feed.post/3m6kk5tbhuc2g
at://did:plc:htzrfp3q6p3ht3x7knog6mdd/app.bsky.feed.post/3m6kjh7vpds2z,grainneblair.bsky.social,"#Speirgorm #NollaignamBan10/01/26 
#MaeveBrennan #EmilieConway #DADA",at://did:plc:htzrfp3q6p3ht3x7knog6mdd/app.bsky.feed.post/3m6kjh7vpds2z
at://did:plc:wpvwcjuhrpr5tjnhy3vp24ly/app.bsky.feed.post/3m6kihc7cnc2k,fhayesmccoy.bsky.social,"Right, I'm into the winter writing garment 

#corcadhuibhne #weather #spéirgorm #writingcommunity #booksky",at://did:plc:wpvwcjuhrpr5tjnhy3vp24ly/app.bsky.feed.post/3m6kihc7cnc2k
at://did:plc:zcsbyrhosie7d223zrx5ffjy/app.bsky.feed.post/3m6khzysjbc2q,weirdireland.bsky.social,Thing go boing #speirgorm,at://did:plc:zcsbyrhosie7d223zrx5ffjy/app.bsky.feed.post/3m6khzysjbc2q
at://did:plc:uwji4l3wzsygaxduowluqmgr/app.bsky.feed.post/3m6kh2ssl3226,sharrow.bsky.social,"20 grand is the minimum cost of defending a defamation accusation in the courts.

If you loose then you have that 20 grand, the same or more of the other person's costs and then the ammount awarded by the court as damages.

So 20 grand is the minimum settlement or gonaway money.

#spéirgorm",at://did:plc:uwji4l3wzsygaxduowluqmgr/app.bsky.feed.post/3m6kh2ssl3226
at://did:plc:z6phioqd5wrigle4t4jbveif/app.bsky.feed.post/3m6kf4dw2ss22,robertbohan.bsky.social,"Time to look at getting kids vaccinated, especially where there are children who are immunosuppressed in the same school. Vaccines are free from pharmacies & GPs: #SpeirGorm",at://did:plc:z6phioqd5wrigle4t4jbveif/app.bsky.feed.post/3m6kf4dw2ss22
at://did:plc:xsswt6efjmn473fgruxq752a/app.bsky.feed.post/3m6kbbroctk2v,simonb84.bsky.social,"The last 2 days have been an epic failure for the better Public Transport agenda. This government has shat over nearly every project you can think of. 

#SpéirGorm #IrishPolitics",at://did:plc:xsswt6efjmn473fgruxq752a/app.bsky.feed.post/3m6kbbroctk2v
at://did:plc:ght3uub7kpjobedtjycijk45/app.bsky.feed.post/3m6kajfrioc2y,karlstanley.bsky.social,"If you live in Ireland, remember that in recent memory a single rugby-loving bank CEO cost the taxpayer more than every single welfare recipient in the state COMBINED. #SpeirGorm",at://did:plc:ght3uub7kpjobedtjycijk45/app.bsky.feed.post/3m6kajfrioc2y
at://did:plc:vtluikc62q3hcfkazd4l7xml/app.bsky.feed.post/3m6jwgeusas2m,yerwannn.bsky.social,"Does anyone else get a little eye twitch when they're tired? I told my boyf that I had the sleepy twitches and he looked at me like I'd 12 heads. I can't be the only slightly-twitchy-sleepy- person?

#speirgorm",at://did:plc:vtluikc62q3hcfkazd4l7xml/app.bsky.feed.post/3m6jwgeusas2m
at://did:plc:56aoxjem4pjvtqsscuhq223t/app.bsky.feed.post/3m6juewec3222,rogerokeeffe.bsky.social,"Naming it after an individual is clearly too divisive.

Let's just call it #Coddle International Airport (which also rings the ""CIA"" bell and   nods towards our status as a US Overseas Dependency).
#speirgorm",at://did:plc:56aoxjem4pjvtqsscuhq223t/app.bsky.feed.post/3m6juewec3222
at://did:plc:nxkyqaqc7uo2rgichloepcbm/app.bsky.feed.post/3m6jtj7wymk2r,irelandsedge.bsky.social,"In our age of ever-shorter attention spans, long-form reporting has become an endangered art. But some stories require months and years of investigation and thought to be told properly.

#IrelandsEdge25 #OtherVoices25 #SpeirGorm",at://did:plc:nxkyqaqc7uo2rgichloepcbm/app.bsky.feed.post/3m6jtj7wymk2r
at://did:plc:rd67s5mrnrwg5bqhvzft2kgv/app.bsky.feed.post/3m6jpivq6vk2j,sellybeth.bsky.social,"Does this ""household fee"" seem a bit off to anyone else? A hundred quid for items I'm not allowed to keep, or items that I'll be providing myself since they have to be replaced fáideog regularly?

#SpéirGhorm #SpéirGorm",at://did:plc:rd67s5mrnrwg5bqhvzft2kgv/app.bsky.feed.post/3m6jpivq6vk2j
at://did:plc:7czbhyt6vmlibzjk2md3ds36/app.bsky.feed.post/3m6jo5bbbhc2n,slated.ie,"🎁 Small gift. Big luxury.

The SLATED Alphabet Coaster — carved slate, artisan-made, timeless.

Perfect Kris Kindle swap. Perfect stocking moment.

A present that says: “Chosen, not convenient.”

SLATED Alphabet Coaster. The tiny upgrade everyone keeps. ✨

#SLATED #speirgorm #speirghorm 

Slated.ie",at://did:plc:7czbhyt6vmlibzjk2md3ds36/app.bsky.feed.post/3m6jo5bbbhc2n
at://did:plc:wpvwcjuhrpr5tjnhy3vp24ly/app.bsky.feed.post/3m6jlpcfr4s2s,fhayesmccoy.bsky.social,"Good heavens. A friend just sent me this 1983 cutting from the Sindo's arts page. I'd completely forgotten The Edgerton Werewolf. Nice to see that Brendan Kennelly approved of it

#spéirgorm #irish #writing #fiction @independent.ie  @irishlittimes.bsky.social @ronanhession.bsky.social  #booksky💙📚",at://did:plc:wpvwcjuhrpr5tjnhy3vp24ly/app.bsky.feed.post/3m6jlpcfr4s2s
at://did:plc:wzelpzmv2b3oudwhkcpr2s6n/app.bsky.feed.post/3m6jj2zlafc2d,drmarymcauliffe.bsky.social,"Where is the kindness when we talk about trans people? Deeply empathetic essay from Kathy Sheridan. The take of the young girl at the centre of transphobic outrage at a match is a horror story, but this where transphobia takes people! #speirgorm 

www.irishtimes.com/opinion/2025...",at://did:plc:wzelpzmv2b3oudwhkcpr2s6n/app.bsky.feed.post/3m6jj2zlafc2d
at://did:plc:wm5b3q2znvnatujmm46yucon/app.bsky.feed.post/3m6jhjimx222g,aldunne.bsky.social,"Who remembers this little kerfuffle from 20 years ago. Dartmouth Square forever trying to insert itself as a Main Character it seems

#spéirgorm

m.independent.ie/irish-news/s...",at://did:plc:wm5b3q2znvnatujmm46yucon/app.bsky.feed.post/3m6jhjimx222g
at://did:plc:uwji4l3wzsygaxduowluqmgr/app.bsky.feed.post/3m6jgyphjjc2t,sharrow.bsky.social,"Heavens forbid a government have a 5 year plan and a budget which spans that. 

#spéirgorm 

 www.breakingnews.ie/ireland/gove... 

Government 'needs to move away from year-to-year budgeting', fiscal watchdog warns",at://did:plc:uwji4l3wzsygaxduowluqmgr/app.bsky.feed.post/3m6jgyphjjc2t
at://did:plc:gjsoejzm7at4syhrvzgizrev/app.bsky.feed.post/3m6jc4cgvuk22,ainekeenan.bsky.social,"come on come on
let me into your temple
come on come on
I want into your temple
come on come on
let me into the temple
come on come on
I want into the temple

Jane Siberry, 21st century

#Photography #Wisdom #Poetry #SpeirGorm #India #ImageAndVerse #ArtOfBlueSky #PhotographersOfBlueSky #EastCoastKin",at://did:plc:gjsoejzm7at4syhrvzgizrev/app.bsky.feed.post/3m6jc4cgvuk22
at://did:plc:gjsoejzm7at4syhrvzgizrev/app.bsky.feed.post/3m6jc4cgvuk22,NA,NA,NA
at://did:plc:uwji4l3wzsygaxduowluqmgr/app.bsky.feed.post/3m6j5ai5h322u,sharrow.bsky.social,"Philomena Lee airport

Ann Lovett Airport

Joanne Hayes Airport

I could go on.. 

#spéirgorm",at://did:plc:uwji4l3wzsygaxduowluqmgr/app.bsky.feed.post/3m6j5ai5h322u
at://did:plc:wzelpzmv2b3oudwhkcpr2s6n/app.bsky.feed.post/3m6j3uttqmk2f,drmarymcauliffe.bsky.social,"Lemass wasn’t the absolute worst (as FF Taoisigh go) but he did introduce the 1935 Conditions of Employment Act which restricted women’s access to the workplace. His biographer says he was sexist & regarded women’s employment as ‘contrary to the Irish way of life’, so that’s a no from me. #speirgorm",at://did:plc:wzelpzmv2b3oudwhkcpr2s6n/app.bsky.feed.post/3m6j3uttqmk2f
at://did:plc:jxo3eqeeh3kxphirpaqlbnaq/app.bsky.feed.post/3m6ihw2g62s2w,hazelklarkin.bsky.social,"Are you fucking kidding me?? I'd sooner see it named after Dustin the Turkey. 
#SpéirGorm",at://did:plc:jxo3eqeeh3kxphirpaqlbnaq/app.bsky.feed.post/3m6ihw2g62s2w
at://did:plc:jl6cn5yuzpi4tj5vfl7ysfrm/app.bsky.feed.post/3m6ifpvkwjk2q,shazbear.bsky.social,Grim #SpeirGorm,at://did:plc:jl6cn5yuzpi4tj5vfl7ysfrm/app.bsky.feed.post/3m6ifpvkwjk2q
at://did:plc:y4m2fu2kg5w5e6y4io5qn3rv/app.bsky.feed.post/3m6ifckwljk2b,amflynn.bsky.social,"Joking aside, every day, there are TDs in the Dáil taking it upon themselves to try and single-handedly make fools of us all for bothering to participate in the democratic process 
#SpeirGorm",at://did:plc:y4m2fu2kg5w5e6y4io5qn3rv/app.bsky.feed.post/3m6ifckwljk2b
at://did:plc:trjaqvpxbhcheqnr5fv6tkpm/app.bsky.feed.post/3m6idh5ftek2i,johnbarrington.bsky.social,"Reminded this evening that as a kid and feeling unwell we’d be given an ‘egg flip’ to fortify us.
A simple recipe of an egg, warm milk, and sugar whipped together into a hearty drink.
#Spéirghorm #Speirgorm #Ireland",at://did:plc:trjaqvpxbhcheqnr5fv6tkpm/app.bsky.feed.post/3m6idh5ftek2i
at://did:plc:ets3sxbntmhmfjb42w3cphky/app.bsky.feed.post/3m6i72pubss2f,adrianlegg.bsky.social,"Billionaire migrants from Kanturk.
#speirgorm #cork #like
wesleystubenbord.com/viz/billiona...",at://did:plc:ets3sxbntmhmfjb42w3cphky/app.bsky.feed.post/3m6i72pubss2f
at://did:plc:lcczgcqfsgyocligu3ukzexx/app.bsky.feed.post/3m6i3vojefs26,squeefulraven.bsky.social,"#SumikkoGurashi, a #Japanese character series designed for kids and gained a massive adult following has actually melted my ovaries with the #Squee! Watched the first movie last night and UGLY CRIED at the #bittersweet ending! Highly recommended, super cute 🥰 

#Anime #SpéirGorm #SpeirGorm #Cute",at://did:plc:lcczgcqfsgyocligu3ukzexx/app.bsky.feed.post/3m6i3vojefs26
at://did:plc:jhndv2ueuu77qaiw5ivjkhx7/app.bsky.feed.post/3m6hzjxn55s24,despod.bsky.social,I expect the Irish Times will let us know soon enough whether the JR of the MetroLink decision is a good one or a bad one. #Speirgorm,at://did:plc:jhndv2ueuu77qaiw5ivjkhx7/app.bsky.feed.post/3m6hzjxn55s24
at://did:plc:2niyblt7yhgmidf5z3gjsrv7/app.bsky.feed.post/3m6hyvz3m4c2e,cc42.bsky.social,#SpéirGorm,at://did:plc:2niyblt7yhgmidf5z3gjsrv7/app.bsky.feed.post/3m6hyvz3m4c2e
at://did:plc:wk4vbtn77njhk4mlohgewj2m/app.bsky.feed.post/3m6hw65sja22q,caroleducky.bsky.social,"Ma must have untied him from her kitchen table (& he headed straight back to the school). 🤦🏻‍♀️😁

‘Enoch Burke returned to Mountjoy Prison on foot of contempt of court order.’ 
 jrnl.ie/6885476
#SpeirGorm",at://did:plc:wk4vbtn77njhk4mlohgewj2m/app.bsky.feed.post/3m6hw65sja22q
at://did:plc:e2vdb3yylfvzgvlo3fi5mrkf/app.bsky.feed.post/3m6huhrmcak2y,atticuspeirgorm.bsky.social,"Let the people decide?

#Speirgorm",at://did:plc:e2vdb3yylfvzgvlo3fi5mrkf/app.bsky.feed.post/3m6huhrmcak2y
at://did:plc:yq6twtxsyczk7wtcptg76za2/app.bsky.feed.post/3m6hpxgpt3c2p,roc83.bsky.social,"Up in Dublin to see Dylan. Only out of the station and 5 different people have tried to pour coddle into my hands. 

Terrifying place.

#speirgorm",at://did:plc:yq6twtxsyczk7wtcptg76za2/app.bsky.feed.post/3m6hpxgpt3c2p
at://did:plc:trjaqvpxbhcheqnr5fv6tkpm/app.bsky.feed.post/3m6horzcskc2d,johnbarrington.bsky.social,"The Point Depot is still The Point Depot
Lansdowne Road is still Lansdowne Road
The RDS will still be The RDS
#spéirghorm #Speirgorm #Ireland",at://did:plc:trjaqvpxbhcheqnr5fv6tkpm/app.bsky.feed.post/3m6horzcskc2d
at://did:plc:xsyhsinadeaebjifn2sgwc4m/app.bsky.feed.post/3m6hkohzmy22a,gerrioneillhist.bsky.social,"Why? Why bring party politics into it? There are more than enough Irish writers, artists and poets to choose from. James Joyce? Samuel Beckett? Patrick Kavanagh? W.B. Yeats? Harry Clarke? John Lavery? Or what about naming it after a woman? Radical, eh? #speirgorm",at://did:plc:xsyhsinadeaebjifn2sgwc4m/app.bsky.feed.post/3m6hkohzmy22a
at://did:plc:wpvwcjuhrpr5tjnhy3vp24ly/app.bsky.feed.post/3m6hidcg4as2k,fhayesmccoy.bsky.social,"If you fancy buying my books this Christmas, please consider shopping local/supporting indie booksellers 

#ONCEAYEAR is currently 20% off at Bookstation (Irish & family-run since 1989) 
Free, fast & tracked delivery over €10
Same prices online/in-store

#spéirgorm 💙📚

bookstation.ie/products/onc...",at://did:plc:wpvwcjuhrpr5tjnhy3vp24ly/app.bsky.feed.post/3m6hidcg4as2k
at://did:plc:kwtucfvy3bpc24xyam2ilqc2/app.bsky.feed.post/3m6hia4affc25,kevinkosullivan.bsky.social,One for the #speirgorm community.,at://did:plc:kwtucfvy3bpc24xyam2ilqc2/app.bsky.feed.post/3m6hia4affc25
at://did:plc:4gkhunopukop6ugvlessqyvx/app.bsky.feed.post/3m6hhj6hvg22v,chendirl.bsky.social,Tomorrow I will be speaking on #BabyLoss in 20th century #Ireland #Speirgorm at this HYBRID event in TCD 1pm GMT.   #HistMed #HistEmotions #ReproHist #Skystorians #HistMidwifery #Midwifery #MedHums #Stillbirth #Grief #Commemoration,at://did:plc:4gkhunopukop6ugvlessqyvx/app.bsky.feed.post/3m6hhj6hvg22v
at://did:plc:wse2xzmb4etf7dpmdodw75lt/app.bsky.feed.post/3m6hgbt5oh22y,jenniferomeara5.bsky.social,"Clare people, look at the Loop Head design ❤️
#SLATED
#SpeirGorm",at://did:plc:wse2xzmb4etf7dpmdodw75lt/app.bsky.feed.post/3m6hgbt5oh22y
at://did:plc:7czbhyt6vmlibzjk2md3ds36/app.bsky.feed.post/3m6hdjj2nkc2m,slated.ie,"I took all of your advice.

The new boards are now live in the SLATED Landmark Collection.

Feel free to point out any errors. It was a bit of a rush job. 

Reposts would be amazing.

Slated.ie

#SLATED  #speirgorm",at://did:plc:7czbhyt6vmlibzjk2md3ds36/app.bsky.feed.post/3m6hdjj2nkc2m
at://did:plc:3zrtumskbaikoqc2z3ou3nnc/app.bsky.feed.post/3m6hdapy4e22d,shanerazor.bsky.social,"20 residents holding up national infrastructure which will benefit 175,000 people and 250,000 jobs within walking distance and will move 20000 people per direction per hour. This is entitlement. #speirgorm

MetroLink to face legal challenge from Ranelagh residents

www.irishtimes.com/ireland/2025...",at://did:plc:3zrtumskbaikoqc2z3ou3nnc/app.bsky.feed.post/3m6hdapy4e22d
at://did:plc:siclj5jstt2xodsn7epgnqld/app.bsky.feed.post/3m6h63j7nuk2u,robosullivan.bsky.social,#spéirgorm,at://did:plc:siclj5jstt2xodsn7epgnqld/app.bsky.feed.post/3m6h63j7nuk2u
at://did:plc:27jd6epq7of5kodforfyhh45/app.bsky.feed.post/3m6h3dlkmd22v,aoifeb.bsky.social,"Thanks to Heritage Council funding, digital versions of these parish registers will soon be online. And the precious records of St Luke's Douglas can move from a damp old building to a temperature-controlled archive. #Speirgorm #Ireland 🗃️",at://did:plc:27jd6epq7of5kodforfyhh45/app.bsky.feed.post/3m6h3dlkmd22v
at://did:plc:nykl7whvnmnrluuxdkl72vum/app.bsky.feed.post/3m6guoyxzkc2g,breathingfire.bsky.social,The return of the time of the Táin Bó. Can berserkers and demigods be far behind? #CúChulainn #speirgorm,at://did:plc:nykl7whvnmnrluuxdkl72vum/app.bsky.feed.post/3m6guoyxzkc2g
at://did:plc:gjsoejzm7at4syhrvzgizrev/app.bsky.feed.post/3m6gmyb7ku22m,ainekeenan.bsky.social,"Before I built a wall
I’d ask to know what I was
walling in or walling out,
and to whom I was like
to give offence ...

He says again, ‘Good fences
make good neighbours.’

Robert Frost, 20th century

#Photography #Poetry #SpeirGorm #ImageAndVerse #ArtOfBlueSky #PhotographersOfBlueSky #EastCoastKin",at://did:plc:gjsoejzm7at4syhrvzgizrev/app.bsky.feed.post/3m6gmyb7ku22m
at://did:plc:jxo3eqeeh3kxphirpaqlbnaq/app.bsky.feed.post/3m6g6tuw5bc2y,hazelklarkin.bsky.social,"Conas atá sibh? 
#SpéirGorm",at://did:plc:jxo3eqeeh3kxphirpaqlbnaq/app.bsky.feed.post/3m6g6tuw5bc2y
at://did:plc:owtiovxdlxm4bp4hgnihapfe/app.bsky.feed.post/3m6fzurc24k2d,martinamorrow.bsky.social,Due to a broken TV I ended up hanging in the kitchen this eve. I made mince pies ate half the snack box of crisps and crap and decided to have a bath just to try and save my blood sugars from complete catastrophe Now I’m zen but want a cuppa and that means sneaking past the mince pies 🫣 #speirgorm,at://did:plc:owtiovxdlxm4bp4hgnihapfe/app.bsky.feed.post/3m6fzurc24k2d
at://did:plc:7czbhyt6vmlibzjk2md3ds36/app.bsky.feed.post/3m6fqcx4k3c2l,slated.ie,"Lads, do you reckon I could get away with putting some new designs online without fabulous photos? 

The Christmas deadline is looming and I don't fancy anymore bills, especially photography ones.

Would you trust us that they are amazing?

#SLATED 

#Speirgorm #Boycottamazon 

Slated.ie",at://did:plc:7czbhyt6vmlibzjk2md3ds36/app.bsky.feed.post/3m6fqcx4k3c2l
at://did:plc:uoenkmbrkyfqvvbwxdjsean5/app.bsky.feed.post/3m6fl4rmjxk2f,imbibecoffee.bsky.social,This is my 6th year posting this same message. Black Friday is a nonsense with often pretend discounts on stuff you probably don’t need. We’ll do as we always do at this time and increase the 1% of all income we give to Women’s Aid to 10% on web sales over the weekend. Fuck Black Friday. #speirgorm,at://did:plc:uoenkmbrkyfqvvbwxdjsean5/app.bsky.feed.post/3m6fl4rmjxk2f
at://did:plc:vmaa275bmnrksir7y6muzkkf/app.bsky.feed.post/3m6fkefyquc2o,dailigh.bsky.social,"S’funny listening back to all the arguments made by the zealots against divorce, that they weren’t right about a single thing.

We have the 2nd lowest divorce rate in the EU.

All fear and no trousers - you’d think they’d apologise for being so utterly wrong.

#speirgorm",at://did:plc:vmaa275bmnrksir7y6muzkkf/app.bsky.feed.post/3m6fkefyquc2o
at://did:plc:r4hqvnfuc2flfguavyrhcjgg/app.bsky.feed.post/3m6fjflgnp226,321kieran.bsky.social,"What song jumps out to YOU?🥰
🚨All the great songs on the #NovaGuestlist, includng a #Sprints live review, chats with @pagep195.bsky.social, & 1st plays for #KevHermConnolly & @maykay.bsky.social;☘️
📻Listen back Now on www.nova.ie/radio-schedu... or 6pm Sundays on @radionova100.bsky.social! #Speirgorm",at://did:plc:r4hqvnfuc2flfguavyrhcjgg/app.bsky.feed.post/3m6fjflgnp226
at://did:plc:v6y63c54iecyzlxp3vrxvwv2/app.bsky.feed.post/3m6fihgby4s2t,rdisc0mb0bulate.bsky.social,"I didn’t float down the Slaney in a bubble!! 
#SpeirGorm",at://did:plc:v6y63c54iecyzlxp3vrxvwv2/app.bsky.feed.post/3m6fihgby4s2t
at://did:plc:wpvwcjuhrpr5tjnhy3vp24ly/app.bsky.feed.post/3m6fhutxmac2c,fhayesmccoy.bsky.social,"The Bookseller's Gift and Once A Year looking good among the Christmas glitter in Dunnes Stores nationwide!

 #spéirgorm people, please share the news 🥰📚📚

#Irish #festive #fiction #spéirghorm #booksky #writingcommunity",at://did:plc:wpvwcjuhrpr5tjnhy3vp24ly/app.bsky.feed.post/3m6fhutxmac2c
at://did:plc:owtiovxdlxm4bp4hgnihapfe/app.bsky.feed.post/3m6fgspmbwc2l,martinamorrow.bsky.social,"What is happening on our roads, so many dead and injured in the past 10 days. I still haven’t had the nerve to drive the Ardee Road where those five young people died and there must be 7/8 dead since.  A lot of empty chairs this Christmas, please stay alert, watch your speed, take care #speirgorm",at://did:plc:owtiovxdlxm4bp4hgnihapfe/app.bsky.feed.post/3m6fgspmbwc2l
at://did:plc:7czbhyt6vmlibzjk2md3ds36/app.bsky.feed.post/3m6ffmjjxlc2l,slated.ie,"Clever people of Bluesky, why would an NCT cert have ND  beside most things?

And what does it mean?

#speirgorm
#SLATED",at://did:plc:7czbhyt6vmlibzjk2md3ds36/app.bsky.feed.post/3m6ffmjjxlc2l
at://did:plc:uwji4l3wzsygaxduowluqmgr/app.bsky.feed.post/3m6fcrpjskk2e,sharrow.bsky.social,"Some of the vilest things said to me in person while I was active doing abortion activism was this person and her daughters, on international women's day at the NWCI soap box event. 

#Speirgorm",at://did:plc:uwji4l3wzsygaxduowluqmgr/app.bsky.feed.post/3m6fcrpjskk2e
at://did:plc:4bn3nihfie4yis4645exutv2/app.bsky.feed.post/3m6f6rrynck2q,kellieturtle.bsky.social,"My southern friends and comrades: anybody with 3 mobile want to register for a Lily Allen Dublin gig presale code today and share it with me? The partitionism is excluding us nordies and frankly I consider it a breach of the Good Friday Agreement. 
#SpeirGorm",at://did:plc:4bn3nihfie4yis4645exutv2/app.bsky.feed.post/3m6f6rrynck2q
at://did:plc:x5j2v4k5veqtcdptzk3xn6df/app.bsky.feed.post/3m6f27l2g2c2n,menalippe.bsky.social,Wear red if you can #Speirgorm,at://did:plc:x5j2v4k5veqtcdptzk3xn6df/app.bsky.feed.post/3m6f27l2g2c2n
at://did:plc:yn3rsc67mulyzkrqfrgisoy2/app.bsky.feed.post/3m6ey4ceclc2v,thepaulhoey.bsky.social,"My show Hive Mind is on again this Saturday in Dublin. An interactive gaming experience whre the audience guided by the host use their phones to control various games. Solve a crossword, balance a see-saw, cplete a quiz and more! #speirgorm Tickets here: www.eventbrite.ie/e/hive-mind-...",at://did:plc:yn3rsc67mulyzkrqfrgisoy2/app.bsky.feed.post/3m6ey4ceclc2v
at://did:plc:y7fyhofvnxwekohaqkiho5qp/app.bsky.feed.post/3m6ewsczu6c2p,suerussell.bsky.social,Great to see the Pipster out and about and back on form .... even if she insists on rolling round in sheep poo!! #Bestdog #dogsofbluesky #spéirgorm,at://did:plc:y7fyhofvnxwekohaqkiho5qp/app.bsky.feed.post/3m6ewsczu6c2p
at://did:plc:56aoxjem4pjvtqsscuhq223t/app.bsky.feed.post/3m6ewrzkj5c24,rogerokeeffe.bsky.social,"Today I learned a little bit about Toronto's history.

#speirgorm",at://did:plc:56aoxjem4pjvtqsscuhq223t/app.bsky.feed.post/3m6ewrzkj5c24
at://did:plc:e54xgg4fm267ueuz2wtfwq26/app.bsky.feed.post/3m6euvpe4q22d,mikduffy.bsky.social,#speirgorm Irish cineastes who can access UK TV might be interested to hear that Talking Pictures are showing The Black Tent - a war film from under-celebrated Belfast director Brian Desmond Hurst.,at://did:plc:e54xgg4fm267ueuz2wtfwq26/app.bsky.feed.post/3m6euvpe4q22d
at://did:plc:tch2tperf6sgkbmvnlaa3opr/app.bsky.feed.post/3m6eubuprk22o,brianofarrell.bsky.social,"Bloody hell that is outrageous

#SpéirGorm",at://did:plc:tch2tperf6sgkbmvnlaa3opr/app.bsky.feed.post/3m6eubuprk22o
at://did:plc:u6gk5ptsmcrphcig4uk5bxlv/app.bsky.feed.post/3m6eu5ilw5c2h,claireconnolly.bsky.social,‘Tis the season - thanks @winterpapers.bsky.social and @mgtkell.bsky.social #speirgorm,at://did:plc:u6gk5ptsmcrphcig4uk5bxlv/app.bsky.feed.post/3m6eu5ilw5c2h
at://did:plc:vmaa275bmnrksir7y6muzkkf/app.bsky.feed.post/3m6et46qeqc2e,dailigh.bsky.social,"A new “Socialist Front” who claim to be in opposition to Clown Eireann and Loyalist far right have popped up in Belfast - just more scumbags cosplaying as violent activists, albeit allegedly on the left this time. #speirgorm

podcasts.apple.com/ie/podcast/t...",at://did:plc:vmaa275bmnrksir7y6muzkkf/app.bsky.feed.post/3m6et46qeqc2e
at://did:plc:wzelpzmv2b3oudwhkcpr2s6n/app.bsky.feed.post/3m6eqtd64g22t,drmarymcauliffe.bsky.social,"Thirty years since the best reaction to losing a referendum was spoken! In 1995 one of No Divorce Campaign leaders Úna Bean Mhic Mhathúna,on leaving the RDS as the 15th amendment to allow divorce was passed,shouted to celebrating pro divorce campaigners,’Go way ye wife swappin' sodomites’!#speirgorm",at://did:plc:wzelpzmv2b3oudwhkcpr2s6n/app.bsky.feed.post/3m6eqtd64g22t
at://did:plc:wpvwcjuhrpr5tjnhy3vp24ly/app.bsky.feed.post/3m6enan2nyc2v,fhayesmccoy.bsky.social,"Great to see so many friends, including @anniewestdotcom.bsky.social , included on this list of websites 

#shoplocal #supportsmallbusinesses #Irish #Christmas #shopping #spéirgorm #speirghorm

 www.irishtimes.com/your-money/2...",at://did:plc:wpvwcjuhrpr5tjnhy3vp24ly/app.bsky.feed.post/3m6enan2nyc2v
at://did:plc:4hs3dmcihhjzmlxg2ilawk25/app.bsky.feed.post/3m6egfmyjak23,lolaclare.bsky.social,"To my Irish Bluesky community interested in environmental hazard & protection. Does anyone know of research or policy documents on Aughinish Alumina & potential harm to community or environment. There is very little data outside of EPA public health report in 90s, newspaper articles etc #speirgorm",at://did:plc:4hs3dmcihhjzmlxg2ilawk25/app.bsky.feed.post/3m6egfmyjak23
at://did:plc:har4i535fc7jres2p3oqsyay/app.bsky.feed.post/3m6efqccjxc23,allanartist.bsky.social,For some reason both #SpéirGorm and #SpéirGhorm show up together (and versions without fadas too). I've a column set up for the former and I see posts for the latter too. Is Bluesky good at Irish? I don't know. But I've been told,at://did:plc:har4i535fc7jres2p3oqsyay/app.bsky.feed.post/3m6efqccjxc23
at://did:plc:3om2rrmtkdq2qsqjzibiaooo/app.bsky.feed.post/3m6eax7shkc2u,trasinscneach.bsky.social,I've missed all the discussion is it #SpéirGorm or #SpéirGhorm or #Gormspéir now?,at://did:plc:3om2rrmtkdq2qsqjzibiaooo/app.bsky.feed.post/3m6eax7shkc2u
at://did:plc:v6y63c54iecyzlxp3vrxvwv2/app.bsky.feed.post/3m6e7ahmtz22p,rdisc0mb0bulate.bsky.social,"My life isn’t part of her emotional regulation system! 
#Takingitback
#GoingMyOwnPath
#SpeirGorm",at://did:plc:v6y63c54iecyzlxp3vrxvwv2/app.bsky.feed.post/3m6e7ahmtz22p
at://did:plc:v6y63c54iecyzlxp3vrxvwv2/app.bsky.feed.post/3m6e6xcbiis2p,rdisc0mb0bulate.bsky.social,"Good morning, #SpeirGorm

Monday rolls around again! 

Treat yourselves to a hot drink and a muffin this morning!",at://did:plc:v6y63c54iecyzlxp3vrxvwv2/app.bsky.feed.post/3m6e6xcbiis2p
at://did:plc:gjsoejzm7at4syhrvzgizrev/app.bsky.feed.post/3m6e5l4v5uc2m,ainekeenan.bsky.social,"I am neither male nor female,
nor am I sexless.
I am the Peaceful One,
whose form is self-effulgent,
powerful radiance.

Guru Nanak, 16th century

#Photography #Wisdom #Poetry #Mystical #Sikh #SpeirGorm #StreetPhotography #India #ImageAndVerse #ArtOfBlueSky #PhotographersOfBlueSky #EastCoastKin",at://did:plc:gjsoejzm7at4syhrvzgizrev/app.bsky.feed.post/3m6e5l4v5uc2m
at://did:plc:gjsoejzm7at4syhrvzgizrev/app.bsky.feed.post/3m6e5l4v5uc2m,NA,NA,NA
at://did:plc:5lalgxnyfxas34qyb3u4dp4u/app.bsky.feed.post/3m6dgnqd3cs26,cjamcmahon.bsky.social,every poster on #speirgorm has a copy of Soundings,at://did:plc:5lalgxnyfxas34qyb3u4dp4u/app.bsky.feed.post/3m6dgnqd3cs26
at://did:plc:dkd445ta2y3icakh2f2ukufz/app.bsky.feed.post/3m6dch4pk5k2w,lori-l.bsky.social,"The Irish on #DuoLingo is way harder than the equivalent levels in the other languages, and with loads of new makey-up words too! 😤 #speirgorm",at://did:plc:dkd445ta2y3icakh2f2ukufz/app.bsky.feed.post/3m6dch4pk5k2w
at://did:plc:3htet3hmybicu3rmousjxuew/app.bsky.feed.post/3m6daw764xk2d,barryodonovan.bsky.social,"#speirgorm is like trumpeting on a hill or lighting the fire for me😂
It's a way of saying, ""Irish people, over here! I seek you help""/ ""Only Irish people can sympathise with me right now""
Was it meant to be a Gaeilge thing?!",at://did:plc:3htet3hmybicu3rmousjxuew/app.bsky.feed.post/3m6daw764xk2d
at://did:plc:o3fsnjyf66iio5rxjidak43z/app.bsky.feed.post/3m6d63d6ios2y,conorvoice.com,"Hey Dublin-acquainted friends, can anyone point me to a good music video filmed in Dublin in the 90s?

All I can think of is Something Happens ""Hello"" but IIRC that's just on Dollymount or something. (And may be '89 anyway)

Old Town is the high bar for me

#Speirgorm

youtu.be/NXOrak1nhQo?...",at://did:plc:o3fsnjyf66iio5rxjidak43z/app.bsky.feed.post/3m6d63d6ios2y
at://did:plc:kwqp2tmpdjed5kottxbagsql/app.bsky.feed.post/3m6d56y77l225,irishwol.bsky.social,"A movie that takes place where you're from. 

Not a great gif for Michael Collins given it doesn't show the Big Fella or Cork but it's the only one #speirgorm has",at://did:plc:kwqp2tmpdjed5kottxbagsql/app.bsky.feed.post/3m6d56y77l225
at://did:plc:36hqooiwcmgr3vfc4ovmi2bd/app.bsky.feed.post/3m6cytn6hjs23,philipoconnor.bsky.social,"Gentlemen of #Bluesky/#SpeirGorm!
Contacted a friend to go for a drink the other day, he couldn't as he had an operation for cancer a month ago and is undergoing chemo. 
He went to the doctor for something different, and a test showed he had cancer. 
Get yourselves checked out regularly.❤️",at://did:plc:36hqooiwcmgr3vfc4ovmi2bd/app.bsky.feed.post/3m6cytn6hjs23
at://did:plc:v6y63c54iecyzlxp3vrxvwv2/app.bsky.feed.post/3m6cyq6tdgs2s,rdisc0mb0bulate.bsky.social,"When you couldn’t remember the word for wire and so asked for the metal twine! 😂

Well at least everyone got a good laugh out of it! 😂
#SpeirGorm
#WreathMaking",at://did:plc:v6y63c54iecyzlxp3vrxvwv2/app.bsky.feed.post/3m6cyq6tdgs2s
at://did:plc:r4hqvnfuc2flfguavyrhcjgg/app.bsky.feed.post/3m6cypujwgc2e,321kieran.bsky.social,"🚨This hour on the #NovaGuestlist:
💽Our Albums with Anniversaries this week are by #U2 & #TheBeatles;
⁉️Are you a fan?
📻LIVE on @radionova100.bsky.social now! #Speirgorm",at://did:plc:r4hqvnfuc2flfguavyrhcjgg/app.bsky.feed.post/3m6cypujwgc2e
at://did:plc:223cpcieytdlbmzovhs2ypg2/app.bsky.feed.post/3m6cyf6dt422i,bgormley.bsky.social,Very sorry to hear that the good people in @brookwoodpottery.com in Fairview had their shop burgled and vandalized last night. It’s difficult running a small business in Ireland so throw them a bit of love #SpeirGorm !,at://did:plc:223cpcieytdlbmzovhs2ypg2/app.bsky.feed.post/3m6cyf6dt422i
at://did:plc:r4hqvnfuc2flfguavyrhcjgg/app.bsky.feed.post/3m6cy7tcnis2e,321kieran.bsky.social,"🎪Our special #NovaGuestlist gig-of-the-week is by @florenceroad.bsky.social in the Academy this Sunday 30th!
🎟️Check out one of the most exciting Irish bands take a big step up & celebrate their recent EP.. check them out! #Speirgorm",at://did:plc:r4hqvnfuc2flfguavyrhcjgg/app.bsky.feed.post/3m6cy7tcnis2e
at://did:plc:56aoxjem4pjvtqsscuhq223t/app.bsky.feed.post/3m6cx53l6hk2k,rogerokeeffe.bsky.social,"As it happens, the first offering I saw here was #speirgorm and I stuck with it ever since as it had ""first-mover advantage"", it is easiest to type and a lot of the alternatives aren't necessarily more correct. 😆",at://did:plc:56aoxjem4pjvtqsscuhq223t/app.bsky.feed.post/3m6cx53l6hk2k
at://did:plc:imdb5lnqdvuployv2wxfgdms/app.bsky.feed.post/3m6cwyw7c722n,darylfeehely.com,"I'm 3 episodes in to Hector's new travel show Oz / Nz on TG4 & tá sé tharr barr.

How he highlights the unequal situation of the Aboriginal people in Australia is excellent.

He spoke to people that were taken as children & put into industrial schools.
The stories are heartbreaking.

#Speirgorm",at://did:plc:imdb5lnqdvuployv2wxfgdms/app.bsky.feed.post/3m6cwyw7c722n
at://did:plc:r4hqvnfuc2flfguavyrhcjgg/app.bsky.feed.post/3m6cwgrogac2x,321kieran.bsky.social,Chatting about the unreal #MBV gig last night… amazing work by @foggynotions.bsky.social putting it on… #Speirgorm,at://did:plc:r4hqvnfuc2flfguavyrhcjgg/app.bsky.feed.post/3m6cwgrogac2x
at://did:plc:r4hqvnfuc2flfguavyrhcjgg/app.bsky.feed.post/3m6cvwm6ww22c,321kieran.bsky.social,"🚨On Tonight's NOISY #NovaGuestlist:

💽Classic LPs by #U2 & #TheBeatles;
🎙️ @pagep195.bsky.social chats!
🎪 #Sprints LIVE review;
🔥NEW @maykay.bsky.social & #KevinHermConnolly;
☘️+ #MBV #SodaBlonde @florenceroad.bsky.social;
📻LIVE on @radionova100.bsky.social NOW-What do YOU need to hear? #speirgorm",at://did:plc:r4hqvnfuc2flfguavyrhcjgg/app.bsky.feed.post/3m6cvwm6ww22c
at://did:plc:uwji4l3wzsygaxduowluqmgr/app.bsky.feed.post/3m6cvmlbnq22u,sharrow.bsky.social,"Also please take into consideration that some of us are dyslexic and trying. communication doesn't have to be perfect for a person to make themselves understoon.

#SpéirGhorm #Speirgorm",at://did:plc:uwji4l3wzsygaxduowluqmgr/app.bsky.feed.post/3m6cvmlbnq22u
at://did:plc:uwji4l3wzsygaxduowluqmgr/app.bsky.feed.post/3m6cvfm74522u,sharrow.bsky.social,"I'd honestly love it, if those who know better would have the discussions and include us with out being condescending and condemning of our broken Irish. 

i know more about the structure and grammar of german than I do Irish due how it was taught. 

#SpéirGhorm #Speirgorm",at://did:plc:uwji4l3wzsygaxduowluqmgr/app.bsky.feed.post/3m6cvfm74522u
at://did:plc:uwji4l3wzsygaxduowluqmgr/app.bsky.feed.post/3m6cvcum4t22u,sharrow.bsky.social,"For many of us our Irish never advanced past primary school level, we weren't taught Irish grammar even at secondary level. We were left to sink or swim with poems and books. 25 year after I finished secondary school I only learned words have gender in irish.

#SpéirGhorm #Speirgorm",at://did:plc:uwji4l3wzsygaxduowluqmgr/app.bsky.feed.post/3m6cvcum4t22u
at://did:plc:l7lv6er6rifmgewmgqhkkiqf/app.bsky.feed.post/3m6cvbfburc2e,alanlawlor.bsky.social,"And those language purists are complaining unnecessarily as the Speirgorm feed captures all variations of spelling, whether correct or not",at://did:plc:l7lv6er6rifmgewmgqhkkiqf/app.bsky.feed.post/3m6cvbfburc2e
at://did:plc:uwji4l3wzsygaxduowluqmgr/app.bsky.feed.post/3m6cv2sths22j,sharrow.bsky.social,"Look those of us who were here early on bluesky weren't gealgorie. We did what we could with our broken Irish to create a tag to bring Irish people together. 

Having those who are fluent decry those best efforts, when they came a lot later, is disheartening. #Speirgorm",at://did:plc:uwji4l3wzsygaxduowluqmgr/app.bsky.feed.post/3m6cv2sths22j
at://did:plc:vmaa275bmnrksir7y6muzkkf/app.bsky.feed.post/3m6crv72fmk2x,dailigh.bsky.social,Just the Irish Nazi Party looking for funding for their paramilitary arm - nothing to worry about at all. #speirgorm,at://did:plc:vmaa275bmnrksir7y6muzkkf/app.bsky.feed.post/3m6crv72fmk2x
at://did:plc:har4i535fc7jres2p3oqsyay/app.bsky.feed.post/3m6cqzgzdl726,allanartist.bsky.social,"Trump's Russian ""Peace"" Deal for Ukraine #trump #putin #epstein #epsteinfiles #ukraine #russia #cartoon #cartoonist #speirgorm",at://did:plc:har4i535fc7jres2p3oqsyay/app.bsky.feed.post/3m6cqzgzdl726
at://did:plc:htzrfp3q6p3ht3x7knog6mdd/app.bsky.feed.post/3m6cqoxqqic26,grainneblair.bsky.social,#Speirgorm R.I.P.,at://did:plc:htzrfp3q6p3ht3x7knog6mdd/app.bsky.feed.post/3m6cqoxqqic26
at://did:plc:yhzo3gusmbic6x6uc6dok3hu/app.bsky.feed.post/3m6cpgomtws2y,bluwhalien.bsky.social,"My Irish mother always gets so happy every time she sees Taytos in English supermarkets 😅
#speirgorm",at://did:plc:yhzo3gusmbic6x6uc6dok3hu/app.bsky.feed.post/3m6cpgomtws2y
at://did:plc:7jnzlmjogamiou5m4qiyxace/app.bsky.feed.post/3m6cltmbhjc2r,orlam90.bsky.social,"To whom it may concern,

Live results from the sharpener/parer/topper debate can be found here: 

finaldraft.maps.arcgis.com/apps/dashboa...

What the feck is going on in Kerry?! 

I want to credit the map-maker/survey owner, but alas they are an anonymous Redditor so I cannot. 

#speirgorm ✏️✏️✏️",at://did:plc:7jnzlmjogamiou5m4qiyxace/app.bsky.feed.post/3m6cltmbhjc2r
at://did:plc:siclj5jstt2xodsn7epgnqld/app.bsky.feed.post/3m6clnuluj22b,robosullivan.bsky.social,Trying to be an Irish Elon Musk. We need to keep a serious eye on this guy and his influence on our government. #spéirgorm,at://did:plc:siclj5jstt2xodsn7epgnqld/app.bsky.feed.post/3m6clnuluj22b
at://did:plc:oxfmnceakuxgdwuydnnctski/app.bsky.feed.post/3m6cj54ix522g,amynim.bsky.social,Dad informed me the other day he'd signed some form to donate his body to science. Just feels incredibly stupid and narrow minded to not even discuss with us or consider that we wouldn't have a place to visit after he's gone. Does anyone know do they need consent from the family or what? #SpeirGorm,at://did:plc:oxfmnceakuxgdwuydnnctski/app.bsky.feed.post/3m6cj54ix522g
at://did:plc:v6y63c54iecyzlxp3vrxvwv2/app.bsky.feed.post/3m6cj3w27ds2f,rdisc0mb0bulate.bsky.social,"Today I took part in a wreath making workshop in at The Lavender Farm in Gorey, Co Wexford. 

Despite being the only singleton there, I actually had a really lovely time chatting with everyone else.. 

Anyhow.. Here’s is my first ever handmade Christmas wreath. 
#SpeirGorm",at://did:plc:v6y63c54iecyzlxp3vrxvwv2/app.bsky.feed.post/3m6cj3w27ds2f
at://did:plc:wzelpzmv2b3oudwhkcpr2s6n/app.bsky.feed.post/3m6chsbtuh22s,drmarymcauliffe.bsky.social,"Report on our launch of the Kerry civil war book held in the museum in Tralee on Friday 21st - flew in from Paris Fri morning, was on time to be there at 6pm until we hit Adare, 40 mins to get through that town 😕Anyway I made it in time to say a few words #speirgorm traleetoday.ie/book-on-civi...",at://did:plc:wzelpzmv2b3oudwhkcpr2s6n/app.bsky.feed.post/3m6chsbtuh22s
at://did:plc:k2qphz4i7ioibek2iaqmdwwi/app.bsky.feed.post/3m6cg545kec2i,bikesnbukes.bsky.social,"Coddle fans inserting coddle into every gas bit of #speirgorm fun is like some  British people assuming everything that happens is a response to Brexit.

It’s just not about you, coddle.  Other Irish related food humour exists. Fuck it, other Dublin food related humour exists. Make way for spicebag.",at://did:plc:k2qphz4i7ioibek2iaqmdwwi/app.bsky.feed.post/3m6cg545kec2i
at://did:plc:56aoxjem4pjvtqsscuhq223t/app.bsky.feed.post/3m6ceglbx422n,rogerokeeffe.bsky.social,"I'm far shakier on the #gramadach, but it has been pointed out here that #spéirgorm actually means sky blue, and Bluesky should really be #GormSpéir.

Are you already following the  feed that aggregates posts using several variants including #speirgorm?",at://did:plc:56aoxjem4pjvtqsscuhq223t/app.bsky.feed.post/3m6ceglbx422n
at://did:plc:bfgylvtnfvzomjbpv7wetcq3/app.bsky.feed.post/3m6cboyauhk2n,regcoppinger.bsky.social,On today's Dodder walk we discovered a seal in the river. #SpeirGorm,at://did:plc:bfgylvtnfvzomjbpv7wetcq3/app.bsky.feed.post/3m6cboyauhk2n
at://did:plc:sju6sic4sz3jgpwrvbg355vf/app.bsky.feed.post/3m6c7ibota225,katebielinski.bsky.social,Bit of a long shot here but would anyone (Dublin based) have use for these new/almost new junior cycle text books? Seems such  waste to put them into the recycling. #speirgorm,at://did:plc:sju6sic4sz3jgpwrvbg355vf/app.bsky.feed.post/3m6c7ibota225
at://did:plc:s6znrelghqcbkis7iudax6v7/app.bsky.feed.post/3m6c6jvstz22b,lisafitz.bsky.social,Eyeing up my toast.. #speirgorm #Sunday #dogs #furbabies,at://did:plc:s6znrelghqcbkis7iudax6v7/app.bsky.feed.post/3m6c6jvstz22b
at://did:plc:4pxxjie2356nqxd3cwf6hbpk/app.bsky.feed.post/3m6c5vtmxdc2t,ciaraioch.bsky.social,Mixed marriage propaganda in Cork. Can only assume this is a continued colonisation attempt after the occupation of Beara,at://did:plc:4pxxjie2356nqxd3cwf6hbpk/app.bsky.feed.post/3m6c5vtmxdc2t
at://did:plc:scz2dxnz42o4hvaexuvggx7o/app.bsky.feed.post/3m6c4or5gb22q,markdryall.bsky.social,Few shitty pics of My Bloody Valentine last night. Colm Ó Cíosóig is a savage. #Speirgorm,at://did:plc:scz2dxnz42o4hvaexuvggx7o/app.bsky.feed.post/3m6c4or5gb22q
at://did:plc:3htet3hmybicu3rmousjxuew/app.bsky.feed.post/3m6c4jchegc2r,barryodonovan.bsky.social,"#speirgorm How do you say, ""Merry Christmas from (village name) as Gaeilge?
Nollaig Shona ó (village name)? Or is there another way of saying it?",at://did:plc:3htet3hmybicu3rmousjxuew/app.bsky.feed.post/3m6c4jchegc2r
at://did:plc:3htet3hmybicu3rmousjxuew/app.bsky.feed.post/3m6c4jchegc2r,NA,NA,NA
at://did:plc:gjsoejzm7at4syhrvzgizrev/app.bsky.feed.post/3m6bwt553ss2x,ainekeenan.bsky.social,"Look, there it stands, 
as if insentient. 
When it stilled my mind
and drew me to itself
and I came near,
I saw that it was
absolute stillness,
O Arunachala!

Ramana Maharshi, 20th century

#Photography #Poetry #SpeirGorm #Stunday #ImageAndVerse #ArtOfBlueSky #PhotographersOfBlueSky #EastCoastKin",at://did:plc:gjsoejzm7at4syhrvzgizrev/app.bsky.feed.post/3m6bwt553ss2x
at://did:plc:vogd52ezdb5jqrw33e4tjg6b/app.bsky.feed.post/3m6bwe45dok2x,radiobeartime.com,"The entire of #SpéirGorm drop their toast as one! ;)

www.rte.ie/news/courts/...",at://did:plc:vogd52ezdb5jqrw33e4tjg6b/app.bsky.feed.post/3m6bwe45dok2x
at://did:plc:3om2rrmtkdq2qsqjzibiaooo/app.bsky.feed.post/3m6awvzobyc2z,trasinscneach.bsky.social,"Well that was incredible! I did not expect them to go that hard!
#MyBloodyValentine #SpeirGorm",at://did:plc:3om2rrmtkdq2qsqjzibiaooo/app.bsky.feed.post/3m6awvzobyc2z
at://did:plc:3om2rrmtkdq2qsqjzibiaooo/app.bsky.feed.post/3m6anbsuchc2z,trasinscneach.bsky.social,"Support act just finished, now the wait for the main event woop woop! #MyBloodyValentine #SpeirGorm",at://did:plc:3om2rrmtkdq2qsqjzibiaooo/app.bsky.feed.post/3m6anbsuchc2z
at://did:plc:56aoxjem4pjvtqsscuhq223t/app.bsky.feed.post/3m6am4ts6ik2e,rogerokeeffe.bsky.social,"Is this Black Friday Week Weekend?

#confused #speirgorm",at://did:plc:56aoxjem4pjvtqsscuhq223t/app.bsky.feed.post/3m6am4ts6ik2e
at://did:plc:imdb5lnqdvuployv2wxfgdms/app.bsky.feed.post/3m6alahrzmk2a,darylfeehely.com,"Rassie giving the finger to the crowd at the Aviva on the final whistle. Scumbag.

#Speirgorm",at://did:plc:imdb5lnqdvuployv2wxfgdms/app.bsky.feed.post/3m6alahrzmk2a
at://did:plc:5lalgxnyfxas34qyb3u4dp4u/app.bsky.feed.post/3m6agcbyu3k2e,cjamcmahon.bsky.social,really learning a lot more about rugby today because I'm watching it in slow motion on RTÉ Player #speirgorm,at://did:plc:5lalgxnyfxas34qyb3u4dp4u/app.bsky.feed.post/3m6agcbyu3k2e
at://did:plc:iecysrzsqba4uhev4v7r5py7/app.bsky.feed.post/3m6ab6jzukc2i,djwalker.bsky.social,"Colourful terrace of houses reflecting on the River Lee, The Marina, Cork 🇮🇪 

#photography
#nature
#landscape
#winter
#river
#cork
#reflection
#EastCoastKin
#spéirgorm
#PhotoHour

🐕 🚶 📷 📱 📸",at://did:plc:iecysrzsqba4uhev4v7r5py7/app.bsky.feed.post/3m6ab6jzukc2i
at://did:plc:xwjlw3ygmqlbr5igkokbkzfn/app.bsky.feed.post/3m67yikhj622m,oisinmcgann.bsky.social,"Something for all the children’s books fans out there, but especially in Ireland!

#SpeirGorm",at://did:plc:xwjlw3ygmqlbr5igkokbkzfn/app.bsky.feed.post/3m67yikhj622m
at://did:plc:5l4vbxai2oe6axwbldoxxves/app.bsky.feed.post/3m67svrg7hk2d,quiltomancy.bsky.social,Is there an Irish Ken Burns ? I need a good historical documentary . #speirgorm,at://did:plc:5l4vbxai2oe6axwbldoxxves/app.bsky.feed.post/3m67svrg7hk2d
at://did:plc:iecysrzsqba4uhev4v7r5py7/app.bsky.feed.post/3m67rzmuw5c2r,djwalker.bsky.social,"Black Bridge, Rochestown, Cork 🇮🇪 

#photography
#nature
#landscape
#winter
#train
#railway
#EastCoastKin
#spéirgorm
#PhotoHour

🐕 🚶 📷 📱 📸 🚂 ☁️",at://did:plc:iecysrzsqba4uhev4v7r5py7/app.bsky.feed.post/3m67rzmuw5c2r
at://did:plc:wk4vbtn77njhk4mlohgewj2m/app.bsky.feed.post/3m67phfmquk2w,caroleducky.bsky.social,"‘They're highly educated but some are hugely controversial – how the 10 Burke siblings are making their way in the world.’

www.independent.ie/irish-news/t...

#SpeirGorm",at://did:plc:wk4vbtn77njhk4mlohgewj2m/app.bsky.feed.post/3m67phfmquk2w
at://did:plc:zxpoz5zgmanarg4h3rbq5tuq/app.bsky.feed.post/3m67np7xhcc2t,kerryanne123.bsky.social,"If you see this, post your getaway vehicle.
#speirgorm",at://did:plc:zxpoz5zgmanarg4h3rbq5tuq/app.bsky.feed.post/3m67np7xhcc2t
at://did:plc:har4i535fc7jres2p3oqsyay/app.bsky.feed.post/3m67nn3pgqz2e,allanartist.bsky.social,Shop Local this Christmas! #speirgorm #art #craft #christmas,at://did:plc:har4i535fc7jres2p3oqsyay/app.bsky.feed.post/3m67nn3pgqz2e
at://did:plc:eweyharmeuf3er35ejhbjp4o/app.bsky.feed.post/3m67ld5mfrc2v,frankoconnor.bsky.social,"""The new housing plan fails miserably to instil confidence this (vacancy & dereliction) epidemic will be eradicated ... plan lacks details, appropriate timeframes, & fails to include critical policy measures""

@judesherry.bsky.social & my latest piece in Irish Examiner

#DerelictIreland #SpeirGorm",at://did:plc:eweyharmeuf3er35ejhbjp4o/app.bsky.feed.post/3m67ld5mfrc2v
at://did:plc:v6y63c54iecyzlxp3vrxvwv2/app.bsky.feed.post/3m67jd4yhq22d,rdisc0mb0bulate.bsky.social,"So, I fall back asleep and then wake up again to learn that I am in fact NOT in a relationship with Mae Martin. 

There’s my Saturday ruined! Ffs! 
#SpeirGorm",at://did:plc:v6y63c54iecyzlxp3vrxvwv2/app.bsky.feed.post/3m67jd4yhq22d
at://did:plc:yqu2xn3pbp4lqibrahs4zb6f/app.bsky.feed.post/3m67hxzuruc2f,ellecontessa.bsky.social,"If you see this, post your getaway vehicle #speirgorm",at://did:plc:yqu2xn3pbp4lqibrahs4zb6f/app.bsky.feed.post/3m67hxzuruc2f
at://did:plc:tvwagmwteyuzfgkxwsqjvhya/app.bsky.feed.post/3m67gmaqoy22i,msmcglencree.bsky.social,"My very dirty #retreiver up before the lark!
#speirgorm #dogs #photography",at://did:plc:tvwagmwteyuzfgkxwsqjvhya/app.bsky.feed.post/3m67gmaqoy22i
at://did:plc:g2lpdme7nt4zwc7fq56gkugm/app.bsky.feed.post/3m67e4qdfjs2z,jdalton79.bsky.social,"Dublin,  you really showed up for us on our wedding day. 
Never doubted you x 💚 #Dublin #Speirgorm",at://did:plc:g2lpdme7nt4zwc7fq56gkugm/app.bsky.feed.post/3m67e4qdfjs2z
at://did:plc:gjsoejzm7at4syhrvzgizrev/app.bsky.feed.post/3m675nyh5hs2c,ainekeenan.bsky.social,"In another life
I would make you stay
So I don't have to say
You were the one that got away
The o-o-o-o-o-one
The o-o-o-o-o-one
The one that got away

Katy Perry, 21st century

#Photography #Poetry #SpeirGorm #StreetPhotography #ImageAndVerse #ArtOfBlueSky #PhotographersOfBlueSky #EastCoastKin",at://did:plc:gjsoejzm7at4syhrvzgizrev/app.bsky.feed.post/3m675nyh5hs2c
at://did:plc:v6y63c54iecyzlxp3vrxvwv2/app.bsky.feed.post/3m674cvyjgk2r,rdisc0mb0bulate.bsky.social,"Middle is going to a birthday lunch for his friend today. At a restaurant!! 

If you also have a child who is neurodivergent, you can appreciate how huge a development this is! 
#SpeirGorm",at://did:plc:v6y63c54iecyzlxp3vrxvwv2/app.bsky.feed.post/3m674cvyjgk2r
at://did:plc:aa5wpvxhuwxxznbdy4rsay2e/app.bsky.feed.post/3m66hqumpdk2y,elaineedwards.bsky.social,"Separately, here is some Friday night fluff. #Speirgorm #Cats",at://did:plc:aa5wpvxhuwxxznbdy4rsay2e/app.bsky.feed.post/3m66hqumpdk2y
at://did:plc:aa5wpvxhuwxxznbdy4rsay2e/app.bsky.feed.post/3m66hla73i22y,elaineedwards.bsky.social,Just catching the end of a 2010 concert on BBC4 with various artists performing Nick Drake songs. I know almost nothing about him except the odd song here and there. This is excellent if anyone can track it down again. #Speirgorm,at://did:plc:aa5wpvxhuwxxznbdy4rsay2e/app.bsky.feed.post/3m66hla73i22y
at://did:plc:uoenkmbrkyfqvvbwxdjsean5/app.bsky.feed.post/3m66gheebqc2r,imbibecoffee.bsky.social,I will never again share news space with My Bloody Valentine so this was nice. The new @foggynotions.bsky.social membership that’s mentioned is very much worth your time if you’re fan of live music and want to support independent promoters. #speirgorm,at://did:plc:uoenkmbrkyfqvvbwxdjsean5/app.bsky.feed.post/3m66gheebqc2r
at://did:plc:56aoxjem4pjvtqsscuhq223t/app.bsky.feed.post/3m66fyegapc2a,rogerokeeffe.bsky.social,"To me, this just sounds like every conversation ever between two or more Irish people.
#speirgorm

www.instagram.com/reel/DRNib2w...",at://did:plc:56aoxjem4pjvtqsscuhq223t/app.bsky.feed.post/3m66fyegapc2a
at://did:plc:36hqooiwcmgr3vfc4ovmi2bd/app.bsky.feed.post/3m662uoucwk2h,philipoconnor.bsky.social,"Small businesses!
Cut through the #BlackFriday & #BlackWeek noise. 
Reply to this post & I'll amplify what you're doing to the VERY fine people who follow me. 
Gonna start by recommending artists @ciaraioch.bsky.social & @anniewestdotcom.bsky.social & bookshop @kennysbookshop.bsky.social 
#SpeirGorm",at://did:plc:36hqooiwcmgr3vfc4ovmi2bd/app.bsky.feed.post/3m662uoucwk2h
at://did:plc:v6y63c54iecyzlxp3vrxvwv2/app.bsky.feed.post/3m662efha3c25,rdisc0mb0bulate.bsky.social,"Whadd’ya mean it’s only 7.45pm!

I’m ready for the leaba now!!! 

I’m actually disappointed! 
#SpeirGorm",at://did:plc:v6y63c54iecyzlxp3vrxvwv2/app.bsky.feed.post/3m662efha3c25
at://did:plc:63mlf5ayqa3qbmgddw4d4zsu/app.bsky.feed.post/3m6624wt7k22t,sullydaysleeper.bsky.social,I was trying to hold out putting on the heating for as long as poss but I think I need to accept the cold has beaten me & wave the white flag to the heating tonight 🥶🥶🥶 #Speirgorm,at://did:plc:63mlf5ayqa3qbmgddw4d4zsu/app.bsky.feed.post/3m6624wt7k22t
at://did:plc:r4hqvnfuc2flfguavyrhcjgg/app.bsky.feed.post/3m65znn2fbc26,321kieran.bsky.social,"🚨If you💚 #IrishMusic go Follow this playlist now!
▶️3hrs+ of🔥incl
@saolsongs.bsky.social
@niallbreslin.bsky.social
@maykay.bsky.social
@florenceroad.bsky.social
@cmatbaby.bsky.social
@affectiontorent.bsky.social
@eamonbrady.bsky.social ++
open.spotify.com/playlist/4ur... #Speirgorm #IndieMusic",at://did:plc:r4hqvnfuc2flfguavyrhcjgg/app.bsky.feed.post/3m65znn2fbc26
at://did:plc:qywcmx577hlrhttfeurxgqp4/app.bsky.feed.post/3m65xsfamql2f,thriveabetes.bsky.social,"There's a cold weather snap coming our way 🥶
At least some of us can keep our gloves on when checking our glucose levels. 😁

#coldweather #meteireann #winter #itscoldoutside #brrrr #diabetes #ireland #diabetesireland #SpeirGorm",at://did:plc:qywcmx577hlrhttfeurxgqp4/app.bsky.feed.post/3m65xsfamql2f
at://did:plc:ro76qxmd6nel5b5p4262x5eq/app.bsky.feed.post/3m65xjblblk2s,lokideburca.bsky.social,"Nathan Gill, a former Wales Reform Wales Leader, MEP and cronie of Farage has been sentenced to 10.5 yrs for taking bribes from a Russian spy. 

Who is Cobalt?
Who's your front runner? 

#Ireland #Speirgorm",at://did:plc:ro76qxmd6nel5b5p4262x5eq/app.bsky.feed.post/3m65xjblblk2s
at://did:plc:uwji4l3wzsygaxduowluqmgr/app.bsky.feed.post/3m65unsfb5s2y,sharrow.bsky.social,"Imagine having to go out of the country sent by the hse for endometriosis surgery and then have so much lack of follow up afterwards, you are at risk of having your leg removed. 

Ffs. 

FF & FG #supergluedpockets strikes again. 

#nocountryforwomenandgirls #speirgorm",at://did:plc:uwji4l3wzsygaxduowluqmgr/app.bsky.feed.post/3m65unsfb5s2y
at://did:plc:mcb6n67plnrlx4lg35natk2b/app.bsky.feed.post/3m65ufrzksx2e,nowbreezing.ntw.app,"
Bluesky's Top 10 Trending Words (past 10min):
💨x5* - ukraine 🔓
💨x1* - democracy 🔓
💨x1* - gaza 🔓
💨x15 - swastikas
💨x14 - condemning
💨x13 - socialism
💨x12 - 28-point
💨x11 - nooses
💨x10 - gill
💨x9 - swastika
*🔓 = Unlocked Emergency Words (see img)

#ListenToBlackVoices

(Something not right? Reply!)",at://did:plc:mcb6n67plnrlx4lg35natk2b/app.bsky.feed.post/3m65ufrzksx2e
at://did:plc:5lalgxnyfxas34qyb3u4dp4u/app.bsky.feed.post/3m65uei5oms2i,cjamcmahon.bsky.social,"they say the arts are thriving in Ireland, but when was the last time we produced a poet capable of satirising a politician to death? #speirgorm",at://did:plc:5lalgxnyfxas34qyb3u4dp4u/app.bsky.feed.post/3m65uei5oms2i
at://did:plc:uwji4l3wzsygaxduowluqmgr/app.bsky.feed.post/3m65u66bkyk2y,sharrow.bsky.social,"This is daft, esp when Irish law allows for couple to take either spouses surname, to double barrel them or to even go back an pick a name further back in either family.

The law is progressive, 'tradition' is not, nor is societal pressure.

#speirgorm",at://did:plc:uwji4l3wzsygaxduowluqmgr/app.bsky.feed.post/3m65u66bkyk2y
at://did:plc:e2vdb3yylfvzgvlo3fi5mrkf/app.bsky.feed.post/3m65suokyok26,atticuspeirgorm.bsky.social,"'But the result, he said, showed it was not ""the size of the dog in the fight, it was the size of the fight in the dog"".""

#Justice #Speirgorm 

www.rte.ie/news/courts/...",at://did:plc:e2vdb3yylfvzgvlo3fi5mrkf/app.bsky.feed.post/3m65suokyok26
at://did:plc:aozsf6n4ii7kftvlsr2yvfhq/app.bsky.feed.post/3m65slkzfsk2h,orla-hegarty.bsky.social,"🔖 Must read

“On Environmental Democracy & the Collisons’ “Abundance-Verse”

a fact-packed response by Dr Andrew Jackson, UCD ..to the fact-free claims of John Collison’s Irish Times essay #Planning #Housing #Speirgorm @ucddublin.bsky.social @andrewlrjackson.bsky.social

elajucd.com/2025/11/21/o...",at://did:plc:aozsf6n4ii7kftvlsr2yvfhq/app.bsky.feed.post/3m65slkzfsk2h
at://did:plc:flpf3rksopl7zx2tbgsyjv7m/app.bsky.feed.post/3m65schcuq226,nicolahorgan.bsky.social,"Petition to set up a national database to stop utility/charity callers - I will NEVER discuss finances with a stranger on my doorstep. Much less at this hour nor with one who tries to engage with how my doorbell works as the heat whooshes past us both
🙈
#Speirgorm",at://did:plc:flpf3rksopl7zx2tbgsyjv7m/app.bsky.feed.post/3m65schcuq226
at://did:plc:jaghk4rwlrciav5aieckiiit/app.bsky.feed.post/3m65s6t2ixs26,andyscollick.bsky.social,"Ireland can afford to be ""neutral"" because we know that when war breaks out and the Russians target Ireland's strategic infrastructure* we will be defended by NATO for free. We will not have to pay €1 for it. That's Irish freeloading ""neutrality"" for you. #speirgorm #spéirgorm #spéirghorm",at://did:plc:jaghk4rwlrciav5aieckiiit/app.bsky.feed.post/3m65s6t2ixs26
at://did:plc:bsrcpmo5lurlbhy36f24aowm/app.bsky.feed.post/3m65rgixx2s23,hilarylennon.bsky.social,"I don't get your first point. Re the second point, again, I received campaign material with my name and home address on the envelope, and I was informed that anyone could put in a request to buy a copy of the electoral register list. #SpeirGorm",at://did:plc:bsrcpmo5lurlbhy36f24aowm/app.bsky.feed.post/3m65rgixx2s23
at://did:plc:wpvwcjuhrpr5tjnhy3vp24ly/app.bsky.feed.post/3m65k6boy7c2e,fhayesmccoy.bsky.social,"Run, don't walk. She's fabulous.

#Spéirgorm",at://did:plc:wpvwcjuhrpr5tjnhy3vp24ly/app.bsky.feed.post/3m65k6boy7c2e
at://did:plc:bjovrbtmnlckoh6vaalnqjzi/app.bsky.feed.post/3m65i2zq2wc2b,lisagrimm.com,"Oh, and cold weather-related self-promotion - don't forget we have a handy list of our fave Dublin pubs with fireplaces! 

#SpeirGorm

www.weirdodublinpubs.com/weirdo-guide...",at://did:plc:bjovrbtmnlckoh6vaalnqjzi/app.bsky.feed.post/3m65i2zq2wc2b
at://did:plc:ofmkl4k2ybutv5b3xpmuq36h/app.bsky.feed.post/3m65gix75o22e,limerick4inarow.bsky.social,"We all know..

#speirgorm",at://did:plc:ofmkl4k2ybutv5b3xpmuq36h/app.bsky.feed.post/3m65gix75o22e
at://did:plc:rd67s5mrnrwg5bqhvzft2kgv/app.bsky.feed.post/3m65e3phutk24,sellybeth.bsky.social,"My specific recommendation is www.rainbowkidsboutique.ie but really, go spend your money at any small business or there won't be any left.

#SpéirGhorm #SpéirGorm",at://did:plc:rd67s5mrnrwg5bqhvzft2kgv/app.bsky.feed.post/3m65e3phutk24
at://did:plc:wzelpzmv2b3oudwhkcpr2s6n/app.bsky.feed.post/3m65djm3gvc2k,drmarymcauliffe.bsky.social,That’s how you deal with the Healy Raes - well done Jennifer Whitmore - they do not represent all Kerry people or indeed all rural people! #speirgorm www.facebook.com/share/r/1X32...,at://did:plc:wzelpzmv2b3oudwhkcpr2s6n/app.bsky.feed.post/3m65djm3gvc2k
at://did:plc:p3ajfs5yqzh6anrao6r73nho/app.bsky.feed.post/3m65ckxssyk2d,uplift.ie,"Eurovision song contest missing the mark. Its not about the voting, its about Israels ongoing genocide of the palestinian people.... Boycott Eurovision ✊️ Ban Israel from participating 

#Speirgorm 

jrnl.ie/6881740",at://did:plc:p3ajfs5yqzh6anrao6r73nho/app.bsky.feed.post/3m65ckxssyk2d
at://did:plc:laapn5mwj5oenlnezukis2k5/app.bsky.feed.post/3m65677i62c2e,theodonnell.bsky.social,"This is bananas #speirgorm 

How tf can a judge award €6k? What's the owner supposed to do? Train the cat 😂",at://did:plc:laapn5mwj5oenlnezukis2k5/app.bsky.feed.post/3m65677i62c2e
at://did:plc:wpvwcjuhrpr5tjnhy3vp24ly/app.bsky.feed.post/3m64z7zvspk2x,fhayesmccoy.bsky.social,"I did not imagine nearly fifty years ago that tomorrow I'd be doing this 

#Spéirgorm #Irishwriting @dinglelit.bsky.social @gaiabanks.bsky.social",at://did:plc:wpvwcjuhrpr5tjnhy3vp24ly/app.bsky.feed.post/3m64z7zvspk2x
at://did:plc:rj54e4tn2c5l6kmuqotuahuv/app.bsky.feed.post/3m64yztlyck23,pnamblath.bsky.social,"#OTD 21 Nov 1920 - Bloody Sunday- 14 spectators killed at Croke Park 
#speirgorm #IrishHistory
www.rte.ie/news/2020/11...",at://did:plc:rj54e4tn2c5l6kmuqotuahuv/app.bsky.feed.post/3m64yztlyck23
at://did:plc:aozsf6n4ii7kftvlsr2yvfhq/app.bsky.feed.post/3m64w3q3n722i,orla-hegarty.bsky.social,"“NIMBY”(not in my back yard) is word used to malign or disparage people who participate in democracy

People are advised to distance themselves from it.Shaming & excluding people from active citizenship & open engagement is counterproductive #Speirgorm #Planning www.researchgate.net/publication/...",at://did:plc:aozsf6n4ii7kftvlsr2yvfhq/app.bsky.feed.post/3m64w3q3n722i
at://did:plc:dnvpi77gppcosuglhn7nngk3/app.bsky.feed.post/3m64vywkhnk2p,eslsys.bsky.social,"What's going on with the recent, media assisted, full court press on infrastructure and democratic, legal rights to object?

It can't be data centres. Is it some defence commitments given our neutrality is under fire in parallel? #SpeirGorm 

www.businesspost.ie/politics/sen...

archive.ph/59AaY",at://did:plc:dnvpi77gppcosuglhn7nngk3/app.bsky.feed.post/3m64vywkhnk2p
at://did:plc:wl6hu2taknxe2igvmaq53fwu/app.bsky.feed.post/3m64vlilub22a,gylesnamopaleen.bsky.social,"We have 101+ years of data on how disastrous british rule has been, economically & societally, in NI. It's been a basket case for decades. 

Then, along comes brexit, which accidentally gave us an insight into what an All-Ireland economy might be like. 

GRMA (thanks) Brexit!   #spéirgorm",at://did:plc:wl6hu2taknxe2igvmaq53fwu/app.bsky.feed.post/3m64vlilub22a
at://did:plc:dnvpi77gppcosuglhn7nngk3/app.bsky.feed.post/3m64vhxobik2p,eslsys.bsky.social,It does seem FFG has started down the path to authoritarianism like some of our neighbours. The mask has slipped. Very worrying times . #SpeirGorm,at://did:plc:dnvpi77gppcosuglhn7nngk3/app.bsky.feed.post/3m64vhxobik2p
at://did:plc:wzelpzmv2b3oudwhkcpr2s6n/app.bsky.feed.post/3m64s4jckrk2k,drmarymcauliffe.bsky.social,"So i did this #TedX talk in October in Tralee -a different way of communicating for me- it was a nerve-wracking but fascinating experience, & met some wonderfully diverse speakers on the day. Hope it gets more notice for the Irish 🇮🇪 revolutionary women #tedxtralee #speirgorm youtu.be/FLRIKMiJ5Qc?...",at://did:plc:wzelpzmv2b3oudwhkcpr2s6n/app.bsky.feed.post/3m64s4jckrk2k
at://did:plc:aiehoh3c2rdg2uowosdenjbz/app.bsky.feed.post/3m64rb6k2z227,eoghan.bsky.social,"It's occurred to me that Irish English has a clatter of words for referring to a rake of things. There's a whole skite of them, and you can use a lock of different terms and people will know what you mean
#spéirgorm",at://did:plc:aiehoh3c2rdg2uowosdenjbz/app.bsky.feed.post/3m64rb6k2z227
at://did:plc:jbhj5ol5wizphulra3kmq6kp/app.bsky.feed.post/3m64qf2lp5s2j,siobhandowling.bsky.social,"It seems I haven't been to ""The Point"" since before the Luas. I remember that long long walk back to civilization (aka bus). I think last time was Underworld in 2000.... 

So... If doors open at 6.30pm when does the band start? 

#SpeirGorm",at://did:plc:jbhj5ol5wizphulra3kmq6kp/app.bsky.feed.post/3m64qf2lp5s2j
at://did:plc:v6y63c54iecyzlxp3vrxvwv2/app.bsky.feed.post/3m64opshoqk24,rdisc0mb0bulate.bsky.social,"I bought Eldest tickets to see @briancoxtalks.bsky.social in the 3Arena (The Point to you and me!) for Christmas. 

Don’t breathe a word to him!! 
#SpeirGorm",at://did:plc:v6y63c54iecyzlxp3vrxvwv2/app.bsky.feed.post/3m64opshoqk24
at://did:plc:v6y63c54iecyzlxp3vrxvwv2/app.bsky.feed.post/3m64nngyqas24,rdisc0mb0bulate.bsky.social,"Good morning, #SpeirGorm

It’s Friday- FriYAY!! 

Another cold one, so wrap up warm and remember to book your diesel engine cars in to get those cold starts sorted. Usually it’s the glow plugs!",at://did:plc:v6y63c54iecyzlxp3vrxvwv2/app.bsky.feed.post/3m64nngyqas24
at://did:plc:gjsoejzm7at4syhrvzgizrev/app.bsky.feed.post/3m64kegbx4c25,ainekeenan.bsky.social,"Take me to the river,
drop me in the water
Dip me in the river,
drop me in the water
Washing me down,
washing me down.

Talking Heads, 20th century

#Photography #Wisdom #Poetry #SpeirGorm #StreetPhotography #India #ImageAndVerse #ArtOfBlueSky #PhotographersOfBlueSky #EastCoastKin #Scape #WaterScape",at://did:plc:gjsoejzm7at4syhrvzgizrev/app.bsky.feed.post/3m64kegbx4c25
at://did:plc:flpf3rksopl7zx2tbgsyjv7m/app.bsky.feed.post/3m63ukwe2sk26,nicolahorgan.bsky.social,"Thoughts of Summer tix Keeping me warm on a cold night 
#speirgorm #joy",at://did:plc:flpf3rksopl7zx2tbgsyjv7m/app.bsky.feed.post/3m63ukwe2sk26
at://did:plc:iecysrzsqba4uhev4v7r5py7/app.bsky.feed.post/3m63tb7cfzs2p,djwalker.bsky.social,"Jupiter prominent in the night sky over Douglas, Cork 🇮🇪 

#photography
#nature
#landscape
#winter
#star
#nightsky
#jupiter
#EastCoastKin
#spéirgorm
#PhotoHour

🐕 🚶 📷 📱 📸 ✨ ⭐️ 🌌 🪐 🥶 ☁️",at://did:plc:iecysrzsqba4uhev4v7r5py7/app.bsky.feed.post/3m63tb7cfzs2p
at://did:plc:sju6sic4sz3jgpwrvbg355vf/app.bsky.feed.post/3m63qnlnlt222,katebielinski.bsky.social,"As much as I love this ad, November 20th is too early for it. #speirgorm",at://did:plc:sju6sic4sz3jgpwrvbg355vf/app.bsky.feed.post/3m63qnlnlt222
at://did:plc:v6y63c54iecyzlxp3vrxvwv2/app.bsky.feed.post/3m63owvsd6s2e,rdisc0mb0bulate.bsky.social,"Are you following the #SpeirGorm tag too? I find I have to go between that, Mutuals and Following",at://did:plc:v6y63c54iecyzlxp3vrxvwv2/app.bsky.feed.post/3m63owvsd6s2e
at://did:plc:uwji4l3wzsygaxduowluqmgr/app.bsky.feed.post/3m63o4jlarc2t,sharrow.bsky.social,"For jayus sake, they are locking up the Butter these days. But only the #KerryGold #Aldi #speirgorm",at://did:plc:uwji4l3wzsygaxduowluqmgr/app.bsky.feed.post/3m63o4jlarc2t
at://did:plc:7czbhyt6vmlibzjk2md3ds36/app.bsky.feed.post/3m63l7ig2j22q,slated.ie,"Spike is having a Spa evening.  Pedicure is go.

#SPIKE #rottweiler #dogsofbluesky #speirgorm 

#SLATED",at://did:plc:7czbhyt6vmlibzjk2md3ds36/app.bsky.feed.post/3m63l7ig2j22q
at://did:plc:jhndv2ueuu77qaiw5ivjkhx7/app.bsky.feed.post/3m63iqsghku2f,despod.bsky.social,"Eggs lovingly packaged by Dinny and Miley. 

All that's missing is a dab of liquid ammonia. 

#IYKYK #Speirgorm",at://did:plc:jhndv2ueuu77qaiw5ivjkhx7/app.bsky.feed.post/3m63iqsghku2f
at://did:plc:owtiovxdlxm4bp4hgnihapfe/app.bsky.feed.post/3m63fo6heps2l,martinamorrow.bsky.social,Is Enoch on the run? #speirgorm,at://did:plc:owtiovxdlxm4bp4hgnihapfe/app.bsky.feed.post/3m63fo6heps2l
at://did:plc:v6y63c54iecyzlxp3vrxvwv2/app.bsky.feed.post/3m63envxp6s2j,rdisc0mb0bulate.bsky.social,"I stop in Aldi most evenings on the way home. Have a look at their reduced section and pick what I fancy making for dinner that eve. 

Reduced price and also reduced food waste as I only buy what I need on the day. 

Plus it suits my impulsive tendencies and my brain likes the challenge! 
#SpeirGorm",at://did:plc:v6y63c54iecyzlxp3vrxvwv2/app.bsky.feed.post/3m63envxp6s2j
at://did:plc:zuesm37kihlrxtv7jkwsl2nb/app.bsky.feed.post/3m63cy2kxgc2v,docdok.bsky.social,"#speirgorm Bualadh Bas,!",at://did:plc:zuesm37kihlrxtv7jkwsl2nb/app.bsky.feed.post/3m63cy2kxgc2v
at://did:plc:lcczgcqfsgyocligu3ukzexx/app.bsky.feed.post/3m63b3c7muk2d,squeefulraven.bsky.social,"OMG OMG OMG! New Stargate Series announced, *Commence Fangirl Squeals!* have been a longtime fan and really hope this will be good!! 🙏 

#Stargate #NewSeries #ScienceFiction #GateWorld #SpéirGorm #SpeirGorm #LongtimeFan #RetroSciFi #SciFi #Amazon

www.gateworld.net/news/2025/11...",at://did:plc:lcczgcqfsgyocligu3ukzexx/app.bsky.feed.post/3m63b3c7muk2d
at://did:plc:wk4vbtn77njhk4mlohgewj2m/app.bsky.feed.post/3m637xcn52c2i,caroleducky.bsky.social,"Oh, ffs! 🙄

‘McGregor to sue Sky News for defamation over claims he was called a rapist by reporter after Nikita Hand case.’

www.independent.ie/irish-news/c...

#SpeirGorm",at://did:plc:wk4vbtn77njhk4mlohgewj2m/app.bsky.feed.post/3m637xcn52c2i
at://did:plc:6dnpwemduovd6rzfburfqbrt/app.bsky.feed.post/3m636ugqr3c2y,mmdc.bsky.social,#speirgorm,at://did:plc:6dnpwemduovd6rzfburfqbrt/app.bsky.feed.post/3m636ugqr3c2y
at://did:plc:bzjctancupmf6cbk3eazuenz/app.bsky.feed.post/3m636jddwg22c,rebelalliance77.bsky.social,"The mystery of Enochs disappearance, fittingly, has a biblical precedent. He has returned to his home planet. His people needed him.  

#Speirgorm",at://did:plc:bzjctancupmf6cbk3eazuenz/app.bsky.feed.post/3m636jddwg22c
at://did:plc:bsrcpmo5lurlbhy36f24aowm/app.bsky.feed.post/3m635mfdzpk2a,hilarylennon.bsky.social,"Are people still allowed purchase copies of the registered electorate list, with names and addresses included? Why do I receive campaign mail with my name and home address on the envelope? #SpeirGorm",at://did:plc:bsrcpmo5lurlbhy36f24aowm/app.bsky.feed.post/3m635mfdzpk2a
at://did:plc:hsami2xqnyvluahikcz2u6ca/app.bsky.feed.post/3m634svdsvc2t,beatingblog.bsky.social,"That's a cold one now. Am huddled by the radiator eating a pot noidle, much as I envision Enoch is, in some basement somewhere. #speirgorm",at://did:plc:hsami2xqnyvluahikcz2u6ca/app.bsky.feed.post/3m634svdsvc2t
at://did:plc:7czbhyt6vmlibzjk2md3ds36/app.bsky.feed.post/3m632rzvwqs2b,slated.ie,"There is nothing like cleaning up after a puking #rottweiler 

#dogsofbluesky #SLATED #Speirgorm",at://did:plc:7czbhyt6vmlibzjk2md3ds36/app.bsky.feed.post/3m632rzvwqs2b
at://did:plc:kub3mhx6yyvqisdddrnvq2zw/app.bsky.feed.post/3m62wre4sh22m,powersflowers.bsky.social,"Well, this was a disappointment. Is there an actually delicious brand, or are they all overhyped? The chocolate on this tasted so-so and the pistachio filling was nice enough, but nothing special.  
#DubaiChocolate 
#speirgorm
#spéirghorm",at://did:plc:kub3mhx6yyvqisdddrnvq2zw/app.bsky.feed.post/3m62wre4sh22m
at://did:plc:rj54e4tn2c5l6kmuqotuahuv/app.bsky.feed.post/3m62uwrf5zk2m,pnamblath.bsky.social,"Ireland have been drawn away to Czechia in the World Cup Qualifying Playoff semifinal, on Thurs March 26th next. If Ireland progress to the playoff final, they will host either Denmark or North Macedonia at the Aviva Stadium on Tues March 31st.
#COYBIG #FIFAWorldCup2026
#speirgorm
#IrishNews",at://did:plc:rj54e4tn2c5l6kmuqotuahuv/app.bsky.feed.post/3m62uwrf5zk2m
at://did:plc:6ofsjvfrnsdfvq2bwhdpydbw/app.bsky.feed.post/3m62u7nwtos2g,cephilis.bsky.social,"Enoch Burke is currently at large and evading arrest. 
Stay safe, keep doors and windows locked.
Read up on articles such as the irish times ""what experts advise if doorstepped by the burke family"" 
Contact your elderly and queer community members to help them prepare
This has been a PSA 
#speirgorm",at://did:plc:6ofsjvfrnsdfvq2bwhdpydbw/app.bsky.feed.post/3m62u7nwtos2g
at://did:plc:6ofsjvfrnsdfvq2bwhdpydbw/app.bsky.feed.post/3m62u7nwtos2g,NA,NA,NA
at://did:plc:qi3uhneb2cz77ibwnzailb22/app.bsky.feed.post/3m62swoj5ds2u,dfertl.bsky.social,"""Up to €2.7m worth of energy ‘wasted’ every day by State, committee told""
#Ireland 's govt is dumping up to €450 million of #windenergy every year, while 550,000 households suffer #fuelpoverty.
Utter madness.
#renewables #costofliving #windfarms #climate #SpéirGorm
www.irishtimes.com/ireland/soci...",at://did:plc:qi3uhneb2cz77ibwnzailb22/app.bsky.feed.post/3m62swoj5ds2u
at://did:plc:roq5gp36kgc3cied6notevst/app.bsky.feed.post/3m62rhl7opa2x,bridgetmcgann.medsky.social,"People when they learn I speak Irish: Wow so wholesome to be in touch with your heritage! It’s such a beautiful language. 🥹🥰☘️

Me: *raps about crime and drugs*

#SpeirGorm ",at://did:plc:roq5gp36kgc3cied6notevst/app.bsky.feed.post/3m62rhl7opa2x
at://did:plc:56aoxjem4pjvtqsscuhq223t/app.bsky.feed.post/3m62pkmdiik2w,rogerokeeffe.bsky.social,"Uplifting moment listening to Catherine talking to Oliver Callan just now.

Is she on #speirgorm?",at://did:plc:56aoxjem4pjvtqsscuhq223t/app.bsky.feed.post/3m62pkmdiik2w
at://did:plc:hhfwpteeefymb5m324x3rsui/app.bsky.feed.post/3m62o5eigqk2h,irishplacenames.bsky.social,"In case you ever lose her she's in Co. Roscommon. From the Irish 'greanaidh', meaning gravelly place.

#speirgorm",at://did:plc:hhfwpteeefymb5m324x3rsui/app.bsky.feed.post/3m62o5eigqk2h
at://did:plc:33vlabr5n5naktrl6xgyopoc/app.bsky.feed.post/3m62kdjm3r22p,nigellicus.bsky.social,##speirgorm,at://did:plc:33vlabr5n5naktrl6xgyopoc/app.bsky.feed.post/3m62kdjm3r22p
at://did:plc:wzelpzmv2b3oudwhkcpr2s6n/app.bsky.feed.post/3m62htju27k2w,drmarymcauliffe.bsky.social,"Reminder - launch of our co-edited book ‘The Civil War in Kerry and Beyond; Histories, memories, and Legacies’ 

📅 Friday, 21st November
⏲️ 6.00pm
🏦 Kerry County Museum

All welcome. #speirgorm 
Available online from Four Courts Press and all good book stores.

www.fourcourtspress.ie/books/2025/t...",at://did:plc:wzelpzmv2b3oudwhkcpr2s6n/app.bsky.feed.post/3m62htju27k2w
at://did:plc:dnvpi77gppcosuglhn7nngk3/app.bsky.feed.post/3m62fjw452k22,eslsys.bsky.social,"""Figures of possible fines of between €8bn and €26bn for breaching emissions targets ‘incredible’, President says"" #speirGorm

www.irishtimes.com/environment/...",at://did:plc:dnvpi77gppcosuglhn7nngk3/app.bsky.feed.post/3m62fjw452k22
at://did:plc:imdb5lnqdvuployv2wxfgdms/app.bsky.feed.post/3m62ecgyzwc2n,darylfeehely.com,"Judging by photos of Darragh O'Brien at this, it appears Ireland has joined in this call for a road map to phase-out fossil fuels.

Can some journalists please ask him & MM if they still plan for Ireland to build new LNG fossil fuel infra, which is the opposite of phase-out.

#IrishPol #Speirgorm",at://did:plc:imdb5lnqdvuployv2wxfgdms/app.bsky.feed.post/3m62ecgyzwc2n
at://did:plc:bjovrbtmnlckoh6vaalnqjzi/app.bsky.feed.post/3m626ys47lk2k,lisagrimm.com,"This week’s pub visit is a bit of an odd one, at least for me:

#SpeirGorm

www.weirdodublinpubs.com/weirdo-guide...",at://did:plc:bjovrbtmnlckoh6vaalnqjzi/app.bsky.feed.post/3m626ys47lk2k
at://did:plc:slpcusmlwp2cu4y6elhhwsce/app.bsky.feed.post/3m5zu2pfqyj2k,soolahhoops.com,"I love #waterfalls and #GlenevinFalls in #CountyDonegal were so beautiful! That sound calms me every time! I also wasn’t expecting the #faeriehouses but definitely magical
#GlenevinWaterfall #CountyDonegal #Ireland #Speirgorm #IrishSky #waterfall #IrelandNature #Spéirghorm #IrishSky🇮🇪#IrishNature ",at://did:plc:slpcusmlwp2cu4y6elhhwsce/app.bsky.feed.post/3m5zu2pfqyj2k
at://did:plc:gjsoejzm7at4syhrvzgizrev/app.bsky.feed.post/3m5zsnkc4ck2o,ainekeenan.bsky.social,"We dance round in a ring 
and suppose,
But the Secret sits 
in the middle and knows.

Robert Frost, 20th century

#Photography #Wisdom #Spirituality #Poetry #Prayer #SpeirGorm #StreetPhotography #India #Temple #ImageAndVerse #ArtOfBlueSky #PhotographersOfBlueSky #EastCoastKin",at://did:plc:gjsoejzm7at4syhrvzgizrev/app.bsky.feed.post/3m5zsnkc4ck2o
at://did:plc:imdb5lnqdvuployv2wxfgdms/app.bsky.feed.post/3m5zd3nl4s22b,darylfeehely.com,"The Michael D doc is great.

""Stay curious & keep going""

Words to live by. 💚

#Speirgorm #IrishPol",at://did:plc:imdb5lnqdvuployv2wxfgdms/app.bsky.feed.post/3m5zd3nl4s22b
at://did:plc:s6znrelghqcbkis7iudax6v7/app.bsky.feed.post/3m5zcl7e45s2b,lisafitz.bsky.social,The 'oh jsysus that's lovely' when you get into bed & you remembered to turn on the electric blanket is the best auld lady feeling ever #speirgorm,at://did:plc:s6znrelghqcbkis7iudax6v7/app.bsky.feed.post/3m5zcl7e45s2b
at://did:plc:uwji4l3wzsygaxduowluqmgr/app.bsky.feed.post/3m5z4vmrrs22i,sharrow.bsky.social,#speirgorm,at://did:plc:uwji4l3wzsygaxduowluqmgr/app.bsky.feed.post/3m5z4vmrrs22i
at://did:plc:7jnzlmjogamiou5m4qiyxace/app.bsky.feed.post/3m5z3qy7pqc2o,orlam90.bsky.social,"It rumbles on. Someone is now doing an official survey and they're going to geographically map the results. God I love nerds! 🤓

survey123.arcgis.com/share/b861da...

#speirgorm #sharpenergate",at://did:plc:7jnzlmjogamiou5m4qiyxace/app.bsky.feed.post/3m5z3qy7pqc2o
at://did:plc:eweyharmeuf3er35ejhbjp4o/app.bsky.feed.post/3m5yvekc34k2d,frankoconnor.bsky.social,"Imagine a city that invites everyone to Rest. Play. Work.

Imagine a city where everyone has a home, place to play and access to fair, just and meaningful work.

Imagine. Rest. Play. Work. 
Imagine. Imagine. Imagine.

with @judesherry.bsky.social 
#RestPlayWork #SpeirGorm #DerelictIreland

1/",at://did:plc:eweyharmeuf3er35ejhbjp4o/app.bsky.feed.post/3m5yvekc34k2d
at://did:plc:v6y63c54iecyzlxp3vrxvwv2/app.bsky.feed.post/3m5ysef6ed226,rdisc0mb0bulate.bsky.social,"#OzempicTales is kicking my backside this evening. I feel so sick and queasy. Sometimes it’s hard to tell if it’s hunger or fullness, because the nausea can occur in both situations.
#SpeirGorm",at://did:plc:v6y63c54iecyzlxp3vrxvwv2/app.bsky.feed.post/3m5ysef6ed226
at://did:plc:owtiovxdlxm4bp4hgnihapfe/app.bsky.feed.post/3m5yqce4qnk2u,martinamorrow.bsky.social,"Peeps it must be winter I just bought my first hat of the year, the big Labrador love of my life looking angelic here has a thing for bobbles my hats never survive a full winter no matter how well I mind them he always gets them in the end #speirgorm",at://did:plc:owtiovxdlxm4bp4hgnihapfe/app.bsky.feed.post/3m5yqce4qnk2u
at://did:plc:7czbhyt6vmlibzjk2md3ds36/app.bsky.feed.post/3m5ypros6rc2w,slated.ie,"Lads, if you are looking for fantastic service, I can't fault @thebookshopie.bsky.social they went above and beyond. 

#Shoplocal #Irishbusiness 
#speirgorm #SLATED",at://did:plc:7czbhyt6vmlibzjk2md3ds36/app.bsky.feed.post/3m5ypros6rc2w
at://did:plc:bwri5etslrdnbu6jpqrznf36/app.bsky.feed.post/3m5yewoeec22b,tggleeson.bsky.social,"And there it is, a Pembrokeshire Dangler.",at://did:plc:bwri5etslrdnbu6jpqrznf36/app.bsky.feed.post/3m5yewoeec22b
at://did:plc:56aoxjem4pjvtqsscuhq223t/app.bsky.feed.post/3m5yeqjhyxk2d,rogerokeeffe.bsky.social,"Anyone else on #speirgorm finding the Bank of Ireland app quite unstable over the last few days?

Having to make repeated attempts to login, getting timed out messages after a few seconds.  It's a bit unsettling.",at://did:plc:56aoxjem4pjvtqsscuhq223t/app.bsky.feed.post/3m5yeqjhyxk2d
at://did:plc:tjj7toux5q6m2v7x2unyhznh/app.bsky.feed.post/3m5ydj6jlwc26,judesherry.bsky.social,"“The only green space and park in the city centre is no longer a green space or park. Seriously, how did this cost €7m?""
Me & @frankoconnor.bsky.social were interviewed by Amy 
Cambell on our thoughts of the destruction of Bishop Lucey Park @echolive.bsky.social
#RestPlayWork #PureCork #Speirgorm",at://did:plc:tjj7toux5q6m2v7x2unyhznh/app.bsky.feed.post/3m5ydj6jlwc26
at://did:plc:v6y63c54iecyzlxp3vrxvwv2/app.bsky.feed.post/3m5ydcjv4r22d,rdisc0mb0bulate.bsky.social,"Now here’s the thing. I hear my own thoughts ALL the time. There is constant narration/conversation taking place. 

Having had my first use of the shower I would say ‘You are alone with your own thoughts, it’s that quiet!’ 
#SpeirGorm",at://did:plc:v6y63c54iecyzlxp3vrxvwv2/app.bsky.feed.post/3m5ydcjv4r22d
at://did:plc:wk4vbtn77njhk4mlohgewj2m/app.bsky.feed.post/3m5yct2jbxs23,caroleducky.bsky.social,"‘Anti-immigration activist Derek Blighe to stand trial in January on charge of harrassing garda .’ 

Blighe is not an activist. He’s an agitator. 
jrnl.ie/6879435

#SpeirGorm",at://did:plc:wk4vbtn77njhk4mlohgewj2m/app.bsky.feed.post/3m5yct2jbxs23
at://did:plc:b25fw5q6tr2faqdy52du276g/app.bsky.feed.post/3m5y7xopkf22o,gildedalm.com,"💚
𝕎𝕙𝕒𝕥
𝕒 𝕪𝕖𝕒𝕣
𝕗𝕠𝕣 𝕘𝕣𝕖𝕒𝕥
𝕚𝕟𝕕𝕖𝕡𝕖𝕟𝕕𝕖𝕟𝕥
𝕀𝕣𝕚𝕤𝕙 𝕞𝕦𝕤𝕚𝕔...

🟢
ʟɪꜱᴛᴇɴ
tr.ee/GildedIrishS...

✳️
#IrishBluesky #speirgorm  #Spéirghorm
#musicsky #music #shoplocal #staytuned",at://did:plc:b25fw5q6tr2faqdy52du276g/app.bsky.feed.post/3m5y7xopkf22o
at://did:plc:pen6g4gaisumaynbdlqkgkdt/app.bsky.feed.post/3m5y6id6oxs2k,paulduane.bsky.social,"In case you missed it, our Irish Fine Gael MEPs voted with the far right on this one. #speirgorm",at://did:plc:pen6g4gaisumaynbdlqkgkdt/app.bsky.feed.post/3m5y6id6oxs2k
at://did:plc:63mlf5ayqa3qbmgddw4d4zsu/app.bsky.feed.post/3m5y47zh3fc2b,sullydaysleeper.bsky.social,Hope Pascal enjoys his time at the world bank. I'd imagine leaving the country in a budget surplus must feel great ... #Speirgorm #SpeirGorm,at://did:plc:63mlf5ayqa3qbmgddw4d4zsu/app.bsky.feed.post/3m5y47zh3fc2b
at://did:plc:7czbhyt6vmlibzjk2md3ds36/app.bsky.feed.post/3m5xzz34nw22l,slated.ie,"The Design and Crafts Council  of Ireland emailing yet again to get makers to do their work for them.

Remember, this is the body that tried to sue a maker for having an opinion.

Here is your reminder that the Guaranteed Irish logo does NOT mean a product is made in Ireland.

#SLATED #Speirgorm",at://did:plc:7czbhyt6vmlibzjk2md3ds36/app.bsky.feed.post/3m5xzz34nw22l
at://did:plc:e2vdb3yylfvzgvlo3fi5mrkf/app.bsky.feed.post/3m5xymx5kk22v,atticuspeirgorm.bsky.social,"""This may be the worst Government in yhe history of the state!""

#Irishpol #Speirgorm 

youtu.be/EmWESe6XTNY?...",at://did:plc:e2vdb3yylfvzgvlo3fi5mrkf/app.bsky.feed.post/3m5xymx5kk22v
at://did:plc:jl6cn5yuzpi4tj5vfl7ysfrm/app.bsky.feed.post/3m5xquqookk2n,shazbear.bsky.social,"""grilling"" doing a lot of heavy lifting here I'd say #SpeirGorm",at://did:plc:jl6cn5yuzpi4tj5vfl7ysfrm/app.bsky.feed.post/3m5xquqookk2n
at://did:plc:b5yxc2nhcgrbtu3twvlg3i7a/app.bsky.feed.post/3m5xqdl4xfc2a,siobhanmcelduff.bsky.social,"Who can forget the time he discovered art could be political and shouted at an artist going by the name of Spicebag for creating it. Great moments in the cultural history of Ireland.

#spéirghorm #speirgorm",at://did:plc:b5yxc2nhcgrbtu3twvlg3i7a/app.bsky.feed.post/3m5xqdl4xfc2a
at://did:plc:v6y63c54iecyzlxp3vrxvwv2/app.bsky.feed.post/3m5xohorfus2v,rdisc0mb0bulate.bsky.social,"A rare midweek lie in.

Good morning, #SpeirGorm",at://did:plc:v6y63c54iecyzlxp3vrxvwv2/app.bsky.feed.post/3m5xohorfus2v
at://did:plc:slpcusmlwp2cu4y6elhhwsce/app.bsky.feed.post/3m5x2posow22c,soolahhoops.com,"This was the #GiantsCauseway visit I did about a year ago last November. It was still busy & touristy even then. I couldn’t imagine it in the summertime 
😬

youtu.be/odr7f_5bvUY?...

#Causeway #NorthernIreland #Ireland #Speirgorm #IrishSky #Spéirghorm #IrishSky🇮🇪 #ocean #nature #IrishNature",at://did:plc:slpcusmlwp2cu4y6elhhwsce/app.bsky.feed.post/3m5x2posow22c
at://did:plc:y37mgxptpzfiljrhqdcmbwzt/app.bsky.feed.post/3m5x2ocwv222z,pollygaillimh.bsky.social,#Speirgorm,at://did:plc:y37mgxptpzfiljrhqdcmbwzt/app.bsky.feed.post/3m5x2ocwv222z
at://did:plc:slpcusmlwp2cu4y6elhhwsce/app.bsky.feed.post/3m5x2cbvwjs2c,soolahhoops.com,"I sat there for a while because this split was so cool and the #water crashing through it was amazing!
#BalintoyHarbour #NorthernIreland #Ireland #Speirgorm #IrishSky #Spéirghorm #IrishSky🇮🇪 #ocean #water #watermeditation #waterislife #waterissacred #IrishNature",at://did:plc:slpcusmlwp2cu4y6elhhwsce/app.bsky.feed.post/3m5x2cbvwjs2c
at://did:plc:slpcusmlwp2cu4y6elhhwsce/app.bsky.feed.post/3m5x25adcl22c,soolahhoops.com,"The giant splashes of the #ocean making intricate trails of water on the rocks. How can you not love this? And #Scotland just a bit further north from there. 💚🤍🧡💙🤍
#BalintoyHarbour #NorthernIreland #Ireland #Speirgorm #IrishSky #Spéirghorm #IrishSky🇮🇪 #ocean #water #watermeditation",at://did:plc:slpcusmlwp2cu4y6elhhwsce/app.bsky.feed.post/3m5x25adcl22c
at://did:plc:habbzrlf5qwkegoxgwk6urcf/app.bsky.feed.post/3m5wuvqyxck27,ajorgensen.bsky.social,"🦊 HEADS UP! 🦊
Ireland has a real chance to ban foxhunting right now. Chasing terrified foxes on horseback with hounds is cruel and barbaric. Please support our campaign on Instagram www.instagram.com/p/DRFtSTVDT6...
#banfoxhunting #SpeirGorm",at://did:plc:habbzrlf5qwkegoxgwk6urcf/app.bsky.feed.post/3m5wuvqyxck27
at://did:plc:ouza3jsycl2aszfc3xtodbfe/app.bsky.feed.post/3m5wsairq6k2j,dermotcasey.bsky.social,#OrlaTopper is the new #FloridaDave on #speirgorm,at://did:plc:ouza3jsycl2aszfc3xtodbfe/app.bsky.feed.post/3m5wsairq6k2j
at://did:plc:ptzflttudpqcrf44hctiiylw/app.bsky.feed.post/3m5wpgv6yxc2z,alkalinecollective.bsky.social,"Your periodical reminder, from the good people of #speirgorm",at://did:plc:ptzflttudpqcrf44hctiiylw/app.bsky.feed.post/3m5wpgv6yxc2z
at://did:plc:rj54e4tn2c5l6kmuqotuahuv/app.bsky.feed.post/3m5wnm4am6k22,pnamblath.bsky.social,"#speirgorm #IrishHistory
www.waterfordtreasures.com/luke-wadding...",at://did:plc:rj54e4tn2c5l6kmuqotuahuv/app.bsky.feed.post/3m5wnm4am6k22
at://did:plc:o44rctt4h2cu4m65alkbumxe/app.bsky.feed.post/3m5wkqixw4c25,jodcork.bsky.social,Tuesday is a hard payback for the glory of Sunday #coybig #speirgorm,at://did:plc:o44rctt4h2cu4m65alkbumxe/app.bsky.feed.post/3m5wkqixw4c25
at://did:plc:7czbhyt6vmlibzjk2md3ds36/app.bsky.feed.post/3m5wkfkwpn22t,slated.ie,"Whether they love cheese, coffee, wine — or all — the SLATED Personalised Collection turns their favourite little indulgence into a story they’ll never forget

It’s not just a gesture.

It’s their moment.

Slated.ie 

#PersonalisedGifts #SLATED #CraftedForYou #speirgorm #Boycottamazon",at://did:plc:7czbhyt6vmlibzjk2md3ds36/app.bsky.feed.post/3m5wkfkwpn22t
at://did:plc:v6y63c54iecyzlxp3vrxvwv2/app.bsky.feed.post/3m5wirdavus2i,rdisc0mb0bulate.bsky.social,"Although, my ailing shower could not be repaired and so needed to be replaced. 

So, swings and roundabouts really! 
#SpeirGorm",at://did:plc:v6y63c54iecyzlxp3vrxvwv2/app.bsky.feed.post/3m5wirdavus2i
at://did:plc:yvaazb6s3r2qje2i4cvoj7ur/app.bsky.feed.post/3m5wiql2bs22y,debhruin.bsky.social,#Speirgorm how crazy do you think the by election in Dublin Central is going to be with Paschal Donohue quitting to work for the World Bank,at://did:plc:yvaazb6s3r2qje2i4cvoj7ur/app.bsky.feed.post/3m5wiql2bs22y
at://did:plc:siclj5jstt2xodsn7epgnqld/app.bsky.feed.post/3m5wiaced6c27,robosullivan.bsky.social,The other reason to join a party now (As opposed to just before an election like my dumb-ass did a few years back) is some parties require a member vote before going into a coalition as a minority party. You get another vote to prevent a FFG coalition. It's one more lever to pull #Spéirgorm,at://did:plc:siclj5jstt2xodsn7epgnqld/app.bsky.feed.post/3m5wiaced6c27
at://did:plc:siclj5jstt2xodsn7epgnqld/app.bsky.feed.post/3m5wi3oz2is27,robosullivan.bsky.social,With two by-elections on the horizon and the prospect of cross-opposition collaboration I'm renewing my request for people to join a political party ASAP. Many parties have a 6 month probationary period before you can vote on anything substantive so don't wait too long. 1/2 #Spéirgorm,at://did:plc:siclj5jstt2xodsn7epgnqld/app.bsky.feed.post/3m5wi3oz2is27
at://did:plc:mh5mt4ifqn6otuf52ddfa7nb/app.bsky.feed.post/3m5wgrp3jqk2a,sighjinks.bsky.social,"The new Crumlin Shopping Centre just started being built and it’s still going to be finished before the Naas Shopping Centre opens, isn’t it? #SpeirGorm #Kildare",at://did:plc:mh5mt4ifqn6otuf52ddfa7nb/app.bsky.feed.post/3m5wgrp3jqk2a
at://did:plc:r4hqvnfuc2flfguavyrhcjgg/app.bsky.feed.post/3m5wggyiiec26,321kieran.bsky.social,"What song jumps out to YOU?
🚨All the great songs on the #NovaGuestlist, including chats with #OllieCole, & first plays for #PCooney & #YeVagabonds!☘️
📻Listen back now on www.nova.ie/radio-schedu... or 6pm Sundays on @radionova100.bsky.social! #Speirgorm #IndieMusic",at://did:plc:r4hqvnfuc2flfguavyrhcjgg/app.bsky.feed.post/3m5wggyiiec26
at://did:plc:swknwdgyvbkrbda6fdhhwefj/app.bsky.feed.post/3m5wfsdfjes2z,electionlit.bsky.social,"Watched ""The Mission"" the other day which led me to look up Irish actor Ray McAnally. Hadn't realised Aonghus McAnally was his son. 
Look him up, no mention that he judged a talent competition in Sallynoggin in 1979 which I entered. It did mention that he had had hair transplants though. #speirgorm",at://did:plc:swknwdgyvbkrbda6fdhhwefj/app.bsky.feed.post/3m5wfsdfjes2z
at://did:plc:ro76qxmd6nel5b5p4262x5eq/app.bsky.feed.post/3m5wdsmk4cs2h,lokideburca.bsky.social,"#Gaeilge #Irish #Ireland #Speirgorm #Gaelgeoir 
Any gaelgoirí out there that could give a better/easier way of saying this or how would you say it yourself.
Just a wee bit curious about it myself. 
GRMA",at://did:plc:ro76qxmd6nel5b5p4262x5eq/app.bsky.feed.post/3m5wdsmk4cs2h
at://did:plc:dhfmog4fmzbvhobbqrn4q2gg/app.bsky.feed.post/3m5wcddzkwk24,lovelyhurling.bsky.social,"Travelling on the N2 north of Ardee. I can only guess there is a Vidal on the N2, just outside Ardee, lots of cars parked on the side of the N2. Lots of young folk parked up… take it very handy around that area.
#Speirgorm",at://did:plc:dhfmog4fmzbvhobbqrn4q2gg/app.bsky.feed.post/3m5wcddzkwk24
at://did:plc:7czbhyt6vmlibzjk2md3ds36/app.bsky.feed.post/3m5wbmnc72k2t,slated.ie,"That was a successful day, I managed to cut my eyeball. 🤦‍♀️

#SLATED #speirgorm",at://did:plc:7czbhyt6vmlibzjk2md3ds36/app.bsky.feed.post/3m5wbmnc72k2t
at://did:plc:uwji4l3wzsygaxduowluqmgr/app.bsky.feed.post/3m5w47x2xlk2f,sharrow.bsky.social,"But where on the balance sheets do you put FF & FG failures which are causing such misery and suffering?

We live in a society not just an economy.

#supergluedpockets #speirgorm",at://did:plc:uwji4l3wzsygaxduowluqmgr/app.bsky.feed.post/3m5w47x2xlk2f
at://did:plc:uwji4l3wzsygaxduowluqmgr/app.bsky.feed.post/3m5w42bnuvc2f,sharrow.bsky.social,"FF & FG do not but kids in industrial schools any more, they just but them in underfunded unsafe Tusla centers.

#supergluedpockets #speirgorm",at://did:plc:uwji4l3wzsygaxduowluqmgr/app.bsky.feed.post/3m5w42bnuvc2f
at://did:plc:yhzo3gusmbic6x6uc6dok3hu/app.bsky.feed.post/3m5w3vepe6s27,bluwhalien.bsky.social,"This is why I mostly stick to my following feed and don’t use the discover feed because those aren’t my people! My following feed consists of Palestinians and other Arab comrades, Black comrades, anti Zionist Jewish comrades, SpeirGorm (Irish Bluesky) etc!",at://did:plc:yhzo3gusmbic6x6uc6dok3hu/app.bsky.feed.post/3m5w3vepe6s27
at://did:plc:yhzo3gusmbic6x6uc6dok3hu/app.bsky.feed.post/3m5w3vepe6s27,NA,NA,NA
at://did:plc:dnvpi77gppcosuglhn7nngk3/app.bsky.feed.post/3m5w2juseo22a,eslsys.bsky.social,"""you can be moderate and appropriately critical. And you can be critical and admiring"" .  Forgets to mention any criticism  howeverwill be labelled begrudgery!  #speirgorm",at://did:plc:dnvpi77gppcosuglhn7nngk3/app.bsky.feed.post/3m5w2juseo22a
at://did:plc:zxpoz5zgmanarg4h3rbq5tuq/app.bsky.feed.post/3m5vzso2ke22s,kerryanne123.bsky.social,"FAFO. These angry Burkes are not above the law. 
#Speirgorm 

www.thejournal.ie/enoch-burke-...",at://did:plc:zxpoz5zgmanarg4h3rbq5tuq/app.bsky.feed.post/3m5vzso2ke22s
at://did:plc:dnvpi77gppcosuglhn7nngk3/app.bsky.feed.post/3m5vye6w6a22a,eslsys.bsky.social,Where's that post of Paschal tap dancing when you need it #speirgorm,at://did:plc:dnvpi77gppcosuglhn7nngk3/app.bsky.feed.post/3m5vye6w6a22a
at://did:plc:wk4vbtn77njhk4mlohgewj2m/app.bsky.feed.post/3m5vxj6fxds2b,caroleducky.bsky.social,"Could yet be A Burke Family Christmas in The Joy. 🤔

#SpeirGorm",at://did:plc:wk4vbtn77njhk4mlohgewj2m/app.bsky.feed.post/3m5vxj6fxds2b
at://did:plc:wk4vbtn77njhk4mlohgewj2m/app.bsky.feed.post/3m5vukzrf2k2u,caroleducky.bsky.social,"Enoch Burke’s been ordered back to prison & judge requests contempt charges be brought against Ammi, Isaac & Ma Burke. 

www.independent.ie/irish-news/c...

#SpeirGorm",at://did:plc:wk4vbtn77njhk4mlohgewj2m/app.bsky.feed.post/3m5vukzrf2k2u
at://did:plc:flpf3rksopl7zx2tbgsyjv7m/app.bsky.feed.post/3m5vt2ocpfk25,nicolahorgan.bsky.social,"Same as me getting into bath...

#speirgorm #heron #nature",at://did:plc:flpf3rksopl7zx2tbgsyjv7m/app.bsky.feed.post/3m5vt2ocpfk25
at://did:plc:wk4vbtn77njhk4mlohgewj2m/app.bsky.feed.post/3m5vrumswj22u,caroleducky.bsky.social,"Enoch Burke ordered back to prison, as mother and two siblings face criminal contempt charges jrnl.ie/6878115

#SpeirGorm",at://did:plc:wk4vbtn77njhk4mlohgewj2m/app.bsky.feed.post/3m5vrumswj22u
at://did:plc:ofmkl4k2ybutv5b3xpmuq36h/app.bsky.feed.post/3m5vpz6wmac2x,limerick4inarow.bsky.social,"I don’t know if anyone else in Ireland has got this unwanted Amazon WhatsApp this morning but these are the steps I took to prevent it happening again.

#speirgorm
#speirghorm",at://did:plc:ofmkl4k2ybutv5b3xpmuq36h/app.bsky.feed.post/3m5vpz6wmac2x
at://did:plc:wh22hllsy56ako4feockoxis/app.bsky.feed.post/3m5vohcycac2h,brianmlucey.bsky.social,"Oh the amount of begrudgery and sniping Will be off the charts. 
#speirgorm hopefully can be moderate and appropriately critical. And you can be critical and admiring",at://did:plc:wh22hllsy56ako4feockoxis/app.bsky.feed.post/3m5vohcycac2h
at://did:plc:siclj5jstt2xodsn7epgnqld/app.bsky.feed.post/3m5vntnarm225,robosullivan.bsky.social,Sure feels like the government are trying to ensure we're as exposed as possible when the AI bubble bursts. We can only hope it does burst before they've had a chance to do so #spéirgorm,at://did:plc:siclj5jstt2xodsn7epgnqld/app.bsky.feed.post/3m5vntnarm225
at://did:plc:7czbhyt6vmlibzjk2md3ds36/app.bsky.feed.post/3m5vklb3u7s2y,slated.ie,"Can I claim @mcculld.bsky.social saying SLATED as a plug for us???

Or is that a step too far 🤔 

#SLATED #speirgorm

slated.ie @rteradio.bsky.social",at://did:plc:7czbhyt6vmlibzjk2md3ds36/app.bsky.feed.post/3m5vklb3u7s2y
at://did:plc:iecysrzsqba4uhev4v7r5py7/app.bsky.feed.post/3m5vheae5w22m,djwalker.bsky.social,"♥️ shaped leaves on a vine 

Maryborough, Cork 🇮🇪 

#photography
#nature
#landscape
#scarlet
#ivy
#vine
#EastCoastKin
#spéirgorm
#PhotoHour

🐕 🚶 📷 📱 📸 🍂 🩸",at://did:plc:iecysrzsqba4uhev4v7r5py7/app.bsky.feed.post/3m5vheae5w22m
at://did:plc:23mysztmt7dh3l5lzhinzafi/app.bsky.feed.post/3m5vg6r2d3s2e,eibhear.gibiris.org,"Is there a website somewhere that lists all the currently-open public consultations that people from Ireland can contribute to?

#Speirgorm",at://did:plc:23mysztmt7dh3l5lzhinzafi/app.bsky.feed.post/3m5vg6r2d3s2e
at://did:plc:v6y63c54iecyzlxp3vrxvwv2/app.bsky.feed.post/3m5vapdfzrc2w,rdisc0mb0bulate.bsky.social,"I was freezing all day yesterday. When my feet get cold, you’ll get no good out of me! 

Today I’m layered up and wearing fleecy socks! 

Happy Tuesday, #SpeirGorm",at://did:plc:v6y63c54iecyzlxp3vrxvwv2/app.bsky.feed.post/3m5vapdfzrc2w
at://did:plc:gjsoejzm7at4syhrvzgizrev/app.bsky.feed.post/3m5vaoa5ta22m,ainekeenan.bsky.social,"But if you got to go
It's all right
But if you got to go, go now
Or else you gotta stay all night

Bob Dylan, 20th century

#Photography #Wisdom #Poetry #SpeirGorm #StreetPhotography #India #ImageAndVerse #ArtOfBlueSky #PhotographersOfBlueSky #EastCoastKin",at://did:plc:gjsoejzm7at4syhrvzgizrev/app.bsky.feed.post/3m5vaoa5ta22m
at://did:plc:u46kbaz5nkittv2dkk2haq2v/app.bsky.feed.post/3m5udh2xwkk25,taryndevere.bsky.social,"When you're watching a movie with your partner and his dad calls and sings ballads to him for 40 minutes...
#OnlyInIreland #Speirgorm",at://did:plc:u46kbaz5nkittv2dkk2haq2v/app.bsky.feed.post/3m5udh2xwkk25
at://did:plc:uwji4l3wzsygaxduowluqmgr/app.bsky.feed.post/3m5ublerojc2m,sharrow.bsky.social,"Fuxk and off 

FF & FG challenge to stop trying to copy and paste the worst of UK policies. 

#speirgorm",at://did:plc:uwji4l3wzsygaxduowluqmgr/app.bsky.feed.post/3m5ublerojc2m
at://did:plc:56wyc2axgzlsvmh73dd5dexu/app.bsky.feed.post/3m5u7dretyc2t,the-crackdown.bsky.social,"Hello humans! I have updated the Dublin event listings spreadsheet. New gigs include Wire coverstar Claire Rousay, shoegaze sensation Maria Somerville, another night for the Big Star Quintet, The Nightingales (with Ted Chippington), and CABARET VOLTAIRE

docs.google.com/spreadsheets...

#speirgorm",at://did:plc:56wyc2axgzlsvmh73dd5dexu/app.bsky.feed.post/3m5u7dretyc2t
at://did:plc:xnpigreyonjrbnmbqplcxfpl/app.bsky.feed.post/3m5u3bymtxs2c,shutupdaragh.bsky.social,I've been thinking about how Britain's legacy in Ireland is a civic tradition of state cruelty and Jim O'Callaghan is that tradition writ large. #speirgorm,at://did:plc:xnpigreyonjrbnmbqplcxfpl/app.bsky.feed.post/3m5u3bymtxs2c
at://did:plc:zol7j6fzk2vqf6yawnkkg6bi/app.bsky.feed.post/3m5tzwo3phs2w,playingwithdust.bsky.social,"Took the Mini 5 Pro up over the River Suir at lunchtime: flew over the under construction Sustainable Transport Bridge, and Rice Bridge.

#Waterford #Speirgorm",at://did:plc:zol7j6fzk2vqf6yawnkkg6bi/app.bsky.feed.post/3m5tzwo3phs2w
at://did:plc:tjj7toux5q6m2v7x2unyhznh/app.bsky.feed.post/3m5tx4buzfk2l,judesherry.bsky.social,"We urgently need Compulsory Rental Orders so no habitable home lies empty in order to keep rents high, espically new build apartment blocks

Leaving these homes empty just goes to show that the profit margins must be huge to go without any income 
#spéirgorm #VacantIreland #DerelictIreland",at://did:plc:tjj7toux5q6m2v7x2unyhznh/app.bsky.feed.post/3m5tx4buzfk2l
at://did:plc:bwri5etslrdnbu6jpqrznf36/app.bsky.feed.post/3m5twot6q7224,tggleeson.bsky.social,"Poulnabrone Dolmen: Another likey ""of the sorrowing/sorrows"" rather than the assigned ""of the quernstone"". One quernstone somehow associated with a place of death/massacre I could accept but not two, sorrow(ing) wins out IMHO.  #Derrynaflan #Derrynabrone #speirgorm",at://did:plc:bwri5etslrdnbu6jpqrznf36/app.bsky.feed.post/3m5twot6q7224
at://did:plc:iecysrzsqba4uhev4v7r5py7/app.bsky.feed.post/3m5tsfa6v7c23,djwalker.bsky.social,"A derelict Irish farmhouse and outbuildings

Moneygurney, Cork 🇮🇪 

#photography
#nature
#landscape
#derelictireland
#fixerupper
#farmhouse
#EastCoastKin
#spéirgorm
#PhotoHour

🐕 🚶 📷 📱 📸",at://did:plc:iecysrzsqba4uhev4v7r5py7/app.bsky.feed.post/3m5tsfa6v7c23
at://did:plc:flpf3rksopl7zx2tbgsyjv7m/app.bsky.feed.post/3m5ts3cgtbk2e,nicolahorgan.bsky.social,"Raspberry foray...
#speirgorm #nature #joy",at://did:plc:flpf3rksopl7zx2tbgsyjv7m/app.bsky.feed.post/3m5ts3cgtbk2e
at://did:plc:am3xhvt3epq57vn7fv4grf2p/app.bsky.feed.post/3m5tqp42qz22d,climatealarmclock.bsky.social,"#COP30 - This will be our fourth year covering COP and seeing as there's not really that much new we can say, in order to avoid sounding like a broken record let's hear from YOU! 

Drop your questions, queries, concerns, criticisms, etc in the comments below! #SpeirGorm",at://did:plc:am3xhvt3epq57vn7fv4grf2p/app.bsky.feed.post/3m5tqp42qz22d
at://did:plc:jvelfy3ft5pant7jfsu4p637/app.bsky.feed.post/3m5tprw7lc22i,lamhfada.bsky.social,"Leftist President, Neoliberal Government.

I think the first analysis of the recent Irish Presidential election that references Mark Fisher's Capitalist Realism. 

#Spéirghorm #Spéirgorm 

tribunemag.co.uk/2025/11/left...",at://did:plc:jvelfy3ft5pant7jfsu4p637/app.bsky.feed.post/3m5tprw7lc22i
at://did:plc:w4txcy7jayihqplycpiotbpw/app.bsky.feed.post/3m5tnt3zfs224,nancyhugh.bsky.social,"Hey, just a heads up on the hashtag - it's #speirgorm or #speirghorm. The 'h' goes after the 'g', not the 'p'. Should be seen by more people.",at://did:plc:w4txcy7jayihqplycpiotbpw/app.bsky.feed.post/3m5tnt3zfs224
at://did:plc:bwri5etslrdnbu6jpqrznf36/app.bsky.feed.post/3m5tmrio7lk2w,tggleeson.bsky.social,"Everytime I see the Munster Irish word for young wans: Gearrchailí, pronounced Gearachailí, the theme tune from Daktari comes into my head. #speirgorm",at://did:plc:bwri5etslrdnbu6jpqrznf36/app.bsky.feed.post/3m5tmrio7lk2w
at://did:plc:n6yvrp7h45vdrm72nrldcbzq/app.bsky.feed.post/3m5tlhq7cl22y,tararoonies.bsky.social,"Just on the very very very off chance that someone has a spare ticket. Id gladly take it ❤️🙏
 #mbv #speirgorm #ticketfairy #foggynotions",at://did:plc:n6yvrp7h45vdrm72nrldcbzq/app.bsky.feed.post/3m5tlhq7cl22y
at://did:plc:culqpcpwzgdmcpwdfwmul34h/app.bsky.feed.post/3m5tdr3rgz225,eoinmcunningham.bsky.social,"Following the tragic deaths over the weekend, I wanted to understand were there areas in Ireland that were more dangerous than others for road deaths and injuries.
I've produced the map below, which I hope will draw attention to where road safety efforts may help save lives.
#speirgorm",at://did:plc:culqpcpwzgdmcpwdfwmul34h/app.bsky.feed.post/3m5tdr3rgz225
at://did:plc:vo3c5x2szy6wq4xc3dlemv7f/app.bsky.feed.post/3m5tcvqnlxk2x,cathyby.bsky.social,"Risks to global financial stabllity include soaring share prices on international stock markets, lending standards on private credit & deficits fueling sovereign debt, the head of the Irish Central Bank has warned. 

www.rte.ie/news/busines...

#SpeirGorm #AI #Debt",at://did:plc:vo3c5x2szy6wq4xc3dlemv7f/app.bsky.feed.post/3m5tcvqnlxk2x
at://did:plc:siclj5jstt2xodsn7epgnqld/app.bsky.feed.post/3m5tb4sbpks2p,robosullivan.bsky.social,"My partner lived in one where the landlord told her she probably wouldn't be able to shower on Sundays because the water pressure would be too low.
They're literally going to eviscerate existing housing stock before they'll tackle dereliction, vacancy and short term lets. #spéirgorm",at://did:plc:siclj5jstt2xodsn7epgnqld/app.bsky.feed.post/3m5tb4sbpks2p
at://did:plc:siclj5jstt2xodsn7epgnqld/app.bsky.feed.post/3m5taxdvbds2p,robosullivan.bsky.social,"I've lived in some houses that have been converted into multiple flats and I cant stress how dysfunctional and uncomfortable they are. Forgetting issues like space and privacy, you don't just double or triple the strain on a building's water, sewerage and energy needs without issues. #spéirgorm",at://did:plc:siclj5jstt2xodsn7epgnqld/app.bsky.feed.post/3m5taxdvbds2p
at://did:plc:4bl6bpnggvjb3qgcwhosv6xg/app.bsky.feed.post/3m5t75i3p5s2k,hayleymulch.com,"It's been a while since I did one of these! 

#ArtVsArtist #ArtVsArtist2025 #ArtSky #HylysArt #Art #SpéirGorm",at://did:plc:4bl6bpnggvjb3qgcwhosv6xg/app.bsky.feed.post/3m5t75i3p5s2k
at://did:plc:hhfwpteeefymb5m324x3rsui/app.bsky.feed.post/3m5szyo2ku22i,irishplacenames.bsky.social,"Ovens, Co. Cork. From the Irish 'Na hUamhanna' meaning 'the caves', referring to the limestone cave system in the area.

#speirgorm",at://did:plc:hhfwpteeefymb5m324x3rsui/app.bsky.feed.post/3m5szyo2ku22i
at://did:plc:cibhaok4stlsmttbluik6hqz/app.bsky.feed.post/3m5sy3vnphs24,davidmcgurrin.ie,"I like Bluesky in general and it has a much nicer vibe than the cesspit app, but it doesn't compare with live events. The memes and everything popping off on twitter after the game I'd say. Do miss that a bit #speirgorm #coybig #ireland",at://did:plc:cibhaok4stlsmttbluik6hqz/app.bsky.feed.post/3m5sy3vnphs24
at://did:plc:rd67s5mrnrwg5bqhvzft2kgv/app.bsky.feed.post/3m5sxjozagc27,sellybeth.bsky.social,"This is a long shot, but I'm in Limerick regional hospital with my mum and she'd be a lot more comfortable with an electric fan but the hospital doesn't have one to spare. Would anybody out there have one I could borrow?

#SpéirGhorm #SpéirGorm",at://did:plc:rd67s5mrnrwg5bqhvzft2kgv/app.bsky.feed.post/3m5sxjozagc27
at://did:plc:4pxxjie2356nqxd3cwf6hbpk/app.bsky.feed.post/3m5sxjf7oak2b,ciaraioch.bsky.social,First of the season ❄️,at://did:plc:4pxxjie2356nqxd3cwf6hbpk/app.bsky.feed.post/3m5sxjf7oak2b
at://did:plc:sgbe5chhemjurynvlymfkeji/app.bsky.feed.post/3m5sxa5gmfs2e,duncanjonesmerrion.bsky.social,A masterpiece of investigative journalism (only slightly undone by excess background cello music) - important stuff for #speirgorm #ireland,at://did:plc:sgbe5chhemjurynvlymfkeji/app.bsky.feed.post/3m5sxa5gmfs2e
at://did:plc:fp3kfdvjyskh74nzp74bwcah/app.bsky.feed.post/3m5suo3evck2b,nordaltsee.bsky.social,"Blessed Troy
#SpeirGorm",at://did:plc:fp3kfdvjyskh74nzp74bwcah/app.bsky.feed.post/3m5suo3evck2b
at://did:plc:zol7j6fzk2vqf6yawnkkg6bi/app.bsky.feed.post/3m5suanjrak2m,playingwithdust.bsky.social,"Anyone travelling into #Waterford this morning, the Cork Rd is still blocked. #speirgorm

www.wlrfm.com/news/gardai-...",at://did:plc:zol7j6fzk2vqf6yawnkkg6bi/app.bsky.feed.post/3m5suanjrak2m
at://did:plc:gjsoejzm7at4syhrvzgizrev/app.bsky.feed.post/3m5spggtp6c2t,ainekeenan.bsky.social,"Every old man I see
Reminds me of my father
When he had fallen
in love with death
One time when 
sheaves were gathered ...

Patrick Kavanagh, 20th century

#Photography #Wisdom #Poetry #SpeirGorm #StreetPhotography #Ireland #India #ImageAndVerse #ArtOfBlueSky #PhotographersOfBlueSky #EastCoastKin",at://did:plc:gjsoejzm7at4syhrvzgizrev/app.bsky.feed.post/3m5spggtp6c2t
at://did:plc:ofmkl4k2ybutv5b3xpmuq36h/app.bsky.feed.post/3m5rtotpfm22r,limerick4inarow.bsky.social,"Every parent has been here 
Our six year old lost his bunny.The actual trauma the poor fella.“I can’t ever do anything without my bunny Daddy” through floods of tears.We rang kid’s town.No sign.Daddy finally found bunny sitting on the lawnmower in the dark.The relief,the tears,the sobbing
#speirgorm",at://did:plc:ofmkl4k2ybutv5b3xpmuq36h/app.bsky.feed.post/3m5rtotpfm22r
at://did:plc:htzrfp3q6p3ht3x7knog6mdd/app.bsky.feed.post/3m5rqd3r5cs23,grainneblair.bsky.social,#Speirgorm #HiddenAssets we all know Sean is a slieveen and a traitor dont we?,at://did:plc:htzrfp3q6p3ht3x7knog6mdd/app.bsky.feed.post/3m5rqd3r5cs23
at://did:plc:ro76qxmd6nel5b5p4262x5eq/app.bsky.feed.post/3m5rpawyxuk27,lokideburca.bsky.social,"Simon Harris and Mikey Martin at home frantically trying to do one single keepie uppie.
#COYIG #Speirgorm #Ireland #football",at://did:plc:ro76qxmd6nel5b5p4262x5eq/app.bsky.feed.post/3m5rpawyxuk27
at://did:plc:6nsn4i44ao5n74hprn6xbkru/app.bsky.feed.post/3m5rllmdqi22k,fcemurphy.bsky.social,"The End

#COYBIG #Speirgorm",at://did:plc:6nsn4i44ao5n74hprn6xbkru/app.bsky.feed.post/3m5rllmdqi22k
at://did:plc:5vb5wk3l3xb5xxphddvyylte/app.bsky.feed.post/3m5rlfeb4os2z,eileen100.bsky.social,Remembering our sister Jennifer Barrett on “World Day of remembrance for road traffic victims”. The car accident happened 49 years ago and we still mourn her loss. We also lost her unborn child that day. PLEASE take care on the roads and always be alert to the unexpected. #speirgorm,at://did:plc:5vb5wk3l3xb5xxphddvyylte/app.bsky.feed.post/3m5rlfeb4os2z
at://did:plc:jhndv2ueuu77qaiw5ivjkhx7/app.bsky.feed.post/3m5rjoobghc24,despod.bsky.social,The tip of The Shard looking like a poker that has been left in a fire for a while. #London #Speirgorm,at://did:plc:jhndv2ueuu77qaiw5ivjkhx7/app.bsky.feed.post/3m5rjoobghc24
at://did:plc:r4hqvnfuc2flfguavyrhcjgg/app.bsky.feed.post/3m5riwj6zkc2y,321kieran.bsky.social,Ollie Cole is here! #NovaGuestlist #Speirgorm,at://did:plc:r4hqvnfuc2flfguavyrhcjgg/app.bsky.feed.post/3m5riwj6zkc2y
at://did:plc:har4i535fc7jres2p3oqsyay/app.bsky.feed.post/3m5rimpsc2x2q,allanartist.bsky.social,In Praise of... All You Need Is Death #film #horror #folkhorror #speirgorm,at://did:plc:har4i535fc7jres2p3oqsyay/app.bsky.feed.post/3m5rimpsc2x2q
at://did:plc:5lhoxk335wwo3ay7vdzkxnjg/app.bsky.feed.post/3m5riejojgc2w,obrienpmark.bsky.social,"What an outburst of joy, of pride.
Ireland are into the play offs for World Cup Qualification. 
Our football team has always had a deep connection to communities all over this island and beyond. Tonight is no different. Young men pulling on the green jersey #COYBIG 1/ 🧵 #Speirgorm",at://did:plc:5lhoxk335wwo3ay7vdzkxnjg/app.bsky.feed.post/3m5riejojgc2w
at://did:plc:v6y63c54iecyzlxp3vrxvwv2/app.bsky.feed.post/3m5ri3ofdic2g,rdisc0mb0bulate.bsky.social,#SpeirGorm,at://did:plc:v6y63c54iecyzlxp3vrxvwv2/app.bsky.feed.post/3m5ri3ofdic2g
at://did:plc:jkgqy6z3shq6puqnt3t4g2to/app.bsky.feed.post/3m5rglbywns2u,thenpw.bsky.social,"Honestly, the whole country must be addicted to Vinted at this stage... #speirgorm",at://did:plc:jkgqy6z3shq6puqnt3t4g2to/app.bsky.feed.post/3m5rglbywns2u
at://did:plc:3q4s2skzpknmpgljqnvf56l5/app.bsky.feed.post/3m5rga2tepk2w,thriftonaut.bsky.social,Welcome to the world all the newborns named Troy! #Speirgorm #Speirghorm,at://did:plc:3q4s2skzpknmpgljqnvf56l5/app.bsky.feed.post/3m5rga2tepk2w
at://did:plc:r4hqvnfuc2flfguavyrhcjgg/app.bsky.feed.post/3m5rfkmpbyc2i,321kieran.bsky.social,"🚨On the #NovaGuestlist this hour:
💽Our Albums with Anniversaries this week are by #TheVelvetUnderground & @jesusandmarychain.bsky.social;
⁉️Are you a fan?
📻LIVE on @radionova100.bsky.social now! #speirgorm",at://did:plc:r4hqvnfuc2flfguavyrhcjgg/app.bsky.feed.post/3m5rfkmpbyc2i
at://did:plc:r4hqvnfuc2flfguavyrhcjgg/app.bsky.feed.post/3m5rfava7p22i,321kieran.bsky.social,"🎪Our Special #NovaGuestlist Gig-of-the-week is by #Sprints in #VicarStreet this Thursday 20th!
🎟️Check out one the most exciting Irish bands as they celebrate their new album All That Is Over! @singularartists.bsky.social #speirgorm",at://did:plc:r4hqvnfuc2flfguavyrhcjgg/app.bsky.feed.post/3m5rfava7p22i
at://did:plc:htzrfp3q6p3ht3x7knog6mdd/app.bsky.feed.post/3m5rdzcqsqk2j,grainneblair.bsky.social,"#Speirgorm  now don’t say anything to hex us. If youse Yanks asked for a bed here for the Golf youse better be sorting beds for us over there too🫣🙈😱😂☘️☘️ Ole, Ole, Ole it’s great for new generation too.",at://did:plc:htzrfp3q6p3ht3x7knog6mdd/app.bsky.feed.post/3m5rdzcqsqk2j
at://did:plc:zol7j6fzk2vqf6yawnkkg6bi/app.bsky.feed.post/3m5rcuoc53k2w,playingwithdust.bsky.social,"The Kelleher-Scales-Parrott combination for the winning goal will forever be known as the ""Cork-Dublin Expressway"". 

#COYBIG #HUNIRL #speirgorm",at://did:plc:zol7j6fzk2vqf6yawnkkg6bi/app.bsky.feed.post/3m5rcuoc53k2w
at://did:plc:r4hqvnfuc2flfguavyrhcjgg/app.bsky.feed.post/3m5rcilfcks2i,321kieran.bsky.social,"🚨On Tonight's WINNING #NovaGuestlist:

💽Classic LPs by @themarychain.bsky.social & #TheVelvets;
🎙️ #OliverCole CoPresent!
🔥NEW #ReallyGT #PCooney & #YeVagabonds;
☘️+ @hamsandwichmusic.bsky.social @affectiontorent.bsky.social;
📻LIVE on @radionova100.bsky.social NOW- What do YOU need to hear? #speirgorm",at://did:plc:r4hqvnfuc2flfguavyrhcjgg/app.bsky.feed.post/3m5rcilfcks2i
at://did:plc:jhndv2ueuu77qaiw5ivjkhx7/app.bsky.feed.post/3m5ravzdun22s,despod.bsky.social,"That's a lot for a bit of sausage. 

#Speirgorm",at://did:plc:jhndv2ueuu77qaiw5ivjkhx7/app.bsky.feed.post/3m5ravzdun22s
at://did:plc:iecysrzsqba4uhev4v7r5py7/app.bsky.feed.post/3m5rasgj7rc26,djwalker.bsky.social,"Toby posing

Rochestown, Cork 🇮🇪 

#photography
#nature
#landscape
#autumn
#EastCoastKin
#spéirgorm
#PhotoHour

🐕 🚶 📷 📱 📸 🌳 🍂 💚🧡🖤",at://did:plc:iecysrzsqba4uhev4v7r5py7/app.bsky.feed.post/3m5rasgj7rc26
at://did:plc:jhndv2ueuu77qaiw5ivjkhx7/app.bsky.feed.post/3m5r7hluxh22c,despod.bsky.social,I can't believe they're letting me drive the DLR. #Speirgorm,at://did:plc:jhndv2ueuu77qaiw5ivjkhx7/app.bsky.feed.post/3m5r7hluxh22c
at://did:plc:qj2uyiugobaynuuqvzjp2v4l/app.bsky.feed.post/3m5r7flbr2k2x,davegildedalm.bsky.social,"#COYBIG #SpeirGorm

youtu.be/0c4v7fp5GC8?...",at://did:plc:qj2uyiugobaynuuqvzjp2v4l/app.bsky.feed.post/3m5r7flbr2k2x
at://did:plc:ofmkl4k2ybutv5b3xpmuq36h/app.bsky.feed.post/3m5r6bmkt3226,limerick4inarow.bsky.social,"Yes.

#speirgorm",at://did:plc:ofmkl4k2ybutv5b3xpmuq36h/app.bsky.feed.post/3m5r6bmkt3226
at://did:plc:v6y63c54iecyzlxp3vrxvwv2/app.bsky.feed.post/3m5r5riabfc2n,rdisc0mb0bulate.bsky.social,"You know you live in rural Ireland when the neighbour’s boyfriend visits her in the tractor! 🤣
#SpeirGorm",at://did:plc:v6y63c54iecyzlxp3vrxvwv2/app.bsky.feed.post/3m5r5riabfc2n
at://did:plc:uwji4l3wzsygaxduowluqmgr/app.bsky.feed.post/3m5r577w6jk2r,sharrow.bsky.social,"Community masonettes used to be a norm. It kept old folk in their communities, going to the same church & bingo, same shops, ment they had family near by, same dr  &  their were support services. 

Most 'working class' areas had them, Finglas, Cabra, Crumlin. #speirgorm",at://did:plc:uwji4l3wzsygaxduowluqmgr/app.bsky.feed.post/3m5r577w6jk2r
at://did:plc:qj2uyiugobaynuuqvzjp2v4l/app.bsky.feed.post/3m5r4sa6plk2x,davegildedalm.bsky.social,"Ok, that’s good
#COYBIG #SpeirGorm",at://did:plc:qj2uyiugobaynuuqvzjp2v4l/app.bsky.feed.post/3m5r4sa6plk2x
at://did:plc:uwji4l3wzsygaxduowluqmgr/app.bsky.feed.post/3m5r4qht5ps2r,sharrow.bsky.social,Heavens forbid they invest in community housing for older folks to move into. #supergluedpockets #Speirgorm,at://did:plc:uwji4l3wzsygaxduowluqmgr/app.bsky.feed.post/3m5r4qht5ps2r
at://did:plc:tydoeo5437tdskrdoptpopcm/app.bsky.feed.post/3m5r4ppugks2l,dermotlynott.bsky.social,"The Siege of Troy takes on new meaning! 
#HUNIRL #speirgorm",at://did:plc:tydoeo5437tdskrdoptpopcm/app.bsky.feed.post/3m5r4ppugks2l
at://did:plc:obekl3dfxbwzhyvhjgbb6ou2/app.bsky.feed.post/3m5r4gqluhc2h,pbeattie.bsky.social,"TROY PARROTT YOU ABSOLUTE RIDE!!!!

🇮🇪🇮🇪🇮🇪🇮🇪🇮🇪
#COYBIG
#SpeirGorm",at://did:plc:obekl3dfxbwzhyvhjgbb6ou2/app.bsky.feed.post/3m5r4gqluhc2h
at://did:plc:z22iojvb45xno3nblfy6fcwg/app.bsky.feed.post/3m5r464i4dk2j,trendtags.bsky.social,"🚀 Trending Now on BlueSky (Last 15 minutes):

#coybig #art #Photography #nsfw #HUNIRL #oc #Nature #poetry #booksky #Ireland #EastCoastKin #furry #gay #speirgorm #섹블 

Trends refresh every 15 minutes.",at://did:plc:z22iojvb45xno3nblfy6fcwg/app.bsky.feed.post/3m5r464i4dk2j
at://did:plc:5izxyvmjl7awzjfptv6d6ane/app.bsky.feed.post/3m5r43g2ff22v,trionac.bsky.social,Troy Parrott so humble as well in post match 🙌🏻  👏🏻 #speirgorm #coybig 🇮🇪,at://did:plc:5izxyvmjl7awzjfptv6d6ane/app.bsky.feed.post/3m5r43g2ff22v
at://did:plc:wpvwcjuhrpr5tjnhy3vp24ly/app.bsky.feed.post/3m5r42x4t5s2d,fhayesmccoy.bsky.social,"#Speirgorm #Spéirghorm hive mind shoutout. 

Is ""bang to rights"" an expression you'd hear these days in Ireland?

All reposts/responses appreciated
Thanks",at://did:plc:wpvwcjuhrpr5tjnhy3vp24ly/app.bsky.feed.post/3m5r42x4t5s2d
at://did:plc:bfgylvtnfvzomjbpv7wetcq3/app.bsky.feed.post/3m5r424zmls2o,regcoppinger.bsky.social,Awww that Troy Parrott interview. So emotional!  Fabulous. Billys Boots / Roy of the Rovers stuff  #SpeirGorm #HUNIRL,at://did:plc:bfgylvtnfvzomjbpv7wetcq3/app.bsky.feed.post/3m5r424zmls2o
at://did:plc:qj2uyiugobaynuuqvzjp2v4l/app.bsky.feed.post/3m5r3qeoazs2x,davegildedalm.bsky.social,"OM fuckinGod 🦜🦜🦜⚽️⚽️⚽️

#COYBIG #SpeirGorm

youtu.be/SXZ_2MnnrQQ?...",at://did:plc:qj2uyiugobaynuuqvzjp2v4l/app.bsky.feed.post/3m5r3qeoazs2x
at://did:plc:wjnzr7ir5xhc6wrxtef7nyhx/app.bsky.feed.post/3m5r3px6qgs23,wizball50.bsky.social,"SCENES! Ireland get the win in the 6th minute of injury time. A wonderful end to an incredibly exciting game of football. Time for another drink! 

#COYBIG ✊ 

#redsky #speirgorm #HUNIRE",at://did:plc:wjnzr7ir5xhc6wrxtef7nyhx/app.bsky.feed.post/3m5r3px6qgs23
at://did:plc:5izxyvmjl7awzjfptv6d6ane/app.bsky.feed.post/3m5r2yyookk2x,trionac.bsky.social,Has to be at least four minutes added on #coybig #speirgorm,at://did:plc:5izxyvmjl7awzjfptv6d6ane/app.bsky.feed.post/3m5r2yyookk2x
at://did:plc:htzrfp3q6p3ht3x7knog6mdd/app.bsky.feed.post/3m5qvznsnjs24,grainneblair.bsky.social,#Speirgorm im behind the sofa again but listening on radio 🫣☘️,at://did:plc:htzrfp3q6p3ht3x7knog6mdd/app.bsky.feed.post/3m5qvznsnjs24
at://did:plc:5lalgxnyfxas34qyb3u4dp4u/app.bsky.feed.post/3m5qt7m3jqk2s,cjamcmahon.bsky.social,"On the surface of it, neat for Labour to steal SF's clothes for a change. But in reality, 'calling for a timeline' makes  exactly the same mistake that SF have done - asking for a referendum instead of outlining a vision for what would be voted on, or how it would be won #speirgorm",at://did:plc:5lalgxnyfxas34qyb3u4dp4u/app.bsky.feed.post/3m5qt7m3jqk2s
at://did:plc:yvaazb6s3r2qje2i4cvoj7ur/app.bsky.feed.post/3m5qr5prkmc2z,debhruin.bsky.social,"What are your favourite black and white films/movies?

#Speirgorm #blackandwhite #film #movies",at://did:plc:yvaazb6s3r2qje2i4cvoj7ur/app.bsky.feed.post/3m5qr5prkmc2z
at://did:plc:v6y63c54iecyzlxp3vrxvwv2/app.bsky.feed.post/3m5qnwublik2r,rdisc0mb0bulate.bsky.social,"Whoever thought cats need a myriad of toys has never had a cat! 
#SpeirGorm",at://did:plc:v6y63c54iecyzlxp3vrxvwv2/app.bsky.feed.post/3m5qnwublik2r
at://did:plc:iecysrzsqba4uhev4v7r5py7/app.bsky.feed.post/3m5qmefmr5k2c,djwalker.bsky.social,"Blackrock Passage Greenway, Cork 🇮🇪 

#photography
#nature
#landscape
#autumn
#EastCoastKin
#spéirgorm
#PhotoHour

🐕 🚶 📷 📱 📸 🌳 🍂 💚🧡🖤",at://did:plc:iecysrzsqba4uhev4v7r5py7/app.bsky.feed.post/3m5qmefmr5k2c
at://did:plc:aozsf6n4ii7kftvlsr2yvfhq/app.bsky.feed.post/3m5qltyi72k2x,orla-hegarty.bsky.social,"📻 Progress Ireland “think tank” spokesperson on RTE Brendan O’Connor speaking up for sub-standard dark, shoebox housing, but “not de-regulation” 🙄

Background to funding investigated by @dublininquirer.com  #Speirgorm #Housing #Planning www.dublininquirer.com/with-progres...",at://did:plc:aozsf6n4ii7kftvlsr2yvfhq/app.bsky.feed.post/3m5qltyi72k2x
at://did:plc:owtiovxdlxm4bp4hgnihapfe/app.bsky.feed.post/3m5qgavbr2k2b,martinamorrow.bsky.social,How bad of a car accident is it if Gardai still haven’t confirmed the number dead after 12/13 hours? Back road route into town and the right time for families coming home from the big Frostival celebration in Dundalk. #speirgorm,at://did:plc:owtiovxdlxm4bp4hgnihapfe/app.bsky.feed.post/3m5qgavbr2k2b
at://did:plc:gjsoejzm7at4syhrvzgizrev/app.bsky.feed.post/3m5q3ngnsv22k,ainekeenan.bsky.social,"Flying the flag for #SpeirGorm, Kate. Love the diversity of your timeline 💞",at://did:plc:gjsoejzm7at4syhrvzgizrev/app.bsky.feed.post/3m5q3ngnsv22k
at://did:plc:gjsoejzm7at4syhrvzgizrev/app.bsky.feed.post/3m5pzsfy42c2k,ainekeenan.bsky.social,"No, you can't always get what you want
You can't always get what you want
You can't always get what you want
But if you try sometime you'll find
You get what you need

Rolling Stones, 20th century

#Photography #SpeirGorm #Stunday #ImageAndVerse #ArtOfBlueSky #PhotographersOfBlueSky #EastCoastKin",at://did:plc:gjsoejzm7at4syhrvzgizrev/app.bsky.feed.post/3m5pzsfy42c2k
at://did:plc:v6y63c54iecyzlxp3vrxvwv2/app.bsky.feed.post/3m5pyhw7hqs2s,rdisc0mb0bulate.bsky.social,"So… Anyway.. 

I’m awake! 

5.30am.. 🙄😭😴
#SpeirGorm",at://did:plc:v6y63c54iecyzlxp3vrxvwv2/app.bsky.feed.post/3m5pyhw7hqs2s
at://did:plc:xp52mnw3lcywewz2sqox2awz/app.bsky.feed.post/3m5pnwc5yy224,oliviachau.bsky.social,There has to be some kind of study done about Irish people’s obsession with Maniac 2000! #speirgorm,at://did:plc:xp52mnw3lcywewz2sqox2awz/app.bsky.feed.post/3m5pnwc5yy224
at://did:plc:lip4dl5jnz4ecweejdb32axw/app.bsky.feed.post/3m5pku4sf4m2j,filmcriticmaybe.bsky.social,"It was named after a county in Ireland and that's about as much details as my shitty memory can give if you wanna try to hunt this down or like remind me

Calling #speirgorm for the save here",at://did:plc:lip4dl5jnz4ecweejdb32axw/app.bsky.feed.post/3m5pku4sf4m2j
at://did:plc:nigs7kco6eoaxc5aiimsaxc3/app.bsky.feed.post/3m5pdn37b6c2t,helendublin.bsky.social,Sorry you lost your friend. It's fucked up. I've fam gone down rabbit holes. I feel I see it on speirgorm where we all get on because we're Irish but there's some people who deserve to be ostracized,at://did:plc:nigs7kco6eoaxc5aiimsaxc3/app.bsky.feed.post/3m5pdn37b6c2t
at://did:plc:v6y63c54iecyzlxp3vrxvwv2/app.bsky.feed.post/3m5p6mjnuh22n,rdisc0mb0bulate.bsky.social,"Are you awake?. It is time for second breakfast!! 

I love her to bits but she had had me awake since 4am already. This was about 7am
(sound up) 
#SpeirGorm
#PhoebeCat
#Caturday",at://did:plc:v6y63c54iecyzlxp3vrxvwv2/app.bsky.feed.post/3m5p6mjnuh22n
at://did:plc:bfgylvtnfvzomjbpv7wetcq3/app.bsky.feed.post/3m5p53awl4c2s,regcoppinger.bsky.social,Jaysis. Winter is coming. #SpeirGorm,at://did:plc:bfgylvtnfvzomjbpv7wetcq3/app.bsky.feed.post/3m5p53awl4c2s
at://did:plc:7czbhyt6vmlibzjk2md3ds36/app.bsky.feed.post/3m5p2itqers2h,slated.ie,"Will I let you in on a little secret?

My Granddad worked for Irish Lights, and he brought me to Ballycotton as a small child to the Lightouse, I was fascinated.

We may need to expand  the SLATED Landmark Collection, more Lighthouses.

#SLATED 

#Lighthouse

#speirgorm 

#boycottamazon

Slated.ie",at://did:plc:7czbhyt6vmlibzjk2md3ds36/app.bsky.feed.post/3m5p2itqers2h
at://did:plc:eweyharmeuf3er35ejhbjp4o/app.bsky.feed.post/3m5oxw777vk2t,frankoconnor.bsky.social,"Well done to you & Martin

Some achievement, keep up the great work

Thanks from me & @judesherry.bsky.social  🙏

#podcasts #speirgorm #TortoiseShack",at://did:plc:eweyharmeuf3er35ejhbjp4o/app.bsky.feed.post/3m5oxw777vk2t
at://did:plc:nigs7kco6eoaxc5aiimsaxc3/app.bsky.feed.post/3m5ow2r3ffc2k,helendublin.bsky.social,Ireland still treats girls and women like this 👇 people can keep their pregnancies secret and then after the denial/secrecy need to come forward and need care later. It also saves lives. Damnit. 12 weeks 😐 #speirgorm #abortion,at://did:plc:nigs7kco6eoaxc5aiimsaxc3/app.bsky.feed.post/3m5ow2r3ffc2k
at://did:plc:nigs7kco6eoaxc5aiimsaxc3/app.bsky.feed.post/3m5otajw6cs2k,helendublin.bsky.social,Wild and wooly broke my heart. If you're emotionally constipated like I am and need to connect 🐘 🐑 animals are wonderful. People are alright too 🫠 #speirgorm youtu.be/3Qt833YiJRc?...,at://did:plc:nigs7kco6eoaxc5aiimsaxc3/app.bsky.feed.post/3m5otajw6cs2k
at://did:plc:wxo5kyy2uno2lm2sty2kva6e/app.bsky.feed.post/3m5orwc7umk2t,spillanemike.com,"Guess the pub.... 
#speirgorm",at://did:plc:wxo5kyy2uno2lm2sty2kva6e/app.bsky.feed.post/3m5orwc7umk2t
at://did:plc:r7oxqtkfjczoyxqtrraaxt5b/app.bsky.feed.post/3m5oqozuisk2p,alanmccarthy.bsky.social,"Here’s extra shots of the remarkable red colour of the Aurora Borealis / Northern Lights over Courtmacsherry in West Cork , Ireland on 12/11/2025 during that that G4/G5 Storm!! 🥰📸🌌💥🌊✨❤️ #aurora #astronomy #photo #photography #photographer #bluesky #blueskyart #speirgorm #art #nature #weather #colours",at://did:plc:r7oxqtkfjczoyxqtrraaxt5b/app.bsky.feed.post/3m5oqozuisk2p
at://did:plc:uwji4l3wzsygaxduowluqmgr/app.bsky.feed.post/3m5opziims22o,sharrow.bsky.social,"Cos that will not encourage breakins esp in the run up to xmas.

www.thejournal.ie/households-c...

#Speirgorm",at://did:plc:uwji4l3wzsygaxduowluqmgr/app.bsky.feed.post/3m5opziims22o
at://did:plc:v6y63c54iecyzlxp3vrxvwv2/app.bsky.feed.post/3m5oo7w4cas27,rdisc0mb0bulate.bsky.social,"Great sale on the rugs in Dunelm ( previously Home Focus ) 
#SpeirGorm",at://did:plc:v6y63c54iecyzlxp3vrxvwv2/app.bsky.feed.post/3m5oo7w4cas27
at://did:plc:lkecyegdenwtb5eonbfr3ica/app.bsky.feed.post/3m5omwx6shk2i,mojonaut.bsky.social,"Queuing up in Lidl Castleblayney, my local, a short time ago and I knocked two bottles of Gordon’s gin off their precariously balanced cardboard display so, yeah… can’t go there any more. #spéirgorm",at://did:plc:lkecyegdenwtb5eonbfr3ica/app.bsky.feed.post/3m5omwx6shk2i
at://did:plc:wk4vbtn77njhk4mlohgewj2m/app.bsky.feed.post/3m5okk7mz7c2h,caroleducky.bsky.social,"#MissingChild #Greystones #Wicklow #Ireland
#SpeirGorm",at://did:plc:wk4vbtn77njhk4mlohgewj2m/app.bsky.feed.post/3m5okk7mz7c2h
at://did:plc:b5yxc2nhcgrbtu3twvlg3i7a/app.bsky.feed.post/3m5oial4hxk2g,siobhanmcelduff.bsky.social,"""no one leaves home unless
home is the mouth of a shark
you only run for the border
when you see the whole city running as well""

 - Warsaw Shire

#spéirghorm #speirgorm",at://did:plc:b5yxc2nhcgrbtu3twvlg3i7a/app.bsky.feed.post/3m5oial4hxk2g
at://did:plc:culqpcpwzgdmcpwdfwmul34h/app.bsky.feed.post/3m5ohpaui7c22,eoinmcunningham.bsky.social,"Driving around Ireland has taught me one important thing: somebody in Sligo worked really hard to make every road sign in the country tell you the way to Sligo.
#speirgorm",at://did:plc:culqpcpwzgdmcpwdfwmul34h/app.bsky.feed.post/3m5ohpaui7c22
at://did:plc:ouza3jsycl2aszfc3xtodbfe/app.bsky.feed.post/3m5ohhnorkk22,dermotcasey.bsky.social,A golden chalice (replica of the ardagh chalice) and a bowlful of golden individually handmade shamrock for Paddys day it is then…. #speirgorm,at://did:plc:ouza3jsycl2aszfc3xtodbfe/app.bsky.feed.post/3m5ohhnorkk22
at://did:plc:v6y63c54iecyzlxp3vrxvwv2/app.bsky.feed.post/3m5ocoaqcxc2l,rdisc0mb0bulate.bsky.social,"The Slaney has burst its banks! 
#SpeirGorm",at://did:plc:v6y63c54iecyzlxp3vrxvwv2/app.bsky.feed.post/3m5ocoaqcxc2l
at://did:plc:siclj5jstt2xodsn7epgnqld/app.bsky.feed.post/3m5oaz3ebxs2y,robosullivan.bsky.social,One of the biggest factors dissuading me from ever running for political office is the apparent requirement to pay attention to political pundits in establishment media #spéirgorm,at://did:plc:siclj5jstt2xodsn7epgnqld/app.bsky.feed.post/3m5oaz3ebxs2y
at://did:plc:imdb5lnqdvuployv2wxfgdms/app.bsky.feed.post/3m5oa6gdc2s22,darylfeehely.com,"""I don't accept the concept of a delay"" says MM.

Well that explains a lot about gov delivery of **gestures at everything** over the last decade.

#IrishPol #Speirgorm",at://did:plc:imdb5lnqdvuployv2wxfgdms/app.bsky.feed.post/3m5oa6gdc2s22
at://did:plc:e2vdb3yylfvzgvlo3fi5mrkf/app.bsky.feed.post/3m5o7thwfks2n,atticuspeirgorm.bsky.social,"Labour Party Conference:

Alan Kelly was never a left or centre left politician.

Thank you for coming to my TED talk.

#Irishpol #Speirgorm",at://did:plc:e2vdb3yylfvzgvlo3fi5mrkf/app.bsky.feed.post/3m5o7thwfks2n
at://did:plc:bwri5etslrdnbu6jpqrznf36/app.bsky.feed.post/3m5o6t4qhc22n,tggleeson.bsky.social,The séimhiu and urú are in the main language flow enablers rather than pure grammar (as in meaning grammar) along with the essential grammar (necessary in speech to identify meaning) leathan agus caol pronunciations define the unique sound and flow of the language. 1>> #speirgorm,at://did:plc:bwri5etslrdnbu6jpqrznf36/app.bsky.feed.post/3m5o6t4qhc22n
at://did:plc:5l4vbxai2oe6axwbldoxxves/app.bsky.feed.post/3m5o6gu6xjc2p,quiltomancy.bsky.social,"My new work area. Fabric & sewing stuff in the bookcase, a chair I can sit cross legged in! A view of green things. #speirgorm #maynooth #postgrad",at://did:plc:5l4vbxai2oe6axwbldoxxves/app.bsky.feed.post/3m5o6gu6xjc2p
at://did:plc:sgbe5chhemjurynvlymfkeji/app.bsky.feed.post/3m5o5on4htc2p,duncanjonesmerrion.bsky.social,If everyone in #speirgorm were to buy one plant in a pot and all bring them down on the one day this could be regreened and bee friendly in jig time.,at://did:plc:sgbe5chhemjurynvlymfkeji/app.bsky.feed.post/3m5o5on4htc2p
at://did:plc:tjj7toux5q6m2v7x2unyhznh/app.bsky.feed.post/3m5o3zybng22n,judesherry.bsky.social,"While other cities are removing concrete to create green parks
Cork is removing green parks to create another concrete plaza

Would love to know what the carbon footprint of all this concrete is? 
Not to mention the removal of trees
#PureCork #speirgorm #DerelictIreland #Greenwashing",at://did:plc:tjj7toux5q6m2v7x2unyhznh/app.bsky.feed.post/3m5o3zybng22n
at://did:plc:tjj7toux5q6m2v7x2unyhznh/app.bsky.feed.post/3m5o3zri2jk2n,judesherry.bsky.social,"While other cities are removing concrete to create green parks
Cork is removing green parks to create another concrete plaza

Would love to know what the carbon footprint of all this concrete is? 
Not to mention the removal of trees
#PureCork #speirgorm #DerelictIreland #Greenwashing",at://did:plc:tjj7toux5q6m2v7x2unyhznh/app.bsky.feed.post/3m5o3zri2jk2n
at://did:plc:v6y63c54iecyzlxp3vrxvwv2/app.bsky.feed.post/3m5o3x5k7b22g,rdisc0mb0bulate.bsky.social,"I had 0.0% Bulmers last night and I’m telling you. My head would like to disagree!!! 
#SpeirGorm",at://did:plc:v6y63c54iecyzlxp3vrxvwv2/app.bsky.feed.post/3m5o3x5k7b22g
at://did:plc:tvwagmwteyuzfgkxwsqjvhya/app.bsky.feed.post/3m5o24zah4c22,msmcglencree.bsky.social,"Powerscourt Waterfall after the rain, Sound on for the Roar!
#speirgorm #waterfall #Ireland #Wicklow",at://did:plc:tvwagmwteyuzfgkxwsqjvhya/app.bsky.feed.post/3m5o24zah4c22
at://did:plc:jaghk4rwlrciav5aieckiiit/app.bsky.feed.post/3m5nzvwjdzk2v,andyscollick.bsky.social,"My advice to EU ministers, Commissioners and officials planning on attending #EU Presidency meetings in Ireland between July and December 2026 is..

Unless #Ireland guarantees adequate NATO-standard air #defence cover against Russian drone threats..

DON'T!

🧵 #security #speirgorm #spéirgorm #civmil",at://did:plc:jaghk4rwlrciav5aieckiiit/app.bsky.feed.post/3m5nzvwjdzk2v
at://did:plc:v6y63c54iecyzlxp3vrxvwv2/app.bsky.feed.post/3m5nzi4vwx22d,rdisc0mb0bulate.bsky.social,"Dear #SpeirGorm

If you could kindly share, I would be most grateful. 

Does anybody have first hand experience of the timescale when applying for #CORU #SocialCareWorker registration under Section 38 (Graduates/New Entrants) route.",at://did:plc:v6y63c54iecyzlxp3vrxvwv2/app.bsky.feed.post/3m5nzi4vwx22d
at://did:plc:imdb5lnqdvuployv2wxfgdms/app.bsky.feed.post/3m5nyze5br222,darylfeehely.com,"Disgusting, looks like garden landscaping from 2005.

There are smaller parks in the middle of central London with more green space, natural growth, & less anti homeless architecture.

#Speirgorm",at://did:plc:imdb5lnqdvuployv2wxfgdms/app.bsky.feed.post/3m5nyze5br222
at://did:plc:jaghk4rwlrciav5aieckiiit/app.bsky.feed.post/3m5nymskuuk2d,andyscollick.bsky.social,"Former Attorney General Senator Michael McDowell can raise whatever ""constitutional questions"" he likes, but it makes no difference: EU Presidency events require protection against Russian drone threats (or worse) and the Irish Defence Forces are incapable of providing that. #spéirghorm #spéirgorm",at://did:plc:jaghk4rwlrciav5aieckiiit/app.bsky.feed.post/3m5nymskuuk2d
at://did:plc:223cpcieytdlbmzovhs2ypg2/app.bsky.feed.post/3m5nxtqceec2w,bgormley.bsky.social,Any #speirgorm people interested in the impact of #climate on Iceland - award-winning Icelandic writer and documentary filmmaker @andrimagnason.bsky.social will be speaking in @tudublinsustain.bsky.social on Wednesday! Andri is known for his eulogy to the first glacier lost to climate change. Book 👇,at://did:plc:223cpcieytdlbmzovhs2ypg2/app.bsky.feed.post/3m5nxtqceec2w
at://did:plc:ha74ps5lkn343nud27oem5n2/app.bsky.feed.post/3m5nx4elqyk23,catwranglervik.bsky.social,"The Irish Times this morning answering a question literally no one was asking. 
#speirgorm",at://did:plc:ha74ps5lkn343nud27oem5n2/app.bsky.feed.post/3m5nx4elqyk23
at://did:plc:4pxxjie2356nqxd3cwf6hbpk/app.bsky.feed.post/3m5nwwid2xc2t,ciaraioch.bsky.social,"They're trying to turn Tralee bay into a giant bowl of coddle, you can't convince me otherwise",at://did:plc:4pxxjie2356nqxd3cwf6hbpk/app.bsky.feed.post/3m5nwwid2xc2t
at://did:plc:wzelpzmv2b3oudwhkcpr2s6n/app.bsky.feed.post/3m5nwuixws22x,drmarymcauliffe.bsky.social,I had to give up half way through this raimèis this morning - Maoism/Third worldism infecting the left - our new president is steeped in its rhetoric apparently! I mean is this supposed to be what passes for serious critique in the IT! #speirgorm,at://did:plc:wzelpzmv2b3oudwhkcpr2s6n/app.bsky.feed.post/3m5nwuixws22x
at://did:plc:aozsf6n4ii7kftvlsr2yvfhq/app.bsky.feed.post/3m5nwodqb5s22,orla-hegarty.bsky.social,"“One thing we can say for sure is that failing to deliver will probably aggravate the existing affordability gap” 

DELIVERING the housing plan will aggravate the affordability gap

High priced unaffordable housing & price inflation IS THE PLAN  #Speirgorm #Housing www.irishtimes.com/business/202...",at://did:plc:aozsf6n4ii7kftvlsr2yvfhq/app.bsky.feed.post/3m5nwodqb5s22
at://did:plc:v6y63c54iecyzlxp3vrxvwv2/app.bsky.feed.post/3m5nw4qgnt22d,rdisc0mb0bulate.bsky.social,"I am typing this out because putting it down on words will help me see just how ridiculous it would be to send a text to that person. 

So I say to myself. ‘Ro…. Do NOT text the person who broke your heart into pieces and took you years to get over. 
#SpeirGorm",at://did:plc:v6y63c54iecyzlxp3vrxvwv2/app.bsky.feed.post/3m5nw4qgnt22d
at://did:plc:imdb5lnqdvuployv2wxfgdms/app.bsky.feed.post/3m5nvo7nyzc22,darylfeehely.com,"Regarding the discussion about Irish abroad voting in Presidential elections, I just came across Ireland’s Diaspora Strategy 2020–2025.

In it, they promise to ""Hold a referendum on extending the franchise in presidential elections to citizens resident outside the State""

Maybe in Dec 😂

#Speirgorm",at://did:plc:imdb5lnqdvuployv2wxfgdms/app.bsky.feed.post/3m5nvo7nyzc22
at://did:plc:cfoygrx4clhglmhy6ted7su2/app.bsky.feed.post/3m5nsmfkucs2u,stivvers.bsky.social,"#seafóid1048 15 Samhain
🟩🟩🟩🟩🟩
🟩⭐🟩⬛🟩
🟩🟩🟩🟩🟩
🟩⬛🟩⬛🟩
🟩🟩🟩🟩🟩
Réalta amháin as cúig

#Gaeilge #Cluichí #Seafóid #speirgorm

seafóid.com - seafoid.com",at://did:plc:cfoygrx4clhglmhy6ted7su2/app.bsky.feed.post/3m5nsmfkucs2u
at://did:plc:gjsoejzm7at4syhrvzgizrev/app.bsky.feed.post/3m5ncoivqkc2a,ainekeenan.bsky.social,"Everybody needs good neighbours.
With a little understanding,
You can find the perfect blend.
That's when good neighbours
become good friends.

Barry Crocker, 20th century

#Photography #Poetry #SpeirGorm #StreetPhotography #Caturday #ImageAndVerse #ArtOfBlueSky #PhotographersOfBlueSky #EastCoastKin",at://did:plc:gjsoejzm7at4syhrvzgizrev/app.bsky.feed.post/3m5ncoivqkc2a
at://did:plc:uwji4l3wzsygaxduowluqmgr/app.bsky.feed.post/3m5mwvnyejc2y,sharrow.bsky.social,"Could you image the #Dáil & Seanad being like even 70% women, for 2 decades?

I think #Ireland would be better for it. 

#speirgorm",at://did:plc:uwji4l3wzsygaxduowluqmgr/app.bsky.feed.post/3m5mwvnyejc2y
at://did:plc:wse2xzmb4etf7dpmdodw75lt/app.bsky.feed.post/3m5mpzlm35k2y,jenniferomeara5.bsky.social,"New designs! Ooh! Just in time for gifting. 
#SLATED
#SpeirGorm",at://did:plc:wse2xzmb4etf7dpmdodw75lt/app.bsky.feed.post/3m5mpzlm35k2y
at://did:plc:y37mgxptpzfiljrhqdcmbwzt/app.bsky.feed.post/3m5mg6etens2i,pollygaillimh.bsky.social,#speirgorm,at://did:plc:y37mgxptpzfiljrhqdcmbwzt/app.bsky.feed.post/3m5mg6etens2i
at://did:plc:v6y63c54iecyzlxp3vrxvwv2/app.bsky.feed.post/3m5mehnvpgs24,rdisc0mb0bulate.bsky.social,You’ll need to create a # so #SpeirGorm can follow!,at://did:plc:v6y63c54iecyzlxp3vrxvwv2/app.bsky.feed.post/3m5mehnvpgs24
at://did:plc:jhndv2ueuu77qaiw5ivjkhx7/app.bsky.feed.post/3m5me3rla3f2b,despod.bsky.social,"Interesting to contrast the reactions to the weather guys posts:
Bluesky: that information is already in the warnings.
X: the lizard people want us to die.

#Speirgorm",at://did:plc:jhndv2ueuu77qaiw5ivjkhx7/app.bsky.feed.post/3m5me3rla3f2b
at://did:plc:uwji4l3wzsygaxduowluqmgr/app.bsky.feed.post/3m5mcgq7rn22t,sharrow.bsky.social,"There are many medications which are over the counter in the redt if the EU which are prescription only here.

Changing this will free up GPs.

#speirgorm",at://did:plc:uwji4l3wzsygaxduowluqmgr/app.bsky.feed.post/3m5mcgq7rn22t
at://did:plc:56aoxjem4pjvtqsscuhq223t/app.bsky.feed.post/3m5mc4dehtk2z,rogerokeeffe.bsky.social,"www.instagram.com/reel/DQgTMmX...

#speirgorm These are the most unequivocally Irish accents I've ever heard from Newfoundland.",at://did:plc:56aoxjem4pjvtqsscuhq223t/app.bsky.feed.post/3m5mc4dehtk2z
at://did:plc:v6y63c54iecyzlxp3vrxvwv2/app.bsky.feed.post/3m5mbvkmfqc24,rdisc0mb0bulate.bsky.social,"It’s happening!! 
#SpeirGorm",at://did:plc:v6y63c54iecyzlxp3vrxvwv2/app.bsky.feed.post/3m5mbvkmfqc24
at://did:plc:htzrfp3q6p3ht3x7knog6mdd/app.bsky.feed.post/3m5mbleqdik2w,grainneblair.bsky.social,#Speirgorm,at://did:plc:htzrfp3q6p3ht3x7knog6mdd/app.bsky.feed.post/3m5mbleqdik2w
at://did:plc:v6y63c54iecyzlxp3vrxvwv2/app.bsky.feed.post/3m5m6yol4ls2v,rdisc0mb0bulate.bsky.social,"Not bad at all! 

(No Alcohol November in lieu of Dry January)
#SpeirGorm",at://did:plc:v6y63c54iecyzlxp3vrxvwv2/app.bsky.feed.post/3m5m6yol4ls2v
at://did:plc:v6y63c54iecyzlxp3vrxvwv2/app.bsky.feed.post/3m5m34qt3v22w,rdisc0mb0bulate.bsky.social,"Took an early afternoon on account of that dreadful weather. Shopping done, children spared the ordeal of having to wait an hour for the school bus. 

Home and already in PJs with the fire lighting! 

#SpeirGorm",at://did:plc:v6y63c54iecyzlxp3vrxvwv2/app.bsky.feed.post/3m5m34qt3v22w
at://did:plc:dwzlhfisxytmrluhpl2dvypt/app.bsky.feed.post/3m5m2vvn6l22r,niamhroisin.bsky.social,A 17-post thread for you all :) I think I will just try to write my book on Bluesky posts!! #speirgorm,at://did:plc:dwzlhfisxytmrluhpl2dvypt/app.bsky.feed.post/3m5m2vvn6l22r
at://did:plc:vjfdasv4ih34nmfxkit4obeo/app.bsky.feed.post/3m5lysb464226,jhshelley.bsky.social,"#Speirgorm

So if the Pro-Cathederal is no longer.
Does that imply there'll soon be a continuity-Cathedral whilst people look back on the Old-Cathedral ? 

Drama in church ⛪",at://did:plc:vjfdasv4ih34nmfxkit4obeo/app.bsky.feed.post/3m5lysb464226
at://did:plc:aozsf6n4ii7kftvlsr2yvfhq/app.bsky.feed.post/3m5lxmagk4s2w,orla-hegarty.bsky.social,"“as incomes catch up, houses will become more affordable” - TCD Economist Barra Roantree on RTE Primetime 

..I’m not an economist, but wanting wage inflation in order to put more money into housing, & damaging Ireland’s competitiveness in the process? Very high risk & very unnecessary  #Speirgorm",at://did:plc:aozsf6n4ii7kftvlsr2yvfhq/app.bsky.feed.post/3m5lxmagk4s2w
at://did:plc:jxo3eqeeh3kxphirpaqlbnaq/app.bsky.feed.post/3m5lvzk55mc2j,hazelklarkin.bsky.social,"It's desperate, isn't it? I'm so grateful to have a roof over my head and a warm home. #SpéirGorm #WhatTheFluich #SpéirLiath",at://did:plc:jxo3eqeeh3kxphirpaqlbnaq/app.bsky.feed.post/3m5lvzk55mc2j
at://did:plc:jl6cn5yuzpi4tj5vfl7ysfrm/app.bsky.feed.post/3m5luknfqlk2b,shazbear.bsky.social,"Wtf is it with electric prices here? 😡My latest bill just gave me horrible nostalgia of Pandemic prices. It's €50 a month more for the same amount of usage & in tiny print it says ""Due to wholesale energy & network price charges, we've regrettably increased our elec prices from 12 Oct"" #SpeirGorm ⚡",at://did:plc:jl6cn5yuzpi4tj5vfl7ysfrm/app.bsky.feed.post/3m5luknfqlk2b
at://did:plc:swknwdgyvbkrbda6fdhhwefj/app.bsky.feed.post/3m5lufomrrc2x,electionlit.bsky.social,Might be of help today..  #speirgorm,at://did:plc:swknwdgyvbkrbda6fdhhwefj/app.bsky.feed.post/3m5lufomrrc2x
at://did:plc:bzjctancupmf6cbk3eazuenz/app.bsky.feed.post/3m5ltpxgfy22y,rebelalliance77.bsky.social,Is there a reason we can’t just have Christchurch back? It was a Catholic cathedral from the foundation stone up and for hundreds of years&taken over during the reformation under severely dubious circumstances. Surely if we just asked them nicely? I mean they took St Patrick’s too like #Speirgorm,at://did:plc:bzjctancupmf6cbk3eazuenz/app.bsky.feed.post/3m5ltpxgfy22y
at://did:plc:rj54e4tn2c5l6kmuqotuahuv/app.bsky.feed.post/3m5ls32dld22i,pnamblath.bsky.social,"🌧️🌧️🌧️🌂 More on the way #báisteach
#speirgorm
youtu.be/lRmJZIQfjbo?...",at://did:plc:rj54e4tn2c5l6kmuqotuahuv/app.bsky.feed.post/3m5ls32dld22i
at://did:plc:r4hqvnfuc2flfguavyrhcjgg/app.bsky.feed.post/3m5lrnpeuc22h,321kieran.bsky.social,"📢Listen back NOW to Dublin's #AnamoeDrive all about their great new album!

🎧Also check out great chats with @maykay.bsky.social , #Cabl & @davidsanclair.bsky.social, @niallbreslin.bsky.social, @asmythmusic.bsky.social. @richiejape.bsky.social, & more!

▶️ www.nova.ie/podcast/the-... #Speirgorm",at://did:plc:r4hqvnfuc2flfguavyrhcjgg/app.bsky.feed.post/3m5lrnpeuc22h
at://did:plc:fs625ovzqs2tosutroj2lfvz/app.bsky.feed.post/3m5lqps73x22q,susangriff.bsky.social,"Today is the *first anniversary* of me joining Bluesky.🎉 My first post on 14th Nov '24 was a pic of my ""smiley"" doggo, and me saying ""happy to be here"". I'm still happy to be here, and thankful for the communities discovered (special mention : #speirgorm), and for all the interactions along the way.",at://did:plc:fs625ovzqs2tosutroj2lfvz/app.bsky.feed.post/3m5lqps73x22q
at://did:plc:wse2xzmb4etf7dpmdodw75lt/app.bsky.feed.post/3m5lqdwzjjs2u,jenniferomeara5.bsky.social,"Am I reading this right? He gave her an injection of what was basically sugar and told her it would cure arthritis???
People who are in pain are desperate for relief. People like him are just desperate to get our money. 
#SpeirGorm",at://did:plc:wse2xzmb4etf7dpmdodw75lt/app.bsky.feed.post/3m5lqdwzjjs2u
at://did:plc:wk4vbtn77njhk4mlohgewj2m/app.bsky.feed.post/3m5lpmeycrc2n,caroleducky.bsky.social,"‘Open verdict returned in death of woman (83) who used alternative medicine.’

JFC! All that is wrong with ‘natural practitioners’ in one tragic example. 🤬 
jrnl.ie/6874449

#SpeirGorm",at://did:plc:wk4vbtn77njhk4mlohgewj2m/app.bsky.feed.post/3m5lpmeycrc2n
at://did:plc:bjovrbtmnlckoh6vaalnqjzi/app.bsky.feed.post/3m5lolhiock2u,lisagrimm.com,"Some painting happening at The Auld Triangle - odd to see it without the mural. Would imagine a new one will appear in due course.

#SpeirGorm",at://did:plc:bjovrbtmnlckoh6vaalnqjzi/app.bsky.feed.post/3m5lolhiock2u
at://did:plc:il65euvovepysgitnnxtyghe/app.bsky.feed.post/3m5lnpefjkc2q,claireissimo.bsky.social,#TicketFairy #SpeirGorm #SpéirGhorm,at://did:plc:il65euvovepysgitnnxtyghe/app.bsky.feed.post/3m5lnpefjkc2q
at://did:plc:kdfjolyplxr4ope2ssfuosck/app.bsky.feed.post/3m5llzr3sts2y,eointf.bsky.social,Seems like the trimmings on the RadWagon cargo bike were perhaps not designed with the Irish climate in mind. #bikesky #speirgorm,at://did:plc:kdfjolyplxr4ope2ssfuosck/app.bsky.feed.post/3m5llzr3sts2y
at://did:plc:fp3kfdvjyskh74nzp74bwcah/app.bsky.feed.post/3m5let2sxoc2f,nordaltsee.bsky.social,Soundabout - I love it #SpeirGorm,at://did:plc:fp3kfdvjyskh74nzp74bwcah/app.bsky.feed.post/3m5let2sxoc2f
at://did:plc:cfoygrx4clhglmhy6ted7su2/app.bsky.feed.post/3m5lbhahmlk25,stivvers.bsky.social,"#seafóid1047 14 Samhain
🟩🟩🟩🟩🟩
🟩⬛🟩⬛🟩
🟩🟩🟩⬜🟩
🟩⬛⬜⬛⬜
🟩🟩🟩🟩🟩
Teip ann inniu 😤

#Gaeilge #Cluichí #Seafóid #speirgorm 

seafóid.com - seafoid.com",at://did:plc:cfoygrx4clhglmhy6ted7su2/app.bsky.feed.post/3m5lbhahmlk25
at://did:plc:ro76qxmd6nel5b5p4262x5eq/app.bsky.feed.post/3m5l3xjmycs27,lokideburca.bsky.social,"Morning, still can't believe voting for Catherine Connolly would end in a 2-0 win over Portugal(with added Ronaldo red card bonus) but here we are. 
#Ireland #Speirgorm #football #footie",at://did:plc:ro76qxmd6nel5b5p4262x5eq/app.bsky.feed.post/3m5l3xjmycs27
at://did:plc:v6y63c54iecyzlxp3vrxvwv2/app.bsky.feed.post/3m5l3g3y74c2s,rdisc0mb0bulate.bsky.social,"Good morning, #SpeirGorm

TFIF!",at://did:plc:v6y63c54iecyzlxp3vrxvwv2/app.bsky.feed.post/3m5l3g3y74c2s
at://did:plc:gjsoejzm7at4syhrvzgizrev/app.bsky.feed.post/3m5kzajd7fs2v,ainekeenan.bsky.social,"Ya douse an souse
Ya rub and scrub
Ya sputter and splash
all over the tub
You may be cold and wet
when you're done
But ya gotta admit
it's good clean fun

Snow White, 20th century

#Photography #Poetry #SpeirGorm #StreetPhotography #ImageAndVerse #ArtOfBlueSky #PhotographersOfBlueSky #EastCoastKin",at://did:plc:gjsoejzm7at4syhrvzgizrev/app.bsky.feed.post/3m5kzajd7fs2v
at://did:plc:wse2xzmb4etf7dpmdodw75lt/app.bsky.feed.post/3m5kngfkckk2s,jenniferomeara5.bsky.social,"The flights to Hungary just got VERY expensive. 
#SpeirGorm",at://did:plc:wse2xzmb4etf7dpmdodw75lt/app.bsky.feed.post/3m5kngfkckk2s
at://did:plc:367j7vu5r3gmfjoecplnrhvb/app.bsky.feed.post/3m5kalsayrc2z,mairenimhordha.bsky.social,"On a day that saw our govt publish a housing strategy with no targets, benefiting business interests, CATU Meath were out knocking on doors talking to people about housing issues. We are all stronger together, and when we work together we can do so much than on our own.  
catuireland.org #spéirgorm",at://did:plc:367j7vu5r3gmfjoecplnrhvb/app.bsky.feed.post/3m5kalsayrc2z
at://did:plc:aa5wpvxhuwxxznbdy4rsay2e/app.bsky.feed.post/3m5k7y2b5ok2m,elaineedwards.bsky.social,"In the year of our lord 2025, a hotel does not have any sockets beside the bed #Speirgorm",at://did:plc:aa5wpvxhuwxxznbdy4rsay2e/app.bsky.feed.post/3m5k7y2b5ok2m
at://did:plc:k2qphz4i7ioibek2iaqmdwwi/app.bsky.feed.post/3m5k7rny45223,bikesnbukes.bsky.social,"Too many American folk in my feed tonight and not enough exultant Irish nonsense. We should really follow the lead of  @rude1.blacksky.team and develop a  #speirgorm community.  Curated feeds only get you so far. And by all accounts, the tools Blacksky developed do help a healthy online community.",at://did:plc:k2qphz4i7ioibek2iaqmdwwi/app.bsky.feed.post/3m5k7rny45223
at://did:plc:6nsn4i44ao5n74hprn6xbkru/app.bsky.feed.post/3m5k6osnrcs25,fcemurphy.bsky.social,"Live reporting from Lansdowne Rd

#COYBIG #Speirgorm #coybig #Ireland",at://did:plc:6nsn4i44ao5n74hprn6xbkru/app.bsky.feed.post/3m5k6osnrcs25
at://did:plc:pdendcplixw4gxmn7ubv3dnd/app.bsky.feed.post/3m5k53sj7tk2y,meltyshirts.com,"Win the 2026 World Cup you say? 🤔

☘️ #IREPOR #COYBIG #Speirgorm",at://did:plc:pdendcplixw4gxmn7ubv3dnd/app.bsky.feed.post/3m5k53sj7tk2y
at://did:plc:wjnzr7ir5xhc6wrxtef7nyhx/app.bsky.feed.post/3m5k4w6m6as2k,wizball50.bsky.social,"A sensational, famous, folklore-entering win for Ireland tonight: two goals for Parrott, a clean sheet for Kelleher and a red card for Ronaldo. I'll drink to that! 

#COYBIG ✊ 

#IREPOR #Redsky #speirgorm",at://did:plc:wjnzr7ir5xhc6wrxtef7nyhx/app.bsky.feed.post/3m5k4w6m6as2k
at://did:plc:ro76qxmd6nel5b5p4262x5eq/app.bsky.feed.post/3m5k3pez4p22c,lokideburca.bsky.social,"Lookit...I'm just sayin...just doesn't feel like a coincidence is all.
#COYBIG #Ireland #Leftie #Speirgorm #VoteLeft",at://did:plc:ro76qxmd6nel5b5p4262x5eq/app.bsky.feed.post/3m5k3pez4p22c
at://did:plc:dui7zffzvyy7fhoms4c6jzz3/app.bsky.feed.post/3m5k2nhb25k23,patchotoole.bsky.social,"Holy moly, feels like he's been around longer than Coleman. #SpeirGorm",at://did:plc:dui7zffzvyy7fhoms4c6jzz3/app.bsky.feed.post/3m5k2nhb25k23
at://did:plc:fs625ovzqs2tosutroj2lfvz/app.bsky.feed.post/3m5k24awaas2l,susangriff.bsky.social,"It is a nice emoji, 🦜,  isn't it?! Irish Bluesky (#speirgorm) at the moment is like Hitchcock's ""The Birds"" there's so many 🦜 🦜 😄 #coybig 💚 The boy Troy! 💚
Massive 45 minutes to come 🤞🏿",at://did:plc:fs625ovzqs2tosutroj2lfvz/app.bsky.feed.post/3m5k24awaas2l
at://did:plc:bzjctancupmf6cbk3eazuenz/app.bsky.feed.post/3m5jzfz7wvs2i,rebelalliance77.bsky.social,"If this scoreboard stays the same how does the maths work? 

Do we qualify? 
Anyone know? 

#Speirgorm",at://did:plc:bzjctancupmf6cbk3eazuenz/app.bsky.feed.post/3m5jzfz7wvs2i
at://did:plc:bzjctancupmf6cbk3eazuenz/app.bsky.feed.post/3m5jzaoicxs2i,rebelalliance77.bsky.social,"We’re ALL goin the credit union in the morning!! 
🇮🇪🇮🇪🇮🇪
#IREPOR
#Oleoleoleole
#Speirgorm",at://did:plc:bzjctancupmf6cbk3eazuenz/app.bsky.feed.post/3m5jzaoicxs2i
at://did:plc:ymhebkmh56zigyqiomogsupn/app.bsky.feed.post/3m5jus7cbls2f,taesaveslives.bsky.social,"Cool beans. My milk price has fallen by 4c/l this month (Oct - we get paid in arrears).
For context that's a fall of 10% to price paid to farmers.
For context last October I got paid 11c/l more or 25%.
And in October 2023 it was 4c/l less than today.
It ain't the farmers profiting here #speirgorm",at://did:plc:ymhebkmh56zigyqiomogsupn/app.bsky.feed.post/3m5jus7cbls2f
at://did:plc:jhndv2ueuu77qaiw5ivjkhx7/app.bsky.feed.post/3m5jtjbnzyl2b,despod.bsky.social,"The discourse pendulum has moved to Met Éireann not issuing enough warnings. Made by the same people who complained about warnings and ""sure didn't it rain a lot back in 1974 and nobody died (other than the ones who did) ?"".

Thankfully the fearless amateurs are taking up the slack.

#Speirgorm",at://did:plc:jhndv2ueuu77qaiw5ivjkhx7/app.bsky.feed.post/3m5jtjbnzyl2b
at://did:plc:b5yxc2nhcgrbtu3twvlg3i7a/app.bsky.feed.post/3m5jsbhzwsk2f,siobhanmcelduff.bsky.social,"Thr Brits are at it again. US edition.

#spéirghorm #speirgorm",at://did:plc:b5yxc2nhcgrbtu3twvlg3i7a/app.bsky.feed.post/3m5jsbhzwsk2f
at://did:plc:3mynxmaherbxeaun744qzgmy/app.bsky.feed.post/3m5jjzs65u222,conormolloy.bsky.social,"Marie Donnelly at CCAC and Kevin O'Sullivan call the 🐘out!
(we import and burn €1+m of fossil fuels per hour). 
Irish cars drive 30+% more that EU average 
#SpeirGorm #SUVskam #StopBurningStuff 
www.irishtimes.com/environment/...",at://did:plc:3mynxmaherbxeaun744qzgmy/app.bsky.feed.post/3m5jjzs65u222
at://did:plc:coivdf2u5qxrnlllw73xvoeu/app.bsky.feed.post/3m5jhapi5ec22,angelacoraccio.bsky.social,"Urgent request!!! (not really)

Desperately seeking McIntosh apples literally anywhere in the 32 counties. Please share!
🍎🍏🍎🍏🍎🍏🍎🍏
 #speirgorm #spéirgorm #speirghorm #spéirghorm",at://did:plc:coivdf2u5qxrnlllw73xvoeu/app.bsky.feed.post/3m5jhapi5ec22
at://did:plc:siclj5jstt2xodsn7epgnqld/app.bsky.feed.post/3m5jgx3dgfc2c,robosullivan.bsky.social,"Today I realised just how frequently I've been published in the opinion/letters pages of a few papers, while criticising the government, so I'm formally accepting solicitations for a regular column entitled ""Old Man Yells at Clowns"" #spéirgorm",at://did:plc:siclj5jstt2xodsn7epgnqld/app.bsky.feed.post/3m5jgx3dgfc2c
at://did:plc:har4i535fc7jres2p3oqsyay/app.bsky.feed.post/3m5jfwtmwjk2e,allanartist.bsky.social,"Wanna get rid of Covid? Stop counting the cases!
Wanna get rid of the housing crisis? Stop counting the houses! 
#speirgorm",at://did:plc:har4i535fc7jres2p3oqsyay/app.bsky.feed.post/3m5jfwtmwjk2e
at://did:plc:imdb5lnqdvuployv2wxfgdms/app.bsky.feed.post/3m5jf3v62hk25,darylfeehely.com,"It wasn't perfect, but everyone made life work.

This was without organised racism & anti-immigration sentiment.

This was without politicians like Timmy Dooley repeating far right rhetoric & scapegoating migrants for their failures.

They deserve better & so do we.

Up The Banner.

3/3
#Speirgorm",at://did:plc:imdb5lnqdvuployv2wxfgdms/app.bsky.feed.post/3m5jf3v62hk25
at://did:plc:siclj5jstt2xodsn7epgnqld/app.bsky.feed.post/3m5jeezbu6c23,robosullivan.bsky.social,If you're a Sinn Féin member and you wish to ensure the party takes the correct direction at this vital juncture I encourage you to write to them today asking them to be much more careful in their language and policies regarding immigration. Particularly Matt Carthy. Please. #Spéirgorm,at://did:plc:siclj5jstt2xodsn7epgnqld/app.bsky.feed.post/3m5jeezbu6c23
at://did:plc:siclj5jstt2xodsn7epgnqld/app.bsky.feed.post/3m5jcottt5s23,robosullivan.bsky.social,"My letter in today's Clare Champion calling out the xenophobic dog-whistling from our local TD, Timmy Dooley, as well as Sinn Féin's Matt Carthy. 
Immigrants are not the reason I've struggled to retain housing or buy my own home - Government policies are. Landlords like Timmy Dooley are. #Spéirgorm",at://did:plc:siclj5jstt2xodsn7epgnqld/app.bsky.feed.post/3m5jcottt5s23
at://did:plc:b7xzcpmgtzognluekh27dffl/app.bsky.feed.post/3m5j7ilfqnc2i,orlanimh.bsky.social,"Yesterday we launched our National Centre for Inclusive Higher Education at Maynooth University! Our key note Professor Penny Jane Burke is an inspiration, as is our director Professor Katriona O'Sullivan! Mercy College choir provided some uplifting music for us. #MaynoothUniversity #SpeirGorm",at://did:plc:b7xzcpmgtzognluekh27dffl/app.bsky.feed.post/3m5j7ilfqnc2i
at://did:plc:imdb5lnqdvuployv2wxfgdms/app.bsky.feed.post/3m5j5rnd77c2m,darylfeehely.com,"What gets measured gets managed...ah, ok.

#IrishPol #Speirgorm",at://did:plc:imdb5lnqdvuployv2wxfgdms/app.bsky.feed.post/3m5j5rnd77c2m
at://did:plc:3om2rrmtkdq2qsqjzibiaooo/app.bsky.feed.post/3m5j5diydvc2y,trasinscneach.bsky.social,Might be if interest. Got a response from the department of health today about trans healthcare in Ireland. Apparently the community correspondence has been already done #SpéirGorm #trans #ireland,at://did:plc:3om2rrmtkdq2qsqjzibiaooo/app.bsky.feed.post/3m5j5diydvc2y
at://did:plc:73huo7yhxqkafs2xyr36hqt6/app.bsky.feed.post/3m5j52yksxc24,sarahskeeter.bsky.social,"Left-wing activists moving towards the far-right is a non-negligible thing, but I do want us all to remember that Sinn Féin is primarily a nationalist party, not a left-wing party and lots of its members (and even spokespeople) are not left-wing. At all.
#spéirgorm",at://did:plc:73huo7yhxqkafs2xyr36hqt6/app.bsky.feed.post/3m5j52yksxc24
at://did:plc:6nsn4i44ao5n74hprn6xbkru/app.bsky.feed.post/3m5j4fywurc2p,fcemurphy.bsky.social,This is so beautifully written and very relatable #speirgorm,at://did:plc:6nsn4i44ao5n74hprn6xbkru/app.bsky.feed.post/3m5j4fywurc2p
at://did:plc:siclj5jstt2xodsn7epgnqld/app.bsky.feed.post/3m5iyqtqows23,robosullivan.bsky.social,"Back in March I wrote about Minister Browne's aversion to targets. Unfortunately it remains relevant today. Specific, measurable, achievable, relevant and timely targets are ESSENTIAL to any goal. A plan without these elements is just a gamble #spéirgorm
www.irishexaminer.com/opinion/your...",at://did:plc:siclj5jstt2xodsn7epgnqld/app.bsky.feed.post/3m5iyqtqows23
at://did:plc:ob2jyuguq3mum6pmgxrl7ht2/app.bsky.feed.post/3m5iyix65dk2h,flohoward.bsky.social,"Very sad, this poor lady died without any answers about her missing son. #speirgorm #philipcairns",at://did:plc:ob2jyuguq3mum6pmgxrl7ht2/app.bsky.feed.post/3m5iyix65dk2h
at://did:plc:owtiovxdlxm4bp4hgnihapfe/app.bsky.feed.post/3m5iy55w5ms2q,martinamorrow.bsky.social,The Waitrose Christmas Ad is my absolute favourite ever! Joe Wilkinson & Kiera Knightly in a romance - very funny and still nice #speirgorm,at://did:plc:owtiovxdlxm4bp4hgnihapfe/app.bsky.feed.post/3m5iy55w5ms2q
at://did:plc:jaghk4rwlrciav5aieckiiit/app.bsky.feed.post/3m5ixqlx7ek2s,andyscollick.bsky.social,"In #Ireland, the ""Emerald Isle"", we pretend to be green. We trade on that image. Just ask a tourist. In reality, we continue to pollute the atmosphere and change the climate more than our fair share. All for greed and profit. We are anything but ""neutral"". We are hypocrites. #spéirghorm #spéirgorm",at://did:plc:jaghk4rwlrciav5aieckiiit/app.bsky.feed.post/3m5ixqlx7ek2s
at://did:plc:4pxxjie2356nqxd3cwf6hbpk/app.bsky.feed.post/3m5isqejnwc2s,ciaraioch.bsky.social,"Last year's Christmas cards will also be restocked, and can be ordered at the link (will also begin to ship towards the end of November) www.ciaraioch.com/artprints/p/...",at://did:plc:4pxxjie2356nqxd3cwf6hbpk/app.bsky.feed.post/3m5isqejnwc2s
at://did:plc:gjsoejzm7at4syhrvzgizrev/app.bsky.feed.post/3m5islfa4tc2u,ainekeenan.bsky.social,"England's not the mythical land
of Madame George and roses
It's the home of police who
kill blacks boys on mopeds ...

Sinéad O'Connor, 21st century

#Photography #Poetry #SpeirGorm #UrbanGaze #ArtChallenges #StreetPhotography #India #ImageAndVerse #ArtOfBlueSky #PhotographersOfBlueSky #EastCoastKin",at://did:plc:gjsoejzm7at4syhrvzgizrev/app.bsky.feed.post/3m5islfa4tc2u
at://did:plc:4pxxjie2356nqxd3cwf6hbpk/app.bsky.feed.post/3m5isfklayk2s,ciaraioch.bsky.social,"An Cailleach brings the winter 🌬️

The mythological figure in Irish, Scottish, and Manx tradition who summons winter, and is associated with storms, reshaping the landscape, and horned beasts like deer. She defies convention and is a force for regeneration.

Prints: www.ciaraioch.com/artprints/p/...",at://did:plc:4pxxjie2356nqxd3cwf6hbpk/app.bsky.feed.post/3m5isfklayk2s
at://did:plc:wzelpzmv2b3oudwhkcpr2s6n/app.bsky.feed.post/3m5is5zbo6c25,drmarymcauliffe.bsky.social,"‘They surround our car’: Families at Citywest IPAS centre tell of ongoing ‘harassment’ People fleeing war, poverty, insecurity are being abused daily by local racist gobsh*tes, desecrating the tricolour as they harass women, children & men. Shameful! #speirgorm 

www.irishtimes.com/ireland/2025...",at://did:plc:wzelpzmv2b3oudwhkcpr2s6n/app.bsky.feed.post/3m5is5zbo6c25
at://did:plc:owtiovxdlxm4bp4hgnihapfe/app.bsky.feed.post/3m5ilogame22r,martinamorrow.bsky.social,Is anybody watching Trespasses on Channel 4? It’s about a Catholic girl in the troubles falling in love with a Protestant Barrister and it’s so good!  #speirgorm,at://did:plc:owtiovxdlxm4bp4hgnihapfe/app.bsky.feed.post/3m5ilogame22r
at://did:plc:v6y63c54iecyzlxp3vrxvwv2/app.bsky.feed.post/3m5il6t3ipc2l,rdisc0mb0bulate.bsky.social,"Good morning, #SpeirGorm

Has the rain stopped?",at://did:plc:v6y63c54iecyzlxp3vrxvwv2/app.bsky.feed.post/3m5il6t3ipc2l
at://did:plc:r7oxqtkfjczoyxqtrraaxt5b/app.bsky.feed.post/3m5i2xhu3wk2d,alanmccarthy.bsky.social,"HOLY MOLY!!! 🤯😍.. The “AMAZINGLY
 SPECTACULAR” #AuroraBorealis / #NorthernLights (Also visible to the naked eye too..) danced over Courtmacsherry areas in West Cork, #Ireland on 12th  November 2025!! 🤩🥰📸🌠🌌💥🌊✨❤️ #aurora #astronomy #photo #photography #bluesky #speirgorm #art #nature #weather #Colours",at://did:plc:r7oxqtkfjczoyxqtrraaxt5b/app.bsky.feed.post/3m5i2xhu3wk2d
at://did:plc:wse2xzmb4etf7dpmdodw75lt/app.bsky.feed.post/3m5hxune7h225,jenniferomeara5.bsky.social,"Would there be any hope at all that the Dept. of Education would consider this as notice that the local schools are going to have an influx and act accordingly? Same goes for HSE and local GP surgeries. 
#SpeirGorm",at://did:plc:wse2xzmb4etf7dpmdodw75lt/app.bsky.feed.post/3m5hxune7h225
at://did:plc:4ism35eyqucar2lru3huunld/app.bsky.feed.post/3m5hsiv5t2c2z,izzyfox.bsky.social,"Loving the ""Spéirgorm, as much as you try, you'll never be Irish Twitter, bah-humbug!"" discourse going around today. 

Real ""old man yells at cloud"" vibes. 🤣",at://did:plc:4ism35eyqucar2lru3huunld/app.bsky.feed.post/3m5hsiv5t2c2z
at://did:plc:siclj5jstt2xodsn7epgnqld/app.bsky.feed.post/3m5hrgeklps2h,robosullivan.bsky.social,I do not care if a state construction company will take many years to come to fruition. We are in this position because decisions are made in terms of 5 year electoral cycles. We need to start solving the housing crises our kids will be facing 15/20/30 years from now. #spéirgorm,at://did:plc:siclj5jstt2xodsn7epgnqld/app.bsky.feed.post/3m5hrgeklps2h
at://did:plc:56wyc2axgzlsvmh73dd5dexu/app.bsky.feed.post/3m5hn32khms23,the-crackdown.bsky.social,"Miaow! I have updated the Dublin events listing spreadsheet! New gigs include concerts by Tinariwen, the UCD Composition Ensemble & the UCD Gamelan Orchestra (together at last!), and Bristol ""trip hop"" sensation Tricky

docs.google.com/spreadsheets...

#speirgorm #DublinListings #DublinGigs",at://did:plc:56wyc2axgzlsvmh73dd5dexu/app.bsky.feed.post/3m5hn32khms23
at://did:plc:wk4vbtn77njhk4mlohgewj2m/app.bsky.feed.post/3m5hka7lxvk2l,caroleducky.bsky.social,"Hmm! Don’t think there’s going to be much Aurora in evidence over Dublin tonight. 👀

#SpeirGorm (not atm 😁).",at://did:plc:wk4vbtn77njhk4mlohgewj2m/app.bsky.feed.post/3m5hka7lxvk2l
at://did:plc:5l4vbxai2oe6axwbldoxxves/app.bsky.feed.post/3m5hk33db2k2p,quiltomancy.bsky.social,"Today i completed my homework, set up several pieces of Ikea furniture, made dinner, made soup, and the first half of a loaf od bread.  DId some laundry, did a bunch of dishes, and went to the pharmacy. 

I also took a nap. 

I am exhausted.  

ANYWAY I love my new work area. 
#speirgorm",at://did:plc:5l4vbxai2oe6axwbldoxxves/app.bsky.feed.post/3m5hk33db2k2p
at://did:plc:wpvwcjuhrpr5tjnhy3vp24ly/app.bsky.feed.post/3m5hdetafcs22,fhayesmccoy.bsky.social,"Had such a great time in Ennistymon, Co Clare, where Banner Books hosted a conversation/ Q&A between Roisin Meaney and myself yesterday evening. 
Shout-out to Sally and Lily at the bookshop, and to the Falls Hotel where Wilf and I stayed in a room with a stunning view of the river 

#spéirgorm 💙 📚",at://did:plc:wpvwcjuhrpr5tjnhy3vp24ly/app.bsky.feed.post/3m5hdetafcs22
at://did:plc:63mlf5ayqa3qbmgddw4d4zsu/app.bsky.feed.post/3m5hd4os33225,sullydaysleeper.bsky.social,"I was asked to speak to some medical students about my disability for one of their modules. Had my first meeting with them today, they were so lovely and sent me a lovely email this evening to say they learned a lot. They fill me with hope for the future of healthcare #Speirgorm",at://did:plc:63mlf5ayqa3qbmgddw4d4zsu/app.bsky.feed.post/3m5hd4os33225
at://did:plc:siclj5jstt2xodsn7epgnqld/app.bsky.feed.post/3m5hd2qopek2h,robosullivan.bsky.social,"Cool. Now do weapons ""concealed"" inside cargo holds #spéirgorm",at://did:plc:siclj5jstt2xodsn7epgnqld/app.bsky.feed.post/3m5hd2qopek2h
at://did:plc:brkrffiife5sjmatom35ojwa/app.bsky.feed.post/3m5h6xbg47c24,anairis.bsky.social,WHERE IS BERET GIRL?!?!? #Speirgorm,at://did:plc:brkrffiife5sjmatom35ojwa/app.bsky.feed.post/3m5h6xbg47c24
at://did:plc:aozsf6n4ii7kftvlsr2yvfhq/app.bsky.feed.post/3m5h6cvzjtk2r,orla-hegarty.bsky.social,"🎤 What is wrong with Ireland’s #housing & #planning system

My discussion today with Hugh Linehan, @irishtimes.com Inside Politics & Sean Keyes, Progress Ireland #Speirgorm 

Spotify: open.spotify.com/episode/0KXu...
Apple: podcasts.apple.com/ie/podcast/i...
Web: shows.acast.com/inside-polit...",at://did:plc:aozsf6n4ii7kftvlsr2yvfhq/app.bsky.feed.post/3m5h6cvzjtk2r
at://did:plc:jhndv2ueuu77qaiw5ivjkhx7/app.bsky.feed.post/3m5h6atfeds2m,despod.bsky.social,This was sent to me and captures Limerick Junction perfectly - bucketing down and the rain to Cork is late. #Speirgorm,at://did:plc:jhndv2ueuu77qaiw5ivjkhx7/app.bsky.feed.post/3m5h6atfeds2m
at://did:plc:hfty7y3ybvhulvdsnygpqy5q/app.bsky.feed.post/3m5h52z3qos2u,fiercemilder.com,"What a lovely day to forget one's rain gear for the cycle home.

#Speirgorm",at://did:plc:hfty7y3ybvhulvdsnygpqy5q/app.bsky.feed.post/3m5h52z3qos2u
at://did:plc:zol7j6fzk2vqf6yawnkkg6bi/app.bsky.feed.post/3m5gxzyjn5k24,playingwithdust.bsky.social,"Terrible weather forecast across Ireland, but if you have any clear skies tonight, get out and look out for potentially an extremely strong northern lights display. Possibly the best since the early 2000s. #speirgorm #astronomy #ireland",at://did:plc:zol7j6fzk2vqf6yawnkkg6bi/app.bsky.feed.post/3m5gxzyjn5k24
at://did:plc:em6envbhyc3lp2bqus7nf7vh/app.bsky.feed.post/3m5gx6k2sbk2x,nshiel.bsky.social,Do it. Can we do a thread about nicknames too? #speirgorm,at://did:plc:em6envbhyc3lp2bqus7nf7vh/app.bsky.feed.post/3m5gx6k2sbk2x
at://did:plc:e2vdb3yylfvzgvlo3fi5mrkf/app.bsky.feed.post/3m5guuuofgk2s,atticuspeirgorm.bsky.social,"'Bookies have slashed odds on Minister for Justice Jim O'Callaghan being the next Fianna Fáil leader amid pressure on Taoiseach Micheál Martin.'

#Irishpol #Speirgorm 

www.breakingnews.ie/ireland/odds...",at://did:plc:e2vdb3yylfvzgvlo3fi5mrkf/app.bsky.feed.post/3m5guuuofgk2s
at://did:plc:v6y63c54iecyzlxp3vrxvwv2/app.bsky.feed.post/3m5gsru6ilk2e,rdisc0mb0bulate.bsky.social,"I finally put together my new bed! I bought it at the start of the summer! 🤣
#SpeirGorm",at://did:plc:v6y63c54iecyzlxp3vrxvwv2/app.bsky.feed.post/3m5gsru6ilk2e
at://did:plc:e2vdb3yylfvzgvlo3fi5mrkf/app.bsky.feed.post/3m5gnksxauk2j,atticuspeirgorm.bsky.social,"The Government's new housing plan is sponsored by Jet2 Holidays ✈️

#Irishpol #Speirgorm 

www.breakingnews.ie/ireland/hous...",at://did:plc:e2vdb3yylfvzgvlo3fi5mrkf/app.bsky.feed.post/3m5gnksxauk2j
at://did:plc:fkorj7epx4zpmdxx7d6m7qgc/app.bsky.feed.post/3m5gnetznzs2p,saytheirnamesir.bsky.social,County #Down born #IrishSlaveholders identified as of Nov 2025 martinebrennanresearch.weebly.com/irish-slaveh...  #speirgorm 1/2,at://did:plc:fkorj7epx4zpmdxx7d6m7qgc/app.bsky.feed.post/3m5gnetznzs2p
at://did:plc:cfoygrx4clhglmhy6ted7su2/app.bsky.feed.post/3m5gmzz33sk26,stivvers.bsky.social,"#seafóid1045 12 Samhain
🟩🟩🟩🟩🟩
🟩⬛🟩⬛🟩
🟩🟩🟩🟩🟩
🟩⬛🟩⬛🟩
🟩🟩🟩🟩🟩
Réalta ar bith inniu 😅

#Gaeilge #Cluichí #Seafóid #speirgorm 

seafóid.com - seafoid.com",at://did:plc:cfoygrx4clhglmhy6ted7su2/app.bsky.feed.post/3m5gmzz33sk26
at://did:plc:uvdkj65ewl23i5eni3sn5krt/app.bsky.feed.post/3m5glsukcts2x,elacatstan.bsky.social,And pls stop saying racism is just an imported problem from the US and the UK. This is also dismissive #speirgorm,at://did:plc:uvdkj65ewl23i5eni3sn5krt/app.bsky.feed.post/3m5glsukcts2x
at://did:plc:uvdkj65ewl23i5eni3sn5krt/app.bsky.feed.post/3m5glsukcts2x,NA,NA,NA
at://did:plc:xsswt6efjmn473fgruxq752a/app.bsky.feed.post/3m5gklbwkak26,simonb84.bsky.social,Anyone how what number hoising plan we're on now is it ten or eleven? #IrishPolitics #SpéirGorm,at://did:plc:xsswt6efjmn473fgruxq752a/app.bsky.feed.post/3m5gklbwkak26
at://did:plc:gjsoejzm7at4syhrvzgizrev/app.bsky.feed.post/3m5gjzc4anc2f,ainekeenan.bsky.social,"Magnified, sanctified
Be the holy name
Vilified, crucified
In the human frame
A million candles burning
For the help that never came
You want it darker

Leonard Cohen, 20th century

#Photography #Poetry #SpeirGorm #StreetPhotography #ImageAndVerse #ArtOfBlueSky #PhotographersOfBlueSky #EastCoastKin",at://did:plc:gjsoejzm7at4syhrvzgizrev/app.bsky.feed.post/3m5gjzc4anc2f
at://did:plc:5lalgxnyfxas34qyb3u4dp4u/app.bsky.feed.post/3m5gi3kbonc2u,cjamcmahon.bsky.social,"fascinating how this 'plan' is being trailed. Obviously 300k houses over 6 years averages 50k a year, but specifying that would remind everyone that this government promised 40k would be built in 2024 during #ge2024 and then were shown to have fallen far below that #speirgorm",at://did:plc:5lalgxnyfxas34qyb3u4dp4u/app.bsky.feed.post/3m5gi3kbonc2u
at://did:plc:v3qidkwdgquq42eikzvtevlp/app.bsky.feed.post/3m5ghfyfuuc2m,buchanan.today,"Máel Sechnaill mac Domnaill (Malachy II, d. 1022) was High King of Ireland 980–1002 and 1014–1022.

In 1002, Brian Boru usurped his position as Ard Rí.

After Brian’s death at Clontarf (1014), Máel Sechnaill was restored as High King until 1022.

#WyrdWednesday  #SpéirGorm",at://did:plc:v3qidkwdgquq42eikzvtevlp/app.bsky.feed.post/3m5ghfyfuuc2m
at://did:plc:wzelpzmv2b3oudwhkcpr2s6n/app.bsky.feed.post/3m5gfz6ol622h,drmarymcauliffe.bsky.social,"Good morning - as a woman worker I’m off to ‘ruin’ my workplace by insisting on equal pay and respectful behaviour. Couldn’t be happier? Sisters, how are you ‘ruining’ your workplace? #speirgorm #feminismrules",at://did:plc:wzelpzmv2b3oudwhkcpr2s6n/app.bsky.feed.post/3m5gfz6ol622h
at://did:plc:hhfwpteeefymb5m324x3rsui/app.bsky.feed.post/3m5gfiirkhk2o,irishplacenames.bsky.social,"New Twopothouse, Co. Cork.

From an 18th century coaching inn, the 'Two-Pot House Inn'. When the Cork to Limerick road was built a new coaching stop was opened and named 'New Two-Pot-House' to distinguish it from the coaching stop on the older road.

#speirgorm",at://did:plc:hhfwpteeefymb5m324x3rsui/app.bsky.feed.post/3m5gfiirkhk2o
at://did:plc:qi3uhneb2cz77ibwnzailb22/app.bsky.feed.post/3m5gcxl6q6k2a,dfertl.bsky.social,"“When Alison O’Connor warned that the rise of the Irish language might be “creating a them-and-us situation,” she revealed less about the language than about the anxieties of Ireland’s establishment commentariat”
#gaeilge #spéirgorm #CatherineConnolly 
substack.com/home/post/p-...",at://did:plc:qi3uhneb2cz77ibwnzailb22/app.bsky.feed.post/3m5gcxl6q6k2a
at://did:plc:atvnvkmpkr3szyzr25bd63uh/app.bsky.feed.post/3m5gakgkp522k,alimack13.bsky.social,"#speirgorm and who says it's going to affect businesses in a good way? It could, maybe, but there is too much hype and promise of being a way to salvation and businesses need to adopt responsibly (if at all) after very careful consideration. It takes time to consider.",at://did:plc:atvnvkmpkr3szyzr25bd63uh/app.bsky.feed.post/3m5gakgkp522k
at://did:plc:dnvpi77gppcosuglhn7nngk3/app.bsky.feed.post/3m5g7pzmkgk2a,eslsys.bsky.social,Spot on  @bjennings90.bsky.social  in the @theguardian.com   #SpeirGorm,at://did:plc:dnvpi77gppcosuglhn7nngk3/app.bsky.feed.post/3m5g7pzmkgk2a
at://did:plc:ek6kvqen34uiu3ctdfyutjcw/app.bsky.feed.post/3m5g5mzucgc2a,orlaegan1.bsky.social,"The Irish Presidents over past 35 years: President Catherine Connolly with her predecessors Mary Robinson,  Mary McAleese and Michael D Higgins #SpéirGorm",at://did:plc:ek6kvqen34uiu3ctdfyutjcw/app.bsky.feed.post/3m5g5mzucgc2a
at://did:plc:uikhh4ytkn7hivripzltye7z/app.bsky.feed.post/3m5g4snp2ls2k,beebsymca.bsky.social,"I'm all for this post because the Twitter one was such a classic but the OP and replies are SO BlueSky; all thoughtful analysis and clarification.

Maybe it's because #Speirgorm isn't awake yet 😂",at://did:plc:uikhh4ytkn7hivripzltye7z/app.bsky.feed.post/3m5g4snp2ls2k
at://did:plc:v6y63c54iecyzlxp3vrxvwv2/app.bsky.feed.post/3m5fzqjseos24,rdisc0mb0bulate.bsky.social,"I actually slept! All night! 

‘‘Tis a Christmas miracle! 

#SpeirGorm",at://did:plc:v6y63c54iecyzlxp3vrxvwv2/app.bsky.feed.post/3m5fzqjseos24
at://did:plc:lcczgcqfsgyocligu3ukzexx/app.bsky.feed.post/3m5fnjzlqi223,squeefulraven.bsky.social,"Massive thanks to @domhnaill061.bsky.social for the heads up, aurora on view at the minute, not a great view from where we are, but it’s still beautiful to see 🥰

#Aurora #SpéirGorm #SpeirGorm #SpeirGorm #Rare #RareSight #Ireland #Nature #Sky #Beautiful #NoFilter #IPhone #Munster #CountyLimerick",at://did:plc:lcczgcqfsgyocligu3ukzexx/app.bsky.feed.post/3m5fnjzlqi223
at://did:plc:jetcomelzrjjt7hb2lpvira6/app.bsky.feed.post/3m5fltwvjz22v,domhnaill061.bsky.social,"I doubt many are up but if you are, go outside #speirgorm",at://did:plc:jetcomelzrjjt7hb2lpvira6/app.bsky.feed.post/3m5fltwvjz22v
at://did:plc:wse2xzmb4etf7dpmdodw75lt/app.bsky.feed.post/3m5fk44qbrs2j,jenniferomeara5.bsky.social,"I'm rewatching some of today's footage and I could swing for Peadar Tóibín (a regular occurrence tbf). He's on RTE News claiming that he shares lots of common ground with President Connolly yet he happily admitted to spoiling his vote. That fella had  some neck to show up today. 
#SpeirGorm",at://did:plc:wse2xzmb4etf7dpmdodw75lt/app.bsky.feed.post/3m5fk44qbrs2j
at://did:plc:k37qbsu7vms4fcu6wszzuu3l/app.bsky.feed.post/3m5fgddx7p226,alanmacseain.bsky.social,"My daughter's latest oil painting. ""Tlachtga"", druidess of The Hill of Ward. Prints available.

www.instagram.com/p/DQ7qWxWDLn2

#speirgorm",at://did:plc:k37qbsu7vms4fcu6wszzuu3l/app.bsky.feed.post/3m5fgddx7p226
at://did:plc:cfoygrx4clhglmhy6ted7su2/app.bsky.feed.post/3m5fd2kdbds2n,stivvers.bsky.social,"#seafóid1044 11 Samhain
🟩🟩🟩🟩🟩
⬜⬛🟩⬛🟩
⬜🟩🟩⬜🟩
🟩⬛🟩⬛🟩
🟩⬜🟩⬜🟩
Teip ann inniu 😭

#Gaeilge #Cluichí #Seafóid #speirgorm 

seafóid.com - seafoid.com",at://did:plc:cfoygrx4clhglmhy6ted7su2/app.bsky.feed.post/3m5fd2kdbds2n
at://did:plc:zdxzpya4k5b4dguidkh3zajh/app.bsky.feed.post/3m5fagqllrs2w,gardeningwell.ie,These are our 3 previous and current presidents. Who you elect says a lot about you .  Be careful who you elect.   We are. We proud to have these people represent us #speirgorm,at://did:plc:zdxzpya4k5b4dguidkh3zajh/app.bsky.feed.post/3m5fagqllrs2w
at://did:plc:wpvwcjuhrpr5tjnhy3vp24ly/app.bsky.feed.post/3m5f7rgddx22x,fhayesmccoy.bsky.social,"Okay, I lied about the grand piano, but it was some night.

Massive thanks to Sally of Banner Books, Ennistymon, to Lily, and all who came.

And love and thanks to @roisinm.bsky.social  x

#spéirgorm #booksky #writincommunity #arscáthachéileamhairimíd #shoplocal #choosebooks",at://did:plc:wpvwcjuhrpr5tjnhy3vp24ly/app.bsky.feed.post/3m5f7rgddx22x
at://did:plc:wpvwcjuhrpr5tjnhy3vp24ly/app.bsky.feed.post/3m5f7qkpuhk2x,fhayesmccoy.bsky.social,"There was craic and there was cake

#spéirgorm #booksky #Irish #writing",at://did:plc:wpvwcjuhrpr5tjnhy3vp24ly/app.bsky.feed.post/3m5f7qkpuhk2x
at://did:plc:nigs7kco6eoaxc5aiimsaxc3/app.bsky.feed.post/3m5f46t4jf226,helendublin.bsky.social,I'm Pro-abortion and pro choice. How the fuck are people meant to have families #speirgorm #housingcrisis,at://did:plc:nigs7kco6eoaxc5aiimsaxc3/app.bsky.feed.post/3m5f46t4jf226
at://did:plc:wf5grp4urwhotfzikjnxdurs/app.bsky.feed.post/3m5eyoutcos2b,carriegrif.bsky.social,"As an Irishwoman I'm so proud and moved that we as people value hard work, integrity, female resilience, compassion, bravery, and intelligence & that we've positioned those qualities centrally in our nation. Catherine abú. Thar a bheith bródiúil. #spéirgorm #uachtaránnahéireann",at://did:plc:wf5grp4urwhotfzikjnxdurs/app.bsky.feed.post/3m5eyoutcos2b
at://did:plc:nigs7kco6eoaxc5aiimsaxc3/app.bsky.feed.post/3m5exclneh226,helendublin.bsky.social,Makes me so angry #speirgorm,at://did:plc:nigs7kco6eoaxc5aiimsaxc3/app.bsky.feed.post/3m5exclneh226
at://did:plc:hsami2xqnyvluahikcz2u6ca/app.bsky.feed.post/3m5evrxsql22z,beatingblog.bsky.social,So who's at this shindig at Dublin Castle tonight then? Anyone really famous like? Would they invite celebrities to that or just politicians? Miggeldy's one was so long ago I've forgotten. Surely we can rustle up a few A listers? #aras25 #speirgorm,at://did:plc:hsami2xqnyvluahikcz2u6ca/app.bsky.feed.post/3m5evrxsql22z
at://did:plc:v6y63c54iecyzlxp3vrxvwv2/app.bsky.feed.post/3m5etkiux6s2f,rdisc0mb0bulate.bsky.social,#SpeirGorm,at://did:plc:v6y63c54iecyzlxp3vrxvwv2/app.bsky.feed.post/3m5etkiux6s2f
at://did:plc:jkgqy6z3shq6puqnt3t4g2to/app.bsky.feed.post/3m5et25cwbs2n,thenpw.bsky.social,Can we take a moment for this absolute icon too! ❤️ #Speirgorm,at://did:plc:jkgqy6z3shq6puqnt3t4g2to/app.bsky.feed.post/3m5et25cwbs2n
at://did:plc:wzelpzmv2b3oudwhkcpr2s6n/app.bsky.feed.post/3m5esvivmqk2q,drmarymcauliffe.bsky.social,"To cap a very lovely (despite the weather) day, it’s great to be at the launch of Owen o’Shea’s book ‘From Bullets to Ballots; politics and electioneering in post civil war Kerry, 1923-1933’. Available from @ucdpress.bsky.social 👇🏼#spèirghorm #speirgorm 

www.ucdpress.ie/page/detail/...",at://did:plc:wzelpzmv2b3oudwhkcpr2s6n/app.bsky.feed.post/3m5esvivmqk2q
at://did:plc:jhndv2ueuu77qaiw5ivjkhx7/app.bsky.feed.post/3m5esn7z67o2p,despod.bsky.social,"Lots of important emergency status information posted today by Irish Rail and Cork City Council (for example) but unavailable to those who don't use X.

#Speirgorm",at://did:plc:jhndv2ueuu77qaiw5ivjkhx7/app.bsky.feed.post/3m5esn7z67o2p
at://did:plc:63mlf5ayqa3qbmgddw4d4zsu/app.bsky.feed.post/3m5era6bpos2o,sullydaysleeper.bsky.social,This is such a great idea but it's also really sad to think that some parents are so poor they cannot afford Santa. Feel really really sad for all the children in Ireland who will be living in emergency accommodation this Christmas #Speirgorm #SpeirGorm #HousingCrisis,at://did:plc:63mlf5ayqa3qbmgddw4d4zsu/app.bsky.feed.post/3m5era6bpos2o
at://did:plc:qywcmx577hlrhttfeurxgqp4/app.bsky.feed.post/3m5epuns5hx2m,thriveabetes.bsky.social,"📣 Can you help two @Stripe_YSTE students with a diabetes project?

Donnacha & Dylan from CBS Mullingar are building DiaCare+, a new app to support people living with diabetes.

#SpeirGorm #IREDOC #Diabetes #Ireland #ScienceWeek #Type1Diabetes #T1D #LADA",at://did:plc:qywcmx577hlrhttfeurxgqp4/app.bsky.feed.post/3m5epuns5hx2m
at://did:plc:sp6yooz77ckr32j7dqxjt5fr/app.bsky.feed.post/3m5epg2l3ts26,geraldineishere.bsky.social,"Oh wow, watching @virginmedianews.bsky.social & the auto generated subtitles for the Presidential oath as Gaeilge are *not good* 😬",at://did:plc:sp6yooz77ckr32j7dqxjt5fr/app.bsky.feed.post/3m5epg2l3ts26
at://did:plc:vmvfjiq64l4zjxj6omfqalwm/app.bsky.feed.post/3m5ep7yfb322a,cormacos.bsky.social,"Taking a moment to appreciate the Presidential Chair.

Commissioned back in 2011 by @opwireland.bsky.social from John Lee, based in Co. Meath.

She's a thing of beauty.
#speirgorm #áras2025",at://did:plc:vmvfjiq64l4zjxj6omfqalwm/app.bsky.feed.post/3m5ep7yfb322a
at://did:plc:33vlabr5n5naktrl6xgyopoc/app.bsky.feed.post/3m5emop6w4k2e,nigellicus.bsky.social,Hoisting his own pet árd. #speirgorm,at://did:plc:33vlabr5n5naktrl6xgyopoc/app.bsky.feed.post/3m5emop6w4k2e
at://did:plc:b5yxc2nhcgrbtu3twvlg3i7a/app.bsky.feed.post/3m5el52a3ic2f,siobhanmcelduff.bsky.social,"I present to you the greatest show about the Romans trying to invade Ireland filmed in New Zealand. There are some Brad Pitt levels of accent work displayed.

#spéirghorm ##speirgorm",at://did:plc:b5yxc2nhcgrbtu3twvlg3i7a/app.bsky.feed.post/3m5el52a3ic2f
at://did:plc:aozsf6n4ii7kftvlsr2yvfhq/app.bsky.feed.post/3m5efcrazck2d,orla-hegarty.bsky.social,Waiting for the Christmas tree.. #Miggeldy #Speirgorm #Aras25,at://did:plc:aozsf6n4ii7kftvlsr2yvfhq/app.bsky.feed.post/3m5efcrazck2d
at://did:plc:uwji4l3wzsygaxduowluqmgr/app.bsky.feed.post/3m5ecwktpsk2d,sharrow.bsky.social,#Aras25 #speirgorm #MyPresident,at://did:plc:uwji4l3wzsygaxduowluqmgr/app.bsky.feed.post/3m5ecwktpsk2d
at://did:plc:wse2xzmb4etf7dpmdodw75lt/app.bsky.feed.post/3m5ebxfqubk2v,jenniferomeara5.bsky.social,"Don't be fooled by Catherine Connolly's choice of colour today. She's no shrinking violet.
#SpeirGorm",at://did:plc:wse2xzmb4etf7dpmdodw75lt/app.bsky.feed.post/3m5ebxfqubk2v
at://did:plc:ek6kvqen34uiu3ctdfyutjcw/app.bsky.feed.post/3m5eb64u7ok2q,orlaegan1.bsky.social,"Enjoyed watching the inauguration of Irish President Catherine Connolly.  Strong defence of Irish neutrality, while standing next to the Taoiseach and Tánaiste who want to undermine it. 
A highlight was seeing her husband Brian make sure she didn't leave her glasses behind! #Áras25 #SpéirGorm",at://did:plc:ek6kvqen34uiu3ctdfyutjcw/app.bsky.feed.post/3m5eb64u7ok2q
at://did:plc:oxfmnceakuxgdwuydnnctski/app.bsky.feed.post/3m5eb3s2ly22t,amynim.bsky.social,"Some days I'm incredibly proud of this little country. Deeply moving ceremony, full on sobbed during Amhrán na bhFiann. A great day. #Áras25 #Aras25 #SpeirGorm",at://did:plc:oxfmnceakuxgdwuydnnctski/app.bsky.feed.post/3m5eb3s2ly22t
at://did:plc:56aoxjem4pjvtqsscuhq223t/app.bsky.feed.post/3m5ealye54c2s,rogerokeeffe.bsky.social,"Two reservists needed to make up the numbers for the motorcycle escort, a duty they will be proud to perform. 

In my day the whole route through the city was lined by entire FCA units as well as Regulars.

#Áras25 #speirgorm",at://did:plc:56aoxjem4pjvtqsscuhq223t/app.bsky.feed.post/3m5ealye54c2s
at://did:plc:hsami2xqnyvluahikcz2u6ca/app.bsky.feed.post/3m5eakouawc22,beatingblog.bsky.social,"That Army No 1 Band put the heart crossways in me when President Connolly was being signed in, I'll tell you that for nothing! Was an almighty trumpet out of the blue really necessary? #speirgorm",at://did:plc:hsami2xqnyvluahikcz2u6ca/app.bsky.feed.post/3m5eakouawc22
at://did:plc:wse2xzmb4etf7dpmdodw75lt/app.bsky.feed.post/3m5e7sjkbtc2z,jenniferomeara5.bsky.social,"Does anyone else think we've just seen a far more assertive and firm Catherine Connolly in that speech? I'm here for it.
#SpeirGorm",at://did:plc:wse2xzmb4etf7dpmdodw75lt/app.bsky.feed.post/3m5e7sjkbtc2z
at://did:plc:pdendcplixw4gxmn7ubv3dnd/app.bsky.feed.post/3m5e6xllr7c26,meltyshirts.com,Gwan Catherine! Let's Go!,at://did:plc:pdendcplixw4gxmn7ubv3dnd/app.bsky.feed.post/3m5e6xllr7c26
at://did:plc:vo3c5x2szy6wq4xc3dlemv7f/app.bsky.feed.post/3m5e6eo2jw223,cathyby.bsky.social,"Thread: inauguration of Catherine Connolly as tenth president of Ireland. 

#SpeirGorm #SpéirGorm",at://did:plc:vo3c5x2szy6wq4xc3dlemv7f/app.bsky.feed.post/3m5e6eo2jw223
at://did:plc:56aoxjem4pjvtqsscuhq223t/app.bsky.feed.post/3m5e67qefe22s,rogerokeeffe.bsky.social,"Housing. She isn't wasting time before getting stuck in!

#Áras25 #speirgorm",at://did:plc:56aoxjem4pjvtqsscuhq223t/app.bsky.feed.post/3m5e67qefe22s
at://did:plc:dyx2nesmuuoq2nga6pyqx2lh/app.bsky.feed.post/3m5e5nh7bas2z,oreilly1.bsky.social,"Bertie would have mangled the declaration...
#aras25
#speirgorm",at://did:plc:dyx2nesmuuoq2nga6pyqx2lh/app.bsky.feed.post/3m5e5nh7bas2z
at://did:plc:um2urgwzbwn56p742s6zwivq/app.bsky.feed.post/3m5e4mzsp7k22,drdeclankavanagh.bsky.social,Very happy that Catherine Connolly is just about to be inaugurated as the tenth president of Ireland #Spéirgorm,at://did:plc:um2urgwzbwn56p742s6zwivq/app.bsky.feed.post/3m5e4mzsp7k22
at://did:plc:5lalgxnyfxas34qyb3u4dp4u/app.bsky.feed.post/3m5e3xr22ss2d,cjamcmahon.bsky.social,"this is a feature of Ireland having an excruciatingly centralised system of government. Not only is there effectively zero power in local authorities, but central government is concentrated in the executive. Let's face it, the Dáil just guillotines whatever MM says it should #speirgorm #aras25",at://did:plc:5lalgxnyfxas34qyb3u4dp4u/app.bsky.feed.post/3m5e3xr22ss2d
at://did:plc:5lalgxnyfxas34qyb3u4dp4u/app.bsky.feed.post/3m5e3qccxnc2d,cjamcmahon.bsky.social,"despite incessant bleating of pol scientists that 'the President can't do that', it seems that the electorate do prefer candidates who are willing to push the boundaries of the role, just a little bit. Higgins, frankly, had the govt scared every time he spoke #aras25 #speirgorm",at://did:plc:5lalgxnyfxas34qyb3u4dp4u/app.bsky.feed.post/3m5e3qccxnc2d
at://did:plc:5lalgxnyfxas34qyb3u4dp4u/app.bsky.feed.post/3m5e3qbwzsk2d,cjamcmahon.bsky.social,Two things strike me over the last 30 years of #aras25 races: a) we are consistently electing lefty/progressive presidents while sticking with conservative governments. #speirgorm,at://did:plc:5lalgxnyfxas34qyb3u4dp4u/app.bsky.feed.post/3m5e3qbwzsk2d
at://did:plc:wpvwcjuhrpr5tjnhy3vp24ly/app.bsky.feed.post/3m5dzuxx5xc2w,fhayesmccoy.bsky.social,"Just dropped by to check. It's a concert grand. I said you'd tune it.

#Spéirgorm #booksky",at://did:plc:wpvwcjuhrpr5tjnhy3vp24ly/app.bsky.feed.post/3m5dzuxx5xc2w
at://did:plc:5lalgxnyfxas34qyb3u4dp4u/app.bsky.feed.post/3m5dytniuws2r,cjamcmahon.bsky.social,"We are pretty unusal afaik to have the combination of a largely ceremonial yet directly-elected President. Add in the usual 7+7 year terms, and you get a constitutional monarchy in all but name. The entire election campaign has become a discourse entirely centred character 
 #speirgorm #aras25",at://did:plc:5lalgxnyfxas34qyb3u4dp4u/app.bsky.feed.post/3m5dytniuws2r
at://did:plc:5lalgxnyfxas34qyb3u4dp4u/app.bsky.feed.post/3m5dycvucvc2r,cjamcmahon.bsky.social,"It would have been facile for some continental princeling to be installed as the 'old man in the Park', do the needful, sign whatever was put in front of him and otherwise not embarrass the government of the day. The history of the 'republic' would have been otherwise effectively the same #speirgorm",at://did:plc:5lalgxnyfxas34qyb3u4dp4u/app.bsky.feed.post/3m5dycvucvc2r
at://did:plc:xwjlw3ygmqlbr5igkokbkzfn/app.bsky.feed.post/3m5dy6jlgec2q,oisinmcgann.bsky.social,"We need an Irish word for when there are weather warnings for the country, and your county is not included in them, but you get the weather anyway.

#SpeirGorm #OhGreatMoreRain",at://did:plc:xwjlw3ygmqlbr5igkokbkzfn/app.bsky.feed.post/3m5dy6jlgec2q
at://did:plc:5lalgxnyfxas34qyb3u4dp4u/app.bsky.feed.post/3m5dy5fsdrs2r,cjamcmahon.bsky.social,"Think how things might have been different -  no effort has been made to remove the trappings of the British Empire from Dublin Castle. It has been meticulously restored. No one thought to raze the place to the ground given all it represents, and everything that happened therein #speirgorm #aras25",at://did:plc:5lalgxnyfxas34qyb3u4dp4u/app.bsky.feed.post/3m5dy5fsdrs2r
at://did:plc:5lalgxnyfxas34qyb3u4dp4u/app.bsky.feed.post/3m5dxw2ezes2r,cjamcmahon.bsky.social,I don't think it's controversial to suggest that the way that Ireland has developed a particular culture around the Presidency doesn't exactly look particularly republican. We would have handled a constitutional monarchy just fine #aras25 #speirgorm,at://did:plc:5lalgxnyfxas34qyb3u4dp4u/app.bsky.feed.post/3m5dxw2ezes2r
at://did:plc:ek6kvqen34uiu3ctdfyutjcw/app.bsky.feed.post/3m5dvetkpzc2a,orlaegan1.bsky.social,"#SpeirGorm 
Do we have a # for Inauguration (oirnithe) of Catherine Connolly as 10th President of Ireland today??? 
Stormy wet day in Cork, so happy to be sitting on my red couch, all set to watch it all on RTE",at://did:plc:ek6kvqen34uiu3ctdfyutjcw/app.bsky.feed.post/3m5dvetkpzc2a
at://did:plc:wzelpzmv2b3oudwhkcpr2s6n/app.bsky.feed.post/3m5duthbkd22p,drmarymcauliffe.bsky.social,One of my fav occasions of the Decade of Centenaries wasthe 2014 commemoration of the founding of Cumann na mBan at Glasnevin. President Michael D gave a wonderful speech paying tribute to the women & I was the respondent as Pres of the @whaireland.bsky.social #speirgorm president.ie/en/media-lib...,at://did:plc:wzelpzmv2b3oudwhkcpr2s6n/app.bsky.feed.post/3m5duthbkd22p
at://did:plc:wzelpzmv2b3oudwhkcpr2s6n/app.bsky.feed.post/3m5dszsudmc2n,drmarymcauliffe.bsky.social,"It was lovely to be outside Dublin castle this morning watching the preparations, doing a small segment on morning Ireland on the inauguration of President elect Catherine Connolly. The rain even held off for a few minutes. It’s a historic moment -the 10th President and 3rd woman. #speirgorm #aras25",at://did:plc:wzelpzmv2b3oudwhkcpr2s6n/app.bsky.feed.post/3m5dszsudmc2n
at://did:plc:b25fw5q6tr2faqdy52du276g/app.bsky.feed.post/3m5dsrbiqr22g,gildedalm.com,"✨
BAXTER DURY

⚪️
LIVE in IRELAND 
this week 🇮🇪

🟢
11 Nov Belfast
Mandela Hall

🔵
12 Nov Dublin
Vicar Street

🟠
get in early to see
JOSHUA IDEHEN

🔴
~ Allbarone ~ 
out now
@heavenlyrecordings.bsky.social 
ʟɪꜱᴛᴇɴ
spotify.link/mvCg0n2IWXb

🟡
#BaxterDury
#IrishBluesky #musicsky #speirgorm #music",at://did:plc:b25fw5q6tr2faqdy52du276g/app.bsky.feed.post/3m5dsrbiqr22g
at://did:plc:ebd2ccgsnkfj4mqhbfklbizw/app.bsky.feed.post/3m5dqgyquoc2e,alannahr.bsky.social,"Rampant capitalism in Ireland.
#Spéirgorm 
share.google/j4wIJi2ChCGi...",at://did:plc:ebd2ccgsnkfj4mqhbfklbizw/app.bsky.feed.post/3m5dqgyquoc2e
at://did:plc:gjsoejzm7at4syhrvzgizrev/app.bsky.feed.post/3m5dkefixis2w,ainekeenan.bsky.social,"Truly I tell you, he said,
unless you turn and
become like little children,
you will never enter
the kingdom of heaven.

Matthew, 1st century

#Photography #Wisdom #Poetry #SpeirGorm #StreetPhotography #Children #Wedding #Nepal #ImageAndVerse #ArtOfBlueSky #PhotographersOfBlueSky #EastCoastKin",at://did:plc:gjsoejzm7at4syhrvzgizrev/app.bsky.feed.post/3m5dkefixis2w
at://did:plc:wse2xzmb4etf7dpmdodw75lt/app.bsky.feed.post/3m5cunzz6r22h,jenniferomeara5.bsky.social,"#ThankYouMichaelD
#SpeirGorm",at://did:plc:wse2xzmb4etf7dpmdodw75lt/app.bsky.feed.post/3m5cunzz6r22h
at://did:plc:kub3mhx6yyvqisdddrnvq2zw/app.bsky.feed.post/3m5crgn2uhc23,powersflowers.bsky.social,"If you’re still up and have a clear sky to the east it’s worth paying your respects to the Moon (it’s a capital M moon tonight), Jupiter and Gemini. All within the width of a hand held at arm’s length. 

#speirgorm
#spéirghorm",at://did:plc:kub3mhx6yyvqisdddrnvq2zw/app.bsky.feed.post/3m5crgn2uhc23
at://did:plc:4gkhunopukop6ugvlessqyvx/app.bsky.feed.post/3m5cmc6asf225,chendirl.bsky.social,Am very much looking forward to speaking @tlrhub.bsky.social @tcddublin.bsky.social Wed 26 Nov at 1pm GMT - HYBRID event.  Topic - The Long Goodbye: Hidden Histories of Baby Loss & Parental Bereavement in 20th century Ireland #MedHums #HistMed #Speirgorm #Skystorians #Midwifery tinyurl.com/2s3cwn9u,at://did:plc:4gkhunopukop6ugvlessqyvx/app.bsky.feed.post/3m5cmc6asf225
at://did:plc:lcczgcqfsgyocligu3ukzexx/app.bsky.feed.post/3m5ch7z3lb22f,squeefulraven.bsky.social,"Settling in to watch the new Frankenstein 2025 Del Toro movie, I’m hearing good things and from the clips I’ve seen, it looks delicious, let’s be having yuh!! 

#Frankenstein2025 #Frankenstein #SpéirGorm #SpeirGorm #Movie #Netflix  #DelToro #Horror #Fun #EyeCandy",at://did:plc:lcczgcqfsgyocligu3ukzexx/app.bsky.feed.post/3m5ch7z3lb22f
at://did:plc:33vlabr5n5naktrl6xgyopoc/app.bsky.feed.post/3m5cgjac36c2w,nigellicus.bsky.social,I bet the dogs feckin LOOOOOOVE that park. #speirgorm,at://did:plc:33vlabr5n5naktrl6xgyopoc/app.bsky.feed.post/3m5cgjac36c2w
at://did:plc:cfoygrx4clhglmhy6ted7su2/app.bsky.feed.post/3m5cdezh3kk23,stivvers.bsky.social,"#seafóid1043 10 Samhain
🟩🟩🟩🟩🟩
🟩⬛🟩⬛🟩
🟩🟩🟩🟩🟩
🟩⬛🟩⬛🟩
🟩🟩🟩🟩🟩
Réalta ar bith inniu 😅
Sraith trí lá 🔥 

#Gaeilge #Cluichí #Seafóid #speirgorm 

seafóid.com - seafoid.com",at://did:plc:cfoygrx4clhglmhy6ted7su2/app.bsky.feed.post/3m5cdezh3kk23
at://did:plc:r4hqvnfuc2flfguavyrhcjgg/app.bsky.feed.post/3m5cd3kft2k2j,321kieran.bsky.social,"What songs jump out to YOU?
🚨All the great songs on the #NovaGuestlist: including a #Pebbledash review, #AnamoeDrive chats, + 1st plays for @affectiontorent.bsky.social & #TheScratch;☘️
📻Listen back now on www.nova.ie/radio-schedu... or 6pm Sundays on @radionova100.bsky.social! #Speirgorm",at://did:plc:r4hqvnfuc2flfguavyrhcjgg/app.bsky.feed.post/3m5cd3kft2k2j
at://did:plc:jhndv2ueuu77qaiw5ivjkhx7/app.bsky.feed.post/3m5ccbv2gi62b,despod.bsky.social,"Is it really the case that people can be in a court room , impugn the judge, shout down everyone else and the sole sanction is being shown the door ?

Why isn't everyone at it ?

#Speirgorm",at://did:plc:jhndv2ueuu77qaiw5ivjkhx7/app.bsky.feed.post/3m5ccbv2gi62b
at://did:plc:b7xzcpmgtzognluekh27dffl/app.bsky.feed.post/3m5cc4ybgqs2z,orlanimh.bsky.social,"What an eventful day! Unbearable pain, thought I would need an ambulance. Thankfully, I was able to see a nurse (thinking bad kidney infection). Saw nurse, then Dr, and turns out it's likely a kidney stone 😭 I'm hoping that pain was the worst of it and don't get another!  #SpeirGorm",at://did:plc:b7xzcpmgtzognluekh27dffl/app.bsky.feed.post/3m5cc4ybgqs2z
at://did:plc:5zkivnf3bil5jakqybcuupx2/app.bsky.feed.post/3m5c7y7ldw22j,sopranovox.bsky.social,OK #speirgorm does Connelly have dogs or not?!,at://did:plc:5zkivnf3bil5jakqybcuupx2/app.bsky.feed.post/3m5c7y7ldw22j
at://did:plc:wk4vbtn77njhk4mlohgewj2m/app.bsky.feed.post/3m5c7l3wm6s2k,caroleducky.bsky.social,"6 p.m. on day 1 of @rteradio1.bsky.social’s new schedule - @drivetime.bsky.social 
ends & a sports programme begins. *Switches station*. 

I can’t be the only one who wants a news programme on the drive home. (More than enough bloody sport at w/e). 

#SpeirGorm",at://did:plc:wk4vbtn77njhk4mlohgewj2m/app.bsky.feed.post/3m5c7l3wm6s2k
at://did:plc:hsami2xqnyvluahikcz2u6ca/app.bsky.feed.post/3m5c4whnjxk27,beatingblog.bsky.social,"Lads I can't watch the coverage of Michael D leaving, I just can't! I've half seen snippets on social media of him and his dogs and his last speech etc and I just turn it off, I can't, my heart is broken!! I just love him so much #speirgorm",at://did:plc:hsami2xqnyvluahikcz2u6ca/app.bsky.feed.post/3m5c4whnjxk27
at://did:plc:2megf4wm4zbyel5soyu7u7xk/app.bsky.feed.post/3m5c2ojc3pc2k,nigelmonaghan-nh.bsky.social,It’s great to live in a country where your president gets an informal public guard of honor of Bernese Mountain dogs and their owners as he travels out of the official residence for his last day in office. #SpeirGorm he is so popular he appears in children’s books and even as a tea cosy,at://did:plc:2megf4wm4zbyel5soyu7u7xk/app.bsky.feed.post/3m5c2ojc3pc2k
at://did:plc:nigs7kco6eoaxc5aiimsaxc3/app.bsky.feed.post/3m5bz6bslf222,helendublin.bsky.social,"#speirgorm about time attacks like these were called misogynistic, should be a hate crime. She will suffer so badly now. And only 9yrs",at://did:plc:nigs7kco6eoaxc5aiimsaxc3/app.bsky.feed.post/3m5bz6bslf222
at://did:plc:bjovrbtmnlckoh6vaalnqjzi/app.bsky.feed.post/3m5byidmt5s2b,lisagrimm.com,"New Weirdo Dublin Pub posts usually go up on Wed/Thur, but this week, we had to do it today.

#SpeirGorm

www.weirdodublinpubs.com/a-farewell-t...",at://did:plc:bjovrbtmnlckoh6vaalnqjzi/app.bsky.feed.post/3m5byidmt5s2b
at://did:plc:v6y63c54iecyzlxp3vrxvwv2/app.bsky.feed.post/3m5bsofdjis2u,rdisc0mb0bulate.bsky.social,"My car threw an error message on the way into work. 

I love that for me! 

#SpeirGorm",at://did:plc:v6y63c54iecyzlxp3vrxvwv2/app.bsky.feed.post/3m5bsofdjis2u
at://did:plc:jl6cn5yuzpi4tj5vfl7ysfrm/app.bsky.feed.post/3m5bot2sx4s2f,shazbear.bsky.social,#SpeirGorm #Miggeldy,at://did:plc:jl6cn5yuzpi4tj5vfl7ysfrm/app.bsky.feed.post/3m5bot2sx4s2f
at://did:plc:3zrtumskbaikoqc2z3ou3nnc/app.bsky.feed.post/3m5boijy6a22l,shanerazor.bsky.social,"Further (excellent) repost of the ITs original op ed on the Fastway collapse. #speirgorm 

Scapegoating of An Post and charges being made against it lack credibility

www.irishtimes.com/opinion/lett...",at://did:plc:3zrtumskbaikoqc2z3ou3nnc/app.bsky.feed.post/3m5boijy6a22l
at://did:plc:tjj7toux5q6m2v7x2unyhznh/app.bsky.feed.post/3m5bmo4j2f22q,judesherry.bsky.social,"These are owned by UCC & featured in our 'This is Derelict Ireland' report
Intially bought by DairyGold who got a 13.3% return on their investment (aka speculation) 
UCC bought this site in 2019 for €17.25m & now don't have money to do anything but won't sell them either
#DerelictIreland #Speirgorm",at://did:plc:tjj7toux5q6m2v7x2unyhznh/app.bsky.feed.post/3m5bmo4j2f22q
at://did:plc:jl6cn5yuzpi4tj5vfl7ysfrm/app.bsky.feed.post/3m5blvz4oxs2f,shazbear.bsky.social,😂😂 #SpeirGorm #Yates,at://did:plc:jl6cn5yuzpi4tj5vfl7ysfrm/app.bsky.feed.post/3m5blvz4oxs2f
at://did:plc:jl6cn5yuzpi4tj5vfl7ysfrm/app.bsky.feed.post/3m5blm4tf522f,shazbear.bsky.social,#SpeirGorm,at://did:plc:jl6cn5yuzpi4tj5vfl7ysfrm/app.bsky.feed.post/3m5blm4tf522f
at://did:plc:hhfwpteeefymb5m324x3rsui/app.bsky.feed.post/3m5bldjzzgs2y,irishplacenames.bsky.social,"The Metals, Dalkey, Co. Dublin.

Laid out in 1817 and originally a truck railroad upon which horse-drawn trucks brought granite from Dalkey quarry down to Dun Laoghaire for the construction of the piers., it is now used as a walking and cycling path.

#speirgorm",at://did:plc:hhfwpteeefymb5m324x3rsui/app.bsky.feed.post/3m5bldjzzgs2y
at://did:plc:stnvk37xl6qf52drqeqieejf/app.bsky.feed.post/3m5bhxutftk2v,lukedaly.bsky.social,"Hiya #SpeirGorm, I forgot I had this! 

🚨 Important #DubW Update: 
Paid parking planning permission sought in Blanchardstown Shopping Centre. 

This “Mobility Enhancement Project” means environmental impacts & restriction to basic civic services will come with a price tag now.  

#NoBarriersToBlanch",at://did:plc:stnvk37xl6qf52drqeqieejf/app.bsky.feed.post/3m5bhxutftk2v
at://did:plc:lcczgcqfsgyocligu3ukzexx/app.bsky.feed.post/3m5bhiauhzc2z,squeefulraven.bsky.social,"I have had my #Wheelchair moved and used as a coat hanger by strangers on different occasions (Both while I was sitting in it!!)

#Disabled #DifferentlyAbled #Ireland #SpeirGorm #Awareness #DoNotTouch #AlwaysAsk #EDS #EhlersDanlosSyndrome #Pots #Dysautonomia #ChronicIllness",at://did:plc:lcczgcqfsgyocligu3ukzexx/app.bsky.feed.post/3m5bhiauhzc2z
at://did:plc:56aoxjem4pjvtqsscuhq223t/app.bsky.feed.post/3m5beqtuzo22x,rogerokeeffe.bsky.social,"Ugh. Not impressed with the new RTE Radio One schedule so far.

Instead of Oliver Callan's programme providing an oasis after the news, it's now a seamless continuation of RTE heavy hitter trying to get yet another politics-media-bubble person to say something they're not going to say.

#speirgorm",at://did:plc:56aoxjem4pjvtqsscuhq223t/app.bsky.feed.post/3m5beqtuzo22x
at://did:plc:wzelpzmv2b3oudwhkcpr2s6n/app.bsky.feed.post/3m5bbk6pstc2r,drmarymcauliffe.bsky.social,"Ah FFS, in the ultimate of who cares anymore the very first guest on David McCullagh’s is Ivan Yates. Yates just needs to be ignored, he is an ignoramus and a buffoon. He’s already used that most idiotic of phrases ‘anti-woke’! #speirgorm",at://did:plc:wzelpzmv2b3oudwhkcpr2s6n/app.bsky.feed.post/3m5bbk6pstc2r
at://did:plc:b7xzcpmgtzognluekh27dffl/app.bsky.feed.post/3m5azv4ds2k2a,orlanimh.bsky.social,Happy Monday! #SpeirGorm,at://did:plc:b7xzcpmgtzognluekh27dffl/app.bsky.feed.post/3m5azv4ds2k2a
at://did:plc:gjsoejzm7at4syhrvzgizrev/app.bsky.feed.post/3m5aqvibwy22r,ainekeenan.bsky.social,"To die, to sleep;
To sleep: perchance to dream:
ay, there's the rub;
For in that sleep of death
what dreams may come
when we have shuffled
off this mortal coil,
must give us pause.

Shakespeare, 16th century

#Photography #Poetry #SpeirGorm #ImageAndVerse  #PhotographersOfBlueSky #EastCoastKin",at://did:plc:gjsoejzm7at4syhrvzgizrev/app.bsky.feed.post/3m5aqvibwy22r
at://did:plc:gjsoejzm7at4syhrvzgizrev/app.bsky.feed.post/3m5aqvibwy22r,NA,NA,NA
at://did:plc:wm5b3q2znvnatujmm46yucon/app.bsky.feed.post/3m5aaell6ok2n,aldunne.bsky.social,"New EV registrations in Ireland, January to October 2025. Tesla models are number 2 and 4 in the top 20 best-selling EVs. What is it that people here love about those awful cars?

#spéirgorm",at://did:plc:wm5b3q2znvnatujmm46yucon/app.bsky.feed.post/3m5aaell6ok2n
at://did:plc:bjovrbtmnlckoh6vaalnqjzi/app.bsky.feed.post/3m5a6umajzc25,lisagrimm.com,"In at Underdog for last orders…we shall not look upon its like again.

#SpeirGorm",at://did:plc:bjovrbtmnlckoh6vaalnqjzi/app.bsky.feed.post/3m5a6umajzc25
at://did:plc:ofmkl4k2ybutv5b3xpmuq36h/app.bsky.feed.post/3m5a6nebgxc2x,limerick4inarow.bsky.social,"Proper Porter.

#Speirgorm
#Speirghorm",at://did:plc:ofmkl4k2ybutv5b3xpmuq36h/app.bsky.feed.post/3m5a6nebgxc2x
at://did:plc:b7xzcpmgtzognluekh27dffl/app.bsky.feed.post/3m5a4hdvje22a,orlanimh.bsky.social,About 3pm I got my laptop out. Adam started laughing... have you reached peak boredom... eh yes... I can't cope with another nap 👀 #SpeirGorm,at://did:plc:b7xzcpmgtzognluekh27dffl/app.bsky.feed.post/3m5a4hdvje22a
at://did:plc:hwmq6mpg7enk436vw6rg4o5g/app.bsky.feed.post/3m57zmefifk2n,marcocathasaigh.bsky.social,Hey #spéirgorm - anyone know the difference between ré and gealach as words for the Moon?,at://did:plc:hwmq6mpg7enk436vw6rg4o5g/app.bsky.feed.post/3m57zmefifk2n
at://did:plc:r4hqvnfuc2flfguavyrhcjgg/app.bsky.feed.post/3m57vwottls25,321kieran.bsky.social,"🚨On the #NovaGuestlist ALL-IRISH HOUR:
💽Classics by #TheThrills #Horslips @thecorpo.bsky.social & #Microdisney;
📞Oisin #AnamoeDrive chats!
🔥NEW #TheScratch & @affectiontorent.bsky.social;
☘️+ @murdercapital.bsky.social @sorcharichardson.bsky.social;
📻LIVE on @radionova100.bsky.social now! #Speirgorm",at://did:plc:r4hqvnfuc2flfguavyrhcjgg/app.bsky.feed.post/3m57vwottls25
at://did:plc:v6y63c54iecyzlxp3vrxvwv2/app.bsky.feed.post/3m57tw5ki7s2o,rdisc0mb0bulate.bsky.social,"I caught sight of myself in a mirror during the week and my attention was drawn to my hairline. With the weight loss from #OzempicTales also came hair loss. Now my hairline looks like I’ve been to Turkey as the signs of regrowth appear 
#SpeirGorm
#ChronicIllness",at://did:plc:v6y63c54iecyzlxp3vrxvwv2/app.bsky.feed.post/3m57tw5ki7s2o
at://did:plc:r4hqvnfuc2flfguavyrhcjgg/app.bsky.feed.post/3m57ssvdgek25,321kieran.bsky.social,"🚨On the #NovaGuestlist this hour:
💽Our Albums with Anniversaries this week are by #Sinead & #MBV
⁉️Are you a FAN of either?
📻LIVE on @radionova100.bsky.social NOW! #Speirgorm",at://did:plc:r4hqvnfuc2flfguavyrhcjgg/app.bsky.feed.post/3m57ssvdgek25
at://did:plc:r4hqvnfuc2flfguavyrhcjgg/app.bsky.feed.post/3m57sj7kqcs25,321kieran.bsky.social,"🎪Our Special #NovaGuestlist gig of the week is from #Cliffords in #TheAcademy this weds 12th November!
🎟️Check out the rising Irish band playing top of a great lineup in Dublin this week! #Speirgorm",at://did:plc:r4hqvnfuc2flfguavyrhcjgg/app.bsky.feed.post/3m57sj7kqcs25
at://did:plc:zcrtaixkbhz4seddpkf4bzv3/app.bsky.feed.post/3m57rj5fs3k2u,cairdiul.bsky.social,An Irish-language majority-female crime thriller set in Antrim??? I am EXCITED #speirgorm iftuk.com/titles/aontas,at://did:plc:zcrtaixkbhz4seddpkf4bzv3/app.bsky.feed.post/3m57rj5fs3k2u
at://did:plc:vjfdasv4ih34nmfxkit4obeo/app.bsky.feed.post/3m57pujest22o,jhshelley.bsky.social,"#Speirgorm
So, learning Irish. Haven't started, this is not a show-off.

But, I pulled down a list of 41 (regular) verbs. Of which, 20, I would say confidently I know from school days, 10, kind of remember, the rest new to me

Surely, without getting bogged down, 20 (+10) is reasonable to start

??",at://did:plc:vjfdasv4ih34nmfxkit4obeo/app.bsky.feed.post/3m57pujest22o
at://did:plc:626ghelomh2kzuwv6x3prmba/app.bsky.feed.post/3m57oftge6k2l,acidrains.bsky.social,"#speirgorm might be interested to see this, as we await President Connolly’s inauguration this week. A vision of what might have been 😬",at://did:plc:626ghelomh2kzuwv6x3prmba/app.bsky.feed.post/3m57oftge6k2l
at://did:plc:cfoygrx4clhglmhy6ted7su2/app.bsky.feed.post/3m57oe44w4c2j,stivvers.bsky.social,"#seafóid1042 9 Samhain
🟩🟩🟩🟩🟩
🟩⬛🟩⬛🟩
🟩🟩🟩🟩🟩
🟩⬛🟩⬛🟩
🟩🟩🟩🟩🟩
Réalta ar bith inniu 😅

#Gaeilge #Cluichí #Seafóid #speirgorm 

seafóid.com - seafoid.com",at://did:plc:cfoygrx4clhglmhy6ted7su2/app.bsky.feed.post/3m57oe44w4c2j
at://did:plc:v6y63c54iecyzlxp3vrxvwv2/app.bsky.feed.post/3m57mpu2xok2g,rdisc0mb0bulate.bsky.social,"I picked a fine time to have a break from the alcohol! 

It’ll be a long road to Christmas! 🤣
#SpeirGorm
MCILIV",at://did:plc:v6y63c54iecyzlxp3vrxvwv2/app.bsky.feed.post/3m57mpu2xok2g
at://did:plc:o3ni265odbspxhafcmtkp6gm/app.bsky.feed.post/3m57ilxxmxk2k,kieranclarke.bsky.social,Another almost empty US flight last night coming home from Chicago. It was the same going out. Average of 1 person every 4 rows.  #speirgorm,at://did:plc:o3ni265odbspxhafcmtkp6gm/app.bsky.feed.post/3m57ilxxmxk2k
at://did:plc:rd67s5mrnrwg5bqhvzft2kgv/app.bsky.feed.post/3m57enkfsl22g,sellybeth.bsky.social,"This sounds like Terry Pratchett writing a villain.

#SpéirGhorm #SpéirGorm",at://did:plc:rd67s5mrnrwg5bqhvzft2kgv/app.bsky.feed.post/3m57enkfsl22g
at://did:plc:lcczgcqfsgyocligu3ukzexx/app.bsky.feed.post/3m57cmbapqk2y,squeefulraven.bsky.social,"This is true, I’m the type of gal that gets my hair done once every year or two! The rest of the time is ponytail season!! 

#Hair #HairStyle #SpeirGorm #SpéirGorm #Caterpillars #Silly #Funny #FunnyButTrue #Ponytail",at://did:plc:lcczgcqfsgyocligu3ukzexx/app.bsky.feed.post/3m57cmbapqk2y
at://did:plc:vo3c5x2szy6wq4xc3dlemv7f/app.bsky.feed.post/3m577asnvic2p,cathyby.bsky.social,"Steven Spielberg, Tom Hanks and Matt Damon to be invited to Wexford for 30th anniversary of ‘Saving Private Ryan’  share.google/WfHp9HND7XUz...

#SpeirGorm",at://did:plc:vo3c5x2szy6wq4xc3dlemv7f/app.bsky.feed.post/3m577asnvic2p
at://did:plc:zq2rgiqukr2xw75c5agplcbo/app.bsky.feed.post/3m574nlgf5c2q,scopedesigner.bsky.social,"I still can’t believe our beloved Dave left us on Wednesday 💔 Almost a decade of pure joy gone in a matter of hours. What should have been a straightforward knee operation, unleashed a tsunami of underlying health issues, leaving Dave in severe pain and weeks to live #speirgorm #fuckcancer",at://did:plc:zq2rgiqukr2xw75c5agplcbo/app.bsky.feed.post/3m574nlgf5c2q
at://did:plc:yvaazb6s3r2qje2i4cvoj7ur/app.bsky.feed.post/3m572weeld22a,debhruin.bsky.social,"#Speirgorm can Irish slagging Irish banter Irish nuances and experiences be easily encapsulated and explained 
I'm trying to get a grasp on how to explain to my relatives who have grown up abroad who feel Irish and are entitled to feel whatever they want that growing up in Ireland is different",at://did:plc:yvaazb6s3r2qje2i4cvoj7ur/app.bsky.feed.post/3m572weeld22a
at://did:plc:yvaazb6s3r2qje2i4cvoj7ur/app.bsky.feed.post/3m572wee3p22a,debhruin.bsky.social,"#Speirgorm if you were to explain what it means to be Irish to our diaspora how would you explain it.
I feel growing up in Ireland is different to just having Irish parents.",at://did:plc:yvaazb6s3r2qje2i4cvoj7ur/app.bsky.feed.post/3m572wee3p22a
at://did:plc:6ofsjvfrnsdfvq2bwhdpydbw/app.bsky.feed.post/3m572tydsos2l,cephilis.bsky.social,"When even the gardai are saying the shite our government is saying about immigration is leading to arson attacks and assaults, its disgraceful that we still have politicians trying to have an ""open and honest""  discussion. And worse again is @news.rte.ie are publishing it
#speirgorm",at://did:plc:6ofsjvfrnsdfvq2bwhdpydbw/app.bsky.feed.post/3m572tydsos2l
at://did:plc:6ofsjvfrnsdfvq2bwhdpydbw/app.bsky.feed.post/3m572tydsos2l,NA,NA,NA
at://did:plc:wpvwcjuhrpr5tjnhy3vp24ly/app.bsky.feed.post/3m56x4otayk22,fhayesmccoy.bsky.social,"Q. Where would you get two bestselling Irish authors in one utterly charming bookshop on Tuesday? 

A. Ennistymon, Co Clare

Q: For?

A: A FREE event! Conversation, book signing, readings refreshments and Q&A

Join @roisinm.bsky.social and me in Banner Books on Tuesday at 7pm ...

#spéirgorm 📚 💙",at://did:plc:wpvwcjuhrpr5tjnhy3vp24ly/app.bsky.feed.post/3m56x4otayk22
at://did:plc:b25fw5q6tr2faqdy52du276g/app.bsky.feed.post/3m56uuli3fs2v,gildedalm.com,"🔹
𝗧𝗛𝗘 𝗗𝗜𝗩𝗜𝗡𝗘 𝗖𝗢𝗠𝗘𝗗𝗬

on your 𝐓𝐕 
TONIGHT!

📺
𝙇𝙖𝙩𝙚𝙧…
𝙬𝙞𝙩𝙝 𝙅𝙤𝙤𝙡𝙨 𝙃𝙤𝙡𝙡𝙖𝙣𝙙
this Sunday 
9 November
BBC Two 
@ 10.45pm

🔹
new album
~ 𝙍𝙖𝙞𝙣𝙮 𝙎𝙪𝙣𝙙𝙖𝙮 𝘼𝙛𝙩𝙚𝙧𝙣𝙤𝙤𝙣 ~
out now
lnk.to/rainysunday

🔹
@divinecomedyhq.bsky.social #music
#IrishBluesky #speirgorm #musicsky",at://did:plc:b25fw5q6tr2faqdy52du276g/app.bsky.feed.post/3m56uuli3fs2v
at://did:plc:jxo3eqeeh3kxphirpaqlbnaq/app.bsky.feed.post/3m56rumkz2k2w,hazelklarkin.bsky.social,"I'm claiming this girl as Irish! 
www.independent.co.uk/news/world/a...
#SpéirGorm",at://did:plc:jxo3eqeeh3kxphirpaqlbnaq/app.bsky.feed.post/3m56rumkz2k2w
at://did:plc:siclj5jstt2xodsn7epgnqld/app.bsky.feed.post/3m56oksug622g,robosullivan.bsky.social,"Trying to enjoy our holiday in a clean, affordable, walkable city with 3rd spaces everywhere but instead we're just wandering from cool thing to cool thing asking ""Why can't we do this in Ireland?"" #spéirgorm",at://did:plc:siclj5jstt2xodsn7epgnqld/app.bsky.feed.post/3m56oksug622g
at://did:plc:vmaa275bmnrksir7y6muzkkf/app.bsky.feed.post/3m55yn3wsg22j,dailigh.bsky.social,"This guy is a twit, but he’s a powerful twit.

I love how people like him (and we see same in some British politicians) are scared of a little anglophone Island on the north west of Europe.

We scare them, we show them how life can be better while also suggesting we can be better.
#speirgorm",at://did:plc:vmaa275bmnrksir7y6muzkkf/app.bsky.feed.post/3m55yn3wsg22j
at://did:plc:ro76qxmd6nel5b5p4262x5eq/app.bsky.feed.post/3m55klmu7ys2f,lokideburca.bsky.social,"Heor lads, what was this lads name and is he still for the unification of Ireland or his off painting Georges crosses on roundabouts?
#speirgorm #ireland",at://did:plc:ro76qxmd6nel5b5p4262x5eq/app.bsky.feed.post/3m55klmu7ys2f
at://did:plc:kvx5mxavth6uck4sqhb6vpcg/app.bsky.feed.post/3m55kggja2s2b,abhoysvoice.bsky.social,"I see the doc/dramatisation of Ann Lovett is on RTÉ 1 tonight at 9.55pm.

I honestly...

Every time I pass one of the many, many grottos across Ireland, I think of her. 😢

Yet just one of 1000s...10s of 1000s of experiences of Ireland's shameful past.

A shame that continues today.

#SpeirGorm",at://did:plc:kvx5mxavth6uck4sqhb6vpcg/app.bsky.feed.post/3m55kggja2s2b
at://did:plc:htzrfp3q6p3ht3x7knog6mdd/app.bsky.feed.post/3m55jihqexc25,grainneblair.bsky.social,#Speirgorm #RTEOne 21.30 tonight watch it with some young wans and talk about it. Never Forget,at://did:plc:htzrfp3q6p3ht3x7knog6mdd/app.bsky.feed.post/3m55jihqexc25
at://did:plc:yq6twtxsyczk7wtcptg76za2/app.bsky.feed.post/3m55hyrfhd22j,roc83.bsky.social,"Dublin people sharing posts about non-Dubs liking coddle as if it’s something to be celebrated and not a cry for help.

#Speirgorm",at://did:plc:yq6twtxsyczk7wtcptg76za2/app.bsky.feed.post/3m55hyrfhd22j
at://did:plc:jl6cn5yuzpi4tj5vfl7ysfrm/app.bsky.feed.post/3m55fhxvdns2m,shazbear.bsky.social,#SpeirGorm 😆,at://did:plc:jl6cn5yuzpi4tj5vfl7ysfrm/app.bsky.feed.post/3m55fhxvdns2m
at://did:plc:v6y63c54iecyzlxp3vrxvwv2/app.bsky.feed.post/3m55d4n5oy22d,rdisc0mb0bulate.bsky.social,"There was a vinyl market taking place in Gorey this afternoon. So myself and Eldest went for a look. 

I decided to treat myself! 
#SpeirGorm
#DepecheMode",at://did:plc:v6y63c54iecyzlxp3vrxvwv2/app.bsky.feed.post/3m55d4n5oy22d
at://did:plc:xwjlw3ygmqlbr5igkokbkzfn/app.bsky.feed.post/3m55coalb3s2a,oisinmcgann.bsky.social,"This was either: 
1) Written by an LLM.
2) Written by someone who hates the English language.
3) The scream of a banshee heralding the death of Irish newspaper journalism.

#SpeirGorm",at://did:plc:xwjlw3ygmqlbr5igkokbkzfn/app.bsky.feed.post/3m55coalb3s2a
at://did:plc:ofmkl4k2ybutv5b3xpmuq36h/app.bsky.feed.post/3m55bhjxiek2t,limerick4inarow.bsky.social,"The absolute cut of him. He looks like an Irish showband singer from the 1970’s. 

#speirgorm",at://did:plc:ofmkl4k2ybutv5b3xpmuq36h/app.bsky.feed.post/3m55bhjxiek2t
at://did:plc:vmaa275bmnrksir7y6muzkkf/app.bsky.feed.post/3m55ao6gubk2d,dailigh.bsky.social,Ah was wondering if we’d have some Bluesky fun today & not let Treyvaud roasting on Twitter have all the craic. #speirgorm,at://did:plc:vmaa275bmnrksir7y6muzkkf/app.bsky.feed.post/3m55ao6gubk2d
at://did:plc:rj54e4tn2c5l6kmuqotuahuv/app.bsky.feed.post/3m554ig6kwc2u,pnamblath.bsky.social,"So sad that Jo Jo family still waiting for closure after 30 years
#speirgorm #IrishNews",at://did:plc:rj54e4tn2c5l6kmuqotuahuv/app.bsky.feed.post/3m554ig6kwc2u
at://did:plc:wse2xzmb4etf7dpmdodw75lt/app.bsky.feed.post/3m552kpejws2h,jenniferomeara5.bsky.social,"The Effing & Blinding feed. Someone please start it! 
#SpeirGorm",at://did:plc:wse2xzmb4etf7dpmdodw75lt/app.bsky.feed.post/3m552kpejws2h
at://did:plc:wse2xzmb4etf7dpmdodw75lt/app.bsky.feed.post/3m552ekeock2h,jenniferomeara5.bsky.social,"The Effing & Blinding feed. Someone please start it! 
#SpeirGorm",at://did:plc:wse2xzmb4etf7dpmdodw75lt/app.bsky.feed.post/3m552ekeock2h
at://did:plc:zhnxit2ol47yfkmdl6eicbbm/app.bsky.feed.post/3m54z6mw55s2f,hyperbolicdub.bsky.social,This shit has become normalised in Ireland. These thugs don't even feel a need to hide their faces. What does it say about how social media has denigrated people's compassion towards others? #speirgorm,at://did:plc:zhnxit2ol47yfkmdl6eicbbm/app.bsky.feed.post/3m54z6mw55s2f
at://did:plc:trjaqvpxbhcheqnr5fv6tkpm/app.bsky.feed.post/3m54wyl6ws22e,johnbarrington.bsky.social,"Son and granddaughter attended rugby friendly between Ireland and Japan at Lansdowne today, and this was their view #speirgorm #rugby #Ireland",at://did:plc:trjaqvpxbhcheqnr5fv6tkpm/app.bsky.feed.post/3m54wyl6ws22e
at://did:plc:gtj55dznp4vuvx4qc2lhlrd3/app.bsky.feed.post/3m54u2ubk7k2w,shaneconneely.bsky.social,"Resetting all the filters to ""I'm an adult who has no fear of cursing"", has resurrected many of the Irish #Speirgorm  that'd vanished from my feed",at://did:plc:gtj55dznp4vuvx4qc2lhlrd3/app.bsky.feed.post/3m54u2ubk7k2w
at://did:plc:wzelpzmv2b3oudwhkcpr2s6n/app.bsky.feed.post/3m54oll77rs2m,drmarymcauliffe.bsky.social,"Melting in a very warm O’Reilly hall meeting lots of interested, engaged potential students - doing the needful for our undergraduate degree in Social Justice at the UCD open day. Thousands on campus which is looking really lovely in the autumnal sunshine #ucd #speirgorm",at://did:plc:wzelpzmv2b3oudwhkcpr2s6n/app.bsky.feed.post/3m54oll77rs2m
at://did:plc:zhnxit2ol47yfkmdl6eicbbm/app.bsky.feed.post/3m54jmfpncs25,hyperbolicdub.bsky.social,"Why does a man emigrate to Ireland from Lithuania only to attempt to cause violence on peaceful law-abiding members of society because he thinks they are ""invaders""? The mind boggles #speirgorm",at://did:plc:zhnxit2ol47yfkmdl6eicbbm/app.bsky.feed.post/3m54jmfpncs25
at://did:plc:uwji4l3wzsygaxduowluqmgr/app.bsky.feed.post/3m54ihypkgc2s,sharrow.bsky.social,"Thank you @carlkinsella.bsky.social

Unfortunately Carl is right, until FF & FG actually consider thousands of homeless kids a crisis which effects them & thier voter base, they won't act.

 jrnl.ie/6866350 #supergluedpockets
#speirgorm",at://did:plc:uwji4l3wzsygaxduowluqmgr/app.bsky.feed.post/3m54ihypkgc2s
at://did:plc:rd67s5mrnrwg5bqhvzft2kgv/app.bsky.feed.post/3m54gesaalc2o,sellybeth.bsky.social,"Oh no wait I've just remembered the existence of Maria Steen and have never changed my mind so quickly in my life. Back to the usual democratic process until I come up with something better I guess

#SpéirGhorm #SpéirGorm",at://did:plc:rd67s5mrnrwg5bqhvzft2kgv/app.bsky.feed.post/3m54gesaalc2o
at://did:plc:rd67s5mrnrwg5bqhvzft2kgv/app.bsky.feed.post/3m54gcmk5cc2o,sellybeth.bsky.social,"Proposal: henceforth the president should be selected on the basis of whose name is easiest to make into a tea based pun. It would've disqualified Jim Gavin right off the bat.

#SpéirGhorm #SpéirGorm",at://did:plc:rd67s5mrnrwg5bqhvzft2kgv/app.bsky.feed.post/3m54gcmk5cc2o
at://did:plc:v6y63c54iecyzlxp3vrxvwv2/app.bsky.feed.post/3m54eik2co226,rdisc0mb0bulate.bsky.social,"You know those signs that tell you how many days it has been without incident? 

Translate that to perimenopause! 🤣

Well fuck ya anyhow! 
#SpeirGorm",at://did:plc:v6y63c54iecyzlxp3vrxvwv2/app.bsky.feed.post/3m54eik2co226
at://did:plc:lcczgcqfsgyocligu3ukzexx/app.bsky.feed.post/3m54duhrn4k27,squeefulraven.bsky.social,"Give us this day, our weekly pancakey!! 

#SpeirGorm #SpéirGorm #Breakfast #Pancakes #Homemade #Delicious #PancakeSaturday #Saturday #Lidl #ChocolateSpread #Cappuchino #Probiotic",at://did:plc:lcczgcqfsgyocligu3ukzexx/app.bsky.feed.post/3m54duhrn4k27
at://did:plc:ld2vd37jefwcaw6dmx6raaqt/app.bsky.feed.post/3m54cilr75s2h,libertiesbelle.bsky.social,"#SpéirGorm

www.rte.ie/news/2025/11...",at://did:plc:ld2vd37jefwcaw6dmx6raaqt/app.bsky.feed.post/3m54cilr75s2h
at://did:plc:j2wnnsrxlcesmgggtmpfou7c/app.bsky.feed.post/3m53zujdvqs26,dochasisgra.bsky.social,#speirgorm,at://did:plc:j2wnnsrxlcesmgggtmpfou7c/app.bsky.feed.post/3m53zujdvqs26
at://did:plc:gjsoejzm7at4syhrvzgizrev/app.bsky.feed.post/3m53zp2dkss2q,ainekeenan.bsky.social,"Death, be not proud,
though some have called thee
mighty and dreadful,
for thou art not so;
for those whom thou think'st
thou overthrow die not,
poor Death ...

John Donne, 17th century

#Photography #Poetry #SpeirGorm #India #ImageAndVerse #ArtOfBlueSky #PhotographersOfBlueSky #EastCoastKin",at://did:plc:gjsoejzm7at4syhrvzgizrev/app.bsky.feed.post/3m53zp2dkss2q
at://did:plc:jxo3eqeeh3kxphirpaqlbnaq/app.bsky.feed.post/3m53kct2xyc2u,hazelklarkin.bsky.social,#SpéirGorm,at://did:plc:jxo3eqeeh3kxphirpaqlbnaq/app.bsky.feed.post/3m53kct2xyc2u
at://did:plc:wse2xzmb4etf7dpmdodw75lt/app.bsky.feed.post/3m53i42czh227,jenniferomeara5.bsky.social,"Buy something for the thrill of opening that gorgeous packaging. The contents aren't too shabby either 😉
#SLATED
#SpeirGorm",at://did:plc:wse2xzmb4etf7dpmdodw75lt/app.bsky.feed.post/3m53i42czh227
at://did:plc:3knasliftb6kwttor3caezrb/app.bsky.feed.post/3m537de4usc2c,trish-roe.bsky.social,"Pity Paddy Kielty didn’t ask a few personal / general questions. You know the kind of soft ball ones the media threw to Heather. I’m sure the audience would have appreciated hearing how she juggles new motherhood with the Dáil. But still an excellent  interview by Holly Cairns. 
#speirgorm
#latelate",at://did:plc:3knasliftb6kwttor3caezrb/app.bsky.feed.post/3m537de4usc2c
at://did:plc:oxfmnceakuxgdwuydnnctski/app.bsky.feed.post/3m5364oxu622m,amynim.bsky.social,"Have been awol as have been far too distracted by new addition. The shelter were calling him trout, which is shit so have to come up with one, thinking something Irish but sussing his personality out bit more first. He's 4 months, bit of JRT, Irish Terrier and Patterdale. Delighted. #SpeirGorm",at://did:plc:oxfmnceakuxgdwuydnnctski/app.bsky.feed.post/3m5364oxu622m
at://did:plc:mypgtjbs2ezul2ar3i2rjbpv/app.bsky.feed.post/3m52wbnbu3226,pmchoan.bsky.social,#SpéirGorm #SpeirGorm #Dublin #Letterkenny #Bus,at://did:plc:mypgtjbs2ezul2ar3i2rjbpv/app.bsky.feed.post/3m52wbnbu3226
at://did:plc:tebblcmjilvtchbjqpwlknt6/app.bsky.feed.post/3m52vi3avxk26,amandadunne.bsky.social,With Mr. Crow they were truly the fab 4 -  Wanderly Wagon meant the weekend had finally arrived! #SpeirGorm #Spéirgorm,at://did:plc:tebblcmjilvtchbjqpwlknt6/app.bsky.feed.post/3m52vi3avxk26
at://did:plc:i4k5jo343mnn5kjf3ooz2rhj/app.bsky.feed.post/3m52r4szffc25,ravenbooks.bsky.social,"And for those of us of a certain vintage... 
#SpeirGorm #SpéirGorm",at://did:plc:i4k5jo343mnn5kjf3ooz2rhj/app.bsky.feed.post/3m52r4szffc25
at://did:plc:i4k5jo343mnn5kjf3ooz2rhj/app.bsky.feed.post/3m52qwvn3pc25,ravenbooks.bsky.social,"With the ink barely dry from the printers, the latest -opedia from John & Kathi Burke is ""Animalopedia: a Menagerie of Every Irish Animal You Can Think Of"". It's amazing!
#KidLit #KidsBooksFriday #NonFictionNovember #SpeirGorm #SpéirGorm",at://did:plc:i4k5jo343mnn5kjf3ooz2rhj/app.bsky.feed.post/3m52qwvn3pc25
at://did:plc:il65euvovepysgitnnxtyghe/app.bsky.feed.post/3m52oiigtos2n,claireissimo.bsky.social,"Jesus, this is depraved.
 
#SpéirGorm #SpéirGhorm
www.thejournal.ie/two-men-char...",at://did:plc:il65euvovepysgitnnxtyghe/app.bsky.feed.post/3m52oiigtos2n
at://did:plc:rrj4gnpl267pqtrrdsjkijaq/app.bsky.feed.post/3m52miloet22c,dubmac.bsky.social,"Wouldn't it be great if we had politicians who had innate speaking abilities rather than them being trained to proficiently lie?

Did you know that the original name for PR was propaganda?
Look up Edward Bernays.
#Dail #Oireachtas #GiftlessGab
#Speirgorm",at://did:plc:rrj4gnpl267pqtrrdsjkijaq/app.bsky.feed.post/3m52miloet22c
at://did:plc:33vlabr5n5naktrl6xgyopoc/app.bsky.feed.post/3m52krovjek2n,nigellicus.bsky.social,He can only be a folk hero if he picked people up on the way. #speirgorm,at://did:plc:33vlabr5n5naktrl6xgyopoc/app.bsky.feed.post/3m52krovjek2n
at://did:plc:nykl7whvnmnrluuxdkl72vum/app.bsky.feed.post/3m52k3nftik2b,breathingfire.bsky.social,"So you can send Dairy Milk Chocolate but not Cheese & Onion crisps because ""no dairy""? 🙃 #Spéirgorm www.rte.ie/news/ireland...",at://did:plc:nykl7whvnmnrluuxdkl72vum/app.bsky.feed.post/3m52k3nftik2b
at://did:plc:vo3c5x2szy6wq4xc3dlemv7f/app.bsky.feed.post/3m52is5m2nc2i,cathyby.bsky.social,"'Violent' extremist group threatened to attack Galway mosque, IPAS centres, Portlaoise court hears. 

Two men have been charged with possession of explosives. 

www.rte.ie/news/courts/...

#SpeirGorm",at://did:plc:vo3c5x2szy6wq4xc3dlemv7f/app.bsky.feed.post/3m52is5m2nc2i
at://did:plc:iynfektv23knpbfu2cct4i4p/app.bsky.feed.post/3m52g2fxjas2g,garymoloney.bsky.social,"Tá an-áthas orm a chur in iúl go d’oibrigh mé ar an leagan Gaeilge de Quantum Quest (gearrscannáin nua ó Cassette Vision) mar aistritheoir!

Delighted to announce I worked on the Irish language version of Quantum Quest, a new short film from Cassette Vision, as a translator! 1/

#Speirgorm",at://did:plc:iynfektv23knpbfu2cct4i4p/app.bsky.feed.post/3m52g2fxjas2g
at://did:plc:twcctwxow52a2smobzwrgbgf/app.bsky.feed.post/3m52damtbec2e,niamhpuirseil.bsky.social,"¡Hola! A pal is looking for a Jinx Lennon ticket for Thomas House this evening if anyone has a spare?
#ticketfairy
#speirgorm",at://did:plc:twcctwxow52a2smobzwrgbgf/app.bsky.feed.post/3m52damtbec2e
at://did:plc:y7fyhofvnxwekohaqkiho5qp/app.bsky.feed.post/3m526lo4c7s26,suerussell.bsky.social,"I know that in the grand scheme of things it's hardly earth shattering, but when your wee doggie is too poorly  to be interested in treats, it's heartbreaking. She's seen the vet, so hopefully feeling better soon. #dogsoftwitter #spéirgorm",at://did:plc:y7fyhofvnxwekohaqkiho5qp/app.bsky.feed.post/3m526lo4c7s26
at://did:plc:56aoxjem4pjvtqsscuhq223t/app.bsky.feed.post/3m525pt7d4c2g,rogerokeeffe.bsky.social,#speirgorm,at://did:plc:56aoxjem4pjvtqsscuhq223t/app.bsky.feed.post/3m525pt7d4c2g
at://did:plc:qi3uhneb2cz77ibwnzailb22/app.bsky.feed.post/3m5244awyvk2z,dfertl.bsky.social,"""Why is the Government playing chicken on #climate with Europe?
At a time of #climatecrisis: #Climateaction is fiscal prudence…
Minister for Climate Darragh O’Brien brushed off warnings from… fiscal and climate watchdogs as “back-of-the-envelope stuff”""
#SpéirGorm
www.irishtimes.com/environment/...",at://did:plc:qi3uhneb2cz77ibwnzailb22/app.bsky.feed.post/3m5244awyvk2z
at://did:plc:56aoxjem4pjvtqsscuhq223t/app.bsky.feed.post/3m4zzzsbd4s2g,rogerokeeffe.bsky.social,"As I learned here, it should really be gormspéir, but #speirgorm (without even the fada or upper or camel case) has first mover advantage. 

You need to follow the feed to catch posts with all the variants.",at://did:plc:56aoxjem4pjvtqsscuhq223t/app.bsky.feed.post/3m4zzzsbd4s2g
at://did:plc:ptzflttudpqcrf44hctiiylw/app.bsky.feed.post/3m4zym24pwc2z,alkalinecollective.bsky.social,"Careful #speirgorm, ""thanking your bus driver is noteworthy"" discourse is hitting the skyline!",at://did:plc:ptzflttudpqcrf44hctiiylw/app.bsky.feed.post/3m4zym24pwc2z
at://did:plc:j2wnnsrxlcesmgggtmpfou7c/app.bsky.feed.post/3m4zwwvw47c2f,dochasisgra.bsky.social,"I need to go out to do the weekly shop, it's pissing rain and I need my coat but my coat is currently occupied. Clearly I will just have to cancel all plans. (He is snoring deeply). #speirgorm #cats",at://did:plc:j2wnnsrxlcesmgggtmpfou7c/app.bsky.feed.post/3m4zwwvw47c2f
at://did:plc:dwzlhfisxytmrluhpl2dvypt/app.bsky.feed.post/3m4zwcqzvsk2u,niamhroisin.bsky.social,“A late contender for album of the year” - what an amazing Hotpress review for the new Altered Hours album - out today! #ProudSister #IrishMusic #Speirgorm #Speirghorm www.hotpress.com/music/album-...,at://did:plc:dwzlhfisxytmrluhpl2dvypt/app.bsky.feed.post/3m4zwcqzvsk2u
