from,to,repost_uri
keith1275.bsky.social,robosullivan.bsky.social,at://did:plc:siclj5jstt2xodsn7epgnqld/app.bsky.feed.post/3m6nl6no3bk2u
sharrow.bsky.social,robosullivan.bsky.social,at://did:plc:siclj5jstt2xodsn7epgnqld/app.bsky.feed.post/3m6nl6no3bk2u
pepsffk.bsky.social,dochasisgra.bsky.social,at://did:plc:j2wnnsrxlcesmgggtmpfou7c/app.bsky.feed.post/3m6nevkx4v226
sharrow.bsky.social,shazbear.bsky.social,at://did:plc:jl6cn5yuzpi4tj5vfl7ysfrm/app.bsky.feed.post/3m6nepuiix22k
caitrionas.bsky.social,orlaegan1.bsky.social,at://did:plc:ek6kvqen34uiu3ctdfyutjcw/app.bsky.feed.post/3m6namtrhak25
bikesnbukes.bsky.social,orlaegan1.bsky.social,at://did:plc:ek6kvqen34uiu3ctdfyutjcw/app.bsky.feed.post/3m6namtrhak25
wildecard.bsky.social,sharrow.bsky.social,at://did:plc:uwji4l3wzsygaxduowluqmgr/app.bsky.feed.post/3m6n6su2nak2p
sarklor.bsky.social,sharrow.bsky.social,at://did:plc:uwji4l3wzsygaxduowluqmgr/app.bsky.feed.post/3m6n6su2nak2p
stephencward.com,sharrow.bsky.social,at://did:plc:uwji4l3wzsygaxduowluqmgr/app.bsky.feed.post/3m6n6su2nak2p
alexcurran95.bsky.social,sharrow.bsky.social,at://did:plc:uwji4l3wzsygaxduowluqmgr/app.bsky.feed.post/3m6n6su2nak2p
ealadubh.bsky.social,sharrow.bsky.social,at://did:plc:uwji4l3wzsygaxduowluqmgr/app.bsky.feed.post/3m6n6su2nak2p
ayrtonobrien.bsky.social,tararoonies.bsky.social,at://did:plc:n6yvrp7h45vdrm72nrldcbzq/app.bsky.feed.post/3m6n6lgazgk2e
sharrow.bsky.social,tararoonies.bsky.social,at://did:plc:n6yvrp7h45vdrm72nrldcbzq/app.bsky.feed.post/3m6n6lgazgk2e
program9.com,tararoonies.bsky.social,at://did:plc:n6yvrp7h45vdrm72nrldcbzq/app.bsky.feed.post/3m6n6lgazgk2e
books.newsmast.community.ap.brid.gy,nigellicus.bsky.social,at://did:plc:33vlabr5n5naktrl6xgyopoc/app.bsky.feed.post/3m6n2tf4lb22e
jenniferomeara5.bsky.social,slated.ie,at://did:plc:7czbhyt6vmlibzjk2md3ds36/app.bsky.feed.post/3m6n2k2tyis22
manofbeerd.bsky.social,slated.ie,at://did:plc:7czbhyt6vmlibzjk2md3ds36/app.bsky.feed.post/3m6n2k2tyis22
annstapleton.bsky.social,slated.ie,at://did:plc:7czbhyt6vmlibzjk2md3ds36/app.bsky.feed.post/3m6n2k2tyis22
mousketeer.bsky.social,slated.ie,at://did:plc:7czbhyt6vmlibzjk2md3ds36/app.bsky.feed.post/3m6n2k2tyis22
ciara2001.bsky.social,slated.ie,at://did:plc:7czbhyt6vmlibzjk2md3ds36/app.bsky.feed.post/3m6n2k2tyis22
imaginarystories.bsky.social,slated.ie,at://did:plc:7czbhyt6vmlibzjk2md3ds36/app.bsky.feed.post/3m6n2k2tyis22
cathibea.bsky.social,slated.ie,at://did:plc:7czbhyt6vmlibzjk2md3ds36/app.bsky.feed.post/3m6n2k2tyis22
jdalton79.bsky.social,slated.ie,at://did:plc:7czbhyt6vmlibzjk2md3ds36/app.bsky.feed.post/3m6n2k2tyis22
diane.dianeduane.com,slated.ie,at://did:plc:7czbhyt6vmlibzjk2md3ds36/app.bsky.feed.post/3m6n2k2tyis22
tggleeson.bsky.social,slated.ie,at://did:plc:7czbhyt6vmlibzjk2md3ds36/app.bsky.feed.post/3m6n2k2tyis22
slated.ie,slated.ie,at://did:plc:7czbhyt6vmlibzjk2md3ds36/app.bsky.feed.post/3m6n2k2tyis22
leoie.bsky.social,slated.ie,at://did:plc:7czbhyt6vmlibzjk2md3ds36/app.bsky.feed.post/3m6n2k2tyis22
pagep195.bsky.social,321kieran.bsky.social,at://did:plc:r4hqvnfuc2flfguavyrhcjgg/app.bsky.feed.post/3m6mxw5a4dc2x
pierpaolo.bsky.social,djwalker.bsky.social,at://did:plc:iecysrzsqba4uhev4v7r5py7/app.bsky.feed.post/3m6mxmt56ac2m
albert-ibars.bsky.social,djwalker.bsky.social,at://did:plc:iecysrzsqba4uhev4v7r5py7/app.bsky.feed.post/3m6mxmt56ac2m
breeze420.bsky.social,djwalker.bsky.social,at://did:plc:iecysrzsqba4uhev4v7r5py7/app.bsky.feed.post/3m6mxmt56ac2m
photohour.bsky.social,djwalker.bsky.social,at://did:plc:iecysrzsqba4uhev4v7r5py7/app.bsky.feed.post/3m6mxmt56ac2m
roisinnineachtain.com,drmarymcauliffe.bsky.social,at://did:plc:wzelpzmv2b3oudwhkcpr2s6n/app.bsky.feed.post/3m6mwmyrar22b
laurie-merrell.bsky.social,drmarymcauliffe.bsky.social,at://did:plc:wzelpzmv2b3oudwhkcpr2s6n/app.bsky.feed.post/3m6mwmyrar22b
billallen.bsky.social,drmarymcauliffe.bsky.social,at://did:plc:wzelpzmv2b3oudwhkcpr2s6n/app.bsky.feed.post/3m6mwmyrar22b
sandraduffy.bsky.social,drmarymcauliffe.bsky.social,at://did:plc:wzelpzmv2b3oudwhkcpr2s6n/app.bsky.feed.post/3m6mwmyrar22b
thewildgees.bsky.social,drmarymcauliffe.bsky.social,at://did:plc:wzelpzmv2b3oudwhkcpr2s6n/app.bsky.feed.post/3m6mwmyrar22b
helstinki.bsky.social,drmarymcauliffe.bsky.social,at://did:plc:wzelpzmv2b3oudwhkcpr2s6n/app.bsky.feed.post/3m6mwmyrar22b
martinadevlinbooks.bsky.social,drmarymcauliffe.bsky.social,at://did:plc:wzelpzmv2b3oudwhkcpr2s6n/app.bsky.feed.post/3m6mwmyrar22b
profkakie.bsky.social,drmarymcauliffe.bsky.social,at://did:plc:wzelpzmv2b3oudwhkcpr2s6n/app.bsky.feed.post/3m6mwmyrar22b
ciara2001.bsky.social,drmarymcauliffe.bsky.social,at://did:plc:wzelpzmv2b3oudwhkcpr2s6n/app.bsky.feed.post/3m6mwmyrar22b
ravenbooks.bsky.social,drmarymcauliffe.bsky.social,at://did:plc:wzelpzmv2b3oudwhkcpr2s6n/app.bsky.feed.post/3m6mwmyrar22b
twiginasana.bsky.social,drmarymcauliffe.bsky.social,at://did:plc:wzelpzmv2b3oudwhkcpr2s6n/app.bsky.feed.post/3m6mwmyrar22b
shibh.bsky.social,drmarymcauliffe.bsky.social,at://did:plc:wzelpzmv2b3oudwhkcpr2s6n/app.bsky.feed.post/3m6mwmyrar22b
effiesnake.bsky.social,drmarymcauliffe.bsky.social,at://did:plc:wzelpzmv2b3oudwhkcpr2s6n/app.bsky.feed.post/3m6mwmyrar22b
deborahrosereeves.bsky.social,drmarymcauliffe.bsky.social,at://did:plc:wzelpzmv2b3oudwhkcpr2s6n/app.bsky.feed.post/3m6mwmyrar22b
cathalmalone.bsky.social,drmarymcauliffe.bsky.social,at://did:plc:wzelpzmv2b3oudwhkcpr2s6n/app.bsky.feed.post/3m6mwmyrar22b
mimmcloughlin.bsky.social,drmarymcauliffe.bsky.social,at://did:plc:wzelpzmv2b3oudwhkcpr2s6n/app.bsky.feed.post/3m6mwmyrar22b
tonykavanagh.bsky.social,caroleducky.bsky.social,at://did:plc:wk4vbtn77njhk4mlohgewj2m/app.bsky.feed.post/3m6mwhbyya22a
ballerinax.bsky.social,ciaralynnmurphy.bsky.social,at://did:plc:vgw34ubb4wjjkrkwtw6qpcyu/app.bsky.feed.post/3m6mv3qpqos2n
judesherry.bsky.social,atticuspeirgorm.bsky.social,at://did:plc:e2vdb3yylfvzgvlo3fi5mrkf/app.bsky.feed.post/3m6mpyfv2ek2n
nilochnain.bsky.social,judesherry.bsky.social,at://did:plc:tjj7toux5q6m2v7x2unyhznh/app.bsky.feed.post/3m6mppndsv22j
judesherry.bsky.social,judesherry.bsky.social,at://did:plc:tjj7toux5q6m2v7x2unyhznh/app.bsky.feed.post/3m6mppndsv22j
emmadragon.bsky.social,judesherry.bsky.social,at://did:plc:tjj7toux5q6m2v7x2unyhznh/app.bsky.feed.post/3m6mppndsv22j
brendanjharkin.bsky.social,judesherry.bsky.social,at://did:plc:tjj7toux5q6m2v7x2unyhznh/app.bsky.feed.post/3m6mppndsv22j
helendublin.bsky.social,judesherry.bsky.social,at://did:plc:tjj7toux5q6m2v7x2unyhznh/app.bsky.feed.post/3m6mppndsv22j
ljmccartan.bsky.social,judesherry.bsky.social,at://did:plc:tjj7toux5q6m2v7x2unyhznh/app.bsky.feed.post/3m6mppndsv22j
frankoconnor.bsky.social,judesherry.bsky.social,at://did:plc:tjj7toux5q6m2v7x2unyhznh/app.bsky.feed.post/3m6mppndsv22j
atticuspeirgorm.bsky.social,judesherry.bsky.social,at://did:plc:tjj7toux5q6m2v7x2unyhznh/app.bsky.feed.post/3m6mppndsv22j
orla-hegarty.bsky.social,judesherry.bsky.social,at://did:plc:tjj7toux5q6m2v7x2unyhznh/app.bsky.feed.post/3m6mppndsv22j
sickofthisbs77.bsky.social,judesherry.bsky.social,at://did:plc:tjj7toux5q6m2v7x2unyhznh/app.bsky.feed.post/3m6mppndsv22j
sullydaysleeper.bsky.social,judesherry.bsky.social,at://did:plc:tjj7toux5q6m2v7x2unyhznh/app.bsky.feed.post/3m6mppndsv22j
dkly70.bsky.social,judesherry.bsky.social,at://did:plc:tjj7toux5q6m2v7x2unyhznh/app.bsky.feed.post/3m6mppndsv22j
stitchlily.bsky.social,judesherry.bsky.social,at://did:plc:tjj7toux5q6m2v7x2unyhznh/app.bsky.feed.post/3m6mppndsv22j
kinford.bsky.social,judesherry.bsky.social,at://did:plc:tjj7toux5q6m2v7x2unyhznh/app.bsky.feed.post/3m6mppndsv22j
salvadorryan.bsky.social,iaphistorians.bsky.social,at://did:plc:cs5x5xn666pqm7z76s63rerc/app.bsky.feed.post/3m6mneh7sss25
chendirl.bsky.social,iaphistorians.bsky.social,at://did:plc:cs5x5xn666pqm7z76s63rerc/app.bsky.feed.post/3m6mneh7sss25
eurohealthhist.bsky.social,iaphistorians.bsky.social,at://did:plc:cs5x5xn666pqm7z76s63rerc/app.bsky.feed.post/3m6mneh7sss25
marwoodlennox.bsky.social,dov.bsky.social,at://did:plc:gmbqy5pcenb4bduadxtinou7/app.bsky.feed.post/3m6mkgtjqus2g
rs-glide08.bsky.social,dov.bsky.social,at://did:plc:gmbqy5pcenb4bduadxtinou7/app.bsky.feed.post/3m6mkgtjqus2g
eils1.bsky.social,caroleducky.bsky.social,at://did:plc:wk4vbtn77njhk4mlohgewj2m/app.bsky.feed.post/3m6mk75orpk2s
pierpaolo.bsky.social,ainekeenan.bsky.social,at://did:plc:gjsoejzm7at4syhrvzgizrev/app.bsky.feed.post/3m6mi7pmawk2f
melysue.bsky.social,ainekeenan.bsky.social,at://did:plc:gjsoejzm7at4syhrvzgizrev/app.bsky.feed.post/3m6mi7pmawk2f
sqotn.bsky.social,ainekeenan.bsky.social,at://did:plc:gjsoejzm7at4syhrvzgizrev/app.bsky.feed.post/3m6mi7pmawk2f
thebluemango.in,ainekeenan.bsky.social,at://did:plc:gjsoejzm7at4syhrvzgizrev/app.bsky.feed.post/3m6mi7pmawk2f
breeze420.bsky.social,ainekeenan.bsky.social,at://did:plc:gjsoejzm7at4syhrvzgizrev/app.bsky.feed.post/3m6mi7pmawk2f
gulliver77.bsky.social,ainekeenan.bsky.social,at://did:plc:gjsoejzm7at4syhrvzgizrev/app.bsky.feed.post/3m6mi7pmawk2f
lyphshro.bsky.social,ainekeenan.bsky.social,at://did:plc:gjsoejzm7at4syhrvzgizrev/app.bsky.feed.post/3m6mi7pmawk2f
kevjhnstn.bsky.social,oisinmcgann.bsky.social,at://did:plc:xwjlw3ygmqlbr5igkokbkzfn/app.bsky.feed.post/3m6mezqy4cs2c
wittyrodger.bsky.social,oisinmcgann.bsky.social,at://did:plc:xwjlw3ygmqlbr5igkokbkzfn/app.bsky.feed.post/3m6mezqy4cs2c
childrensbooksireland.ie,oisinmcgann.bsky.social,at://did:plc:xwjlw3ygmqlbr5igkokbkzfn/app.bsky.feed.post/3m6mezqy4cs2c
bobjohnstonbooks.bsky.social,ciara2001.bsky.social,at://did:plc:jr5xhxt5w6a2jqh2os36rkvg/app.bsky.feed.post/3m6mblqrmss2x
ianthe.online,ciara2001.bsky.social,at://did:plc:jr5xhxt5w6a2jqh2os36rkvg/app.bsky.feed.post/3m6mblqrmss2x
dov.bsky.social,ciara2001.bsky.social,at://did:plc:jr5xhxt5w6a2jqh2os36rkvg/app.bsky.feed.post/3m6mblqrmss2x
just-me123.bsky.social,ciara2001.bsky.social,at://did:plc:jr5xhxt5w6a2jqh2os36rkvg/app.bsky.feed.post/3m6mblqrmss2x
liamshields.bsky.social,ciara2001.bsky.social,at://did:plc:jr5xhxt5w6a2jqh2os36rkvg/app.bsky.feed.post/3m6mblqrmss2x
bobjohnstonbooks.bsky.social,ancienteejit.bsky.social,at://did:plc:hbdv3kavhrd7dwwbpeewrdzo/app.bsky.feed.post/3m6mapdpvps2s
electionlit.bsky.social,electionlit.bsky.social,at://did:plc:swknwdgyvbkrbda6fdhhwefj/app.bsky.feed.post/3m6m7uxf73k2d
mnicearbhaill.bsky.social,electionlit.bsky.social,at://did:plc:swknwdgyvbkrbda6fdhhwefj/app.bsky.feed.post/3m6m7uxf73k2d
atticuspeirgorm.bsky.social,libertiesbelle.bsky.social,at://did:plc:ld2vd37jefwcaw6dmx6raaqt/app.bsky.feed.post/3m6m62hckfc2o
cathyby.bsky.social,quiteclare.bsky.social,at://did:plc:upap75uizgsqltqsigiqkus4/app.bsky.feed.post/3m6m52we6dc26
cardcolm.bsky.social,quiteclare.bsky.social,at://did:plc:upap75uizgsqltqsigiqkus4/app.bsky.feed.post/3m6m52we6dc26
vigilsforfriends.com,hayleymulch.com,at://did:plc:4bl6bpnggvjb3qgcwhosv6xg/app.bsky.feed.post/3m6lzooovec2j
kenlauder.bsky.social,hayleymulch.com,at://did:plc:4bl6bpnggvjb3qgcwhosv6xg/app.bsky.feed.post/3m6lzooovec2j
cjc-rw.bsky.social,hayleymulch.com,at://did:plc:4bl6bpnggvjb3qgcwhosv6xg/app.bsky.feed.post/3m6lzooovec2j
itmeanspencil.bsky.social,hayleymulch.com,at://did:plc:4bl6bpnggvjb3qgcwhosv6xg/app.bsky.feed.post/3m6lzooovec2j
ljfafo.bsky.social,hayleymulch.com,at://did:plc:4bl6bpnggvjb3qgcwhosv6xg/app.bsky.feed.post/3m6lzooovec2j
diamondjoltva.bsky.social,hayleymulch.com,at://did:plc:4bl6bpnggvjb3qgcwhosv6xg/app.bsky.feed.post/3m6lzooovec2j
hayleymulch.com,hayleymulch.com,at://did:plc:4bl6bpnggvjb3qgcwhosv6xg/app.bsky.feed.post/3m6lzooovec2j
billallen.bsky.social,lisagrimm.com,at://did:plc:bjovrbtmnlckoh6vaalnqjzi/app.bsky.feed.post/3m6ltzq2lyc2k
cerandor.com,lisagrimm.com,at://did:plc:bjovrbtmnlckoh6vaalnqjzi/app.bsky.feed.post/3m6ltzq2lyc2k
louisekrennmair.bsky.social,lisagrimm.com,at://did:plc:bjovrbtmnlckoh6vaalnqjzi/app.bsky.feed.post/3m6ltzq2lyc2k
debhruin.bsky.social,siobhanmcelduff.bsky.social,at://did:plc:b5yxc2nhcgrbtu3twvlg3i7a/app.bsky.feed.post/3m6liyocx7s2e
anarcho-surreal.bsky.social,siobhanmcelduff.bsky.social,at://did:plc:b5yxc2nhcgrbtu3twvlg3i7a/app.bsky.feed.post/3m6liyocx7s2e
billallen.bsky.social,siobhanmcelduff.bsky.social,at://did:plc:b5yxc2nhcgrbtu3twvlg3i7a/app.bsky.feed.post/3m6liyocx7s2e
emmadragon.bsky.social,siobhanmcelduff.bsky.social,at://did:plc:b5yxc2nhcgrbtu3twvlg3i7a/app.bsky.feed.post/3m6liyocx7s2e
billallen.bsky.social,sharrow.bsky.social,at://did:plc:uwji4l3wzsygaxduowluqmgr/app.bsky.feed.post/3m6l3wyja7k2u
robosullivan.bsky.social,sharrow.bsky.social,at://did:plc:uwji4l3wzsygaxduowluqmgr/app.bsky.feed.post/3m6l3wyja7k2u
hazelklarkin.bsky.social,sharrow.bsky.social,at://did:plc:uwji4l3wzsygaxduowluqmgr/app.bsky.feed.post/3m6l3wyja7k2u
kbkarma.bsky.social,sharrow.bsky.social,at://did:plc:uwji4l3wzsygaxduowluqmgr/app.bsky.feed.post/3m6l3wyja7k2u
pierpaolo.bsky.social,djwalker.bsky.social,at://did:plc:iecysrzsqba4uhev4v7r5py7/app.bsky.feed.post/3m6kyiyvjcc2c
breeze420.bsky.social,djwalker.bsky.social,at://did:plc:iecysrzsqba4uhev4v7r5py7/app.bsky.feed.post/3m6kyiyvjcc2c
agagik.bsky.social,djwalker.bsky.social,at://did:plc:iecysrzsqba4uhev4v7r5py7/app.bsky.feed.post/3m6kyiyvjcc2c
sequinworld.bsky.social,djwalker.bsky.social,at://did:plc:iecysrzsqba4uhev4v7r5py7/app.bsky.feed.post/3m6kyiyvjcc2c
est3.bsky.social,djwalker.bsky.social,at://did:plc:iecysrzsqba4uhev4v7r5py7/app.bsky.feed.post/3m6kyiyvjcc2c
photohour.bsky.social,djwalker.bsky.social,at://did:plc:iecysrzsqba4uhev4v7r5py7/app.bsky.feed.post/3m6kyiyvjcc2c
sharrow.bsky.social,robosullivan.bsky.social,at://did:plc:siclj5jstt2xodsn7epgnqld/app.bsky.feed.post/3m6kxw4ymss2q
therealamz.bsky.social,robosullivan.bsky.social,at://did:plc:siclj5jstt2xodsn7epgnqld/app.bsky.feed.post/3m6kxw4ymss2q
kbkarma.bsky.social,robosullivan.bsky.social,at://did:plc:siclj5jstt2xodsn7epgnqld/app.bsky.feed.post/3m6kxw4ymss2q
theactualcathal.bsky.social,robosullivan.bsky.social,at://did:plc:siclj5jstt2xodsn7epgnqld/app.bsky.feed.post/3m6kxw4ymss2q
caitrionas.bsky.social,jayroszman.bsky.social,at://did:plc:vaawjhgwzilckuoc72ovydtt/app.bsky.feed.post/3m6kplorka22v
coreilly.bsky.social,jayroszman.bsky.social,at://did:plc:vaawjhgwzilckuoc72ovydtt/app.bsky.feed.post/3m6kplorka22v
eibhlinniccolla.bsky.social,drsadhbh.bsky.social,at://did:plc:kplyujcvyw6hfovaapzxsuu3/app.bsky.feed.post/3m6kphzshvs27
mousketeer.bsky.social,drsadhbh.bsky.social,at://did:plc:kplyujcvyw6hfovaapzxsuu3/app.bsky.feed.post/3m6kphzshvs27
darach.bsky.social,drsadhbh.bsky.social,at://did:plc:kplyujcvyw6hfovaapzxsuu3/app.bsky.feed.post/3m6kphzshvs27
caitrionas.bsky.social,adrianlegg.bsky.social,at://did:plc:ets3sxbntmhmfjb42w3cphky/app.bsky.feed.post/3m6kob6wrl22l
judesherry.bsky.social,frankoconnor.bsky.social,at://did:plc:eweyharmeuf3er35ejhbjp4o/app.bsky.feed.post/3m6ko5fzzrc2c
helendublin.bsky.social,frankoconnor.bsky.social,at://did:plc:eweyharmeuf3er35ejhbjp4o/app.bsky.feed.post/3m6ko5fzzrc2c
mousketeer.bsky.social,frankoconnor.bsky.social,at://did:plc:eweyharmeuf3er35ejhbjp4o/app.bsky.feed.post/3m6ko5fzzrc2c
mykomment.bsky.social,frankoconnor.bsky.social,at://did:plc:eweyharmeuf3er35ejhbjp4o/app.bsky.feed.post/3m6ko5fzzrc2c
marykatedanaher.bsky.social,thenpw.bsky.social,at://did:plc:jkgqy6z3shq6puqnt3t4g2to/app.bsky.feed.post/3m6knvkac4c2n
sturdyalex.bsky.social,thenpw.bsky.social,at://did:plc:jkgqy6z3shq6puqnt3t4g2to/app.bsky.feed.post/3m6knvkac4c2n
alexpodyssey.bsky.social,thenpw.bsky.social,at://did:plc:jkgqy6z3shq6puqnt3t4g2to/app.bsky.feed.post/3m6knvkac4c2n
alimack13.bsky.social,shanerazor.bsky.social,at://did:plc:3zrtumskbaikoqc2z3ou3nnc/app.bsky.feed.post/3m6kmtzr76c2v
mikemcgb.bsky.social,despod.bsky.social,at://did:plc:jhndv2ueuu77qaiw5ivjkhx7/app.bsky.feed.post/3m6kmqmqdmk2y
brwtwit.bsky.social,despod.bsky.social,at://did:plc:jhndv2ueuu77qaiw5ivjkhx7/app.bsky.feed.post/3m6kmqmqdmk2y
theredj50.bsky.social,despod.bsky.social,at://did:plc:jhndv2ueuu77qaiw5ivjkhx7/app.bsky.feed.post/3m6kmqmqdmk2y
oisinmcgann.bsky.social,oisinmcgann.bsky.social,at://did:plc:xwjlw3ygmqlbr5igkokbkzfn/app.bsky.feed.post/3m6kkukmybc2j
sharrow.bsky.social,oisinmcgann.bsky.social,at://did:plc:xwjlw3ygmqlbr5igkokbkzfn/app.bsky.feed.post/3m6kkukmybc2j
detectiveken.bsky.social,oisinmcgann.bsky.social,at://did:plc:xwjlw3ygmqlbr5igkokbkzfn/app.bsky.feed.post/3m6kkukmybc2j
littledeercomics.bsky.social,oisinmcgann.bsky.social,at://did:plc:xwjlw3ygmqlbr5igkokbkzfn/app.bsky.feed.post/3m6kkukmybc2j
rednecklefty.bsky.social,oisinmcgann.bsky.social,at://did:plc:xwjlw3ygmqlbr5igkokbkzfn/app.bsky.feed.post/3m6kkukmybc2j
paulduane.bsky.social,oisinmcgann.bsky.social,at://did:plc:xwjlw3ygmqlbr5igkokbkzfn/app.bsky.feed.post/3m6kkukmybc2j
gronya.bsky.social,oisinmcgann.bsky.social,at://did:plc:xwjlw3ygmqlbr5igkokbkzfn/app.bsky.feed.post/3m6kkukmybc2j
mattneilhill.bsky.social,oisinmcgann.bsky.social,at://did:plc:xwjlw3ygmqlbr5igkokbkzfn/app.bsky.feed.post/3m6kkukmybc2j
stephencward.com,oisinmcgann.bsky.social,at://did:plc:xwjlw3ygmqlbr5igkokbkzfn/app.bsky.feed.post/3m6kkukmybc2j
carolconnolly.bsky.social,oisinmcgann.bsky.social,at://did:plc:xwjlw3ygmqlbr5igkokbkzfn/app.bsky.feed.post/3m6kkukmybc2j
andyruffell.bsky.social,oisinmcgann.bsky.social,at://did:plc:xwjlw3ygmqlbr5igkokbkzfn/app.bsky.feed.post/3m6kkukmybc2j
jslaterwilliams.bsky.social,oisinmcgann.bsky.social,at://did:plc:xwjlw3ygmqlbr5igkokbkzfn/app.bsky.feed.post/3m6kkukmybc2j
wyvernfriend.bsky.social,oisinmcgann.bsky.social,at://did:plc:xwjlw3ygmqlbr5igkokbkzfn/app.bsky.feed.post/3m6kkukmybc2j
islandlesley.bsky.social,thebookshopie.bsky.social,at://did:plc:aq2f6q2flkiygiiahebfm6cp/app.bsky.feed.post/3m6kj67jyac2h
anarcho-surreal.bsky.social,libertiesbelle.bsky.social,at://did:plc:ld2vd37jefwcaw6dmx6raaqt/app.bsky.feed.post/3m6kioenhls2b
thisiswloi.bsky.social,libertiesbelle.bsky.social,at://did:plc:ld2vd37jefwcaw6dmx6raaqt/app.bsky.feed.post/3m6kioenhls2b
sharrow.bsky.social,libertiesbelle.bsky.social,at://did:plc:ld2vd37jefwcaw6dmx6raaqt/app.bsky.feed.post/3m6kioenhls2b
treasaigh.bsky.social,libertiesbelle.bsky.social,at://did:plc:ld2vd37jefwcaw6dmx6raaqt/app.bsky.feed.post/3m6kioenhls2b
claralaherty.bsky.social,weirdireland.bsky.social,at://did:plc:zcsbyrhosie7d223zrx5ffjy/app.bsky.feed.post/3m6khzysjbc2q
lisahafey.bsky.social,weirdireland.bsky.social,at://did:plc:zcsbyrhosie7d223zrx5ffjy/app.bsky.feed.post/3m6khzysjbc2q
kevjhnstn.bsky.social,weirdireland.bsky.social,at://did:plc:zcsbyrhosie7d223zrx5ffjy/app.bsky.feed.post/3m6khzysjbc2q
stephencward.com,sharrow.bsky.social,at://did:plc:uwji4l3wzsygaxduowluqmgr/app.bsky.feed.post/3m6kh2ssl3226
atticuspeirgorm.bsky.social,sharrow.bsky.social,at://did:plc:uwji4l3wzsygaxduowluqmgr/app.bsky.feed.post/3m6kh2ssl3226
sharrow.bsky.social,mmdc.bsky.social,at://did:plc:6dnpwemduovd6rzfburfqbrt/app.bsky.feed.post/3m6kg7zzggs2o
wyvernfriend.bsky.social,mmdc.bsky.social,at://did:plc:6dnpwemduovd6rzfburfqbrt/app.bsky.feed.post/3m6kg7zzggs2o
rosemormor.bsky.social,robertbohan.bsky.social,at://did:plc:z6phioqd5wrigle4t4jbveif/app.bsky.feed.post/3m6kf4dw2ss22
1skywatcher.bsky.social,robertbohan.bsky.social,at://did:plc:z6phioqd5wrigle4t4jbveif/app.bsky.feed.post/3m6kf4dw2ss22
hazelklarkin.bsky.social,shazbear.bsky.social,at://did:plc:jl6cn5yuzpi4tj5vfl7ysfrm/app.bsky.feed.post/3m6kdbwxcfs2h
darylfeehely.com,shazbear.bsky.social,at://did:plc:jl6cn5yuzpi4tj5vfl7ysfrm/app.bsky.feed.post/3m6kdbwxcfs2h
playingwithdust.bsky.social,karlstanley.bsky.social,at://did:plc:ght3uub7kpjobedtjycijk45/app.bsky.feed.post/3m6kajfrioc2y
paddyoloughlin.bsky.social,karlstanley.bsky.social,at://did:plc:ght3uub7kpjobedtjycijk45/app.bsky.feed.post/3m6kajfrioc2y
deniseaoc.bsky.social,karlstanley.bsky.social,at://did:plc:ght3uub7kpjobedtjycijk45/app.bsky.feed.post/3m6kajfrioc2y
patrickfreyne.bsky.social,karlstanley.bsky.social,at://did:plc:ght3uub7kpjobedtjycijk45/app.bsky.feed.post/3m6kajfrioc2y
sarklor.bsky.social,karlstanley.bsky.social,at://did:plc:ght3uub7kpjobedtjycijk45/app.bsky.feed.post/3m6kajfrioc2y
dailigh.bsky.social,karlstanley.bsky.social,at://did:plc:ght3uub7kpjobedtjycijk45/app.bsky.feed.post/3m6kajfrioc2y
electionlit.bsky.social,karlstanley.bsky.social,at://did:plc:ght3uub7kpjobedtjycijk45/app.bsky.feed.post/3m6kajfrioc2y
neildelaney.bsky.social,karlstanley.bsky.social,at://did:plc:ght3uub7kpjobedtjycijk45/app.bsky.feed.post/3m6kajfrioc2y
orinoxide.bsky.social,karlstanley.bsky.social,at://did:plc:ght3uub7kpjobedtjycijk45/app.bsky.feed.post/3m6kajfrioc2y
merrua.bsky.social,karlstanley.bsky.social,at://did:plc:ght3uub7kpjobedtjycijk45/app.bsky.feed.post/3m6kajfrioc2y
redritehand.bsky.social,karlstanley.bsky.social,at://did:plc:ght3uub7kpjobedtjycijk45/app.bsky.feed.post/3m6kajfrioc2y
occularmandibles.bsky.social,karlstanley.bsky.social,at://did:plc:ght3uub7kpjobedtjycijk45/app.bsky.feed.post/3m6kajfrioc2y
bobbycorwin.bsky.social,karlstanley.bsky.social,at://did:plc:ght3uub7kpjobedtjycijk45/app.bsky.feed.post/3m6kajfrioc2y
cabalittle.bsky.social,karlstanley.bsky.social,at://did:plc:ght3uub7kpjobedtjycijk45/app.bsky.feed.post/3m6kajfrioc2y
amcell.bsky.social,karlstanley.bsky.social,at://did:plc:ght3uub7kpjobedtjycijk45/app.bsky.feed.post/3m6kajfrioc2y
sarahmccrann.bsky.social,karlstanley.bsky.social,at://did:plc:ght3uub7kpjobedtjycijk45/app.bsky.feed.post/3m6kajfrioc2y
karenfoxcolo.bsky.social,karlstanley.bsky.social,at://did:plc:ght3uub7kpjobedtjycijk45/app.bsky.feed.post/3m6kajfrioc2y
lamhfada.bsky.social,karlstanley.bsky.social,at://did:plc:ght3uub7kpjobedtjycijk45/app.bsky.feed.post/3m6kajfrioc2y
marguerites.bsky.social,karlstanley.bsky.social,at://did:plc:ght3uub7kpjobedtjycijk45/app.bsky.feed.post/3m6kajfrioc2y
melissjpeltier.bsky.social,karlstanley.bsky.social,at://did:plc:ght3uub7kpjobedtjycijk45/app.bsky.feed.post/3m6kajfrioc2y
celav.bsky.social,karlstanley.bsky.social,at://did:plc:ght3uub7kpjobedtjycijk45/app.bsky.feed.post/3m6kajfrioc2y
ianford.bsky.social,karlstanley.bsky.social,at://did:plc:ght3uub7kpjobedtjycijk45/app.bsky.feed.post/3m6kajfrioc2y
johngosullivan.bsky.social,karlstanley.bsky.social,at://did:plc:ght3uub7kpjobedtjycijk45/app.bsky.feed.post/3m6kajfrioc2y
mixtwitch.bsky.social,karlstanley.bsky.social,at://did:plc:ght3uub7kpjobedtjycijk45/app.bsky.feed.post/3m6kajfrioc2y
marcphisto.bsky.social,karlstanley.bsky.social,at://did:plc:ght3uub7kpjobedtjycijk45/app.bsky.feed.post/3m6kajfrioc2y
paul-ward-irl.bsky.social,karlstanley.bsky.social,at://did:plc:ght3uub7kpjobedtjycijk45/app.bsky.feed.post/3m6kajfrioc2y
liamward.ie,karlstanley.bsky.social,at://did:plc:ght3uub7kpjobedtjycijk45/app.bsky.feed.post/3m6kajfrioc2y
tofusatyr.bsky.social,karlstanley.bsky.social,at://did:plc:ght3uub7kpjobedtjycijk45/app.bsky.feed.post/3m6kajfrioc2y
siobhanmcelduff.bsky.social,karlstanley.bsky.social,at://did:plc:ght3uub7kpjobedtjycijk45/app.bsky.feed.post/3m6kajfrioc2y
kj226.bsky.social,karlstanley.bsky.social,at://did:plc:ght3uub7kpjobedtjycijk45/app.bsky.feed.post/3m6kajfrioc2y
drmcarley.bsky.social,karlstanley.bsky.social,at://did:plc:ght3uub7kpjobedtjycijk45/app.bsky.feed.post/3m6kajfrioc2y
nigellicus.bsky.social,karlstanley.bsky.social,at://did:plc:ght3uub7kpjobedtjycijk45/app.bsky.feed.post/3m6kajfrioc2y
coreilly.bsky.social,yerwannn.bsky.social,at://did:plc:vtluikc62q3hcfkazd4l7xml/app.bsky.feed.post/3m6jwgeusas2m
taesaveslives.bsky.social,kevinlally32.bsky.social,at://did:plc:lwqlzorhe3ijef4ngqckqvgo/app.bsky.feed.post/3m6jvbdbqh22v
anaemicroyalty.bsky.social,ciaraioch.bsky.social,at://did:plc:4pxxjie2356nqxd3cwf6hbpk/app.bsky.feed.post/3m6ju4erduk2b
oisinmcgann.bsky.social,ciaraioch.bsky.social,at://did:plc:4pxxjie2356nqxd3cwf6hbpk/app.bsky.feed.post/3m6ju4erduk2b
grantsana.bsky.social,ciaraioch.bsky.social,at://did:plc:4pxxjie2356nqxd3cwf6hbpk/app.bsky.feed.post/3m6ju4erduk2b
sharrow.bsky.social,ciaraioch.bsky.social,at://did:plc:4pxxjie2356nqxd3cwf6hbpk/app.bsky.feed.post/3m6ju4erduk2b
queen-crafty.bsky.social,ciaraioch.bsky.social,at://did:plc:4pxxjie2356nqxd3cwf6hbpk/app.bsky.feed.post/3m6ju4erduk2b
frankiewhelan.bsky.social,ciaraioch.bsky.social,at://did:plc:4pxxjie2356nqxd3cwf6hbpk/app.bsky.feed.post/3m6ju4erduk2b
dermotlynott.bsky.social,ciaraioch.bsky.social,at://did:plc:4pxxjie2356nqxd3cwf6hbpk/app.bsky.feed.post/3m6ju4erduk2b
electionlit.bsky.social,ciaraioch.bsky.social,at://did:plc:4pxxjie2356nqxd3cwf6hbpk/app.bsky.feed.post/3m6ju4erduk2b
lokideburca.bsky.social,ciaraioch.bsky.social,at://did:plc:4pxxjie2356nqxd3cwf6hbpk/app.bsky.feed.post/3m6ju4erduk2b
eleanorfitzsimons.bsky.social,ciaraioch.bsky.social,at://did:plc:4pxxjie2356nqxd3cwf6hbpk/app.bsky.feed.post/3m6ju4erduk2b
octonoodle.bsky.social,ciaraioch.bsky.social,at://did:plc:4pxxjie2356nqxd3cwf6hbpk/app.bsky.feed.post/3m6ju4erduk2b
dezlink.bsky.social,ciaraioch.bsky.social,at://did:plc:4pxxjie2356nqxd3cwf6hbpk/app.bsky.feed.post/3m6ju4erduk2b
waveyart.bsky.social,ciaraioch.bsky.social,at://did:plc:4pxxjie2356nqxd3cwf6hbpk/app.bsky.feed.post/3m6ju4erduk2b
dianeodoherty.bsky.social,ciaraioch.bsky.social,at://did:plc:4pxxjie2356nqxd3cwf6hbpk/app.bsky.feed.post/3m6ju4erduk2b
erskinechilders.bsky.social,ciaraioch.bsky.social,at://did:plc:4pxxjie2356nqxd3cwf6hbpk/app.bsky.feed.post/3m6ju4erduk2b
dlooney.bsky.social,ciaraioch.bsky.social,at://did:plc:4pxxjie2356nqxd3cwf6hbpk/app.bsky.feed.post/3m6ju4erduk2b
jogil.bsky.social,ciaraioch.bsky.social,at://did:plc:4pxxjie2356nqxd3cwf6hbpk/app.bsky.feed.post/3m6ju4erduk2b
locketribal.bsky.social,ciaraioch.bsky.social,at://did:plc:4pxxjie2356nqxd3cwf6hbpk/app.bsky.feed.post/3m6ju4erduk2b
shazbear.bsky.social,ciaraioch.bsky.social,at://did:plc:4pxxjie2356nqxd3cwf6hbpk/app.bsky.feed.post/3m6ju4erduk2b
darylfeehely.com,ciaraioch.bsky.social,at://did:plc:4pxxjie2356nqxd3cwf6hbpk/app.bsky.feed.post/3m6ju4erduk2b
lucytoner.bsky.social,ciaraioch.bsky.social,at://did:plc:4pxxjie2356nqxd3cwf6hbpk/app.bsky.feed.post/3m6ju4erduk2b
fontatron.bsky.social,ciaraioch.bsky.social,at://did:plc:4pxxjie2356nqxd3cwf6hbpk/app.bsky.feed.post/3m6ju4erduk2b
stephencward.com,ciaraioch.bsky.social,at://did:plc:4pxxjie2356nqxd3cwf6hbpk/app.bsky.feed.post/3m6ju4erduk2b
1fivefive.bsky.social,ciaraioch.bsky.social,at://did:plc:4pxxjie2356nqxd3cwf6hbpk/app.bsky.feed.post/3m6ju4erduk2b
louthforever.bsky.social,ciaraioch.bsky.social,at://did:plc:4pxxjie2356nqxd3cwf6hbpk/app.bsky.feed.post/3m6ju4erduk2b
tonygroves.bsky.social,ciaraioch.bsky.social,at://did:plc:4pxxjie2356nqxd3cwf6hbpk/app.bsky.feed.post/3m6ju4erduk2b
mcwattly.bsky.social,ciaraioch.bsky.social,at://did:plc:4pxxjie2356nqxd3cwf6hbpk/app.bsky.feed.post/3m6ju4erduk2b
jpjordan.bsky.social,ciaraioch.bsky.social,at://did:plc:4pxxjie2356nqxd3cwf6hbpk/app.bsky.feed.post/3m6ju4erduk2b
siobhanmcelduff.bsky.social,ciaraioch.bsky.social,at://did:plc:4pxxjie2356nqxd3cwf6hbpk/app.bsky.feed.post/3m6ju4erduk2b
fuaimeanna.bsky.social,ciaraioch.bsky.social,at://did:plc:4pxxjie2356nqxd3cwf6hbpk/app.bsky.feed.post/3m6ju4erduk2b
coreilly.bsky.social,ciaraioch.bsky.social,at://did:plc:4pxxjie2356nqxd3cwf6hbpk/app.bsky.feed.post/3m6ju4erduk2b
debhulbh.bsky.social,ciaraioch.bsky.social,at://did:plc:4pxxjie2356nqxd3cwf6hbpk/app.bsky.feed.post/3m6ju4erduk2b
bobbydazzler74.bsky.social,ciaraioch.bsky.social,at://did:plc:4pxxjie2356nqxd3cwf6hbpk/app.bsky.feed.post/3m6ju4erduk2b
ciaraioch.bsky.social,ciaraioch.bsky.social,at://did:plc:4pxxjie2356nqxd3cwf6hbpk/app.bsky.feed.post/3m6ju4erduk2b
seriouslyhilary.bsky.social,ciaraioch.bsky.social,at://did:plc:4pxxjie2356nqxd3cwf6hbpk/app.bsky.feed.post/3m6ju4erduk2b
stiofanoaodh.bsky.social,ciaraioch.bsky.social,at://did:plc:4pxxjie2356nqxd3cwf6hbpk/app.bsky.feed.post/3m6ju4erduk2b
jenniferomeara5.bsky.social,slated.ie,at://did:plc:7czbhyt6vmlibzjk2md3ds36/app.bsky.feed.post/3m6jo5bbbhc2n
beamaleney.bsky.social,slated.ie,at://did:plc:7czbhyt6vmlibzjk2md3ds36/app.bsky.feed.post/3m6jo5bbbhc2n
conorvoice.com,slated.ie,at://did:plc:7czbhyt6vmlibzjk2md3ds36/app.bsky.feed.post/3m6jo5bbbhc2n
annstapleton.bsky.social,slated.ie,at://did:plc:7czbhyt6vmlibzjk2md3ds36/app.bsky.feed.post/3m6jo5bbbhc2n
coreilly.bsky.social,slated.ie,at://did:plc:7czbhyt6vmlibzjk2md3ds36/app.bsky.feed.post/3m6jo5bbbhc2n
sullydaysleeper.bsky.social,slated.ie,at://did:plc:7czbhyt6vmlibzjk2md3ds36/app.bsky.feed.post/3m6jo5bbbhc2n
bkates.bsky.social,slated.ie,at://did:plc:7czbhyt6vmlibzjk2md3ds36/app.bsky.feed.post/3m6jo5bbbhc2n
tggleeson.bsky.social,libertiesbelle.bsky.social,at://did:plc:ld2vd37jefwcaw6dmx6raaqt/app.bsky.feed.post/3m6jnfr4l7k2l
irishlittimes.bsky.social,fhayesmccoy.bsky.social,at://did:plc:wpvwcjuhrpr5tjnhy3vp24ly/app.bsky.feed.post/3m6jlpcfr4s2s
theactualcathal.bsky.social,fhayesmccoy.bsky.social,at://did:plc:wpvwcjuhrpr5tjnhy3vp24ly/app.bsky.feed.post/3m6jlpcfr4s2s
dec23k.bsky.social,drmarymcauliffe.bsky.social,at://did:plc:wzelpzmv2b3oudwhkcpr2s6n/app.bsky.feed.post/3m6jj2zlafc2d
fhayesmccoy.bsky.social,drmarymcauliffe.bsky.social,at://did:plc:wzelpzmv2b3oudwhkcpr2s6n/app.bsky.feed.post/3m6jj2zlafc2d
mnasca.bsky.social,drmarymcauliffe.bsky.social,at://did:plc:wzelpzmv2b3oudwhkcpr2s6n/app.bsky.feed.post/3m6jj2zlafc2d
louisemcsharry.bsky.social,drmarymcauliffe.bsky.social,at://did:plc:wzelpzmv2b3oudwhkcpr2s6n/app.bsky.feed.post/3m6jj2zlafc2d
thewildgees.bsky.social,drmarymcauliffe.bsky.social,at://did:plc:wzelpzmv2b3oudwhkcpr2s6n/app.bsky.feed.post/3m6jj2zlafc2d
maevemcloughlin.bsky.social,drmarymcauliffe.bsky.social,at://did:plc:wzelpzmv2b3oudwhkcpr2s6n/app.bsky.feed.post/3m6jj2zlafc2d
telescoper.bsky.social,drmarymcauliffe.bsky.social,at://did:plc:wzelpzmv2b3oudwhkcpr2s6n/app.bsky.feed.post/3m6jj2zlafc2d
mmrovlje.bsky.social,drmarymcauliffe.bsky.social,at://did:plc:wzelpzmv2b3oudwhkcpr2s6n/app.bsky.feed.post/3m6jj2zlafc2d
jjfru.bsky.social,drmarymcauliffe.bsky.social,at://did:plc:wzelpzmv2b3oudwhkcpr2s6n/app.bsky.feed.post/3m6jj2zlafc2d
bridinsorcha.bsky.social,drmarymcauliffe.bsky.social,at://did:plc:wzelpzmv2b3oudwhkcpr2s6n/app.bsky.feed.post/3m6jj2zlafc2d
robosullivan.bsky.social,sharrow.bsky.social,at://did:plc:uwji4l3wzsygaxduowluqmgr/app.bsky.feed.post/3m6jgyphjjc2t
kbkarma.bsky.social,sharrow.bsky.social,at://did:plc:uwji4l3wzsygaxduowluqmgr/app.bsky.feed.post/3m6jgyphjjc2t
pierpaolo.bsky.social,ainekeenan.bsky.social,at://did:plc:gjsoejzm7at4syhrvzgizrev/app.bsky.feed.post/3m6jc4cgvuk22
sdcushing.bsky.social,ainekeenan.bsky.social,at://did:plc:gjsoejzm7at4syhrvzgizrev/app.bsky.feed.post/3m6jc4cgvuk22
melysue.bsky.social,ainekeenan.bsky.social,at://did:plc:gjsoejzm7at4syhrvzgizrev/app.bsky.feed.post/3m6jc4cgvuk22
sqotn.bsky.social,ainekeenan.bsky.social,at://did:plc:gjsoejzm7at4syhrvzgizrev/app.bsky.feed.post/3m6jc4cgvuk22
gulliver77.bsky.social,ainekeenan.bsky.social,at://did:plc:gjsoejzm7at4syhrvzgizrev/app.bsky.feed.post/3m6jc4cgvuk22
petercbradbury.bsky.social,ainekeenan.bsky.social,at://did:plc:gjsoejzm7at4syhrvzgizrev/app.bsky.feed.post/3m6jc4cgvuk22
merrua.bsky.social,conormolloy.bsky.social,at://did:plc:3mynxmaherbxeaun744qzgmy/app.bsky.feed.post/3m6jb4t7z722k
pkwhitaker.bsky.social,sharrow.bsky.social,at://did:plc:uwji4l3wzsygaxduowluqmgr/app.bsky.feed.post/3m6j5ai5h322u
bluwhalien.bsky.social,sharrow.bsky.social,at://did:plc:uwji4l3wzsygaxduowluqmgr/app.bsky.feed.post/3m6j5ai5h322u
electionlit.bsky.social,sharrow.bsky.social,at://did:plc:uwji4l3wzsygaxduowluqmgr/app.bsky.feed.post/3m6j5ai5h322u
sarahmccrann.bsky.social,sharrow.bsky.social,at://did:plc:uwji4l3wzsygaxduowluqmgr/app.bsky.feed.post/3m6j5ai5h322u
hazelklarkin.bsky.social,sharrow.bsky.social,at://did:plc:uwji4l3wzsygaxduowluqmgr/app.bsky.feed.post/3m6j5ai5h322u
bthalpin.bsky.social,sharrow.bsky.social,at://did:plc:uwji4l3wzsygaxduowluqmgr/app.bsky.feed.post/3m6j5ai5h322u
siobhanmcelduff.bsky.social,sharrow.bsky.social,at://did:plc:uwji4l3wzsygaxduowluqmgr/app.bsky.feed.post/3m6j5ai5h322u
ealadubh.bsky.social,sharrow.bsky.social,at://did:plc:uwji4l3wzsygaxduowluqmgr/app.bsky.feed.post/3m6j5ai5h322u
bluwhalien.bsky.social,drmarymcauliffe.bsky.social,at://did:plc:wzelpzmv2b3oudwhkcpr2s6n/app.bsky.feed.post/3m6j3uttqmk2f
sharrow.bsky.social,drmarymcauliffe.bsky.social,at://did:plc:wzelpzmv2b3oudwhkcpr2s6n/app.bsky.feed.post/3m6j3uttqmk2f
wesgo.bsky.social,drmarymcauliffe.bsky.social,at://did:plc:wzelpzmv2b3oudwhkcpr2s6n/app.bsky.feed.post/3m6j3uttqmk2f
letiuchiha.bsky.social,drmarymcauliffe.bsky.social,at://did:plc:wzelpzmv2b3oudwhkcpr2s6n/app.bsky.feed.post/3m6j3uttqmk2f
eoinsmith.bsky.social,drmarymcauliffe.bsky.social,at://did:plc:wzelpzmv2b3oudwhkcpr2s6n/app.bsky.feed.post/3m6j3uttqmk2f
aoifefodriscoll.bsky.social,drmarymcauliffe.bsky.social,at://did:plc:wzelpzmv2b3oudwhkcpr2s6n/app.bsky.feed.post/3m6j3uttqmk2f
mariapower.bsky.social,drmarymcauliffe.bsky.social,at://did:plc:wzelpzmv2b3oudwhkcpr2s6n/app.bsky.feed.post/3m6j3uttqmk2f
asamar.bsky.social,drmarymcauliffe.bsky.social,at://did:plc:wzelpzmv2b3oudwhkcpr2s6n/app.bsky.feed.post/3m6j3uttqmk2f
siobhkanga.bsky.social,drmarymcauliffe.bsky.social,at://did:plc:wzelpzmv2b3oudwhkcpr2s6n/app.bsky.feed.post/3m6j3uttqmk2f
sinebrien.bsky.social,drmarymcauliffe.bsky.social,at://did:plc:wzelpzmv2b3oudwhkcpr2s6n/app.bsky.feed.post/3m6j3uttqmk2f
imaculthero.bsky.social,drmarymcauliffe.bsky.social,at://did:plc:wzelpzmv2b3oudwhkcpr2s6n/app.bsky.feed.post/3m6j3uttqmk2f
jdalton79.bsky.social,drmarymcauliffe.bsky.social,at://did:plc:wzelpzmv2b3oudwhkcpr2s6n/app.bsky.feed.post/3m6j3uttqmk2f
stephencward.com,drmarymcauliffe.bsky.social,at://did:plc:wzelpzmv2b3oudwhkcpr2s6n/app.bsky.feed.post/3m6j3uttqmk2f
samantha4224.bsky.social,drmarymcauliffe.bsky.social,at://did:plc:wzelpzmv2b3oudwhkcpr2s6n/app.bsky.feed.post/3m6j3uttqmk2f
conorsmith.ie,drmarymcauliffe.bsky.social,at://did:plc:wzelpzmv2b3oudwhkcpr2s6n/app.bsky.feed.post/3m6j3uttqmk2f
obstreperousg.bsky.social,drmarymcauliffe.bsky.social,at://did:plc:wzelpzmv2b3oudwhkcpr2s6n/app.bsky.feed.post/3m6j3uttqmk2f
siobhanmcelduff.bsky.social,drmarymcauliffe.bsky.social,at://did:plc:wzelpzmv2b3oudwhkcpr2s6n/app.bsky.feed.post/3m6j3uttqmk2f
punchedmonet.bsky.social,drmarymcauliffe.bsky.social,at://did:plc:wzelpzmv2b3oudwhkcpr2s6n/app.bsky.feed.post/3m6j3uttqmk2f
opexcain.bsky.social,drmarymcauliffe.bsky.social,at://did:plc:wzelpzmv2b3oudwhkcpr2s6n/app.bsky.feed.post/3m6j3uttqmk2f
ealadubh.bsky.social,drmarymcauliffe.bsky.social,at://did:plc:wzelpzmv2b3oudwhkcpr2s6n/app.bsky.feed.post/3m6j3uttqmk2f
stitchlily.bsky.social,drmarymcauliffe.bsky.social,at://did:plc:wzelpzmv2b3oudwhkcpr2s6n/app.bsky.feed.post/3m6j3uttqmk2f
cc42.bsky.social,drmarymcauliffe.bsky.social,at://did:plc:wzelpzmv2b3oudwhkcpr2s6n/app.bsky.feed.post/3m6j3uttqmk2f
bryanwithnoi.bsky.social,djwalker.bsky.social,at://did:plc:iecysrzsqba4uhev4v7r5py7/app.bsky.feed.post/3m6ih2fm76s27
pierpaolo.bsky.social,djwalker.bsky.social,at://did:plc:iecysrzsqba4uhev4v7r5py7/app.bsky.feed.post/3m6ih2fm76s27
bobajohnson.bsky.social,djwalker.bsky.social,at://did:plc:iecysrzsqba4uhev4v7r5py7/app.bsky.feed.post/3m6ih2fm76s27
breeze420.bsky.social,djwalker.bsky.social,at://did:plc:iecysrzsqba4uhev4v7r5py7/app.bsky.feed.post/3m6ih2fm76s27
icyvr.bsky.social,djwalker.bsky.social,at://did:plc:iecysrzsqba4uhev4v7r5py7/app.bsky.feed.post/3m6ih2fm76s27
photohour.bsky.social,djwalker.bsky.social,at://did:plc:iecysrzsqba4uhev4v7r5py7/app.bsky.feed.post/3m6ih2fm76s27
sonofthewolf.bsky.social,shazbear.bsky.social,at://did:plc:jl6cn5yuzpi4tj5vfl7ysfrm/app.bsky.feed.post/3m6ifpvkwjk2q
conormolloy.bsky.social,shazbear.bsky.social,at://did:plc:jl6cn5yuzpi4tj5vfl7ysfrm/app.bsky.feed.post/3m6ifpvkwjk2q
sophiagrene.bsky.social,eslsys.bsky.social,at://did:plc:dnvpi77gppcosuglhn7nngk3/app.bsky.feed.post/3m6ifiypdgs24
valondar.bsky.social,eslsys.bsky.social,at://did:plc:dnvpi77gppcosuglhn7nngk3/app.bsky.feed.post/3m6ifiypdgs24
robosullivan.bsky.social,amflynn.bsky.social,at://did:plc:y4m2fu2kg5w5e6y4io5qn3rv/app.bsky.feed.post/3m6ifckwljk2b
hazelklarkin.bsky.social,amflynn.bsky.social,at://did:plc:y4m2fu2kg5w5e6y4io5qn3rv/app.bsky.feed.post/3m6ifckwljk2b
lamhfada.bsky.social,amflynn.bsky.social,at://did:plc:y4m2fu2kg5w5e6y4io5qn3rv/app.bsky.feed.post/3m6ifckwljk2b
manofbeerd.bsky.social,slated.ie,at://did:plc:7czbhyt6vmlibzjk2md3ds36/app.bsky.feed.post/3m6idhqprrs2d
dezlink.bsky.social,slated.ie,at://did:plc:7czbhyt6vmlibzjk2md3ds36/app.bsky.feed.post/3m6idhqprrs2d
caitrionas.bsky.social,slated.ie,at://did:plc:7czbhyt6vmlibzjk2md3ds36/app.bsky.feed.post/3m6idhqprrs2d
annstapleton.bsky.social,slated.ie,at://did:plc:7czbhyt6vmlibzjk2md3ds36/app.bsky.feed.post/3m6idhqprrs2d
beanmanegan.bsky.social,slated.ie,at://did:plc:7czbhyt6vmlibzjk2md3ds36/app.bsky.feed.post/3m6idhqprrs2d
blondie013.bsky.social,slated.ie,at://did:plc:7czbhyt6vmlibzjk2md3ds36/app.bsky.feed.post/3m6idhqprrs2d
caitrionas.bsky.social,johnbarrington.bsky.social,at://did:plc:trjaqvpxbhcheqnr5fv6tkpm/app.bsky.feed.post/3m6idh5ftek2i
caitrionas.bsky.social,lovelyhurling.bsky.social,at://did:plc:dhfmog4fmzbvhobbqrn4q2gg/app.bsky.feed.post/3m6iawgu3ac2s
conormolloy.bsky.social,lovelyhurling.bsky.social,at://did:plc:dhfmog4fmzbvhobbqrn4q2gg/app.bsky.feed.post/3m6iawgu3ac2s
photohour.bsky.social,playingwithdust.bsky.social,at://did:plc:zol7j6fzk2vqf6yawnkkg6bi/app.bsky.feed.post/3m6iakmpaoc23
eslsys.bsky.social,adrianlegg.bsky.social,at://did:plc:ets3sxbntmhmfjb42w3cphky/app.bsky.feed.post/3m6i72pubss2f
paulodonovan.bsky.social,despod.bsky.social,at://did:plc:jhndv2ueuu77qaiw5ivjkhx7/app.bsky.feed.post/3m6i6gmwqcc2u
norbut.bsky.social,despod.bsky.social,at://did:plc:jhndv2ueuu77qaiw5ivjkhx7/app.bsky.feed.post/3m6i6gmwqcc2u
mickmuldoon.bsky.social,despod.bsky.social,at://did:plc:jhndv2ueuu77qaiw5ivjkhx7/app.bsky.feed.post/3m6i6gmwqcc2u
tggleeson.bsky.social,despod.bsky.social,at://did:plc:jhndv2ueuu77qaiw5ivjkhx7/app.bsky.feed.post/3m6i6gmwqcc2u
eslsys.bsky.social,niamhnicheallaigh.bsky.social,at://did:plc:5cinc2kkxopkaxznsvl7ba5v/app.bsky.feed.post/3m6i3kvcnc22r
obstreperousg.bsky.social,niamhnicheallaigh.bsky.social,at://did:plc:5cinc2kkxopkaxznsvl7ba5v/app.bsky.feed.post/3m6i3kvcnc22r
eslsys.bsky.social,despod.bsky.social,at://did:plc:jhndv2ueuu77qaiw5ivjkhx7/app.bsky.feed.post/3m6hzjxn55s24
emmadragon.bsky.social,sharrow.bsky.social,at://did:plc:uwji4l3wzsygaxduowluqmgr/app.bsky.feed.post/3m6hwg6eixc22
bryanwithnoi.bsky.social,caroleducky.bsky.social,at://did:plc:wk4vbtn77njhk4mlohgewj2m/app.bsky.feed.post/3m6hw65sja22q
eils1.bsky.social,caroleducky.bsky.social,at://did:plc:wk4vbtn77njhk4mlohgewj2m/app.bsky.feed.post/3m6hw65sja22q
ciara2001.bsky.social,caroleducky.bsky.social,at://did:plc:wk4vbtn77njhk4mlohgewj2m/app.bsky.feed.post/3m6hw65sja22q
helendublin.bsky.social,sharrow.bsky.social,at://did:plc:uwji4l3wzsygaxduowluqmgr/app.bsky.feed.post/3m6hw3m2ffs22
claireissimo.bsky.social,lisagrimm.com,at://did:plc:bjovrbtmnlckoh6vaalnqjzi/app.bsky.feed.post/3m6hulx5lec2b
bloomsandbarnacles.bsky.social,bloomsandbarnacles.bsky.social,at://did:plc:akq63dz7gcn7q5b2h4z7y5fn/app.bsky.feed.post/3m6hruikbtc2a
sweetpeabalcony.bsky.social,frankoconnor.bsky.social,at://did:plc:eweyharmeuf3er35ejhbjp4o/app.bsky.feed.post/3m6hrk4ikfc2s
sharrow.bsky.social,frankoconnor.bsky.social,at://did:plc:eweyharmeuf3er35ejhbjp4o/app.bsky.feed.post/3m6hrk4ikfc2s
judesherry.bsky.social,frankoconnor.bsky.social,at://did:plc:eweyharmeuf3er35ejhbjp4o/app.bsky.feed.post/3m6hrk4ikfc2s
davidmurphay.bsky.social,frankoconnor.bsky.social,at://did:plc:eweyharmeuf3er35ejhbjp4o/app.bsky.feed.post/3m6hrk4ikfc2s
helendublin.bsky.social,frankoconnor.bsky.social,at://did:plc:eweyharmeuf3er35ejhbjp4o/app.bsky.feed.post/3m6hrk4ikfc2s
chasman1888.bsky.social,frankoconnor.bsky.social,at://did:plc:eweyharmeuf3er35ejhbjp4o/app.bsky.feed.post/3m6hrk4ikfc2s
hamletwasanincel.bsky.social,frankoconnor.bsky.social,at://did:plc:eweyharmeuf3er35ejhbjp4o/app.bsky.feed.post/3m6hrk4ikfc2s
cudbeorht.bsky.social,frankoconnor.bsky.social,at://did:plc:eweyharmeuf3er35ejhbjp4o/app.bsky.feed.post/3m6hrk4ikfc2s
kaid3n.bsky.social,frankoconnor.bsky.social,at://did:plc:eweyharmeuf3er35ejhbjp4o/app.bsky.feed.post/3m6hrk4ikfc2s
werslabber.bsky.social,susangriff.bsky.social,at://did:plc:fs625ovzqs2tosutroj2lfvz/app.bsky.feed.post/3m6hqx34clc2u
lesleyhustler.bsky.social,susangriff.bsky.social,at://did:plc:fs625ovzqs2tosutroj2lfvz/app.bsky.feed.post/3m6hqx34clc2u
sharrow.bsky.social,johnbarrington.bsky.social,at://did:plc:trjaqvpxbhcheqnr5fv6tkpm/app.bsky.feed.post/3m6horzcskc2d
sqotn.bsky.social,johnbarrington.bsky.social,at://did:plc:trjaqvpxbhcheqnr5fv6tkpm/app.bsky.feed.post/3m6horzcskc2d
norbut.bsky.social,starrock2.bsky.social,at://did:plc:voj6fievwnc672pqa7wtzajf/app.bsky.feed.post/3m6hky6fp5k2t
claireissimo.bsky.social,starrock2.bsky.social,at://did:plc:voj6fievwnc672pqa7wtzajf/app.bsky.feed.post/3m6hky6fp5k2t
roisinmoriarty.com,starrock2.bsky.social,at://did:plc:voj6fievwnc672pqa7wtzajf/app.bsky.feed.post/3m6hky6fp5k2t
sharrow.bsky.social,gerrioneillhist.bsky.social,at://did:plc:xsyhsinadeaebjifn2sgwc4m/app.bsky.feed.post/3m6hkohzmy22a
bridgeenmckenna.bsky.social,gerrioneillhist.bsky.social,at://did:plc:xsyhsinadeaebjifn2sgwc4m/app.bsky.feed.post/3m6hkohzmy22a
gardeningwell.ie,fhayesmccoy.bsky.social,at://did:plc:wpvwcjuhrpr5tjnhy3vp24ly/app.bsky.feed.post/3m6hidcg4as2k
fhayesmccoy.bsky.social,fhayesmccoy.bsky.social,at://did:plc:wpvwcjuhrpr5tjnhy3vp24ly/app.bsky.feed.post/3m6hidcg4as2k
eleanorfitzsimons.bsky.social,fhayesmccoy.bsky.social,at://did:plc:wpvwcjuhrpr5tjnhy3vp24ly/app.bsky.feed.post/3m6hidcg4as2k
derekbrauders.bsky.social,fhayesmccoy.bsky.social,at://did:plc:wpvwcjuhrpr5tjnhy3vp24ly/app.bsky.feed.post/3m6hidcg4as2k
clodaghtait.bsky.social,kevinkosullivan.bsky.social,at://did:plc:kwtucfvy3bpc24xyam2ilqc2/app.bsky.feed.post/3m6hia4affc25
radiobeartime.com,kevinkosullivan.bsky.social,at://did:plc:kwtucfvy3bpc24xyam2ilqc2/app.bsky.feed.post/3m6hia4affc25
seano32.bsky.social,kevinkosullivan.bsky.social,at://did:plc:kwtucfvy3bpc24xyam2ilqc2/app.bsky.feed.post/3m6hia4affc25
maniagnosis.bsky.social,kevinkosullivan.bsky.social,at://did:plc:kwtucfvy3bpc24xyam2ilqc2/app.bsky.feed.post/3m6hia4affc25
ciara2001.bsky.social,kevinkosullivan.bsky.social,at://did:plc:kwtucfvy3bpc24xyam2ilqc2/app.bsky.feed.post/3m6hia4affc25
stephencward.com,kevinkosullivan.bsky.social,at://did:plc:kwtucfvy3bpc24xyam2ilqc2/app.bsky.feed.post/3m6hia4affc25
paulcarroll15.bsky.social,kevinkosullivan.bsky.social,at://did:plc:kwtucfvy3bpc24xyam2ilqc2/app.bsky.feed.post/3m6hia4affc25
emilymcminn-ms.bsky.social,kevinkosullivan.bsky.social,at://did:plc:kwtucfvy3bpc24xyam2ilqc2/app.bsky.feed.post/3m6hia4affc25
siobhanmcelduff.bsky.social,kevinkosullivan.bsky.social,at://did:plc:kwtucfvy3bpc24xyam2ilqc2/app.bsky.feed.post/3m6hia4affc25
swalesrecordsoc.bsky.social,kevinkosullivan.bsky.social,at://did:plc:kwtucfvy3bpc24xyam2ilqc2/app.bsky.feed.post/3m6hia4affc25
rippersspot.bsky.social,kevinkosullivan.bsky.social,at://did:plc:kwtucfvy3bpc24xyam2ilqc2/app.bsky.feed.post/3m6hia4affc25
mnicearbhaill.bsky.social,kevinkosullivan.bsky.social,at://did:plc:kwtucfvy3bpc24xyam2ilqc2/app.bsky.feed.post/3m6hia4affc25
jackiemo.bsky.social,kevinkosullivan.bsky.social,at://did:plc:kwtucfvy3bpc24xyam2ilqc2/app.bsky.feed.post/3m6hia4affc25
ainedonnghaile.bsky.social,chendirl.bsky.social,at://did:plc:4gkhunopukop6ugvlessqyvx/app.bsky.feed.post/3m6hhj6hvg22v
lolaruizberdun.bsky.social,chendirl.bsky.social,at://did:plc:4gkhunopukop6ugvlessqyvx/app.bsky.feed.post/3m6hhj6hvg22v
iaphistorians.bsky.social,chendirl.bsky.social,at://did:plc:4gkhunopukop6ugvlessqyvx/app.bsky.feed.post/3m6hhj6hvg22v
eurohealthhist.bsky.social,chendirl.bsky.social,at://did:plc:4gkhunopukop6ugvlessqyvx/app.bsky.feed.post/3m6hhj6hvg22v
slated.ie,jenniferomeara5.bsky.social,at://did:plc:wse2xzmb4etf7dpmdodw75lt/app.bsky.feed.post/3m6hgbt5oh22y
keith1275.bsky.social,slated.ie,at://did:plc:7czbhyt6vmlibzjk2md3ds36/app.bsky.feed.post/3m6hdjj2nkc2m
eimearmb.bsky.social,slated.ie,at://did:plc:7czbhyt6vmlibzjk2md3ds36/app.bsky.feed.post/3m6hdjj2nkc2m
spillanemike.com,slated.ie,at://did:plc:7czbhyt6vmlibzjk2md3ds36/app.bsky.feed.post/3m6hdjj2nkc2m
siobhanmoloney.bsky.social,slated.ie,at://did:plc:7czbhyt6vmlibzjk2md3ds36/app.bsky.feed.post/3m6hdjj2nkc2m
imbibecoffee.bsky.social,slated.ie,at://did:plc:7czbhyt6vmlibzjk2md3ds36/app.bsky.feed.post/3m6hdjj2nkc2m
beebsymca.bsky.social,slated.ie,at://did:plc:7czbhyt6vmlibzjk2md3ds36/app.bsky.feed.post/3m6hdjj2nkc2m
dermotlynott.bsky.social,slated.ie,at://did:plc:7czbhyt6vmlibzjk2md3ds36/app.bsky.feed.post/3m6hdjj2nkc2m
johanndoorley.bsky.social,slated.ie,at://did:plc:7czbhyt6vmlibzjk2md3ds36/app.bsky.feed.post/3m6hdjj2nkc2m
cocojan15.bsky.social,slated.ie,at://did:plc:7czbhyt6vmlibzjk2md3ds36/app.bsky.feed.post/3m6hdjj2nkc2m
exiledincork.bsky.social,slated.ie,at://did:plc:7czbhyt6vmlibzjk2md3ds36/app.bsky.feed.post/3m6hdjj2nkc2m
manofbeerd.bsky.social,slated.ie,at://did:plc:7czbhyt6vmlibzjk2md3ds36/app.bsky.feed.post/3m6hdjj2nkc2m
dalkeydave.bsky.social,slated.ie,at://did:plc:7czbhyt6vmlibzjk2md3ds36/app.bsky.feed.post/3m6hdjj2nkc2m
neiljackman.bsky.social,slated.ie,at://did:plc:7czbhyt6vmlibzjk2md3ds36/app.bsky.feed.post/3m6hdjj2nkc2m
emmadragon.bsky.social,slated.ie,at://did:plc:7czbhyt6vmlibzjk2md3ds36/app.bsky.feed.post/3m6hdjj2nkc2m
veronm78.bsky.social,slated.ie,at://did:plc:7czbhyt6vmlibzjk2md3ds36/app.bsky.feed.post/3m6hdjj2nkc2m
norbut.bsky.social,slated.ie,at://did:plc:7czbhyt6vmlibzjk2md3ds36/app.bsky.feed.post/3m6hdjj2nkc2m
conorvoice.com,slated.ie,at://did:plc:7czbhyt6vmlibzjk2md3ds36/app.bsky.feed.post/3m6hdjj2nkc2m
annstapleton.bsky.social,slated.ie,at://did:plc:7czbhyt6vmlibzjk2md3ds36/app.bsky.feed.post/3m6hdjj2nkc2m
brianhonan.bsky.social,slated.ie,at://did:plc:7czbhyt6vmlibzjk2md3ds36/app.bsky.feed.post/3m6hdjj2nkc2m
libertiesbelle.bsky.social,slated.ie,at://did:plc:7czbhyt6vmlibzjk2md3ds36/app.bsky.feed.post/3m6hdjj2nkc2m
mousketeer.bsky.social,slated.ie,at://did:plc:7czbhyt6vmlibzjk2md3ds36/app.bsky.feed.post/3m6hdjj2nkc2m
blonay.bsky.social,slated.ie,at://did:plc:7czbhyt6vmlibzjk2md3ds36/app.bsky.feed.post/3m6hdjj2nkc2m
ciara2001.bsky.social,slated.ie,at://did:plc:7czbhyt6vmlibzjk2md3ds36/app.bsky.feed.post/3m6hdjj2nkc2m
tigger1962.bsky.social,slated.ie,at://did:plc:7czbhyt6vmlibzjk2md3ds36/app.bsky.feed.post/3m6hdjj2nkc2m
mickmuldoon.bsky.social,slated.ie,at://did:plc:7czbhyt6vmlibzjk2md3ds36/app.bsky.feed.post/3m6hdjj2nkc2m
cerandor.com,slated.ie,at://did:plc:7czbhyt6vmlibzjk2md3ds36/app.bsky.feed.post/3m6hdjj2nkc2m
nessymon.bsky.social,slated.ie,at://did:plc:7czbhyt6vmlibzjk2md3ds36/app.bsky.feed.post/3m6hdjj2nkc2m
patchotoole.bsky.social,slated.ie,at://did:plc:7czbhyt6vmlibzjk2md3ds36/app.bsky.feed.post/3m6hdjj2nkc2m
liamward.ie,slated.ie,at://did:plc:7czbhyt6vmlibzjk2md3ds36/app.bsky.feed.post/3m6hdjj2nkc2m
rebelalliance77.bsky.social,slated.ie,at://did:plc:7czbhyt6vmlibzjk2md3ds36/app.bsky.feed.post/3m6hdjj2nkc2m
tggleeson.bsky.social,slated.ie,at://did:plc:7czbhyt6vmlibzjk2md3ds36/app.bsky.feed.post/3m6hdjj2nkc2m
regcoppinger.bsky.social,slated.ie,at://did:plc:7czbhyt6vmlibzjk2md3ds36/app.bsky.feed.post/3m6hdjj2nkc2m
siobhanmcelduff.bsky.social,slated.ie,at://did:plc:7czbhyt6vmlibzjk2md3ds36/app.bsky.feed.post/3m6hdjj2nkc2m
diarmuidslattery.bsky.social,slated.ie,at://did:plc:7czbhyt6vmlibzjk2md3ds36/app.bsky.feed.post/3m6hdjj2nkc2m
hurleybiy.bsky.social,slated.ie,at://did:plc:7czbhyt6vmlibzjk2md3ds36/app.bsky.feed.post/3m6hdjj2nkc2m
leoie.bsky.social,slated.ie,at://did:plc:7czbhyt6vmlibzjk2md3ds36/app.bsky.feed.post/3m6hdjj2nkc2m
theskinnydoll.bsky.social,slated.ie,at://did:plc:7czbhyt6vmlibzjk2md3ds36/app.bsky.feed.post/3m6hdjj2nkc2m
annapr.bsky.social,slated.ie,at://did:plc:7czbhyt6vmlibzjk2md3ds36/app.bsky.feed.post/3m6hdjj2nkc2m
stitchlily.bsky.social,slated.ie,at://did:plc:7czbhyt6vmlibzjk2md3ds36/app.bsky.feed.post/3m6hdjj2nkc2m
philipoconnor.bsky.social,slated.ie,at://did:plc:7czbhyt6vmlibzjk2md3ds36/app.bsky.feed.post/3m6hdjj2nkc2m
nigellicus.bsky.social,slated.ie,at://did:plc:7czbhyt6vmlibzjk2md3ds36/app.bsky.feed.post/3m6hdjj2nkc2m
mimmcloughlin.bsky.social,slated.ie,at://did:plc:7czbhyt6vmlibzjk2md3ds36/app.bsky.feed.post/3m6hdjj2nkc2m
corcaighgodeo.bsky.social,slated.ie,at://did:plc:7czbhyt6vmlibzjk2md3ds36/app.bsky.feed.post/3m6hdjj2nkc2m
roserosey.bsky.social,slated.ie,at://did:plc:7czbhyt6vmlibzjk2md3ds36/app.bsky.feed.post/3m6hdjj2nkc2m
mokeeffee.bsky.social,shanerazor.bsky.social,at://did:plc:3zrtumskbaikoqc2z3ou3nnc/app.bsky.feed.post/3m6hdapy4e22d
merrua.bsky.social,flockdublin.bsky.social,at://did:plc:2ll6cgbcj4u3prjbf75bjvjr/app.bsky.feed.post/3m6hbzfwsedb5
seannorthridge.bsky.social,flockdublin.bsky.social,at://did:plc:2ll6cgbcj4u3prjbf75bjvjr/app.bsky.feed.post/3m6hbzfwsedb5
hayleymulch.com,flockdublin.bsky.social,at://did:plc:2ll6cgbcj4u3prjbf75bjvjr/app.bsky.feed.post/3m6hbzfwsedb5
ayrtonobrien.bsky.social,dubmac.bsky.social,at://did:plc:rrj4gnpl267pqtrrdsjkijaq/app.bsky.feed.post/3m6hbbwzsak26
ciara2001.bsky.social,rdisc0mb0bulate.bsky.social,at://did:plc:v6y63c54iecyzlxp3vrxvwv2/app.bsky.feed.post/3m6hap6z4ek2t
pierpaolo.bsky.social,djwalker.bsky.social,at://did:plc:iecysrzsqba4uhev4v7r5py7/app.bsky.feed.post/3m6h6tvbk5c2f
breeze420.bsky.social,djwalker.bsky.social,at://did:plc:iecysrzsqba4uhev4v7r5py7/app.bsky.feed.post/3m6h6tvbk5c2f
icyvr.bsky.social,djwalker.bsky.social,at://did:plc:iecysrzsqba4uhev4v7r5py7/app.bsky.feed.post/3m6h6tvbk5c2f
photohour.bsky.social,djwalker.bsky.social,at://did:plc:iecysrzsqba4uhev4v7r5py7/app.bsky.feed.post/3m6h6tvbk5c2f
emmadragon.bsky.social,robosullivan.bsky.social,at://did:plc:siclj5jstt2xodsn7epgnqld/app.bsky.feed.post/3m6h63j7nuk2u
emmadragon.bsky.social,saytheirnamesir.bsky.social,at://did:plc:fkorj7epx4zpmdxx7d6m7qgc/app.bsky.feed.post/3m6h3giegis2r
sarahwhite682.bsky.social,aoifeb.bsky.social,at://did:plc:27jd6epq7of5kodforfyhh45/app.bsky.feed.post/3m6h3dlkmd22v
pamw143.bsky.social,aoifeb.bsky.social,at://did:plc:27jd6epq7of5kodforfyhh45/app.bsky.feed.post/3m6h3dlkmd22v
freereed59.net,aoifeb.bsky.social,at://did:plc:27jd6epq7of5kodforfyhh45/app.bsky.feed.post/3m6h3dlkmd22v
olamilekan06.bsky.social,aoifeb.bsky.social,at://did:plc:27jd6epq7of5kodforfyhh45/app.bsky.feed.post/3m6h3dlkmd22v
judeobsc17.bsky.social,aoifeb.bsky.social,at://did:plc:27jd6epq7of5kodforfyhh45/app.bsky.feed.post/3m6h3dlkmd22v
annabanana1307.bsky.social,aoifeb.bsky.social,at://did:plc:27jd6epq7of5kodforfyhh45/app.bsky.feed.post/3m6h3dlkmd22v
peecemaker.bsky.social,aoifeb.bsky.social,at://did:plc:27jd6epq7of5kodforfyhh45/app.bsky.feed.post/3m6h3dlkmd22v
htina.bsky.social,aoifeb.bsky.social,at://did:plc:27jd6epq7of5kodforfyhh45/app.bsky.feed.post/3m6h3dlkmd22v
chiveonocm.bsky.social,aoifeb.bsky.social,at://did:plc:27jd6epq7of5kodforfyhh45/app.bsky.feed.post/3m6h3dlkmd22v
alex-hardy.bsky.social,aoifeb.bsky.social,at://did:plc:27jd6epq7of5kodforfyhh45/app.bsky.feed.post/3m6h3dlkmd22v
survivalste04.bsky.social,aoifeb.bsky.social,at://did:plc:27jd6epq7of5kodforfyhh45/app.bsky.feed.post/3m6h3dlkmd22v
nancapetown.bsky.social,aoifeb.bsky.social,at://did:plc:27jd6epq7of5kodforfyhh45/app.bsky.feed.post/3m6h3dlkmd22v
memyselfalone.bsky.social,aoifeb.bsky.social,at://did:plc:27jd6epq7of5kodforfyhh45/app.bsky.feed.post/3m6h3dlkmd22v
i-hold-grudges.bsky.social,aoifeb.bsky.social,at://did:plc:27jd6epq7of5kodforfyhh45/app.bsky.feed.post/3m6h3dlkmd22v
idenise.bsky.social,aoifeb.bsky.social,at://did:plc:27jd6epq7of5kodforfyhh45/app.bsky.feed.post/3m6h3dlkmd22v
lesley999.bsky.social,aoifeb.bsky.social,at://did:plc:27jd6epq7of5kodforfyhh45/app.bsky.feed.post/3m6h3dlkmd22v
creativedynamix.bsky.social,aoifeb.bsky.social,at://did:plc:27jd6epq7of5kodforfyhh45/app.bsky.feed.post/3m6h3dlkmd22v
heatherartworks.bsky.social,aoifeb.bsky.social,at://did:plc:27jd6epq7of5kodforfyhh45/app.bsky.feed.post/3m6h3dlkmd22v
hsmiff.bsky.social,aoifeb.bsky.social,at://did:plc:27jd6epq7of5kodforfyhh45/app.bsky.feed.post/3m6h3dlkmd22v
mrfluff22.bsky.social,aoifeb.bsky.social,at://did:plc:27jd6epq7of5kodforfyhh45/app.bsky.feed.post/3m6h3dlkmd22v
nicholasrowland.bsky.social,aoifeb.bsky.social,at://did:plc:27jd6epq7of5kodforfyhh45/app.bsky.feed.post/3m6h3dlkmd22v
spaghettiarchitect.bsky.social,aoifeb.bsky.social,at://did:plc:27jd6epq7of5kodforfyhh45/app.bsky.feed.post/3m6h3dlkmd22v
prismtism.bsky.social,aoifeb.bsky.social,at://did:plc:27jd6epq7of5kodforfyhh45/app.bsky.feed.post/3m6h3dlkmd22v
sarahbouchentouf.bsky.social,aoifeb.bsky.social,at://did:plc:27jd6epq7of5kodforfyhh45/app.bsky.feed.post/3m6h3dlkmd22v
rudefulk.bsky.social,aoifeb.bsky.social,at://did:plc:27jd6epq7of5kodforfyhh45/app.bsky.feed.post/3m6h3dlkmd22v
drandrew73.bsky.social,aoifeb.bsky.social,at://did:plc:27jd6epq7of5kodforfyhh45/app.bsky.feed.post/3m6h3dlkmd22v
miaqcarchive.ca,aoifeb.bsky.social,at://did:plc:27jd6epq7of5kodforfyhh45/app.bsky.feed.post/3m6h3dlkmd22v
kristekline.bsky.social,aoifeb.bsky.social,at://did:plc:27jd6epq7of5kodforfyhh45/app.bsky.feed.post/3m6h3dlkmd22v
carolinazblue.bsky.social,aoifeb.bsky.social,at://did:plc:27jd6epq7of5kodforfyhh45/app.bsky.feed.post/3m6h3dlkmd22v
moniquebouchard.bsky.social,aoifeb.bsky.social,at://did:plc:27jd6epq7of5kodforfyhh45/app.bsky.feed.post/3m6h3dlkmd22v
lottamalarkyfree.bsky.social,aoifeb.bsky.social,at://did:plc:27jd6epq7of5kodforfyhh45/app.bsky.feed.post/3m6h3dlkmd22v
liteheart.bsky.social,aoifeb.bsky.social,at://did:plc:27jd6epq7of5kodforfyhh45/app.bsky.feed.post/3m6h3dlkmd22v
catsbetterthanmen.bsky.social,aoifeb.bsky.social,at://did:plc:27jd6epq7of5kodforfyhh45/app.bsky.feed.post/3m6h3dlkmd22v
eccentriclombax.bsky.social,aoifeb.bsky.social,at://did:plc:27jd6epq7of5kodforfyhh45/app.bsky.feed.post/3m6h3dlkmd22v
standingmountain.bsky.social,aoifeb.bsky.social,at://did:plc:27jd6epq7of5kodforfyhh45/app.bsky.feed.post/3m6h3dlkmd22v
cjsmithwalker.bsky.social,aoifeb.bsky.social,at://did:plc:27jd6epq7of5kodforfyhh45/app.bsky.feed.post/3m6h3dlkmd22v
catomama.bsky.social,aoifeb.bsky.social,at://did:plc:27jd6epq7of5kodforfyhh45/app.bsky.feed.post/3m6h3dlkmd22v
maniagnosis.bsky.social,aoifeb.bsky.social,at://did:plc:27jd6epq7of5kodforfyhh45/app.bsky.feed.post/3m6h3dlkmd22v
georgieyoda.bsky.social,aoifeb.bsky.social,at://did:plc:27jd6epq7of5kodforfyhh45/app.bsky.feed.post/3m6h3dlkmd22v
oneplacestudies.bsky.social,aoifeb.bsky.social,at://did:plc:27jd6epq7of5kodforfyhh45/app.bsky.feed.post/3m6h3dlkmd22v
eliredman.bsky.social,aoifeb.bsky.social,at://did:plc:27jd6epq7of5kodforfyhh45/app.bsky.feed.post/3m6h3dlkmd22v
sharondcreations.bsky.social,aoifeb.bsky.social,at://did:plc:27jd6epq7of5kodforfyhh45/app.bsky.feed.post/3m6h3dlkmd22v
harold48.bsky.social,aoifeb.bsky.social,at://did:plc:27jd6epq7of5kodforfyhh45/app.bsky.feed.post/3m6h3dlkmd22v
kurtfillm.bsky.social,aoifeb.bsky.social,at://did:plc:27jd6epq7of5kodforfyhh45/app.bsky.feed.post/3m6h3dlkmd22v
khegler2024.bsky.social,aoifeb.bsky.social,at://did:plc:27jd6epq7of5kodforfyhh45/app.bsky.feed.post/3m6h3dlkmd22v
rantycat.bsky.social,aoifeb.bsky.social,at://did:plc:27jd6epq7of5kodforfyhh45/app.bsky.feed.post/3m6h3dlkmd22v
msgrammy25.bsky.social,aoifeb.bsky.social,at://did:plc:27jd6epq7of5kodforfyhh45/app.bsky.feed.post/3m6h3dlkmd22v
floellaella.bsky.social,aoifeb.bsky.social,at://did:plc:27jd6epq7of5kodforfyhh45/app.bsky.feed.post/3m6h3dlkmd22v
stevewillson.bsky.social,aoifeb.bsky.social,at://did:plc:27jd6epq7of5kodforfyhh45/app.bsky.feed.post/3m6h3dlkmd22v
arthur1974.bsky.social,aoifeb.bsky.social,at://did:plc:27jd6epq7of5kodforfyhh45/app.bsky.feed.post/3m6h3dlkmd22v
avildsen.bsky.social,aoifeb.bsky.social,at://did:plc:27jd6epq7of5kodforfyhh45/app.bsky.feed.post/3m6h3dlkmd22v
lesieurmare.bsky.social,aoifeb.bsky.social,at://did:plc:27jd6epq7of5kodforfyhh45/app.bsky.feed.post/3m6h3dlkmd22v
morganalafee.bsky.social,aoifeb.bsky.social,at://did:plc:27jd6epq7of5kodforfyhh45/app.bsky.feed.post/3m6h3dlkmd22v
quizzila.bsky.social,aoifeb.bsky.social,at://did:plc:27jd6epq7of5kodforfyhh45/app.bsky.feed.post/3m6h3dlkmd22v
jonysake6.bsky.social,aoifeb.bsky.social,at://did:plc:27jd6epq7of5kodforfyhh45/app.bsky.feed.post/3m6h3dlkmd22v
mar-flo-ele.bsky.social,aoifeb.bsky.social,at://did:plc:27jd6epq7of5kodforfyhh45/app.bsky.feed.post/3m6h3dlkmd22v
anti-imperialist.bsky.social,aoifeb.bsky.social,at://did:plc:27jd6epq7of5kodforfyhh45/app.bsky.feed.post/3m6h3dlkmd22v
emlady.bsky.social,aoifeb.bsky.social,at://did:plc:27jd6epq7of5kodforfyhh45/app.bsky.feed.post/3m6h3dlkmd22v
punchedmonet.bsky.social,aoifeb.bsky.social,at://did:plc:27jd6epq7of5kodforfyhh45/app.bsky.feed.post/3m6h3dlkmd22v
mcnejames.bsky.social,aoifeb.bsky.social,at://did:plc:27jd6epq7of5kodforfyhh45/app.bsky.feed.post/3m6h3dlkmd22v
bigx-1.bsky.social,aoifeb.bsky.social,at://did:plc:27jd6epq7of5kodforfyhh45/app.bsky.feed.post/3m6h3dlkmd22v
betterworld3.bsky.social,aoifeb.bsky.social,at://did:plc:27jd6epq7of5kodforfyhh45/app.bsky.feed.post/3m6h3dlkmd22v
mercutiax.bsky.social,aoifeb.bsky.social,at://did:plc:27jd6epq7of5kodforfyhh45/app.bsky.feed.post/3m6h3dlkmd22v
lindadoran.bsky.social,aoifeb.bsky.social,at://did:plc:27jd6epq7of5kodforfyhh45/app.bsky.feed.post/3m6h3dlkmd22v
techguy54.bsky.social,aoifeb.bsky.social,at://did:plc:27jd6epq7of5kodforfyhh45/app.bsky.feed.post/3m6h3dlkmd22v
azgecko.bsky.social,aoifeb.bsky.social,at://did:plc:27jd6epq7of5kodforfyhh45/app.bsky.feed.post/3m6h3dlkmd22v
caverteresa.bsky.social,aoifeb.bsky.social,at://did:plc:27jd6epq7of5kodforfyhh45/app.bsky.feed.post/3m6h3dlkmd22v
thesnark.bsky.social,aoifeb.bsky.social,at://did:plc:27jd6epq7of5kodforfyhh45/app.bsky.feed.post/3m6h3dlkmd22v
eileenmhunt.bsky.social,drmarymcauliffe.bsky.social,at://did:plc:wzelpzmv2b3oudwhkcpr2s6n/app.bsky.feed.post/3m6gxeyposc2x
liz-le.bsky.social,drmarymcauliffe.bsky.social,at://did:plc:wzelpzmv2b3oudwhkcpr2s6n/app.bsky.feed.post/3m6gxeyposc2x
sophiefranklin.bsky.social,drmarymcauliffe.bsky.social,at://did:plc:wzelpzmv2b3oudwhkcpr2s6n/app.bsky.feed.post/3m6gxeyposc2x
pauamma.bsky.social,drmarymcauliffe.bsky.social,at://did:plc:wzelpzmv2b3oudwhkcpr2s6n/app.bsky.feed.post/3m6gxeyposc2x
lynnok.bsky.social,drmarymcauliffe.bsky.social,at://did:plc:wzelpzmv2b3oudwhkcpr2s6n/app.bsky.feed.post/3m6gxeyposc2x
billallen.bsky.social,drmarymcauliffe.bsky.social,at://did:plc:wzelpzmv2b3oudwhkcpr2s6n/app.bsky.feed.post/3m6gxeyposc2x
cielbleuheidi.bsky.social,drmarymcauliffe.bsky.social,at://did:plc:wzelpzmv2b3oudwhkcpr2s6n/app.bsky.feed.post/3m6gxeyposc2x
nicholasyenson.bsky.social,drmarymcauliffe.bsky.social,at://did:plc:wzelpzmv2b3oudwhkcpr2s6n/app.bsky.feed.post/3m6gxeyposc2x
ravnica11.bsky.social,drmarymcauliffe.bsky.social,at://did:plc:wzelpzmv2b3oudwhkcpr2s6n/app.bsky.feed.post/3m6gxeyposc2x
shirleybar.bsky.social,drmarymcauliffe.bsky.social,at://did:plc:wzelpzmv2b3oudwhkcpr2s6n/app.bsky.feed.post/3m6gxeyposc2x
kunstdfp.bsky.social,drmarymcauliffe.bsky.social,at://did:plc:wzelpzmv2b3oudwhkcpr2s6n/app.bsky.feed.post/3m6gxeyposc2x
franwald.bsky.social,drmarymcauliffe.bsky.social,at://did:plc:wzelpzmv2b3oudwhkcpr2s6n/app.bsky.feed.post/3m6gxeyposc2x
bs42tikkunolam.bsky.social,drmarymcauliffe.bsky.social,at://did:plc:wzelpzmv2b3oudwhkcpr2s6n/app.bsky.feed.post/3m6gxeyposc2x
khodmon.bsky.social,drmarymcauliffe.bsky.social,at://did:plc:wzelpzmv2b3oudwhkcpr2s6n/app.bsky.feed.post/3m6gxeyposc2x
djrgrey.bsky.social,drmarymcauliffe.bsky.social,at://did:plc:wzelpzmv2b3oudwhkcpr2s6n/app.bsky.feed.post/3m6gxeyposc2x
kcar.me,drmarymcauliffe.bsky.social,at://did:plc:wzelpzmv2b3oudwhkcpr2s6n/app.bsky.feed.post/3m6gxeyposc2x
thewildgees.bsky.social,drmarymcauliffe.bsky.social,at://did:plc:wzelpzmv2b3oudwhkcpr2s6n/app.bsky.feed.post/3m6gxeyposc2x
occularmandibles.bsky.social,drmarymcauliffe.bsky.social,at://did:plc:wzelpzmv2b3oudwhkcpr2s6n/app.bsky.feed.post/3m6gxeyposc2x
eils1.bsky.social,drmarymcauliffe.bsky.social,at://did:plc:wzelpzmv2b3oudwhkcpr2s6n/app.bsky.feed.post/3m6gxeyposc2x
ritawild.bsky.social,drmarymcauliffe.bsky.social,at://did:plc:wzelpzmv2b3oudwhkcpr2s6n/app.bsky.feed.post/3m6gxeyposc2x
helendublin.bsky.social,drmarymcauliffe.bsky.social,at://did:plc:wzelpzmv2b3oudwhkcpr2s6n/app.bsky.feed.post/3m6gxeyposc2x
irrealismood.bsky.social,drmarymcauliffe.bsky.social,at://did:plc:wzelpzmv2b3oudwhkcpr2s6n/app.bsky.feed.post/3m6gxeyposc2x
lalegault.bsky.social,drmarymcauliffe.bsky.social,at://did:plc:wzelpzmv2b3oudwhkcpr2s6n/app.bsky.feed.post/3m6gxeyposc2x
libertiesbelle.bsky.social,drmarymcauliffe.bsky.social,at://did:plc:wzelpzmv2b3oudwhkcpr2s6n/app.bsky.feed.post/3m6gxeyposc2x
rkbinj.bsky.social,drmarymcauliffe.bsky.social,at://did:plc:wzelpzmv2b3oudwhkcpr2s6n/app.bsky.feed.post/3m6gxeyposc2x
marg50.bsky.social,drmarymcauliffe.bsky.social,at://did:plc:wzelpzmv2b3oudwhkcpr2s6n/app.bsky.feed.post/3m6gxeyposc2x
algae-x.bsky.social,drmarymcauliffe.bsky.social,at://did:plc:wzelpzmv2b3oudwhkcpr2s6n/app.bsky.feed.post/3m6gxeyposc2x
nicolasantimili.bsky.social,drmarymcauliffe.bsky.social,at://did:plc:wzelpzmv2b3oudwhkcpr2s6n/app.bsky.feed.post/3m6gxeyposc2x
brenda-bailey-86.bsky.social,drmarymcauliffe.bsky.social,at://did:plc:wzelpzmv2b3oudwhkcpr2s6n/app.bsky.feed.post/3m6gxeyposc2x
kmmcc.bsky.social,drmarymcauliffe.bsky.social,at://did:plc:wzelpzmv2b3oudwhkcpr2s6n/app.bsky.feed.post/3m6gxeyposc2x
kazuya316.bsky.social,drmarymcauliffe.bsky.social,at://did:plc:wzelpzmv2b3oudwhkcpr2s6n/app.bsky.feed.post/3m6gxeyposc2x
groovygrannie.bsky.social,drmarymcauliffe.bsky.social,at://did:plc:wzelpzmv2b3oudwhkcpr2s6n/app.bsky.feed.post/3m6gxeyposc2x
ailbhe.ossifrage.net,drmarymcauliffe.bsky.social,at://did:plc:wzelpzmv2b3oudwhkcpr2s6n/app.bsky.feed.post/3m6gxeyposc2x
saimanasar.bsky.social,drmarymcauliffe.bsky.social,at://did:plc:wzelpzmv2b3oudwhkcpr2s6n/app.bsky.feed.post/3m6gxeyposc2x
cianginty.bsky.social,drmarymcauliffe.bsky.social,at://did:plc:wzelpzmv2b3oudwhkcpr2s6n/app.bsky.feed.post/3m6gxeyposc2x
shivgaffney.bsky.social,drmarymcauliffe.bsky.social,at://did:plc:wzelpzmv2b3oudwhkcpr2s6n/app.bsky.feed.post/3m6gxeyposc2x
eslsys.bsky.social,drmarymcauliffe.bsky.social,at://did:plc:wzelpzmv2b3oudwhkcpr2s6n/app.bsky.feed.post/3m6gxeyposc2x
samantha4224.bsky.social,drmarymcauliffe.bsky.social,at://did:plc:wzelpzmv2b3oudwhkcpr2s6n/app.bsky.feed.post/3m6gxeyposc2x
sherylgervais.bsky.social,drmarymcauliffe.bsky.social,at://did:plc:wzelpzmv2b3oudwhkcpr2s6n/app.bsky.feed.post/3m6gxeyposc2x
wewereright.org,drmarymcauliffe.bsky.social,at://did:plc:wzelpzmv2b3oudwhkcpr2s6n/app.bsky.feed.post/3m6gxeyposc2x
lyndseystonebri.bsky.social,drmarymcauliffe.bsky.social,at://did:plc:wzelpzmv2b3oudwhkcpr2s6n/app.bsky.feed.post/3m6gxeyposc2x
lucydelap.bsky.social,drmarymcauliffe.bsky.social,at://did:plc:wzelpzmv2b3oudwhkcpr2s6n/app.bsky.feed.post/3m6gxeyposc2x
stitchlily.bsky.social,drmarymcauliffe.bsky.social,at://did:plc:wzelpzmv2b3oudwhkcpr2s6n/app.bsky.feed.post/3m6gxeyposc2x
chloehstewart.bsky.social,drmarymcauliffe.bsky.social,at://did:plc:wzelpzmv2b3oudwhkcpr2s6n/app.bsky.feed.post/3m6gxeyposc2x
conormolloy.bsky.social,taesaveslives.bsky.social,at://did:plc:ymhebkmh56zigyqiomogsupn/app.bsky.feed.post/3m6gvjen4rk2s
utsiktens.bsky.social,ainekeenan.bsky.social,at://did:plc:gjsoejzm7at4syhrvzgizrev/app.bsky.feed.post/3m6gmyb7ku22m
photoblair.bsky.social,ainekeenan.bsky.social,at://did:plc:gjsoejzm7at4syhrvzgizrev/app.bsky.feed.post/3m6gmyb7ku22m
vegypower.bsky.social,ainekeenan.bsky.social,at://did:plc:gjsoejzm7at4syhrvzgizrev/app.bsky.feed.post/3m6gmyb7ku22m
pierpaolo.bsky.social,ainekeenan.bsky.social,at://did:plc:gjsoejzm7at4syhrvzgizrev/app.bsky.feed.post/3m6gmyb7ku22m
punchnazisitsokay.bsky.social,ainekeenan.bsky.social,at://did:plc:gjsoejzm7at4syhrvzgizrev/app.bsky.feed.post/3m6gmyb7ku22m
sdcushing.bsky.social,ainekeenan.bsky.social,at://did:plc:gjsoejzm7at4syhrvzgizrev/app.bsky.feed.post/3m6gmyb7ku22m
melysue.bsky.social,ainekeenan.bsky.social,at://did:plc:gjsoejzm7at4syhrvzgizrev/app.bsky.feed.post/3m6gmyb7ku22m
sqotn.bsky.social,ainekeenan.bsky.social,at://did:plc:gjsoejzm7at4syhrvzgizrev/app.bsky.feed.post/3m6gmyb7ku22m
d-lione.bsky.social,ainekeenan.bsky.social,at://did:plc:gjsoejzm7at4syhrvzgizrev/app.bsky.feed.post/3m6gmyb7ku22m
thebluemango.in,ainekeenan.bsky.social,at://did:plc:gjsoejzm7at4syhrvzgizrev/app.bsky.feed.post/3m6gmyb7ku22m
beneteau31.bsky.social,ainekeenan.bsky.social,at://did:plc:gjsoejzm7at4syhrvzgizrev/app.bsky.feed.post/3m6gmyb7ku22m
gulliver77.bsky.social,ainekeenan.bsky.social,at://did:plc:gjsoejzm7at4syhrvzgizrev/app.bsky.feed.post/3m6gmyb7ku22m
deanbarker.bsky.social,ainekeenan.bsky.social,at://did:plc:gjsoejzm7at4syhrvzgizrev/app.bsky.feed.post/3m6gmyb7ku22m
roshn.me,ainekeenan.bsky.social,at://did:plc:gjsoejzm7at4syhrvzgizrev/app.bsky.feed.post/3m6gmyb7ku22m
gelika.bsky.social,ainekeenan.bsky.social,at://did:plc:gjsoejzm7at4syhrvzgizrev/app.bsky.feed.post/3m6gmyb7ku22m
lyphshro.bsky.social,ainekeenan.bsky.social,at://did:plc:gjsoejzm7at4syhrvzgizrev/app.bsky.feed.post/3m6gmyb7ku22m
slowdriver25.bsky.social,ainekeenan.bsky.social,at://did:plc:gjsoejzm7at4syhrvzgizrev/app.bsky.feed.post/3m6gmyb7ku22m
petercbradbury.bsky.social,ainekeenan.bsky.social,at://did:plc:gjsoejzm7at4syhrvzgizrev/app.bsky.feed.post/3m6gmyb7ku22m
mikemcgb.bsky.social,squeefulraven.bsky.social,at://did:plc:lcczgcqfsgyocligu3ukzexx/app.bsky.feed.post/3m6fvexk3os2g
ellegough93.bsky.social,squeefulraven.bsky.social,at://did:plc:lcczgcqfsgyocligu3ukzexx/app.bsky.feed.post/3m6fvexk3os2g
oisinmcgann.bsky.social,orlaegan1.bsky.social,at://did:plc:ek6kvqen34uiu3ctdfyutjcw/app.bsky.feed.post/3m6fs5skjq22r
bi99le5.bsky.social,orlaegan1.bsky.social,at://did:plc:ek6kvqen34uiu3ctdfyutjcw/app.bsky.feed.post/3m6fs5skjq22r
ceesteevee.bsky.social,orlaegan1.bsky.social,at://did:plc:ek6kvqen34uiu3ctdfyutjcw/app.bsky.feed.post/3m6fs5skjq22r
diarmaidcoffey.bsky.social,orlaegan1.bsky.social,at://did:plc:ek6kvqen34uiu3ctdfyutjcw/app.bsky.feed.post/3m6fs5skjq22r
ivanobrien.bsky.social,orlaegan1.bsky.social,at://did:plc:ek6kvqen34uiu3ctdfyutjcw/app.bsky.feed.post/3m6fs5skjq22r
blairjedwards.bsky.social,orlaegan1.bsky.social,at://did:plc:ek6kvqen34uiu3ctdfyutjcw/app.bsky.feed.post/3m6fs5skjq22r
mousketeer.bsky.social,orlaegan1.bsky.social,at://did:plc:ek6kvqen34uiu3ctdfyutjcw/app.bsky.feed.post/3m6fs5skjq22r
seanmk1.bsky.social,orlaegan1.bsky.social,at://did:plc:ek6kvqen34uiu3ctdfyutjcw/app.bsky.feed.post/3m6fs5skjq22r
lamhfada.bsky.social,orlaegan1.bsky.social,at://did:plc:ek6kvqen34uiu3ctdfyutjcw/app.bsky.feed.post/3m6fs5skjq22r
stephencward.com,orlaegan1.bsky.social,at://did:plc:ek6kvqen34uiu3ctdfyutjcw/app.bsky.feed.post/3m6fs5skjq22r
eslsys.bsky.social,orlaegan1.bsky.social,at://did:plc:ek6kvqen34uiu3ctdfyutjcw/app.bsky.feed.post/3m6fs5skjq22r
mcwattly.bsky.social,orlaegan1.bsky.social,at://did:plc:ek6kvqen34uiu3ctdfyutjcw/app.bsky.feed.post/3m6fs5skjq22r
telescoper.bsky.social,orlaegan1.bsky.social,at://did:plc:ek6kvqen34uiu3ctdfyutjcw/app.bsky.feed.post/3m6fs5skjq22r
aleccoakley.bsky.social,orlaegan1.bsky.social,at://did:plc:ek6kvqen34uiu3ctdfyutjcw/app.bsky.feed.post/3m6fs5skjq22r
brianmaxhouston.bsky.social,orlaegan1.bsky.social,at://did:plc:ek6kvqen34uiu3ctdfyutjcw/app.bsky.feed.post/3m6fs5skjq22r
bombastic.bsky.social,orlaegan1.bsky.social,at://did:plc:ek6kvqen34uiu3ctdfyutjcw/app.bsky.feed.post/3m6fs5skjq22r
sharrow.bsky.social,craigbreathnach.bsky.social,at://did:plc:sjeemmrxw46kr3d2755boiie/app.bsky.feed.post/3m6focylwdk2i
craigbreathnach.bsky.social,craigbreathnach.bsky.social,at://did:plc:sjeemmrxw46kr3d2755boiie/app.bsky.feed.post/3m6focylwdk2i
hedgeknightgd.bsky.social,craigbreathnach.bsky.social,at://did:plc:sjeemmrxw46kr3d2755boiie/app.bsky.feed.post/3m6focylwdk2i
cliffagames.bsky.social,craigbreathnach.bsky.social,at://did:plc:sjeemmrxw46kr3d2755boiie/app.bsky.feed.post/3m6focylwdk2i
wingedlioness.bsky.social,craigbreathnach.bsky.social,at://did:plc:sjeemmrxw46kr3d2755boiie/app.bsky.feed.post/3m6focylwdk2i
indiedevbot.bsky.social,craigbreathnach.bsky.social,at://did:plc:sjeemmrxw46kr3d2755boiie/app.bsky.feed.post/3m6focylwdk2i
dqstudio.bsky.social,craigbreathnach.bsky.social,at://did:plc:sjeemmrxw46kr3d2755boiie/app.bsky.feed.post/3m6focylwdk2i
latestgaming.buzz,craigbreathnach.bsky.social,at://did:plc:sjeemmrxw46kr3d2755boiie/app.bsky.feed.post/3m6focylwdk2i
legendgerry.bsky.social,craigbreathnach.bsky.social,at://did:plc:sjeemmrxw46kr3d2755boiie/app.bsky.feed.post/3m6focylwdk2i
wuxiawerewolf.bsky.social,craigbreathnach.bsky.social,at://did:plc:sjeemmrxw46kr3d2755boiie/app.bsky.feed.post/3m6focylwdk2i
indiegameswtf.bsky.social,craigbreathnach.bsky.social,at://did:plc:sjeemmrxw46kr3d2755boiie/app.bsky.feed.post/3m6focylwdk2i
nigellicus.bsky.social,craigbreathnach.bsky.social,at://did:plc:sjeemmrxw46kr3d2755boiie/app.bsky.feed.post/3m6focylwdk2i
playingwithdust.bsky.social,imbibecoffee.bsky.social,at://did:plc:uoenkmbrkyfqvvbwxdjsean5/app.bsky.feed.post/3m6fl4rmjxk2f
paddyoloughlin.bsky.social,imbibecoffee.bsky.social,at://did:plc:uoenkmbrkyfqvvbwxdjsean5/app.bsky.feed.post/3m6fl4rmjxk2f
castlebridge-chief.bsky.social,imbibecoffee.bsky.social,at://did:plc:uoenkmbrkyfqvvbwxdjsean5/app.bsky.feed.post/3m6fl4rmjxk2f
deniseaoc.bsky.social,imbibecoffee.bsky.social,at://did:plc:uoenkmbrkyfqvvbwxdjsean5/app.bsky.feed.post/3m6fl4rmjxk2f
anton49.bsky.social,imbibecoffee.bsky.social,at://did:plc:uoenkmbrkyfqvvbwxdjsean5/app.bsky.feed.post/3m6fl4rmjxk2f
stevesparshott.bsky.social,imbibecoffee.bsky.social,at://did:plc:uoenkmbrkyfqvvbwxdjsean5/app.bsky.feed.post/3m6fl4rmjxk2f
thrillpool.bsky.social,imbibecoffee.bsky.social,at://did:plc:uoenkmbrkyfqvvbwxdjsean5/app.bsky.feed.post/3m6fl4rmjxk2f
jenniferomeara5.bsky.social,imbibecoffee.bsky.social,at://did:plc:uoenkmbrkyfqvvbwxdjsean5/app.bsky.feed.post/3m6fl4rmjxk2f
trishyb.bsky.social,imbibecoffee.bsky.social,at://did:plc:uoenkmbrkyfqvvbwxdjsean5/app.bsky.feed.post/3m6fl4rmjxk2f
ianchrisgray.bsky.social,imbibecoffee.bsky.social,at://did:plc:uoenkmbrkyfqvvbwxdjsean5/app.bsky.feed.post/3m6fl4rmjxk2f
sharrow.bsky.social,imbibecoffee.bsky.social,at://did:plc:uoenkmbrkyfqvvbwxdjsean5/app.bsky.feed.post/3m6fl4rmjxk2f
rachelrek.bsky.social,imbibecoffee.bsky.social,at://did:plc:uoenkmbrkyfqvvbwxdjsean5/app.bsky.feed.post/3m6fl4rmjxk2f
suzybie.bsky.social,imbibecoffee.bsky.social,at://did:plc:uoenkmbrkyfqvvbwxdjsean5/app.bsky.feed.post/3m6fl4rmjxk2f
therealamz.bsky.social,imbibecoffee.bsky.social,at://did:plc:uoenkmbrkyfqvvbwxdjsean5/app.bsky.feed.post/3m6fl4rmjxk2f
jogil.bsky.social,imbibecoffee.bsky.social,at://did:plc:uoenkmbrkyfqvvbwxdjsean5/app.bsky.feed.post/3m6fl4rmjxk2f
cianormo.bsky.social,imbibecoffee.bsky.social,at://did:plc:uoenkmbrkyfqvvbwxdjsean5/app.bsky.feed.post/3m6fl4rmjxk2f
amypwoods.bsky.social,imbibecoffee.bsky.social,at://did:plc:uoenkmbrkyfqvvbwxdjsean5/app.bsky.feed.post/3m6fl4rmjxk2f
stephanenny.bsky.social,imbibecoffee.bsky.social,at://did:plc:uoenkmbrkyfqvvbwxdjsean5/app.bsky.feed.post/3m6fl4rmjxk2f
arseblog.com,imbibecoffee.bsky.social,at://did:plc:uoenkmbrkyfqvvbwxdjsean5/app.bsky.feed.post/3m6fl4rmjxk2f
ldowling56.bsky.social,imbibecoffee.bsky.social,at://did:plc:uoenkmbrkyfqvvbwxdjsean5/app.bsky.feed.post/3m6fl4rmjxk2f
scollanl.bsky.social,imbibecoffee.bsky.social,at://did:plc:uoenkmbrkyfqvvbwxdjsean5/app.bsky.feed.post/3m6fl4rmjxk2f
rebelalliance77.bsky.social,imbibecoffee.bsky.social,at://did:plc:uoenkmbrkyfqvvbwxdjsean5/app.bsky.feed.post/3m6fl4rmjxk2f
sandracarioca.bsky.social,imbibecoffee.bsky.social,at://did:plc:uoenkmbrkyfqvvbwxdjsean5/app.bsky.feed.post/3m6fl4rmjxk2f
alimack13.bsky.social,imbibecoffee.bsky.social,at://did:plc:uoenkmbrkyfqvvbwxdjsean5/app.bsky.feed.post/3m6fl4rmjxk2f
coreilly.bsky.social,imbibecoffee.bsky.social,at://did:plc:uoenkmbrkyfqvvbwxdjsean5/app.bsky.feed.post/3m6fl4rmjxk2f
arrivalists.bsky.social,imbibecoffee.bsky.social,at://did:plc:uoenkmbrkyfqvvbwxdjsean5/app.bsky.feed.post/3m6fl4rmjxk2f
jjfru.bsky.social,imbibecoffee.bsky.social,at://did:plc:uoenkmbrkyfqvvbwxdjsean5/app.bsky.feed.post/3m6fl4rmjxk2f
cyclingman.bsky.social,imbibecoffee.bsky.social,at://did:plc:uoenkmbrkyfqvvbwxdjsean5/app.bsky.feed.post/3m6fl4rmjxk2f
morselya.bsky.social,sharrow.bsky.social,at://did:plc:uwji4l3wzsygaxduowluqmgr/app.bsky.feed.post/3m6fkzy2qv22y
stephanenny.bsky.social,sharrow.bsky.social,at://did:plc:uwji4l3wzsygaxduowluqmgr/app.bsky.feed.post/3m6fkzy2qv22y
libertiesbelle.bsky.social,rdisc0mb0bulate.bsky.social,at://did:plc:v6y63c54iecyzlxp3vrxvwv2/app.bsky.feed.post/3m6fjno3abs2r
pagep195.bsky.social,321kieran.bsky.social,at://did:plc:r4hqvnfuc2flfguavyrhcjgg/app.bsky.feed.post/3m6fjflgnp226
tararoonies.bsky.social,sharrow.bsky.social,at://did:plc:uwji4l3wzsygaxduowluqmgr/app.bsky.feed.post/3m6fivvdibs2r
tinamur.bsky.social,rdisc0mb0bulate.bsky.social,at://did:plc:v6y63c54iecyzlxp3vrxvwv2/app.bsky.feed.post/3m6fihgby4s2t
mnicearbhaill.bsky.social,rdisc0mb0bulate.bsky.social,at://did:plc:v6y63c54iecyzlxp3vrxvwv2/app.bsky.feed.post/3m6fihgby4s2t
fhayesmccoy.bsky.social,fhayesmccoy.bsky.social,at://did:plc:wpvwcjuhrpr5tjnhy3vp24ly/app.bsky.feed.post/3m6fhutxmac2c
islandlesley.bsky.social,fhayesmccoy.bsky.social,at://did:plc:wpvwcjuhrpr5tjnhy3vp24ly/app.bsky.feed.post/3m6fhutxmac2c
libertiesbelle.bsky.social,fhayesmccoy.bsky.social,at://did:plc:wpvwcjuhrpr5tjnhy3vp24ly/app.bsky.feed.post/3m6fhutxmac2c
saintyboy66.bsky.social,fhayesmccoy.bsky.social,at://did:plc:wpvwcjuhrpr5tjnhy3vp24ly/app.bsky.feed.post/3m6fhutxmac2c
sharrow.bsky.social,martinamorrow.bsky.social,at://did:plc:owtiovxdlxm4bp4hgnihapfe/app.bsky.feed.post/3m6fgspmbwc2l
sarklor.bsky.social,sharrow.bsky.social,at://did:plc:uwji4l3wzsygaxduowluqmgr/app.bsky.feed.post/3m6fcrpjskk2e
lynnok.bsky.social,sharrow.bsky.social,at://did:plc:uwji4l3wzsygaxduowluqmgr/app.bsky.feed.post/3m6fcrpjskk2e
maggsheyoka.bsky.social,sharrow.bsky.social,at://did:plc:uwji4l3wzsygaxduowluqmgr/app.bsky.feed.post/3m6fcrpjskk2e
chasman1888.bsky.social,sharrow.bsky.social,at://did:plc:uwji4l3wzsygaxduowluqmgr/app.bsky.feed.post/3m6fcrpjskk2e
ciara2001.bsky.social,sharrow.bsky.social,at://did:plc:uwji4l3wzsygaxduowluqmgr/app.bsky.feed.post/3m6fcrpjskk2e
stephencward.com,sharrow.bsky.social,at://did:plc:uwji4l3wzsygaxduowluqmgr/app.bsky.feed.post/3m6fcrpjskk2e
jenniferomeara5.bsky.social,natalieoregan.bsky.social,at://did:plc:6rr62zjwua6uckd5xanmhclr/app.bsky.feed.post/3m6f7ifmnik2i
sharrow.bsky.social,natalieoregan.bsky.social,at://did:plc:6rr62zjwua6uckd5xanmhclr/app.bsky.feed.post/3m6f7ifmnik2i
ciara2001.bsky.social,natalieoregan.bsky.social,at://did:plc:6rr62zjwua6uckd5xanmhclr/app.bsky.feed.post/3m6f7ifmnik2i
alexcurran95.bsky.social,natalieoregan.bsky.social,at://did:plc:6rr62zjwua6uckd5xanmhclr/app.bsky.feed.post/3m6f7ifmnik2i
queen-crafty.bsky.social,kellieturtle.bsky.social,at://did:plc:4bn3nihfie4yis4645exutv2/app.bsky.feed.post/3m6f6rrynck2q
anaemicroyalty.bsky.social,desfitzgerald.bsky.social,at://did:plc:2ie425wzoojoewvaabwy6t3s/app.bsky.feed.post/3m6f3ckg4jc25
clodaghtait.bsky.social,desfitzgerald.bsky.social,at://did:plc:2ie425wzoojoewvaabwy6t3s/app.bsky.feed.post/3m6f3ckg4jc25
bluwhalien.bsky.social,desfitzgerald.bsky.social,at://did:plc:2ie425wzoojoewvaabwy6t3s/app.bsky.feed.post/3m6f3ckg4jc25
sharrow.bsky.social,desfitzgerald.bsky.social,at://did:plc:2ie425wzoojoewvaabwy6t3s/app.bsky.feed.post/3m6f3ckg4jc25
queen-crafty.bsky.social,desfitzgerald.bsky.social,at://did:plc:2ie425wzoojoewvaabwy6t3s/app.bsky.feed.post/3m6f3ckg4jc25
roepstorff.bsky.social,desfitzgerald.bsky.social,at://did:plc:2ie425wzoojoewvaabwy6t3s/app.bsky.feed.post/3m6f3ckg4jc25
wesgo.bsky.social,desfitzgerald.bsky.social,at://did:plc:2ie425wzoojoewvaabwy6t3s/app.bsky.feed.post/3m6f3ckg4jc25
letiuchiha.bsky.social,desfitzgerald.bsky.social,at://did:plc:2ie425wzoojoewvaabwy6t3s/app.bsky.feed.post/3m6f3ckg4jc25
irrealismood.bsky.social,desfitzgerald.bsky.social,at://did:plc:2ie425wzoojoewvaabwy6t3s/app.bsky.feed.post/3m6f3ckg4jc25
msleedy.bsky.social,desfitzgerald.bsky.social,at://did:plc:2ie425wzoojoewvaabwy6t3s/app.bsky.feed.post/3m6f3ckg4jc25
libertiesbelle.bsky.social,desfitzgerald.bsky.social,at://did:plc:2ie425wzoojoewvaabwy6t3s/app.bsky.feed.post/3m6f3ckg4jc25
stane.bsky.social,desfitzgerald.bsky.social,at://did:plc:2ie425wzoojoewvaabwy6t3s/app.bsky.feed.post/3m6f3ckg4jc25
kevinkosullivan.bsky.social,desfitzgerald.bsky.social,at://did:plc:2ie425wzoojoewvaabwy6t3s/app.bsky.feed.post/3m6f3ckg4jc25
bikesnbukes.bsky.social,desfitzgerald.bsky.social,at://did:plc:2ie425wzoojoewvaabwy6t3s/app.bsky.feed.post/3m6f3ckg4jc25
maoltuile.bsky.social,desfitzgerald.bsky.social,at://did:plc:2ie425wzoojoewvaabwy6t3s/app.bsky.feed.post/3m6f3ckg4jc25
stephanenny.bsky.social,desfitzgerald.bsky.social,at://did:plc:2ie425wzoojoewvaabwy6t3s/app.bsky.feed.post/3m6f3ckg4jc25
cwallacedublin.bsky.social,desfitzgerald.bsky.social,at://did:plc:2ie425wzoojoewvaabwy6t3s/app.bsky.feed.post/3m6f3ckg4jc25
marcscully.bsky.social,desfitzgerald.bsky.social,at://did:plc:2ie425wzoojoewvaabwy6t3s/app.bsky.feed.post/3m6f3ckg4jc25
cmcg123.bsky.social,desfitzgerald.bsky.social,at://did:plc:2ie425wzoojoewvaabwy6t3s/app.bsky.feed.post/3m6f3ckg4jc25
shivgaffney.bsky.social,desfitzgerald.bsky.social,at://did:plc:2ie425wzoojoewvaabwy6t3s/app.bsky.feed.post/3m6f3ckg4jc25
eslsys.bsky.social,desfitzgerald.bsky.social,at://did:plc:2ie425wzoojoewvaabwy6t3s/app.bsky.feed.post/3m6f3ckg4jc25
sophcocooper.bsky.social,desfitzgerald.bsky.social,at://did:plc:2ie425wzoojoewvaabwy6t3s/app.bsky.feed.post/3m6f3ckg4jc25
margaretcahillbsky.bsky.social,desfitzgerald.bsky.social,at://did:plc:2ie425wzoojoewvaabwy6t3s/app.bsky.feed.post/3m6f3ckg4jc25
cardcolm.bsky.social,desfitzgerald.bsky.social,at://did:plc:2ie425wzoojoewvaabwy6t3s/app.bsky.feed.post/3m6f3ckg4jc25
regcoppinger.bsky.social,desfitzgerald.bsky.social,at://did:plc:2ie425wzoojoewvaabwy6t3s/app.bsky.feed.post/3m6f3ckg4jc25
writetodelight.bsky.social,desfitzgerald.bsky.social,at://did:plc:2ie425wzoojoewvaabwy6t3s/app.bsky.feed.post/3m6f3ckg4jc25
transaurusrx.bsky.social,desfitzgerald.bsky.social,at://did:plc:2ie425wzoojoewvaabwy6t3s/app.bsky.feed.post/3m6f3ckg4jc25
wendylyon.bsky.social,desfitzgerald.bsky.social,at://did:plc:2ie425wzoojoewvaabwy6t3s/app.bsky.feed.post/3m6f3ckg4jc25
rogerokeeffe.bsky.social,desfitzgerald.bsky.social,at://did:plc:2ie425wzoojoewvaabwy6t3s/app.bsky.feed.post/3m6f3ckg4jc25
stitchlily.bsky.social,desfitzgerald.bsky.social,at://did:plc:2ie425wzoojoewvaabwy6t3s/app.bsky.feed.post/3m6f3ckg4jc25
keithwilson.eu,desfitzgerald.bsky.social,at://did:plc:2ie425wzoojoewvaabwy6t3s/app.bsky.feed.post/3m6f3ckg4jc25
gerardelwood.bsky.social,desfitzgerald.bsky.social,at://did:plc:2ie425wzoojoewvaabwy6t3s/app.bsky.feed.post/3m6f3ckg4jc25
petermcguire.bsky.social,desfitzgerald.bsky.social,at://did:plc:2ie425wzoojoewvaabwy6t3s/app.bsky.feed.post/3m6f3ckg4jc25
jackiemo.bsky.social,desfitzgerald.bsky.social,at://did:plc:2ie425wzoojoewvaabwy6t3s/app.bsky.feed.post/3m6f3ckg4jc25
caitrionas.bsky.social,menalippe.bsky.social,at://did:plc:x5j2v4k5veqtcdptzk3xn6df/app.bsky.feed.post/3m6f27l2g2c2n
thepaulhoey.bsky.social,thepaulhoey.bsky.social,at://did:plc:yn3rsc67mulyzkrqfrgisoy2/app.bsky.feed.post/3m6ey4ceclc2v
euclidianboxes.bsky.social,thepaulhoey.bsky.social,at://did:plc:yn3rsc67mulyzkrqfrgisoy2/app.bsky.feed.post/3m6ey4ceclc2v
craggar.bsky.social,thepaulhoey.bsky.social,at://did:plc:yn3rsc67mulyzkrqfrgisoy2/app.bsky.feed.post/3m6ey4ceclc2v
davegildedalm.bsky.social,gildedalm.com,at://did:plc:b25fw5q6tr2faqdy52du276g/app.bsky.feed.post/3m6exkzm53s2i
gildedalm.com,gildedalm.com,at://did:plc:b25fw5q6tr2faqdy52du276g/app.bsky.feed.post/3m6exkzm53s2i
litterygeniarse.bsky.social,oisinmcgann.bsky.social,at://did:plc:xwjlw3ygmqlbr5igkokbkzfn/app.bsky.feed.post/3m6ew6ymhgk2t
oisinmcgann.bsky.social,oisinmcgann.bsky.social,at://did:plc:xwjlw3ygmqlbr5igkokbkzfn/app.bsky.feed.post/3m6ew6ymhgk2t
sharrow.bsky.social,oisinmcgann.bsky.social,at://did:plc:xwjlw3ygmqlbr5igkokbkzfn/app.bsky.feed.post/3m6ew6ymhgk2t
stephencward.com,oisinmcgann.bsky.social,at://did:plc:xwjlw3ygmqlbr5igkokbkzfn/app.bsky.feed.post/3m6ew6ymhgk2t
jaegershund.bsky.social,oisinmcgann.bsky.social,at://did:plc:xwjlw3ygmqlbr5igkokbkzfn/app.bsky.feed.post/3m6ew6ymhgk2t
carolconnolly.bsky.social,oisinmcgann.bsky.social,at://did:plc:xwjlw3ygmqlbr5igkokbkzfn/app.bsky.feed.post/3m6ew6ymhgk2t
zealerous.bsky.social,oisinmcgann.bsky.social,at://did:plc:xwjlw3ygmqlbr5igkokbkzfn/app.bsky.feed.post/3m6ew6ymhgk2t
jozebwrites.bsky.social,oisinmcgann.bsky.social,at://did:plc:xwjlw3ygmqlbr5igkokbkzfn/app.bsky.feed.post/3m6ew6ymhgk2t
radiobeartime.com,irishplacenames.bsky.social,at://did:plc:hhfwpteeefymb5m324x3rsui/app.bsky.feed.post/3m6eury5ehk2q
billallen.bsky.social,irishplacenames.bsky.social,at://did:plc:hhfwpteeefymb5m324x3rsui/app.bsky.feed.post/3m6eury5ehk2q
wazzock.bsky.social,irishplacenames.bsky.social,at://did:plc:hhfwpteeefymb5m324x3rsui/app.bsky.feed.post/3m6eury5ehk2q
robertwoolley.bsky.social,irishplacenames.bsky.social,at://did:plc:hhfwpteeefymb5m324x3rsui/app.bsky.feed.post/3m6eury5ehk2q
aoifeb.bsky.social,irishplacenames.bsky.social,at://did:plc:hhfwpteeefymb5m324x3rsui/app.bsky.feed.post/3m6eury5ehk2q
sharrow.bsky.social,rockyroader.bsky.social,at://did:plc:n7fcksjsljwyxguh5mjsbl5s/app.bsky.feed.post/3m6euki2a4c2j
leahnicaodha.bsky.social,rockyroader.bsky.social,at://did:plc:n7fcksjsljwyxguh5mjsbl5s/app.bsky.feed.post/3m6euki2a4c2j
coccodrillo21.bsky.social,brianofarrell.bsky.social,at://did:plc:tch2tperf6sgkbmvnlaa3opr/app.bsky.feed.post/3m6eubuprk22o
wildecard.bsky.social,brianofarrell.bsky.social,at://did:plc:tch2tperf6sgkbmvnlaa3opr/app.bsky.feed.post/3m6eubuprk22o
eslsys.bsky.social,brianofarrell.bsky.social,at://did:plc:tch2tperf6sgkbmvnlaa3opr/app.bsky.feed.post/3m6eubuprk22o
rebelalliance77.bsky.social,brianofarrell.bsky.social,at://did:plc:tch2tperf6sgkbmvnlaa3opr/app.bsky.feed.post/3m6eubuprk22o
winterpapers.bsky.social,claireconnolly.bsky.social,at://did:plc:u6gk5ptsmcrphcig4uk5bxlv/app.bsky.feed.post/3m6eu5ilw5c2h
eslsys.bsky.social,pbp-wexford.bsky.social,at://did:plc:ysq4yl2gyg3gf3dxxx47y3gq/app.bsky.feed.post/3m6ersirvws24
denisebreen.bsky.social,drmarymcauliffe.bsky.social,at://did:plc:wzelpzmv2b3oudwhkcpr2s6n/app.bsky.feed.post/3m6eqtd64g22t
vortimerjorts.bsky.social,drmarymcauliffe.bsky.social,at://did:plc:wzelpzmv2b3oudwhkcpr2s6n/app.bsky.feed.post/3m6eqtd64g22t
bryanwithnoi.bsky.social,drmarymcauliffe.bsky.social,at://did:plc:wzelpzmv2b3oudwhkcpr2s6n/app.bsky.feed.post/3m6eqtd64g22t
colinomahoney.bsky.social,drmarymcauliffe.bsky.social,at://did:plc:wzelpzmv2b3oudwhkcpr2s6n/app.bsky.feed.post/3m6eqtd64g22t
lynnok.bsky.social,drmarymcauliffe.bsky.social,at://did:plc:wzelpzmv2b3oudwhkcpr2s6n/app.bsky.feed.post/3m6eqtd64g22t
billallen.bsky.social,drmarymcauliffe.bsky.social,at://did:plc:wzelpzmv2b3oudwhkcpr2s6n/app.bsky.feed.post/3m6eqtd64g22t
wiringthebrain.bsky.social,drmarymcauliffe.bsky.social,at://did:plc:wzelpzmv2b3oudwhkcpr2s6n/app.bsky.feed.post/3m6eqtd64g22t
mikemcgb.bsky.social,drmarymcauliffe.bsky.social,at://did:plc:wzelpzmv2b3oudwhkcpr2s6n/app.bsky.feed.post/3m6eqtd64g22t
alfiegallagher.bsky.social,drmarymcauliffe.bsky.social,at://did:plc:wzelpzmv2b3oudwhkcpr2s6n/app.bsky.feed.post/3m6eqtd64g22t
lokideburca.bsky.social,drmarymcauliffe.bsky.social,at://did:plc:wzelpzmv2b3oudwhkcpr2s6n/app.bsky.feed.post/3m6eqtd64g22t
loreandordure.com,drmarymcauliffe.bsky.social,at://did:plc:wzelpzmv2b3oudwhkcpr2s6n/app.bsky.feed.post/3m6eqtd64g22t
bergkatse.myatproto.social,drmarymcauliffe.bsky.social,at://did:plc:wzelpzmv2b3oudwhkcpr2s6n/app.bsky.feed.post/3m6eqtd64g22t
maggsheyoka.bsky.social,drmarymcauliffe.bsky.social,at://did:plc:wzelpzmv2b3oudwhkcpr2s6n/app.bsky.feed.post/3m6eqtd64g22t
editor.scot,drmarymcauliffe.bsky.social,at://did:plc:wzelpzmv2b3oudwhkcpr2s6n/app.bsky.feed.post/3m6eqtd64g22t
eils1.bsky.social,drmarymcauliffe.bsky.social,at://did:plc:wzelpzmv2b3oudwhkcpr2s6n/app.bsky.feed.post/3m6eqtd64g22t
krady.bsky.social,drmarymcauliffe.bsky.social,at://did:plc:wzelpzmv2b3oudwhkcpr2s6n/app.bsky.feed.post/3m6eqtd64g22t
rovert.bsky.social,drmarymcauliffe.bsky.social,at://did:plc:wzelpzmv2b3oudwhkcpr2s6n/app.bsky.feed.post/3m6eqtd64g22t
jfennellauthor.bsky.social,drmarymcauliffe.bsky.social,at://did:plc:wzelpzmv2b3oudwhkcpr2s6n/app.bsky.feed.post/3m6eqtd64g22t
pompompastel.bsky.social,drmarymcauliffe.bsky.social,at://did:plc:wzelpzmv2b3oudwhkcpr2s6n/app.bsky.feed.post/3m6eqtd64g22t
dlooney.bsky.social,drmarymcauliffe.bsky.social,at://did:plc:wzelpzmv2b3oudwhkcpr2s6n/app.bsky.feed.post/3m6eqtd64g22t
biaroza.bsky.social,drmarymcauliffe.bsky.social,at://did:plc:wzelpzmv2b3oudwhkcpr2s6n/app.bsky.feed.post/3m6eqtd64g22t
caoimhetiernan.bsky.social,drmarymcauliffe.bsky.social,at://did:plc:wzelpzmv2b3oudwhkcpr2s6n/app.bsky.feed.post/3m6eqtd64g22t
irishwol.bsky.social,drmarymcauliffe.bsky.social,at://did:plc:wzelpzmv2b3oudwhkcpr2s6n/app.bsky.feed.post/3m6eqtd64g22t
kevjhnstn.bsky.social,drmarymcauliffe.bsky.social,at://did:plc:wzelpzmv2b3oudwhkcpr2s6n/app.bsky.feed.post/3m6eqtd64g22t
darach.bsky.social,drmarymcauliffe.bsky.social,at://did:plc:wzelpzmv2b3oudwhkcpr2s6n/app.bsky.feed.post/3m6eqtd64g22t
lamhfada.bsky.social,drmarymcauliffe.bsky.social,at://did:plc:wzelpzmv2b3oudwhkcpr2s6n/app.bsky.feed.post/3m6eqtd64g22t
ciara2001.bsky.social,drmarymcauliffe.bsky.social,at://did:plc:wzelpzmv2b3oudwhkcpr2s6n/app.bsky.feed.post/3m6eqtd64g22t
thumped.com,drmarymcauliffe.bsky.social,at://did:plc:wzelpzmv2b3oudwhkcpr2s6n/app.bsky.feed.post/3m6eqtd64g22t
groovygrannie.bsky.social,drmarymcauliffe.bsky.social,at://did:plc:wzelpzmv2b3oudwhkcpr2s6n/app.bsky.feed.post/3m6eqtd64g22t
stevieburns.bsky.social,drmarymcauliffe.bsky.social,at://did:plc:wzelpzmv2b3oudwhkcpr2s6n/app.bsky.feed.post/3m6eqtd64g22t
allanartist.bsky.social,drmarymcauliffe.bsky.social,at://did:plc:wzelpzmv2b3oudwhkcpr2s6n/app.bsky.feed.post/3m6eqtd64g22t
rothaiocht.bsky.social,drmarymcauliffe.bsky.social,at://did:plc:wzelpzmv2b3oudwhkcpr2s6n/app.bsky.feed.post/3m6eqtd64g22t
stephencward.com,drmarymcauliffe.bsky.social,at://did:plc:wzelpzmv2b3oudwhkcpr2s6n/app.bsky.feed.post/3m6eqtd64g22t
shibh.bsky.social,drmarymcauliffe.bsky.social,at://did:plc:wzelpzmv2b3oudwhkcpr2s6n/app.bsky.feed.post/3m6eqtd64g22t
cianginty.bsky.social,drmarymcauliffe.bsky.social,at://did:plc:wzelpzmv2b3oudwhkcpr2s6n/app.bsky.feed.post/3m6eqtd64g22t
patchotoole.bsky.social,drmarymcauliffe.bsky.social,at://did:plc:wzelpzmv2b3oudwhkcpr2s6n/app.bsky.feed.post/3m6eqtd64g22t
leifb73.bsky.social,drmarymcauliffe.bsky.social,at://did:plc:wzelpzmv2b3oudwhkcpr2s6n/app.bsky.feed.post/3m6eqtd64g22t
sinead1988.bsky.social,drmarymcauliffe.bsky.social,at://did:plc:wzelpzmv2b3oudwhkcpr2s6n/app.bsky.feed.post/3m6eqtd64g22t
charlielynch.bsky.social,drmarymcauliffe.bsky.social,at://did:plc:wzelpzmv2b3oudwhkcpr2s6n/app.bsky.feed.post/3m6eqtd64g22t
odubhda.bsky.social,drmarymcauliffe.bsky.social,at://did:plc:wzelpzmv2b3oudwhkcpr2s6n/app.bsky.feed.post/3m6eqtd64g22t
aurelia120.bsky.social,drmarymcauliffe.bsky.social,at://did:plc:wzelpzmv2b3oudwhkcpr2s6n/app.bsky.feed.post/3m6eqtd64g22t
dowdalln.bsky.social,drmarymcauliffe.bsky.social,at://did:plc:wzelpzmv2b3oudwhkcpr2s6n/app.bsky.feed.post/3m6eqtd64g22t
suchmayer.bsky.social,drmarymcauliffe.bsky.social,at://did:plc:wzelpzmv2b3oudwhkcpr2s6n/app.bsky.feed.post/3m6eqtd64g22t
duineuasal.bsky.social,drmarymcauliffe.bsky.social,at://did:plc:wzelpzmv2b3oudwhkcpr2s6n/app.bsky.feed.post/3m6eqtd64g22t
barryodonovan.bsky.social,drmarymcauliffe.bsky.social,at://did:plc:wzelpzmv2b3oudwhkcpr2s6n/app.bsky.feed.post/3m6eqtd64g22t
drmcarley.bsky.social,drmarymcauliffe.bsky.social,at://did:plc:wzelpzmv2b3oudwhkcpr2s6n/app.bsky.feed.post/3m6eqtd64g22t
janusxuk.bsky.social,drmarymcauliffe.bsky.social,at://did:plc:wzelpzmv2b3oudwhkcpr2s6n/app.bsky.feed.post/3m6eqtd64g22t
mnicearbhaill.bsky.social,drmarymcauliffe.bsky.social,at://did:plc:wzelpzmv2b3oudwhkcpr2s6n/app.bsky.feed.post/3m6eqtd64g22t
pierpaolo.bsky.social,djwalker.bsky.social,at://did:plc:iecysrzsqba4uhev4v7r5py7/app.bsky.feed.post/3m6epyyl22k2d
albert-ibars.bsky.social,djwalker.bsky.social,at://did:plc:iecysrzsqba4uhev4v7r5py7/app.bsky.feed.post/3m6epyyl22k2d
breeze420.bsky.social,djwalker.bsky.social,at://did:plc:iecysrzsqba4uhev4v7r5py7/app.bsky.feed.post/3m6epyyl22k2d
photohour.bsky.social,djwalker.bsky.social,at://did:plc:iecysrzsqba4uhev4v7r5py7/app.bsky.feed.post/3m6epyyl22k2d
keith1275.bsky.social,fhayesmccoy.bsky.social,at://did:plc:wpvwcjuhrpr5tjnhy3vp24ly/app.bsky.feed.post/3m6enan2nyc2v
cathyby.bsky.social,fhayesmccoy.bsky.social,at://did:plc:wpvwcjuhrpr5tjnhy3vp24ly/app.bsky.feed.post/3m6enan2nyc2v
mistygaltees.bsky.social,fhayesmccoy.bsky.social,at://did:plc:wpvwcjuhrpr5tjnhy3vp24ly/app.bsky.feed.post/3m6enan2nyc2v
seamusflynnj.bsky.social,fhayesmccoy.bsky.social,at://did:plc:wpvwcjuhrpr5tjnhy3vp24ly/app.bsky.feed.post/3m6enan2nyc2v
fcemurphy.bsky.social,fhayesmccoy.bsky.social,at://did:plc:wpvwcjuhrpr5tjnhy3vp24ly/app.bsky.feed.post/3m6enan2nyc2v
barbarabyar.bsky.social,fhayesmccoy.bsky.social,at://did:plc:wpvwcjuhrpr5tjnhy3vp24ly/app.bsky.feed.post/3m6enan2nyc2v
sweetoblivion.bsky.social,imbibecoffee.bsky.social,at://did:plc:uoenkmbrkyfqvvbwxdjsean5/app.bsky.feed.post/3m6ejxefryc2u
roserosey.bsky.social,slated.ie,at://did:plc:7czbhyt6vmlibzjk2md3ds36/app.bsky.feed.post/3m6ehoq3pe22l
thesilvervoice.bsky.social,lolaclare.bsky.social,at://did:plc:4hs3dmcihhjzmlxg2ilawk25/app.bsky.feed.post/3m6egfmyjak23
utsiktens.bsky.social,ainekeenan.bsky.social,at://did:plc:gjsoejzm7at4syhrvzgizrev/app.bsky.feed.post/3m6e5l4v5uc2m
photoblair.bsky.social,ainekeenan.bsky.social,at://did:plc:gjsoejzm7at4syhrvzgizrev/app.bsky.feed.post/3m6e5l4v5uc2m
patcoleman.bsky.social,ainekeenan.bsky.social,at://did:plc:gjsoejzm7at4syhrvzgizrev/app.bsky.feed.post/3m6e5l4v5uc2m
pierpaolo.bsky.social,ainekeenan.bsky.social,at://did:plc:gjsoejzm7at4syhrvzgizrev/app.bsky.feed.post/3m6e5l4v5uc2m
melysue.bsky.social,ainekeenan.bsky.social,at://did:plc:gjsoejzm7at4syhrvzgizrev/app.bsky.feed.post/3m6e5l4v5uc2m
sqotn.bsky.social,ainekeenan.bsky.social,at://did:plc:gjsoejzm7at4syhrvzgizrev/app.bsky.feed.post/3m6e5l4v5uc2m
thebluemango.in,ainekeenan.bsky.social,at://did:plc:gjsoejzm7at4syhrvzgizrev/app.bsky.feed.post/3m6e5l4v5uc2m
algae-x.bsky.social,ainekeenan.bsky.social,at://did:plc:gjsoejzm7at4syhrvzgizrev/app.bsky.feed.post/3m6e5l4v5uc2m
lamhfada.bsky.social,ainekeenan.bsky.social,at://did:plc:gjsoejzm7at4syhrvzgizrev/app.bsky.feed.post/3m6e5l4v5uc2m
beneteau31.bsky.social,ainekeenan.bsky.social,at://did:plc:gjsoejzm7at4syhrvzgizrev/app.bsky.feed.post/3m6e5l4v5uc2m
gulliver77.bsky.social,ainekeenan.bsky.social,at://did:plc:gjsoejzm7at4syhrvzgizrev/app.bsky.feed.post/3m6e5l4v5uc2m
lyphshro.bsky.social,ainekeenan.bsky.social,at://did:plc:gjsoejzm7at4syhrvzgizrev/app.bsky.feed.post/3m6e5l4v5uc2m
tregallery.com,ainekeenan.bsky.social,at://did:plc:gjsoejzm7at4syhrvzgizrev/app.bsky.feed.post/3m6e5l4v5uc2m
playingwithdust.bsky.social,cjamcmahon.bsky.social,at://did:plc:5lalgxnyfxas34qyb3u4dp4u/app.bsky.feed.post/3m6dgnqd3cs26
tupped.bsky.social,cjamcmahon.bsky.social,at://did:plc:5lalgxnyfxas34qyb3u4dp4u/app.bsky.feed.post/3m6dgnqd3cs26
sharrow.bsky.social,cjamcmahon.bsky.social,at://did:plc:5lalgxnyfxas34qyb3u4dp4u/app.bsky.feed.post/3m6dgnqd3cs26
lamhfada.bsky.social,cjamcmahon.bsky.social,at://did:plc:5lalgxnyfxas34qyb3u4dp4u/app.bsky.feed.post/3m6dgnqd3cs26
gra246.bsky.social,cjamcmahon.bsky.social,at://did:plc:5lalgxnyfxas34qyb3u4dp4u/app.bsky.feed.post/3m6dgnqd3cs26
susangriff.bsky.social,cjamcmahon.bsky.social,at://did:plc:5lalgxnyfxas34qyb3u4dp4u/app.bsky.feed.post/3m6dgnqd3cs26
iamreddave.bsky.social,cjamcmahon.bsky.social,at://did:plc:5lalgxnyfxas34qyb3u4dp4u/app.bsky.feed.post/3m6dgnqd3cs26
dermotcasey.bsky.social,barryodonovan.bsky.social,at://did:plc:3htet3hmybicu3rmousjxuew/app.bsky.feed.post/3m6daw764xk2d
emmadragon.bsky.social,lostexpectation.bsky.social,at://did:plc:ajw2t3pfisrtb7vqj7fml7y4/app.bsky.feed.post/3m6dagm3gxn2g
lostexpectation.bsky.social,lostexpectation.bsky.social,at://did:plc:ajw2t3pfisrtb7vqj7fml7y4/app.bsky.feed.post/3m6dagm3gxn2g
sharrow.bsky.social,conorvoice.com,at://did:plc:o3fsnjyf66iio5rxjidak43z/app.bsky.feed.post/3m6d63d6ios2y
duncanjonesmerrion.bsky.social,conorvoice.com,at://did:plc:o3fsnjyf66iio5rxjidak43z/app.bsky.feed.post/3m6d63d6ios2y
joymakesmonsters.bsky.social,conorvoice.com,at://did:plc:o3fsnjyf66iio5rxjidak43z/app.bsky.feed.post/3m6d63d6ios2y
gravadersdagar.bsky.social,conorvoice.com,at://did:plc:o3fsnjyf66iio5rxjidak43z/app.bsky.feed.post/3m6d63d6ios2y
lordloophole.bsky.social,conorvoice.com,at://did:plc:o3fsnjyf66iio5rxjidak43z/app.bsky.feed.post/3m6d63d6ios2y
ciara2001.bsky.social,irishwol.bsky.social,at://did:plc:kwqp2tmpdjed5kottxbagsql/app.bsky.feed.post/3m6d56y77l225
jenniferomeara5.bsky.social,slated.ie,at://did:plc:7czbhyt6vmlibzjk2md3ds36/app.bsky.feed.post/3m6d36ajyr22w
johanndoorley.bsky.social,slated.ie,at://did:plc:7czbhyt6vmlibzjk2md3ds36/app.bsky.feed.post/3m6d36ajyr22w
slated.ie,slated.ie,at://did:plc:7czbhyt6vmlibzjk2md3ds36/app.bsky.feed.post/3m6d36ajyr22w
scopedesigner.bsky.social,philipoconnor.bsky.social,at://did:plc:36hqooiwcmgr3vfc4ovmi2bd/app.bsky.feed.post/3m6cytn6hjs23
jamesmcshane.bsky.social,philipoconnor.bsky.social,at://did:plc:36hqooiwcmgr3vfc4ovmi2bd/app.bsky.feed.post/3m6cytn6hjs23
sharrow.bsky.social,philipoconnor.bsky.social,at://did:plc:36hqooiwcmgr3vfc4ovmi2bd/app.bsky.feed.post/3m6cytn6hjs23
johnbarrington.bsky.social,philipoconnor.bsky.social,at://did:plc:36hqooiwcmgr3vfc4ovmi2bd/app.bsky.feed.post/3m6cytn6hjs23
maggsheyoka.bsky.social,philipoconnor.bsky.social,at://did:plc:36hqooiwcmgr3vfc4ovmi2bd/app.bsky.feed.post/3m6cytn6hjs23
libertiesbelle.bsky.social,philipoconnor.bsky.social,at://did:plc:36hqooiwcmgr3vfc4ovmi2bd/app.bsky.feed.post/3m6cytn6hjs23
susanlanigan.bsky.social,philipoconnor.bsky.social,at://did:plc:36hqooiwcmgr3vfc4ovmi2bd/app.bsky.feed.post/3m6cytn6hjs23
fiercemilder.com,philipoconnor.bsky.social,at://did:plc:36hqooiwcmgr3vfc4ovmi2bd/app.bsky.feed.post/3m6cytn6hjs23
louthforever.bsky.social,philipoconnor.bsky.social,at://did:plc:36hqooiwcmgr3vfc4ovmi2bd/app.bsky.feed.post/3m6cytn6hjs23
eslsys.bsky.social,philipoconnor.bsky.social,at://did:plc:36hqooiwcmgr3vfc4ovmi2bd/app.bsky.feed.post/3m6cytn6hjs23
mmdc.bsky.social,philipoconnor.bsky.social,at://did:plc:36hqooiwcmgr3vfc4ovmi2bd/app.bsky.feed.post/3m6cytn6hjs23
rogerokeeffe.bsky.social,philipoconnor.bsky.social,at://did:plc:36hqooiwcmgr3vfc4ovmi2bd/app.bsky.feed.post/3m6cytn6hjs23
philipoconnor.bsky.social,philipoconnor.bsky.social,at://did:plc:36hqooiwcmgr3vfc4ovmi2bd/app.bsky.feed.post/3m6cytn6hjs23
bohsnews.bsky.social,bgormley.bsky.social,at://did:plc:223cpcieytdlbmzovhs2ypg2/app.bsky.feed.post/3m6cyf6dt422i
clearyb.bsky.social,bgormley.bsky.social,at://did:plc:223cpcieytdlbmzovhs2ypg2/app.bsky.feed.post/3m6cyf6dt422i
manofbeerd.bsky.social,bgormley.bsky.social,at://did:plc:223cpcieytdlbmzovhs2ypg2/app.bsky.feed.post/3m6cyf6dt422i
mcgurkb.bsky.social,bgormley.bsky.social,at://did:plc:223cpcieytdlbmzovhs2ypg2/app.bsky.feed.post/3m6cyf6dt422i
louthforever.bsky.social,darylfeehely.com,at://did:plc:imdb5lnqdvuployv2wxfgdms/app.bsky.feed.post/3m6cwyw7c722n
mahoganygaspipes.bsky.social,darylfeehely.com,at://did:plc:imdb5lnqdvuployv2wxfgdms/app.bsky.feed.post/3m6cwyw7c722n
pagep195.bsky.social,321kieran.bsky.social,at://did:plc:r4hqvnfuc2flfguavyrhcjgg/app.bsky.feed.post/3m6cvwm6ww22c
carolor.bsky.social,mmdc.bsky.social,at://did:plc:6dnpwemduovd6rzfburfqbrt/app.bsky.feed.post/3m6cvg7nzq222
eslsys.bsky.social,mmdc.bsky.social,at://did:plc:6dnpwemduovd6rzfburfqbrt/app.bsky.feed.post/3m6cvg7nzq222
coreilly.bsky.social,mmdc.bsky.social,at://did:plc:6dnpwemduovd6rzfburfqbrt/app.bsky.feed.post/3m6cvg7nzq222
sharrow.bsky.social,alanlawlor.bsky.social,at://did:plc:l7lv6er6rifmgewmgqhkkiqf/app.bsky.feed.post/3m6cvbfburc2e
mikemcgb.bsky.social,sharrow.bsky.social,at://did:plc:uwji4l3wzsygaxduowluqmgr/app.bsky.feed.post/3m6cv2sths22j
helendublin.bsky.social,sharrow.bsky.social,at://did:plc:uwji4l3wzsygaxduowluqmgr/app.bsky.feed.post/3m6cv2sths22j
hazelklarkin.bsky.social,sharrow.bsky.social,at://did:plc:uwji4l3wzsygaxduowluqmgr/app.bsky.feed.post/3m6cv2sths22j
patchotoole.bsky.social,sharrow.bsky.social,at://did:plc:uwji4l3wzsygaxduowluqmgr/app.bsky.feed.post/3m6cv2sths22j
lynbw.bsky.social,sharrow.bsky.social,at://did:plc:uwji4l3wzsygaxduowluqmgr/app.bsky.feed.post/3m6cv2sths22j
tourguidejohn.bsky.social,sharrow.bsky.social,at://did:plc:uwji4l3wzsygaxduowluqmgr/app.bsky.feed.post/3m6cv2sths22j
amberkeating.net,sharrow.bsky.social,at://did:plc:uwji4l3wzsygaxduowluqmgr/app.bsky.feed.post/3m6cv2sths22j
mrmulligan.bsky.social,dailigh.bsky.social,at://did:plc:vmaa275bmnrksir7y6muzkkf/app.bsky.feed.post/3m6crv72fmk2x
dirtycitybird.trann.ie,dailigh.bsky.social,at://did:plc:vmaa275bmnrksir7y6muzkkf/app.bsky.feed.post/3m6crv72fmk2x
marcphisto.bsky.social,dailigh.bsky.social,at://did:plc:vmaa275bmnrksir7y6muzkkf/app.bsky.feed.post/3m6crv72fmk2x
conorsmith.ie,dailigh.bsky.social,at://did:plc:vmaa275bmnrksir7y6muzkkf/app.bsky.feed.post/3m6crv72fmk2x
cudbeorht.bsky.social,dailigh.bsky.social,at://did:plc:vmaa275bmnrksir7y6muzkkf/app.bsky.feed.post/3m6crv72fmk2x
siobhanmcelduff.bsky.social,dailigh.bsky.social,at://did:plc:vmaa275bmnrksir7y6muzkkf/app.bsky.feed.post/3m6crv72fmk2x
drmarymcauliffe.bsky.social,grainneblair.bsky.social,at://did:plc:htzrfp3q6p3ht3x7knog6mdd/app.bsky.feed.post/3m6cqoxqqic26
sharrow.bsky.social,grainneblair.bsky.social,at://did:plc:htzrfp3q6p3ht3x7knog6mdd/app.bsky.feed.post/3m6cqoxqqic26
hazelklarkin.bsky.social,grainneblair.bsky.social,at://did:plc:htzrfp3q6p3ht3x7knog6mdd/app.bsky.feed.post/3m6cqoxqqic26
amflynn.bsky.social,darylfeehely.com,at://did:plc:imdb5lnqdvuployv2wxfgdms/app.bsky.feed.post/3m6co7rbon22n
oisinmcgann.bsky.social,darylfeehely.com,at://did:plc:imdb5lnqdvuployv2wxfgdms/app.bsky.feed.post/3m6co7rbon22n
amockingbird.bsky.social,darylfeehely.com,at://did:plc:imdb5lnqdvuployv2wxfgdms/app.bsky.feed.post/3m6co7rbon22n
billallen.bsky.social,darylfeehely.com,at://did:plc:imdb5lnqdvuployv2wxfgdms/app.bsky.feed.post/3m6co7rbon22n
werslabber.bsky.social,darylfeehely.com,at://did:plc:imdb5lnqdvuployv2wxfgdms/app.bsky.feed.post/3m6co7rbon22n
deadlocked.org,darylfeehely.com,at://did:plc:imdb5lnqdvuployv2wxfgdms/app.bsky.feed.post/3m6co7rbon22n
paulduane.bsky.social,darylfeehely.com,at://did:plc:imdb5lnqdvuployv2wxfgdms/app.bsky.feed.post/3m6co7rbon22n
ballerinax.bsky.social,darylfeehely.com,at://did:plc:imdb5lnqdvuployv2wxfgdms/app.bsky.feed.post/3m6co7rbon22n
uilliammac.bsky.social,darylfeehely.com,at://did:plc:imdb5lnqdvuployv2wxfgdms/app.bsky.feed.post/3m6co7rbon22n
gronya.bsky.social,darylfeehely.com,at://did:plc:imdb5lnqdvuployv2wxfgdms/app.bsky.feed.post/3m6co7rbon22n
hazelklarkin.bsky.social,darylfeehely.com,at://did:plc:imdb5lnqdvuployv2wxfgdms/app.bsky.feed.post/3m6co7rbon22n
allanartist.bsky.social,darylfeehely.com,at://did:plc:imdb5lnqdvuployv2wxfgdms/app.bsky.feed.post/3m6co7rbon22n
carolconnolly.bsky.social,darylfeehely.com,at://did:plc:imdb5lnqdvuployv2wxfgdms/app.bsky.feed.post/3m6co7rbon22n
mooregroup.bsky.social,darylfeehely.com,at://did:plc:imdb5lnqdvuployv2wxfgdms/app.bsky.feed.post/3m6co7rbon22n
lachategris.bsky.social,darylfeehely.com,at://did:plc:imdb5lnqdvuployv2wxfgdms/app.bsky.feed.post/3m6co7rbon22n
rogerokeeffe.bsky.social,darylfeehely.com,at://did:plc:imdb5lnqdvuployv2wxfgdms/app.bsky.feed.post/3m6co7rbon22n
playingwithdust.bsky.social,orlam90.bsky.social,at://did:plc:7jnzlmjogamiou5m4qiyxace/app.bsky.feed.post/3m6cltmbhjc2r
paddyoloughlin.bsky.social,orlam90.bsky.social,at://did:plc:7jnzlmjogamiou5m4qiyxace/app.bsky.feed.post/3m6cltmbhjc2r
culturalfatwa.bsky.social,orlam90.bsky.social,at://did:plc:7jnzlmjogamiou5m4qiyxace/app.bsky.feed.post/3m6cltmbhjc2r
merrua.bsky.social,orlam90.bsky.social,at://did:plc:7jnzlmjogamiou5m4qiyxace/app.bsky.feed.post/3m6cltmbhjc2r
endofthelane.bsky.social,orlam90.bsky.social,at://did:plc:7jnzlmjogamiou5m4qiyxace/app.bsky.feed.post/3m6cltmbhjc2r
lamhfada.bsky.social,orlam90.bsky.social,at://did:plc:7jnzlmjogamiou5m4qiyxace/app.bsky.feed.post/3m6cltmbhjc2r
darylfeehely.com,orlam90.bsky.social,at://did:plc:7jnzlmjogamiou5m4qiyxace/app.bsky.feed.post/3m6cltmbhjc2r
cerandor.com,orlam90.bsky.social,at://did:plc:7jnzlmjogamiou5m4qiyxace/app.bsky.feed.post/3m6cltmbhjc2r
siobhanmcelduff.bsky.social,orlam90.bsky.social,at://did:plc:7jnzlmjogamiou5m4qiyxace/app.bsky.feed.post/3m6cltmbhjc2r
cathalmalone.bsky.social,orlam90.bsky.social,at://did:plc:7jnzlmjogamiou5m4qiyxace/app.bsky.feed.post/3m6cltmbhjc2r
karlusss.bsky.social,orlam90.bsky.social,at://did:plc:7jnzlmjogamiou5m4qiyxace/app.bsky.feed.post/3m6cltmbhjc2r
shaneir.bsky.social,orlam90.bsky.social,at://did:plc:7jnzlmjogamiou5m4qiyxace/app.bsky.feed.post/3m6cltmbhjc2r
eatyourflag.bsky.social,robosullivan.bsky.social,at://did:plc:siclj5jstt2xodsn7epgnqld/app.bsky.feed.post/3m6clnuluj22b
zenbuffy.bsky.social,robosullivan.bsky.social,at://did:plc:siclj5jstt2xodsn7epgnqld/app.bsky.feed.post/3m6clnuluj22b
sharrow.bsky.social,robosullivan.bsky.social,at://did:plc:siclj5jstt2xodsn7epgnqld/app.bsky.feed.post/3m6clnuluj22b
culturalfatwa.bsky.social,robosullivan.bsky.social,at://did:plc:siclj5jstt2xodsn7epgnqld/app.bsky.feed.post/3m6clnuluj22b
geraldineishere.bsky.social,robosullivan.bsky.social,at://did:plc:siclj5jstt2xodsn7epgnqld/app.bsky.feed.post/3m6clnuluj22b
lokideburca.bsky.social,robosullivan.bsky.social,at://did:plc:siclj5jstt2xodsn7epgnqld/app.bsky.feed.post/3m6clnuluj22b
jenny75.bsky.social,robosullivan.bsky.social,at://did:plc:siclj5jstt2xodsn7epgnqld/app.bsky.feed.post/3m6clnuluj22b
paulduane.bsky.social,robosullivan.bsky.social,at://did:plc:siclj5jstt2xodsn7epgnqld/app.bsky.feed.post/3m6clnuluj22b
therealamz.bsky.social,robosullivan.bsky.social,at://did:plc:siclj5jstt2xodsn7epgnqld/app.bsky.feed.post/3m6clnuluj22b
myqueerheart.bsky.social,robosullivan.bsky.social,at://did:plc:siclj5jstt2xodsn7epgnqld/app.bsky.feed.post/3m6clnuluj22b
nameless-weevil.bsky.social,robosullivan.bsky.social,at://did:plc:siclj5jstt2xodsn7epgnqld/app.bsky.feed.post/3m6clnuluj22b
jogil.bsky.social,robosullivan.bsky.social,at://did:plc:siclj5jstt2xodsn7epgnqld/app.bsky.feed.post/3m6clnuluj22b
ian64.bsky.social,robosullivan.bsky.social,at://did:plc:siclj5jstt2xodsn7epgnqld/app.bsky.feed.post/3m6clnuluj22b
irishbigmac.bsky.social,robosullivan.bsky.social,at://did:plc:siclj5jstt2xodsn7epgnqld/app.bsky.feed.post/3m6clnuluj22b
alexcurran95.bsky.social,robosullivan.bsky.social,at://did:plc:siclj5jstt2xodsn7epgnqld/app.bsky.feed.post/3m6clnuluj22b
mcwattly.bsky.social,robosullivan.bsky.social,at://did:plc:siclj5jstt2xodsn7epgnqld/app.bsky.feed.post/3m6clnuluj22b
conorsmith.ie,robosullivan.bsky.social,at://did:plc:siclj5jstt2xodsn7epgnqld/app.bsky.feed.post/3m6clnuluj22b
hugofitz.bsky.social,robosullivan.bsky.social,at://did:plc:siclj5jstt2xodsn7epgnqld/app.bsky.feed.post/3m6clnuluj22b
pattyngng.bsky.social,rdisc0mb0bulate.bsky.social,at://did:plc:v6y63c54iecyzlxp3vrxvwv2/app.bsky.feed.post/3m6cj3w27ds2f
maniagnosis.bsky.social,rdisc0mb0bulate.bsky.social,at://did:plc:v6y63c54iecyzlxp3vrxvwv2/app.bsky.feed.post/3m6cj3w27ds2f
tsaiya.bsky.social,rdisc0mb0bulate.bsky.social,at://did:plc:v6y63c54iecyzlxp3vrxvwv2/app.bsky.feed.post/3m6cj3w27ds2f
siobhanmcelduff.bsky.social,rdisc0mb0bulate.bsky.social,at://did:plc:v6y63c54iecyzlxp3vrxvwv2/app.bsky.feed.post/3m6cj3w27ds2f
raindancer451.bsky.social,rdisc0mb0bulate.bsky.social,at://did:plc:v6y63c54iecyzlxp3vrxvwv2/app.bsky.feed.post/3m6cj3w27ds2f
robertbohan.bsky.social,drmarymcauliffe.bsky.social,at://did:plc:wzelpzmv2b3oudwhkcpr2s6n/app.bsky.feed.post/3m6chsbtuh22s
grainneblair.bsky.social,drmarymcauliffe.bsky.social,at://did:plc:wzelpzmv2b3oudwhkcpr2s6n/app.bsky.feed.post/3m6chsbtuh22s
anaemicroyalty.bsky.social,regcoppinger.bsky.social,at://did:plc:bfgylvtnfvzomjbpv7wetcq3/app.bsky.feed.post/3m6cboyauhk2n
jhshelley.bsky.social,regcoppinger.bsky.social,at://did:plc:bfgylvtnfvzomjbpv7wetcq3/app.bsky.feed.post/3m6cboyauhk2n
cfmotpony.bsky.social,regcoppinger.bsky.social,at://did:plc:bfgylvtnfvzomjbpv7wetcq3/app.bsky.feed.post/3m6cboyauhk2n
lokideburca.bsky.social,regcoppinger.bsky.social,at://did:plc:bfgylvtnfvzomjbpv7wetcq3/app.bsky.feed.post/3m6cboyauhk2n
sareen.bsky.social,regcoppinger.bsky.social,at://did:plc:bfgylvtnfvzomjbpv7wetcq3/app.bsky.feed.post/3m6cboyauhk2n
ciara2001.bsky.social,regcoppinger.bsky.social,at://did:plc:bfgylvtnfvzomjbpv7wetcq3/app.bsky.feed.post/3m6cboyauhk2n
darylfeehely.com,regcoppinger.bsky.social,at://did:plc:bfgylvtnfvzomjbpv7wetcq3/app.bsky.feed.post/3m6cboyauhk2n
brunswick.bsky.social,regcoppinger.bsky.social,at://did:plc:bfgylvtnfvzomjbpv7wetcq3/app.bsky.feed.post/3m6cboyauhk2n
karlstanley.bsky.social,regcoppinger.bsky.social,at://did:plc:bfgylvtnfvzomjbpv7wetcq3/app.bsky.feed.post/3m6cboyauhk2n
jjdebenedictis.bsky.social,regcoppinger.bsky.social,at://did:plc:bfgylvtnfvzomjbpv7wetcq3/app.bsky.feed.post/3m6cboyauhk2n
mudwiggler.bsky.social,regcoppinger.bsky.social,at://did:plc:bfgylvtnfvzomjbpv7wetcq3/app.bsky.feed.post/3m6cboyauhk2n
siobhanmcelduff.bsky.social,regcoppinger.bsky.social,at://did:plc:bfgylvtnfvzomjbpv7wetcq3/app.bsky.feed.post/3m6cboyauhk2n
jwomack.bsky.social,regcoppinger.bsky.social,at://did:plc:bfgylvtnfvzomjbpv7wetcq3/app.bsky.feed.post/3m6cboyauhk2n
nigellicus.bsky.social,regcoppinger.bsky.social,at://did:plc:bfgylvtnfvzomjbpv7wetcq3/app.bsky.feed.post/3m6cboyauhk2n
mnicearbhaill.bsky.social,regcoppinger.bsky.social,at://did:plc:bfgylvtnfvzomjbpv7wetcq3/app.bsky.feed.post/3m6cboyauhk2n
anaemicroyalty.bsky.social,katebielinski.bsky.social,at://did:plc:sju6sic4sz3jgpwrvbg355vf/app.bsky.feed.post/3m6c7ibota225
johanndoorley.bsky.social,katebielinski.bsky.social,at://did:plc:sju6sic4sz3jgpwrvbg355vf/app.bsky.feed.post/3m6c7ibota225
soolahhoops.com,katebielinski.bsky.social,at://did:plc:sju6sic4sz3jgpwrvbg355vf/app.bsky.feed.post/3m6c7ibota225
sellybeth.bsky.social,katebielinski.bsky.social,at://did:plc:sju6sic4sz3jgpwrvbg355vf/app.bsky.feed.post/3m6c7ibota225
tinydonkey.bsky.social,katebielinski.bsky.social,at://did:plc:sju6sic4sz3jgpwrvbg355vf/app.bsky.feed.post/3m6c7ibota225
nameless-weevil.bsky.social,katebielinski.bsky.social,at://did:plc:sju6sic4sz3jgpwrvbg355vf/app.bsky.feed.post/3m6c7ibota225
maniagnosis.bsky.social,katebielinski.bsky.social,at://did:plc:sju6sic4sz3jgpwrvbg355vf/app.bsky.feed.post/3m6c7ibota225
siobhanmcelduff.bsky.social,katebielinski.bsky.social,at://did:plc:sju6sic4sz3jgpwrvbg355vf/app.bsky.feed.post/3m6c7ibota225
fhayesmccoy.bsky.social,fhayesmccoy.bsky.social,at://did:plc:wpvwcjuhrpr5tjnhy3vp24ly/app.bsky.feed.post/3m6c7hxwk2s2s
nasheridan.bsky.social,fhayesmccoy.bsky.social,at://did:plc:wpvwcjuhrpr5tjnhy3vp24ly/app.bsky.feed.post/3m6c7hxwk2s2s
barbarabyar.bsky.social,fhayesmccoy.bsky.social,at://did:plc:wpvwcjuhrpr5tjnhy3vp24ly/app.bsky.feed.post/3m6c7hxwk2s2s
eatyourflag.bsky.social,ciaraioch.bsky.social,at://did:plc:4pxxjie2356nqxd3cwf6hbpk/app.bsky.feed.post/3m6c5vtmxdc2t
drmarymcauliffe.bsky.social,ciaraioch.bsky.social,at://did:plc:4pxxjie2356nqxd3cwf6hbpk/app.bsky.feed.post/3m6c5vtmxdc2t
valondar.bsky.social,ciaraioch.bsky.social,at://did:plc:4pxxjie2356nqxd3cwf6hbpk/app.bsky.feed.post/3m6c5vtmxdc2t
manofbeerd.bsky.social,ciaraioch.bsky.social,at://did:plc:4pxxjie2356nqxd3cwf6hbpk/app.bsky.feed.post/3m6c5vtmxdc2t
dean-tane.bsky.social,ciaraioch.bsky.social,at://did:plc:4pxxjie2356nqxd3cwf6hbpk/app.bsky.feed.post/3m6c5vtmxdc2t
paddypadman.bsky.social,ciaraioch.bsky.social,at://did:plc:4pxxjie2356nqxd3cwf6hbpk/app.bsky.feed.post/3m6c5vtmxdc2t
stephencward.com,ciaraioch.bsky.social,at://did:plc:4pxxjie2356nqxd3cwf6hbpk/app.bsky.feed.post/3m6c5vtmxdc2t
bleatssinodai.bsky.social,ciaraioch.bsky.social,at://did:plc:4pxxjie2356nqxd3cwf6hbpk/app.bsky.feed.post/3m6c5vtmxdc2t
mahoganygaspipes.bsky.social,markdryall.bsky.social,at://did:plc:scz2dxnz42o4hvaexuvggx7o/app.bsky.feed.post/3m6c4or5gb22q
pierpaolo.bsky.social,djwalker.bsky.social,at://did:plc:iecysrzsqba4uhev4v7r5py7/app.bsky.feed.post/3m6c3hv3tz22u
breeze420.bsky.social,djwalker.bsky.social,at://did:plc:iecysrzsqba4uhev4v7r5py7/app.bsky.feed.post/3m6c3hv3tz22u
plumfigged.bsky.social,djwalker.bsky.social,at://did:plc:iecysrzsqba4uhev4v7r5py7/app.bsky.feed.post/3m6c3hv3tz22u
marie1202.bsky.social,djwalker.bsky.social,at://did:plc:iecysrzsqba4uhev4v7r5py7/app.bsky.feed.post/3m6c3hv3tz22u
photohour.bsky.social,djwalker.bsky.social,at://did:plc:iecysrzsqba4uhev4v7r5py7/app.bsky.feed.post/3m6c3hv3tz22u
jimmyjo12-2.bsky.social,djwalker.bsky.social,at://did:plc:iecysrzsqba4uhev4v7r5py7/app.bsky.feed.post/3m6c3hv3tz22u
dashulya7.bsky.social,ainekeenan.bsky.social,at://did:plc:gjsoejzm7at4syhrvzgizrev/app.bsky.feed.post/3m6bwt553ss2x
dawphin.bsky.social,ainekeenan.bsky.social,at://did:plc:gjsoejzm7at4syhrvzgizrev/app.bsky.feed.post/3m6bwt553ss2x
thecontraire.bsky.social,ainekeenan.bsky.social,at://did:plc:gjsoejzm7at4syhrvzgizrev/app.bsky.feed.post/3m6bwt553ss2x
billallen.bsky.social,ainekeenan.bsky.social,at://did:plc:gjsoejzm7at4syhrvzgizrev/app.bsky.feed.post/3m6bwt553ss2x
pierpaolo.bsky.social,ainekeenan.bsky.social,at://did:plc:gjsoejzm7at4syhrvzgizrev/app.bsky.feed.post/3m6bwt553ss2x
sdcushing.bsky.social,ainekeenan.bsky.social,at://did:plc:gjsoejzm7at4syhrvzgizrev/app.bsky.feed.post/3m6bwt553ss2x
melysue.bsky.social,ainekeenan.bsky.social,at://did:plc:gjsoejzm7at4syhrvzgizrev/app.bsky.feed.post/3m6bwt553ss2x
paradox789.bsky.social,ainekeenan.bsky.social,at://did:plc:gjsoejzm7at4syhrvzgizrev/app.bsky.feed.post/3m6bwt553ss2x
breeze420.bsky.social,ainekeenan.bsky.social,at://did:plc:gjsoejzm7at4syhrvzgizrev/app.bsky.feed.post/3m6bwt553ss2x
samhanna1791.bsky.social,ainekeenan.bsky.social,at://did:plc:gjsoejzm7at4syhrvzgizrev/app.bsky.feed.post/3m6bwt553ss2x
gulliver77.bsky.social,ainekeenan.bsky.social,at://did:plc:gjsoejzm7at4syhrvzgizrev/app.bsky.feed.post/3m6bwt553ss2x
deanbarker.bsky.social,ainekeenan.bsky.social,at://did:plc:gjsoejzm7at4syhrvzgizrev/app.bsky.feed.post/3m6bwt553ss2x
roshn.me,ainekeenan.bsky.social,at://did:plc:gjsoejzm7at4syhrvzgizrev/app.bsky.feed.post/3m6bwt553ss2x
lyphshro.bsky.social,ainekeenan.bsky.social,at://did:plc:gjsoejzm7at4syhrvzgizrev/app.bsky.feed.post/3m6bwt553ss2x
petercbradbury.bsky.social,ainekeenan.bsky.social,at://did:plc:gjsoejzm7at4syhrvzgizrev/app.bsky.feed.post/3m6bwt553ss2x
bdoucette.bsky.social,ainekeenan.bsky.social,at://did:plc:gjsoejzm7at4syhrvzgizrev/app.bsky.feed.post/3m6bwt553ss2x
playingwithdust.bsky.social,playingwithdust.bsky.social,at://did:plc:zol7j6fzk2vqf6yawnkkg6bi/app.bsky.feed.post/3m6ayr3p4pc2t
masilvers.bsky.social,playingwithdust.bsky.social,at://did:plc:zol7j6fzk2vqf6yawnkkg6bi/app.bsky.feed.post/3m6ayr3p4pc2t
photohour.bsky.social,playingwithdust.bsky.social,at://did:plc:zol7j6fzk2vqf6yawnkkg6bi/app.bsky.feed.post/3m6ayr3p4pc2t
ballerinax.bsky.social,trasinscneach.bsky.social,at://did:plc:3om2rrmtkdq2qsqjzibiaooo/app.bsky.feed.post/3m6awvzobyc2z
sharrow.bsky.social,helendublin.bsky.social,at://did:plc:nigs7kco6eoaxc5aiimsaxc3/app.bsky.feed.post/3m6ancle2js2u
emmadragon.bsky.social,helendublin.bsky.social,at://did:plc:nigs7kco6eoaxc5aiimsaxc3/app.bsky.feed.post/3m6ancle2js2u
caponatacommie.bsky.social,trasinscneach.bsky.social,at://did:plc:3om2rrmtkdq2qsqjzibiaooo/app.bsky.feed.post/3m6anbsuchc2z
hazelklarkin.bsky.social,rflong.bsky.social,at://did:plc:uxplcqjq4hnmqjsljnq4lv5x/app.bsky.feed.post/3m6alhzy2ls2b
eils1.bsky.social,darylfeehely.com,at://did:plc:imdb5lnqdvuployv2wxfgdms/app.bsky.feed.post/3m6alahrzmk2a
eils1.bsky.social,trionac.bsky.social,at://did:plc:5izxyvmjl7awzjfptv6d6ane/app.bsky.feed.post/3m6agrxpg6k24
sharrow.bsky.social,djwalker.bsky.social,at://did:plc:iecysrzsqba4uhev4v7r5py7/app.bsky.feed.post/3m6ab6jzukc2i
billallen.bsky.social,djwalker.bsky.social,at://did:plc:iecysrzsqba4uhev4v7r5py7/app.bsky.feed.post/3m6ab6jzukc2i
pierpaolo.bsky.social,djwalker.bsky.social,at://did:plc:iecysrzsqba4uhev4v7r5py7/app.bsky.feed.post/3m6ab6jzukc2i
raportelli.bsky.social,djwalker.bsky.social,at://did:plc:iecysrzsqba4uhev4v7r5py7/app.bsky.feed.post/3m6ab6jzukc2i
melysue.bsky.social,djwalker.bsky.social,at://did:plc:iecysrzsqba4uhev4v7r5py7/app.bsky.feed.post/3m6ab6jzukc2i
breeze420.bsky.social,djwalker.bsky.social,at://did:plc:iecysrzsqba4uhev4v7r5py7/app.bsky.feed.post/3m6ab6jzukc2i
samhanna1791.bsky.social,djwalker.bsky.social,at://did:plc:iecysrzsqba4uhev4v7r5py7/app.bsky.feed.post/3m6ab6jzukc2i
geraldkainz.bsky.social,djwalker.bsky.social,at://did:plc:iecysrzsqba4uhev4v7r5py7/app.bsky.feed.post/3m6ab6jzukc2i
marie1202.bsky.social,djwalker.bsky.social,at://did:plc:iecysrzsqba4uhev4v7r5py7/app.bsky.feed.post/3m6ab6jzukc2i
photohour.bsky.social,djwalker.bsky.social,at://did:plc:iecysrzsqba4uhev4v7r5py7/app.bsky.feed.post/3m6ab6jzukc2i
rhonda44.bsky.social,djwalker.bsky.social,at://did:plc:iecysrzsqba4uhev4v7r5py7/app.bsky.feed.post/3m6ab6jzukc2i
eils1.bsky.social,rdisc0mb0bulate.bsky.social,at://did:plc:v6y63c54iecyzlxp3vrxvwv2/app.bsky.feed.post/3m6aa64t33c2z
hazelklarkin.bsky.social,rdisc0mb0bulate.bsky.social,at://did:plc:v6y63c54iecyzlxp3vrxvwv2/app.bsky.feed.post/3m6aa64t33c2z
erikamcgann.bsky.social,oisinmcgann.bsky.social,at://did:plc:xwjlw3ygmqlbr5igkokbkzfn/app.bsky.feed.post/3m67yikhj622m
sophiagrene.bsky.social,oisinmcgann.bsky.social,at://did:plc:xwjlw3ygmqlbr5igkokbkzfn/app.bsky.feed.post/3m67yikhj622m
oisinmcgann.bsky.social,oisinmcgann.bsky.social,at://did:plc:xwjlw3ygmqlbr5igkokbkzfn/app.bsky.feed.post/3m67yikhj622m
sharrow.bsky.social,oisinmcgann.bsky.social,at://did:plc:xwjlw3ygmqlbr5igkokbkzfn/app.bsky.feed.post/3m67yikhj622m
irishlittimes.bsky.social,oisinmcgann.bsky.social,at://did:plc:xwjlw3ygmqlbr5igkokbkzfn/app.bsky.feed.post/3m67yikhj622m
stephencward.com,oisinmcgann.bsky.social,at://did:plc:xwjlw3ygmqlbr5igkokbkzfn/app.bsky.feed.post/3m67yikhj622m
alexanderhay.myatproto.social,oisinmcgann.bsky.social,at://did:plc:xwjlw3ygmqlbr5igkokbkzfn/app.bsky.feed.post/3m67yikhj622m
pierpaolo.bsky.social,djwalker.bsky.social,at://did:plc:iecysrzsqba4uhev4v7r5py7/app.bsky.feed.post/3m67rzmuw5c2r
breeze420.bsky.social,djwalker.bsky.social,at://did:plc:iecysrzsqba4uhev4v7r5py7/app.bsky.feed.post/3m67rzmuw5c2r
photohour.bsky.social,djwalker.bsky.social,at://did:plc:iecysrzsqba4uhev4v7r5py7/app.bsky.feed.post/3m67rzmuw5c2r
eils1.bsky.social,caroleducky.bsky.social,at://did:plc:wk4vbtn77njhk4mlohgewj2m/app.bsky.feed.post/3m67phfmquk2w
peternimmo.bsky.social,kerryanne123.bsky.social,at://did:plc:zxpoz5zgmanarg4h3rbq5tuq/app.bsky.feed.post/3m67np7xhcc2t
patchotoole.bsky.social,caroleducky.bsky.social,at://did:plc:wk4vbtn77njhk4mlohgewj2m/app.bsky.feed.post/3m67ni32wjs27
duncanjonesmerrion.bsky.social,darylfeehely.com,at://did:plc:imdb5lnqdvuployv2wxfgdms/app.bsky.feed.post/3m67mhv5lrc2l
lokideburca.bsky.social,darylfeehely.com,at://did:plc:imdb5lnqdvuployv2wxfgdms/app.bsky.feed.post/3m67mhv5lrc2l
judesherry.bsky.social,frankoconnor.bsky.social,at://did:plc:eweyharmeuf3er35ejhbjp4o/app.bsky.feed.post/3m67ld5mfrc2v
lokideburca.bsky.social,frankoconnor.bsky.social,at://did:plc:eweyharmeuf3er35ejhbjp4o/app.bsky.feed.post/3m67ld5mfrc2v
radbradley.bsky.social,frankoconnor.bsky.social,at://did:plc:eweyharmeuf3er35ejhbjp4o/app.bsky.feed.post/3m67ld5mfrc2v
channah23.bsky.social,frankoconnor.bsky.social,at://did:plc:eweyharmeuf3er35ejhbjp4o/app.bsky.feed.post/3m67ld5mfrc2v
utsiktens.bsky.social,ainekeenan.bsky.social,at://did:plc:gjsoejzm7at4syhrvzgizrev/app.bsky.feed.post/3m675nyh5hs2c
arik-2.bsky.social,ainekeenan.bsky.social,at://did:plc:gjsoejzm7at4syhrvzgizrev/app.bsky.feed.post/3m675nyh5hs2c
pierpaolo.bsky.social,ainekeenan.bsky.social,at://did:plc:gjsoejzm7at4syhrvzgizrev/app.bsky.feed.post/3m675nyh5hs2c
melysue.bsky.social,ainekeenan.bsky.social,at://did:plc:gjsoejzm7at4syhrvzgizrev/app.bsky.feed.post/3m675nyh5hs2c
sqotn.bsky.social,ainekeenan.bsky.social,at://did:plc:gjsoejzm7at4syhrvzgizrev/app.bsky.feed.post/3m675nyh5hs2c
paradox789.bsky.social,ainekeenan.bsky.social,at://did:plc:gjsoejzm7at4syhrvzgizrev/app.bsky.feed.post/3m675nyh5hs2c
thebluemango.in,ainekeenan.bsky.social,at://did:plc:gjsoejzm7at4syhrvzgizrev/app.bsky.feed.post/3m675nyh5hs2c
breeze420.bsky.social,ainekeenan.bsky.social,at://did:plc:gjsoejzm7at4syhrvzgizrev/app.bsky.feed.post/3m675nyh5hs2c
gulliver77.bsky.social,ainekeenan.bsky.social,at://did:plc:gjsoejzm7at4syhrvzgizrev/app.bsky.feed.post/3m675nyh5hs2c
monikamazick.bsky.social,ainekeenan.bsky.social,at://did:plc:gjsoejzm7at4syhrvzgizrev/app.bsky.feed.post/3m675nyh5hs2c
pelzerb.bsky.social,ainekeenan.bsky.social,at://did:plc:gjsoejzm7at4syhrvzgizrev/app.bsky.feed.post/3m675nyh5hs2c
lyphshro.bsky.social,ainekeenan.bsky.social,at://did:plc:gjsoejzm7at4syhrvzgizrev/app.bsky.feed.post/3m675nyh5hs2c
slowdriver25.bsky.social,ainekeenan.bsky.social,at://did:plc:gjsoejzm7at4syhrvzgizrev/app.bsky.feed.post/3m675nyh5hs2c
petercbradbury.bsky.social,ainekeenan.bsky.social,at://did:plc:gjsoejzm7at4syhrvzgizrev/app.bsky.feed.post/3m675nyh5hs2c
bdoucette.bsky.social,ainekeenan.bsky.social,at://did:plc:gjsoejzm7at4syhrvzgizrev/app.bsky.feed.post/3m675nyh5hs2c
cathyby.bsky.social,elaineedwards.bsky.social,at://did:plc:aa5wpvxhuwxxznbdy4rsay2e/app.bsky.feed.post/3m66hqumpdk2y
caitrionas.bsky.social,elaineedwards.bsky.social,at://did:plc:aa5wpvxhuwxxznbdy4rsay2e/app.bsky.feed.post/3m66hla73i22y
imbibecoffee.bsky.social,imbibecoffee.bsky.social,at://did:plc:uoenkmbrkyfqvvbwxdjsean5/app.bsky.feed.post/3m66gheebqc2r
davegildedalm.bsky.social,imbibecoffee.bsky.social,at://did:plc:uoenkmbrkyfqvvbwxdjsean5/app.bsky.feed.post/3m66gheebqc2r
foggynotions.bsky.social,imbibecoffee.bsky.social,at://did:plc:uoenkmbrkyfqvvbwxdjsean5/app.bsky.feed.post/3m66gheebqc2r
gildedalm.com,imbibecoffee.bsky.social,at://did:plc:uoenkmbrkyfqvvbwxdjsean5/app.bsky.feed.post/3m66gheebqc2r
lorcantwomey.bsky.social,annumayor.bsky.social,at://did:plc:mcnbg6dqhfswy2wpufbkhnuu/app.bsky.feed.post/3m667jluk4k2n
louthforever.bsky.social,annumayor.bsky.social,at://did:plc:mcnbg6dqhfswy2wpufbkhnuu/app.bsky.feed.post/3m667jluk4k2n
bloodysundaytrust.bsky.social,annumayor.bsky.social,at://did:plc:mcnbg6dqhfswy2wpufbkhnuu/app.bsky.feed.post/3m667jluk4k2n
museumfreederry.bsky.social,annumayor.bsky.social,at://did:plc:mcnbg6dqhfswy2wpufbkhnuu/app.bsky.feed.post/3m667jluk4k2n
lynnok.bsky.social,greencollective.io,at://did:plc:sejfqtu7azw7zimeaqvwdl6o/app.bsky.feed.post/3m666vw62os2y
caitrionas.bsky.social,greencollective.io,at://did:plc:sejfqtu7azw7zimeaqvwdl6o/app.bsky.feed.post/3m666vw62os2y
eatyourflag.bsky.social,philipoconnor.bsky.social,at://did:plc:36hqooiwcmgr3vfc4ovmi2bd/app.bsky.feed.post/3m662uoucwk2h
saavikford.bsky.social,philipoconnor.bsky.social,at://did:plc:36hqooiwcmgr3vfc4ovmi2bd/app.bsky.feed.post/3m662uoucwk2h
denisebreen.bsky.social,philipoconnor.bsky.social,at://did:plc:36hqooiwcmgr3vfc4ovmi2bd/app.bsky.feed.post/3m662uoucwk2h
deckanb.bsky.social,philipoconnor.bsky.social,at://did:plc:36hqooiwcmgr3vfc4ovmi2bd/app.bsky.feed.post/3m662uoucwk2h
robruaryan.bsky.social,philipoconnor.bsky.social,at://did:plc:36hqooiwcmgr3vfc4ovmi2bd/app.bsky.feed.post/3m662uoucwk2h
billallen.bsky.social,philipoconnor.bsky.social,at://did:plc:36hqooiwcmgr3vfc4ovmi2bd/app.bsky.feed.post/3m662uoucwk2h
mikemcgb.bsky.social,philipoconnor.bsky.social,at://did:plc:36hqooiwcmgr3vfc4ovmi2bd/app.bsky.feed.post/3m662uoucwk2h
johnbarrington.bsky.social,philipoconnor.bsky.social,at://did:plc:36hqooiwcmgr3vfc4ovmi2bd/app.bsky.feed.post/3m662uoucwk2h
bobbafett.bsky.social,philipoconnor.bsky.social,at://did:plc:36hqooiwcmgr3vfc4ovmi2bd/app.bsky.feed.post/3m662uoucwk2h
irishlittimes.bsky.social,philipoconnor.bsky.social,at://did:plc:36hqooiwcmgr3vfc4ovmi2bd/app.bsky.feed.post/3m662uoucwk2h
caitrionas.bsky.social,philipoconnor.bsky.social,at://did:plc:36hqooiwcmgr3vfc4ovmi2bd/app.bsky.feed.post/3m662uoucwk2h
conorvoice.com,philipoconnor.bsky.social,at://did:plc:36hqooiwcmgr3vfc4ovmi2bd/app.bsky.feed.post/3m662uoucwk2h
alanlawlor.bsky.social,philipoconnor.bsky.social,at://did:plc:36hqooiwcmgr3vfc4ovmi2bd/app.bsky.feed.post/3m662uoucwk2h
hazelklarkin.bsky.social,philipoconnor.bsky.social,at://did:plc:36hqooiwcmgr3vfc4ovmi2bd/app.bsky.feed.post/3m662uoucwk2h
trinakc.bsky.social,philipoconnor.bsky.social,at://did:plc:36hqooiwcmgr3vfc4ovmi2bd/app.bsky.feed.post/3m662uoucwk2h
maureen46.bsky.social,philipoconnor.bsky.social,at://did:plc:36hqooiwcmgr3vfc4ovmi2bd/app.bsky.feed.post/3m662uoucwk2h
darylfeehely.com,philipoconnor.bsky.social,at://did:plc:36hqooiwcmgr3vfc4ovmi2bd/app.bsky.feed.post/3m662uoucwk2h
marcphisto.bsky.social,philipoconnor.bsky.social,at://did:plc:36hqooiwcmgr3vfc4ovmi2bd/app.bsky.feed.post/3m662uoucwk2h
stephencward.com,philipoconnor.bsky.social,at://did:plc:36hqooiwcmgr3vfc4ovmi2bd/app.bsky.feed.post/3m662uoucwk2h
tonygroves.bsky.social,philipoconnor.bsky.social,at://did:plc:36hqooiwcmgr3vfc4ovmi2bd/app.bsky.feed.post/3m662uoucwk2h
lynbw.bsky.social,philipoconnor.bsky.social,at://did:plc:36hqooiwcmgr3vfc4ovmi2bd/app.bsky.feed.post/3m662uoucwk2h
jk001-ie.bsky.social,philipoconnor.bsky.social,at://did:plc:36hqooiwcmgr3vfc4ovmi2bd/app.bsky.feed.post/3m662uoucwk2h
paultighe.bsky.social,philipoconnor.bsky.social,at://did:plc:36hqooiwcmgr3vfc4ovmi2bd/app.bsky.feed.post/3m662uoucwk2h
slated.ie,philipoconnor.bsky.social,at://did:plc:36hqooiwcmgr3vfc4ovmi2bd/app.bsky.feed.post/3m662uoucwk2h
debhulbh.bsky.social,philipoconnor.bsky.social,at://did:plc:36hqooiwcmgr3vfc4ovmi2bd/app.bsky.feed.post/3m662uoucwk2h
ciaraioch.bsky.social,philipoconnor.bsky.social,at://did:plc:36hqooiwcmgr3vfc4ovmi2bd/app.bsky.feed.post/3m662uoucwk2h
sharrow.bsky.social,lokideburca.bsky.social,at://did:plc:ro76qxmd6nel5b5p4262x5eq/app.bsky.feed.post/3m65xs4daqk2s
sharrow.bsky.social,lokideburca.bsky.social,at://did:plc:ro76qxmd6nel5b5p4262x5eq/app.bsky.feed.post/3m65xjblblk2s
caitrionas.bsky.social,lokideburca.bsky.social,at://did:plc:ro76qxmd6nel5b5p4262x5eq/app.bsky.feed.post/3m65xjblblk2s
ballerinax.bsky.social,lokideburca.bsky.social,at://did:plc:ro76qxmd6nel5b5p4262x5eq/app.bsky.feed.post/3m65xjblblk2s
merrua.bsky.social,sharrow.bsky.social,at://did:plc:uwji4l3wzsygaxduowluqmgr/app.bsky.feed.post/3m65wyhg5g22w
sharrow.bsky.social,oisinmcgann.bsky.social,at://did:plc:xwjlw3ygmqlbr5igkokbkzfn/app.bsky.feed.post/3m65wxfl37k2n
irishlittimes.bsky.social,oisinmcgann.bsky.social,at://did:plc:xwjlw3ygmqlbr5igkokbkzfn/app.bsky.feed.post/3m65wxfl37k2n
paulduane.bsky.social,oisinmcgann.bsky.social,at://did:plc:xwjlw3ygmqlbr5igkokbkzfn/app.bsky.feed.post/3m65wxfl37k2n
stephencward.com,oisinmcgann.bsky.social,at://did:plc:xwjlw3ygmqlbr5igkokbkzfn/app.bsky.feed.post/3m65wxfl37k2n
blacksmithpro.bsky.social,oisinmcgann.bsky.social,at://did:plc:xwjlw3ygmqlbr5igkokbkzfn/app.bsky.feed.post/3m65wxfl37k2n
stephencward.com,sharrow.bsky.social,at://did:plc:uwji4l3wzsygaxduowluqmgr/app.bsky.feed.post/3m65vnyphzs2x
ghostflaneur.bsky.social,sharrow.bsky.social,at://did:plc:uwji4l3wzsygaxduowluqmgr/app.bsky.feed.post/3m65vnyphzs2x
sarklor.bsky.social,sharrow.bsky.social,at://did:plc:uwji4l3wzsygaxduowluqmgr/app.bsky.feed.post/3m65unsfb5s2y
uilliammac.bsky.social,sharrow.bsky.social,at://did:plc:uwji4l3wzsygaxduowluqmgr/app.bsky.feed.post/3m65unsfb5s2y
desertcactus621.bsky.social,nowbreezing.ntw.app,at://did:plc:mcb6n67plnrlx4lg35natk2b/app.bsky.feed.post/3m65ufrzksx2e
uilliammac.bsky.social,cjamcmahon.bsky.social,at://did:plc:5lalgxnyfxas34qyb3u4dp4u/app.bsky.feed.post/3m65uei5oms2i
crredwards.bsky.social,cjamcmahon.bsky.social,at://did:plc:5lalgxnyfxas34qyb3u4dp4u/app.bsky.feed.post/3m65uei5oms2i
niamhjay.bsky.social,cjamcmahon.bsky.social,at://did:plc:5lalgxnyfxas34qyb3u4dp4u/app.bsky.feed.post/3m65uei5oms2i
atticuspeirgorm.bsky.social,cjamcmahon.bsky.social,at://did:plc:5lalgxnyfxas34qyb3u4dp4u/app.bsky.feed.post/3m65uei5oms2i
charlielynch.bsky.social,cjamcmahon.bsky.social,at://did:plc:5lalgxnyfxas34qyb3u4dp4u/app.bsky.feed.post/3m65uei5oms2i
louthforever.bsky.social,atticuspeirgorm.bsky.social,at://did:plc:e2vdb3yylfvzgvlo3fi5mrkf/app.bsky.feed.post/3m65suokyok26
padraigmcevoy.bsky.social,orla-hegarty.bsky.social,at://did:plc:aozsf6n4ii7kftvlsr2yvfhq/app.bsky.feed.post/3m65slkzfsk2h
geraldineishere.bsky.social,orla-hegarty.bsky.social,at://did:plc:aozsf6n4ii7kftvlsr2yvfhq/app.bsky.feed.post/3m65slkzfsk2h
maireadenright.bsky.social,orla-hegarty.bsky.social,at://did:plc:aozsf6n4ii7kftvlsr2yvfhq/app.bsky.feed.post/3m65slkzfsk2h
fplogue.bsky.social,orla-hegarty.bsky.social,at://did:plc:aozsf6n4ii7kftvlsr2yvfhq/app.bsky.feed.post/3m65slkzfsk2h
elainemcgoff.bsky.social,orla-hegarty.bsky.social,at://did:plc:aozsf6n4ii7kftvlsr2yvfhq/app.bsky.feed.post/3m65slkzfsk2h
donalorathaille.bsky.social,orla-hegarty.bsky.social,at://did:plc:aozsf6n4ii7kftvlsr2yvfhq/app.bsky.feed.post/3m65slkzfsk2h
kate-eviva.bsky.social,orla-hegarty.bsky.social,at://did:plc:aozsf6n4ii7kftvlsr2yvfhq/app.bsky.feed.post/3m65slkzfsk2h
mcwattly.bsky.social,orla-hegarty.bsky.social,at://did:plc:aozsf6n4ii7kftvlsr2yvfhq/app.bsky.feed.post/3m65slkzfsk2h
fionnbharr.bsky.social,orla-hegarty.bsky.social,at://did:plc:aozsf6n4ii7kftvlsr2yvfhq/app.bsky.feed.post/3m65slkzfsk2h
cityintersect.bsky.social,orla-hegarty.bsky.social,at://did:plc:aozsf6n4ii7kftvlsr2yvfhq/app.bsky.feed.post/3m65slkzfsk2h
orla-hegarty.bsky.social,orla-hegarty.bsky.social,at://did:plc:aozsf6n4ii7kftvlsr2yvfhq/app.bsky.feed.post/3m65slkzfsk2h
midearthling.bsky.social,orla-hegarty.bsky.social,at://did:plc:aozsf6n4ii7kftvlsr2yvfhq/app.bsky.feed.post/3m65slkzfsk2h
sgelliott.net,orla-hegarty.bsky.social,at://did:plc:aozsf6n4ii7kftvlsr2yvfhq/app.bsky.feed.post/3m65slkzfsk2h
alexpigotireland.bsky.social,orla-hegarty.bsky.social,at://did:plc:aozsf6n4ii7kftvlsr2yvfhq/app.bsky.feed.post/3m65slkzfsk2h
antisabotage.bsky.social,andyscollick.bsky.social,at://did:plc:jaghk4rwlrciav5aieckiiit/app.bsky.feed.post/3m65s6t2ixs26
monalisazelf.bsky.social,andyscollick.bsky.social,at://did:plc:jaghk4rwlrciav5aieckiiit/app.bsky.feed.post/3m65s6t2ixs26
flowerpot13.bsky.social,djwalker.bsky.social,at://did:plc:iecysrzsqba4uhev4v7r5py7/app.bsky.feed.post/3m65puki6mk26
pierpaolo.bsky.social,djwalker.bsky.social,at://did:plc:iecysrzsqba4uhev4v7r5py7/app.bsky.feed.post/3m65puki6mk26
breeze420.bsky.social,djwalker.bsky.social,at://did:plc:iecysrzsqba4uhev4v7r5py7/app.bsky.feed.post/3m65puki6mk26
barbarascully.bsky.social,fhayesmccoy.bsky.social,at://did:plc:wpvwcjuhrpr5tjnhy3vp24ly/app.bsky.feed.post/3m65k6boy7c2e
mofette.bsky.social,lisagrimm.com,at://did:plc:bjovrbtmnlckoh6vaalnqjzi/app.bsky.feed.post/3m65i2zq2wc2b
hazelklarkin.bsky.social,lisagrimm.com,at://did:plc:bjovrbtmnlckoh6vaalnqjzi/app.bsky.feed.post/3m65i2zq2wc2b
cerandor.com,lisagrimm.com,at://did:plc:bjovrbtmnlckoh6vaalnqjzi/app.bsky.feed.post/3m65i2zq2wc2b
nelsonrarebooks.com,lisagrimm.com,at://did:plc:bjovrbtmnlckoh6vaalnqjzi/app.bsky.feed.post/3m65i2zq2wc2b
brianmaxhouston.bsky.social,lisagrimm.com,at://did:plc:bjovrbtmnlckoh6vaalnqjzi/app.bsky.feed.post/3m65i2zq2wc2b
drink.irish,lisagrimm.com,at://did:plc:bjovrbtmnlckoh6vaalnqjzi/app.bsky.feed.post/3m65i2zq2wc2b
plaintanjane.bsky.social,limerick4inarow.bsky.social,at://did:plc:ofmkl4k2ybutv5b3xpmuq36h/app.bsky.feed.post/3m65gix75o22e
sharrow.bsky.social,lukedaly.bsky.social,at://did:plc:stnvk37xl6qf52drqeqieejf/app.bsky.feed.post/3m65evrgemc27
lukedaly.bsky.social,lukedaly.bsky.social,at://did:plc:stnvk37xl6qf52drqeqieejf/app.bsky.feed.post/3m65evrgemc27
miridescent.bsky.social,sellybeth.bsky.social,at://did:plc:rd67s5mrnrwg5bqhvzft2kgv/app.bsky.feed.post/3m65e3phutk24
eils1.bsky.social,drmarymcauliffe.bsky.social,at://did:plc:wzelpzmv2b3oudwhkcpr2s6n/app.bsky.feed.post/3m65djm3gvc2k
irishwol.bsky.social,drmarymcauliffe.bsky.social,at://did:plc:wzelpzmv2b3oudwhkcpr2s6n/app.bsky.feed.post/3m65djm3gvc2k
hawkwinglb.bsky.social,drmarymcauliffe.bsky.social,at://did:plc:wzelpzmv2b3oudwhkcpr2s6n/app.bsky.feed.post/3m65djm3gvc2k
kev85.bsky.social,uplift.ie,at://did:plc:p3ajfs5yqzh6anrao6r73nho/app.bsky.feed.post/3m65ckxssyk2d
greally.bsky.social,klillington.bsky.social,at://did:plc:xx7rewaiaajr2e2dg4l54bpy/app.bsky.feed.post/3m65a7sklls2m
paulduane.bsky.social,klillington.bsky.social,at://did:plc:xx7rewaiaajr2e2dg4l54bpy/app.bsky.feed.post/3m65a7sklls2m
fitzgeralddes.bsky.social,klillington.bsky.social,at://did:plc:xx7rewaiaajr2e2dg4l54bpy/app.bsky.feed.post/3m65a7sklls2m
mcwattly.bsky.social,klillington.bsky.social,at://did:plc:xx7rewaiaajr2e2dg4l54bpy/app.bsky.feed.post/3m65a7sklls2m
tonykavanagh.bsky.social,klillington.bsky.social,at://did:plc:xx7rewaiaajr2e2dg4l54bpy/app.bsky.feed.post/3m65a7sklls2m
nigelmonaghan-nh.bsky.social,klillington.bsky.social,at://did:plc:xx7rewaiaajr2e2dg4l54bpy/app.bsky.feed.post/3m65a7sklls2m
debhruin.bsky.social,nordaltsee.bsky.social,at://did:plc:fp3kfdvjyskh74nzp74bwcah/app.bsky.feed.post/3m6563zuffs2y
emmadragon.bsky.social,nordaltsee.bsky.social,at://did:plc:fp3kfdvjyskh74nzp74bwcah/app.bsky.feed.post/3m6563zuffs2y
werslabber.bsky.social,darylfeehely.com,at://did:plc:imdb5lnqdvuployv2wxfgdms/app.bsky.feed.post/3m655rg4nvk23
teagmhail.bsky.social,darylfeehely.com,at://did:plc:imdb5lnqdvuployv2wxfgdms/app.bsky.feed.post/3m655rg4nvk23
rflong.bsky.social,alimack13.bsky.social,at://did:plc:atvnvkmpkr3szyzr25bd63uh/app.bsky.feed.post/3m655ezsgts2f
davegildedalm.bsky.social,gildedalm.com,at://did:plc:b25fw5q6tr2faqdy52du276g/app.bsky.feed.post/3m653jnn2f226
gildedalm.com,gildedalm.com,at://did:plc:b25fw5q6tr2faqdy52du276g/app.bsky.feed.post/3m653jnn2f226
gardeningwell.ie,fhayesmccoy.bsky.social,at://did:plc:wpvwcjuhrpr5tjnhy3vp24ly/app.bsky.feed.post/3m64z7zvspk2x
tweetinggoddess.bsky.social,fhayesmccoy.bsky.social,at://did:plc:wpvwcjuhrpr5tjnhy3vp24ly/app.bsky.feed.post/3m64z7zvspk2x
rogerokeeffe.bsky.social,pnamblath.bsky.social,at://did:plc:rj54e4tn2c5l6kmuqotuahuv/app.bsky.feed.post/3m64yztlyck23
bullivant.bsky.social,pnamblath.bsky.social,at://did:plc:rj54e4tn2c5l6kmuqotuahuv/app.bsky.feed.post/3m64yztlyck23
tggleeson.bsky.social,lovelyhurling.bsky.social,at://did:plc:dhfmog4fmzbvhobbqrn4q2gg/app.bsky.feed.post/3m64wpuzegc2f
photohour.bsky.social,playingwithdust.bsky.social,at://did:plc:zol7j6fzk2vqf6yawnkkg6bi/app.bsky.feed.post/3m64w42zflc2r
robosullivan.bsky.social,orla-hegarty.bsky.social,at://did:plc:aozsf6n4ii7kftvlsr2yvfhq/app.bsky.feed.post/3m64w3q3n722i
emmadragon.bsky.social,orla-hegarty.bsky.social,at://did:plc:aozsf6n4ii7kftvlsr2yvfhq/app.bsky.feed.post/3m64w3q3n722i
helendublin.bsky.social,orla-hegarty.bsky.social,at://did:plc:aozsf6n4ii7kftvlsr2yvfhq/app.bsky.feed.post/3m64w3q3n722i
nameless-weevil.bsky.social,orla-hegarty.bsky.social,at://did:plc:aozsf6n4ii7kftvlsr2yvfhq/app.bsky.feed.post/3m64w3q3n722i
moniquedhooghe.bsky.social,orla-hegarty.bsky.social,at://did:plc:aozsf6n4ii7kftvlsr2yvfhq/app.bsky.feed.post/3m64w3q3n722i
fidaisyg.bsky.social,orla-hegarty.bsky.social,at://did:plc:aozsf6n4ii7kftvlsr2yvfhq/app.bsky.feed.post/3m64w3q3n722i
eslsys.bsky.social,orla-hegarty.bsky.social,at://did:plc:aozsf6n4ii7kftvlsr2yvfhq/app.bsky.feed.post/3m64w3q3n722i
carolconnolly.bsky.social,orla-hegarty.bsky.social,at://did:plc:aozsf6n4ii7kftvlsr2yvfhq/app.bsky.feed.post/3m64w3q3n722i
hugofitz.bsky.social,orla-hegarty.bsky.social,at://did:plc:aozsf6n4ii7kftvlsr2yvfhq/app.bsky.feed.post/3m64w3q3n722i
johnraftery.bsky.social,gylesnamopaleen.bsky.social,at://did:plc:wl6hu2taknxe2igvmaq53fwu/app.bsky.feed.post/3m64vlilub22a
libertiesbelle.bsky.social,gylesnamopaleen.bsky.social,at://did:plc:wl6hu2taknxe2igvmaq53fwu/app.bsky.feed.post/3m64vlilub22a
mickmca32.bsky.social,gylesnamopaleen.bsky.social,at://did:plc:wl6hu2taknxe2igvmaq53fwu/app.bsky.feed.post/3m64vlilub22a
ucdpress.bsky.social,drmarymcauliffe.bsky.social,at://did:plc:wzelpzmv2b3oudwhkcpr2s6n/app.bsky.feed.post/3m64s4jckrk2k
redwalker.bsky.social,drmarymcauliffe.bsky.social,at://did:plc:wzelpzmv2b3oudwhkcpr2s6n/app.bsky.feed.post/3m64s4jckrk2k
junec.bsky.social,drmarymcauliffe.bsky.social,at://did:plc:wzelpzmv2b3oudwhkcpr2s6n/app.bsky.feed.post/3m64s4jckrk2k
manofbeerd.bsky.social,drmarymcauliffe.bsky.social,at://did:plc:wzelpzmv2b3oudwhkcpr2s6n/app.bsky.feed.post/3m64s4jckrk2k
thriveabetes.bsky.social,drmarymcauliffe.bsky.social,at://did:plc:wzelpzmv2b3oudwhkcpr2s6n/app.bsky.feed.post/3m64s4jckrk2k
thewildgees.bsky.social,drmarymcauliffe.bsky.social,at://did:plc:wzelpzmv2b3oudwhkcpr2s6n/app.bsky.feed.post/3m64s4jckrk2k
owenoshea.bsky.social,drmarymcauliffe.bsky.social,at://did:plc:wzelpzmv2b3oudwhkcpr2s6n/app.bsky.feed.post/3m64s4jckrk2k
earley.bsky.social,drmarymcauliffe.bsky.social,at://did:plc:wzelpzmv2b3oudwhkcpr2s6n/app.bsky.feed.post/3m64s4jckrk2k
irishwol.bsky.social,drmarymcauliffe.bsky.social,at://did:plc:wzelpzmv2b3oudwhkcpr2s6n/app.bsky.feed.post/3m64s4jckrk2k
gra246.bsky.social,drmarymcauliffe.bsky.social,at://did:plc:wzelpzmv2b3oudwhkcpr2s6n/app.bsky.feed.post/3m64s4jckrk2k
orlaegan1.bsky.social,drmarymcauliffe.bsky.social,at://did:plc:wzelpzmv2b3oudwhkcpr2s6n/app.bsky.feed.post/3m64s4jckrk2k
writetodelight.bsky.social,drmarymcauliffe.bsky.social,at://did:plc:wzelpzmv2b3oudwhkcpr2s6n/app.bsky.feed.post/3m64s4jckrk2k
emilycross.bsky.social,drmarymcauliffe.bsky.social,at://did:plc:wzelpzmv2b3oudwhkcpr2s6n/app.bsky.feed.post/3m64s4jckrk2k
aminasamee.bsky.social,drmarymcauliffe.bsky.social,at://did:plc:wzelpzmv2b3oudwhkcpr2s6n/app.bsky.feed.post/3m64s4jckrk2k
clairemullaly.bsky.social,drmarymcauliffe.bsky.social,at://did:plc:wzelpzmv2b3oudwhkcpr2s6n/app.bsky.feed.post/3m64s4jckrk2k
clareogw.bsky.social,drmarymcauliffe.bsky.social,at://did:plc:wzelpzmv2b3oudwhkcpr2s6n/app.bsky.feed.post/3m64s4jckrk2k
lindadoran.bsky.social,drmarymcauliffe.bsky.social,at://did:plc:wzelpzmv2b3oudwhkcpr2s6n/app.bsky.feed.post/3m64s4jckrk2k
gnielsenart.com,eoghan.bsky.social,at://did:plc:aiehoh3c2rdg2uowosdenjbz/app.bsky.feed.post/3m64rb6k2z227
declander.bsky.social,eoghan.bsky.social,at://did:plc:aiehoh3c2rdg2uowosdenjbz/app.bsky.feed.post/3m64rb6k2z227
sellybeth.bsky.social,eoghan.bsky.social,at://did:plc:aiehoh3c2rdg2uowosdenjbz/app.bsky.feed.post/3m64rb6k2z227
lamhfada.bsky.social,eoghan.bsky.social,at://did:plc:aiehoh3c2rdg2uowosdenjbz/app.bsky.feed.post/3m64rb6k2z227
rothaiocht.bsky.social,eoghan.bsky.social,at://did:plc:aiehoh3c2rdg2uowosdenjbz/app.bsky.feed.post/3m64rb6k2z227
keithadams.bsky.social,eoghan.bsky.social,at://did:plc:aiehoh3c2rdg2uowosdenjbz/app.bsky.feed.post/3m64rb6k2z227
siobhanmcelduff.bsky.social,eoghan.bsky.social,at://did:plc:aiehoh3c2rdg2uowosdenjbz/app.bsky.feed.post/3m64rb6k2z227
ernekid.bsky.social,eoghan.bsky.social,at://did:plc:aiehoh3c2rdg2uowosdenjbz/app.bsky.feed.post/3m64rb6k2z227
evegoldenwoods.bsky.social,eoghan.bsky.social,at://did:plc:aiehoh3c2rdg2uowosdenjbz/app.bsky.feed.post/3m64rb6k2z227
kevinhargaden.bsky.social,eoghan.bsky.social,at://did:plc:aiehoh3c2rdg2uowosdenjbz/app.bsky.feed.post/3m64rb6k2z227
drmcarley.bsky.social,eoghan.bsky.social,at://did:plc:aiehoh3c2rdg2uowosdenjbz/app.bsky.feed.post/3m64rb6k2z227
sharrow.bsky.social,rdisc0mb0bulate.bsky.social,at://did:plc:v6y63c54iecyzlxp3vrxvwv2/app.bsky.feed.post/3m64nngyqas24
utsiktens.bsky.social,ainekeenan.bsky.social,at://did:plc:gjsoejzm7at4syhrvzgizrev/app.bsky.feed.post/3m64kegbx4c25
photoblair.bsky.social,ainekeenan.bsky.social,at://did:plc:gjsoejzm7at4syhrvzgizrev/app.bsky.feed.post/3m64kegbx4c25
tashabovain.bsky.social,ainekeenan.bsky.social,at://did:plc:gjsoejzm7at4syhrvzgizrev/app.bsky.feed.post/3m64kegbx4c25
phantasm26.bsky.social,ainekeenan.bsky.social,at://did:plc:gjsoejzm7at4syhrvzgizrev/app.bsky.feed.post/3m64kegbx4c25
hyperionpsn.bsky.social,ainekeenan.bsky.social,at://did:plc:gjsoejzm7at4syhrvzgizrev/app.bsky.feed.post/3m64kegbx4c25
saraflacci.bsky.social,ainekeenan.bsky.social,at://did:plc:gjsoejzm7at4syhrvzgizrev/app.bsky.feed.post/3m64kegbx4c25
mikybartoli.bsky.social,ainekeenan.bsky.social,at://did:plc:gjsoejzm7at4syhrvzgizrev/app.bsky.feed.post/3m64kegbx4c25
pierpaolo.bsky.social,ainekeenan.bsky.social,at://did:plc:gjsoejzm7at4syhrvzgizrev/app.bsky.feed.post/3m64kegbx4c25
albert-ibars.bsky.social,ainekeenan.bsky.social,at://did:plc:gjsoejzm7at4syhrvzgizrev/app.bsky.feed.post/3m64kegbx4c25
sdcushing.bsky.social,ainekeenan.bsky.social,at://did:plc:gjsoejzm7at4syhrvzgizrev/app.bsky.feed.post/3m64kegbx4c25
melysue.bsky.social,ainekeenan.bsky.social,at://did:plc:gjsoejzm7at4syhrvzgizrev/app.bsky.feed.post/3m64kegbx4c25
paradox789.bsky.social,ainekeenan.bsky.social,at://did:plc:gjsoejzm7at4syhrvzgizrev/app.bsky.feed.post/3m64kegbx4c25
thebluemango.in,ainekeenan.bsky.social,at://did:plc:gjsoejzm7at4syhrvzgizrev/app.bsky.feed.post/3m64kegbx4c25
jameshut.bsky.social,ainekeenan.bsky.social,at://did:plc:gjsoejzm7at4syhrvzgizrev/app.bsky.feed.post/3m64kegbx4c25
breeze420.bsky.social,ainekeenan.bsky.social,at://did:plc:gjsoejzm7at4syhrvzgizrev/app.bsky.feed.post/3m64kegbx4c25
samhanna1791.bsky.social,ainekeenan.bsky.social,at://did:plc:gjsoejzm7at4syhrvzgizrev/app.bsky.feed.post/3m64kegbx4c25
beneteau31.bsky.social,ainekeenan.bsky.social,at://did:plc:gjsoejzm7at4syhrvzgizrev/app.bsky.feed.post/3m64kegbx4c25
loveaspurpose.bsky.social,ainekeenan.bsky.social,at://did:plc:gjsoejzm7at4syhrvzgizrev/app.bsky.feed.post/3m64kegbx4c25
potetan87.bsky.social,ainekeenan.bsky.social,at://did:plc:gjsoejzm7at4syhrvzgizrev/app.bsky.feed.post/3m64kegbx4c25
marietteg.bsky.social,ainekeenan.bsky.social,at://did:plc:gjsoejzm7at4syhrvzgizrev/app.bsky.feed.post/3m64kegbx4c25
pennanbrae.bsky.social,ainekeenan.bsky.social,at://did:plc:gjsoejzm7at4syhrvzgizrev/app.bsky.feed.post/3m64kegbx4c25
pathwaymoments.bsky.social,ainekeenan.bsky.social,at://did:plc:gjsoejzm7at4syhrvzgizrev/app.bsky.feed.post/3m64kegbx4c25
pelzerb.bsky.social,ainekeenan.bsky.social,at://did:plc:gjsoejzm7at4syhrvzgizrev/app.bsky.feed.post/3m64kegbx4c25
jaycee-visionlogic.bsky.social,ainekeenan.bsky.social,at://did:plc:gjsoejzm7at4syhrvzgizrev/app.bsky.feed.post/3m64kegbx4c25
lyphshro.bsky.social,ainekeenan.bsky.social,at://did:plc:gjsoejzm7at4syhrvzgizrev/app.bsky.feed.post/3m64kegbx4c25
paulwelsh89.bsky.social,ainekeenan.bsky.social,at://did:plc:gjsoejzm7at4syhrvzgizrev/app.bsky.feed.post/3m64kegbx4c25
slowdriver25.bsky.social,ainekeenan.bsky.social,at://did:plc:gjsoejzm7at4syhrvzgizrev/app.bsky.feed.post/3m64kegbx4c25
skriley.bsky.social,ainekeenan.bsky.social,at://did:plc:gjsoejzm7at4syhrvzgizrev/app.bsky.feed.post/3m64kegbx4c25
petercbradbury.bsky.social,ainekeenan.bsky.social,at://did:plc:gjsoejzm7at4syhrvzgizrev/app.bsky.feed.post/3m64kegbx4c25
bdoucette.bsky.social,ainekeenan.bsky.social,at://did:plc:gjsoejzm7at4syhrvzgizrev/app.bsky.feed.post/3m64kegbx4c25
ajdaugaard.bsky.social,ainekeenan.bsky.social,at://did:plc:gjsoejzm7at4syhrvzgizrev/app.bsky.feed.post/3m64kegbx4c25
bearysweet.bsky.social,ainekeenan.bsky.social,at://did:plc:gjsoejzm7at4syhrvzgizrev/app.bsky.feed.post/3m64kegbx4c25
janephuong.bsky.social,ainekeenan.bsky.social,at://did:plc:gjsoejzm7at4syhrvzgizrev/app.bsky.feed.post/3m64kegbx4c25
wendybohtkhamsin.bsky.social,ainekeenan.bsky.social,at://did:plc:gjsoejzm7at4syhrvzgizrev/app.bsky.feed.post/3m64kegbx4c25
flowerpot13.bsky.social,djwalker.bsky.social,at://did:plc:iecysrzsqba4uhev4v7r5py7/app.bsky.feed.post/3m63tb7cfzs2p
dawphin.bsky.social,djwalker.bsky.social,at://did:plc:iecysrzsqba4uhev4v7r5py7/app.bsky.feed.post/3m63tb7cfzs2p
hyperionpsn.bsky.social,djwalker.bsky.social,at://did:plc:iecysrzsqba4uhev4v7r5py7/app.bsky.feed.post/3m63tb7cfzs2p
sharrow.bsky.social,djwalker.bsky.social,at://did:plc:iecysrzsqba4uhev4v7r5py7/app.bsky.feed.post/3m63tb7cfzs2p
pierpaolo.bsky.social,djwalker.bsky.social,at://did:plc:iecysrzsqba4uhev4v7r5py7/app.bsky.feed.post/3m63tb7cfzs2p
albert-ibars.bsky.social,djwalker.bsky.social,at://did:plc:iecysrzsqba4uhev4v7r5py7/app.bsky.feed.post/3m63tb7cfzs2p
breeze420.bsky.social,djwalker.bsky.social,at://did:plc:iecysrzsqba4uhev4v7r5py7/app.bsky.feed.post/3m63tb7cfzs2p
acefromouterspace.bsky.social,djwalker.bsky.social,at://did:plc:iecysrzsqba4uhev4v7r5py7/app.bsky.feed.post/3m63tb7cfzs2p
photohour.bsky.social,djwalker.bsky.social,at://did:plc:iecysrzsqba4uhev4v7r5py7/app.bsky.feed.post/3m63tb7cfzs2p
hawkwinglb.bsky.social,sharrow.bsky.social,at://did:plc:uwji4l3wzsygaxduowluqmgr/app.bsky.feed.post/3m63o4jlarc2t
siobhanmcelduff.bsky.social,slated.ie,at://did:plc:7czbhyt6vmlibzjk2md3ds36/app.bsky.feed.post/3m63l7ig2j22q
heleneblanchard.bsky.social,rdisc0mb0bulate.bsky.social,at://did:plc:v6y63c54iecyzlxp3vrxvwv2/app.bsky.feed.post/3m63envxp6s2j
tommythepirate.bsky.social,rdisc0mb0bulate.bsky.social,at://did:plc:v6y63c54iecyzlxp3vrxvwv2/app.bsky.feed.post/3m63envxp6s2j
nonlinearbotanist.bsky.social,rdisc0mb0bulate.bsky.social,at://did:plc:v6y63c54iecyzlxp3vrxvwv2/app.bsky.feed.post/3m63envxp6s2j
tardley.bsky.social,rdisc0mb0bulate.bsky.social,at://did:plc:v6y63c54iecyzlxp3vrxvwv2/app.bsky.feed.post/3m63envxp6s2j
staceylscott.bsky.social,rdisc0mb0bulate.bsky.social,at://did:plc:v6y63c54iecyzlxp3vrxvwv2/app.bsky.feed.post/3m63envxp6s2j
carolinablueskies.bsky.social,rdisc0mb0bulate.bsky.social,at://did:plc:v6y63c54iecyzlxp3vrxvwv2/app.bsky.feed.post/3m63envxp6s2j
spilledbeanss.bsky.social,rdisc0mb0bulate.bsky.social,at://did:plc:v6y63c54iecyzlxp3vrxvwv2/app.bsky.feed.post/3m63envxp6s2j
mdclifford.bsky.social,rdisc0mb0bulate.bsky.social,at://did:plc:v6y63c54iecyzlxp3vrxvwv2/app.bsky.feed.post/3m63envxp6s2j
freshwaterdeity.bsky.social,rdisc0mb0bulate.bsky.social,at://did:plc:v6y63c54iecyzlxp3vrxvwv2/app.bsky.feed.post/3m63envxp6s2j
gabrielstravels.bsky.social,rdisc0mb0bulate.bsky.social,at://did:plc:v6y63c54iecyzlxp3vrxvwv2/app.bsky.feed.post/3m63envxp6s2j
kj2025.bsky.social,rdisc0mb0bulate.bsky.social,at://did:plc:v6y63c54iecyzlxp3vrxvwv2/app.bsky.feed.post/3m63envxp6s2j
sunshineevh59.bsky.social,rdisc0mb0bulate.bsky.social,at://did:plc:v6y63c54iecyzlxp3vrxvwv2/app.bsky.feed.post/3m63envxp6s2j
norulebysecrecy.bsky.social,rdisc0mb0bulate.bsky.social,at://did:plc:v6y63c54iecyzlxp3vrxvwv2/app.bsky.feed.post/3m63envxp6s2j
laury24.bsky.social,rdisc0mb0bulate.bsky.social,at://did:plc:v6y63c54iecyzlxp3vrxvwv2/app.bsky.feed.post/3m63envxp6s2j
elyagtreip.bsky.social,rdisc0mb0bulate.bsky.social,at://did:plc:v6y63c54iecyzlxp3vrxvwv2/app.bsky.feed.post/3m63envxp6s2j
lokideburca.bsky.social,uplift.ie,at://did:plc:p3ajfs5yqzh6anrao6r73nho/app.bsky.feed.post/3m63a7rqs5c2d
crredwards.bsky.social,uplift.ie,at://did:plc:p3ajfs5yqzh6anrao6r73nho/app.bsky.feed.post/3m63a7rqs5c2d
siobhanmcelduff.bsky.social,uplift.ie,at://did:plc:p3ajfs5yqzh6anrao6r73nho/app.bsky.feed.post/3m63a7rqs5c2d
elacatstan.bsky.social,caroleducky.bsky.social,at://did:plc:wk4vbtn77njhk4mlohgewj2m/app.bsky.feed.post/3m637xcn52c2i
eils1.bsky.social,caroleducky.bsky.social,at://did:plc:wk4vbtn77njhk4mlohgewj2m/app.bsky.feed.post/3m637xcn52c2i
emmadragon.bsky.social,mmdc.bsky.social,at://did:plc:6dnpwemduovd6rzfburfqbrt/app.bsky.feed.post/3m636ugqr3c2y
come-oon-man.bsky.social,mmdc.bsky.social,at://did:plc:6dnpwemduovd6rzfburfqbrt/app.bsky.feed.post/3m636ugqr3c2y
uilliammac.bsky.social,rebelalliance77.bsky.social,at://did:plc:bzjctancupmf6cbk3eazuenz/app.bsky.feed.post/3m636jddwg22c
hazelklarkin.bsky.social,rebelalliance77.bsky.social,at://did:plc:bzjctancupmf6cbk3eazuenz/app.bsky.feed.post/3m636jddwg22c
siobhanmcelduff.bsky.social,rebelalliance77.bsky.social,at://did:plc:bzjctancupmf6cbk3eazuenz/app.bsky.feed.post/3m636jddwg22c
erikamcgann.bsky.social,oisinmcgann.bsky.social,at://did:plc:xwjlw3ygmqlbr5igkokbkzfn/app.bsky.feed.post/3m62zpljg4k24
marekmcgann.bsky.social,oisinmcgann.bsky.social,at://did:plc:xwjlw3ygmqlbr5igkokbkzfn/app.bsky.feed.post/3m62zpljg4k24
oisinmcgann.bsky.social,oisinmcgann.bsky.social,at://did:plc:xwjlw3ygmqlbr5igkokbkzfn/app.bsky.feed.post/3m62zpljg4k24
ickletayto.bsky.social,oisinmcgann.bsky.social,at://did:plc:xwjlw3ygmqlbr5igkokbkzfn/app.bsky.feed.post/3m62zpljg4k24
alfiegallagher.bsky.social,oisinmcgann.bsky.social,at://did:plc:xwjlw3ygmqlbr5igkokbkzfn/app.bsky.feed.post/3m62zpljg4k24
antiqueight.bsky.social,oisinmcgann.bsky.social,at://did:plc:xwjlw3ygmqlbr5igkokbkzfn/app.bsky.feed.post/3m62zpljg4k24
marguerites.bsky.social,oisinmcgann.bsky.social,at://did:plc:xwjlw3ygmqlbr5igkokbkzfn/app.bsky.feed.post/3m62zpljg4k24
julietemckenna.bsky.social,oisinmcgann.bsky.social,at://did:plc:xwjlw3ygmqlbr5igkokbkzfn/app.bsky.feed.post/3m62zpljg4k24
stephencward.com,oisinmcgann.bsky.social,at://did:plc:xwjlw3ygmqlbr5igkokbkzfn/app.bsky.feed.post/3m62zpljg4k24
irishwriterscentre.bsky.social,oisinmcgann.bsky.social,at://did:plc:xwjlw3ygmqlbr5igkokbkzfn/app.bsky.feed.post/3m62zpljg4k24
orchardvillian.bsky.social,oisinmcgann.bsky.social,at://did:plc:xwjlw3ygmqlbr5igkokbkzfn/app.bsky.feed.post/3m62zpljg4k24
westwaterfordag.bsky.social,oisinmcgann.bsky.social,at://did:plc:xwjlw3ygmqlbr5igkokbkzfn/app.bsky.feed.post/3m62zpljg4k24
rebelalliance77.bsky.social,oisinmcgann.bsky.social,at://did:plc:xwjlw3ygmqlbr5igkokbkzfn/app.bsky.feed.post/3m62zpljg4k24
carolconnolly.bsky.social,oisinmcgann.bsky.social,at://did:plc:xwjlw3ygmqlbr5igkokbkzfn/app.bsky.feed.post/3m62zpljg4k24
zealerous.bsky.social,oisinmcgann.bsky.social,at://did:plc:xwjlw3ygmqlbr5igkokbkzfn/app.bsky.feed.post/3m62zpljg4k24
ajorgensen.bsky.social,niamhkirk.bsky.social,at://did:plc:sgl2l2zhx3eoiv24zzhphpn6/app.bsky.feed.post/3m62wdnbxe22q
atticuspeirgorm.bsky.social,pnamblath.bsky.social,at://did:plc:rj54e4tn2c5l6kmuqotuahuv/app.bsky.feed.post/3m62uwrf5zk2m
jk001-ie.bsky.social,pnamblath.bsky.social,at://did:plc:rj54e4tn2c5l6kmuqotuahuv/app.bsky.feed.post/3m62uwrf5zk2m
rdisc0mb0bulate.bsky.social,cephilis.bsky.social,at://did:plc:6ofsjvfrnsdfvq2bwhdpydbw/app.bsky.feed.post/3m62u7nwtos2g
elacatstan.bsky.social,cephilis.bsky.social,at://did:plc:6ofsjvfrnsdfvq2bwhdpydbw/app.bsky.feed.post/3m62u7nwtos2g
pompompastel.bsky.social,cephilis.bsky.social,at://did:plc:6ofsjvfrnsdfvq2bwhdpydbw/app.bsky.feed.post/3m62u7nwtos2g
conormolloy.bsky.social,dfertl.bsky.social,at://did:plc:qi3uhneb2cz77ibwnzailb22/app.bsky.feed.post/3m62swoj5ds2u
lokideburca.bsky.social,robosullivan.bsky.social,at://did:plc:siclj5jstt2xodsn7epgnqld/app.bsky.feed.post/3m62q4br2n22i
queen-crafty.bsky.social,rogerokeeffe.bsky.social,at://did:plc:56aoxjem4pjvtqsscuhq223t/app.bsky.feed.post/3m62pkmdiik2w
billcorbett.bsky.social,irishplacenames.bsky.social,at://did:plc:hhfwpteeefymb5m324x3rsui/app.bsky.feed.post/3m62o5eigqk2h
amflynn.bsky.social,irishplacenames.bsky.social,at://did:plc:hhfwpteeefymb5m324x3rsui/app.bsky.feed.post/3m62o5eigqk2h
theomegageek.bsky.social,irishplacenames.bsky.social,at://did:plc:hhfwpteeefymb5m324x3rsui/app.bsky.feed.post/3m62o5eigqk2h
cascaolas.bsky.social,irishplacenames.bsky.social,at://did:plc:hhfwpteeefymb5m324x3rsui/app.bsky.feed.post/3m62o5eigqk2h
elacatstan.bsky.social,irishplacenames.bsky.social,at://did:plc:hhfwpteeefymb5m324x3rsui/app.bsky.feed.post/3m62o5eigqk2h
darkxaur.bsky.social,irishplacenames.bsky.social,at://did:plc:hhfwpteeefymb5m324x3rsui/app.bsky.feed.post/3m62o5eigqk2h
scratchbomb.bsky.social,irishplacenames.bsky.social,at://did:plc:hhfwpteeefymb5m324x3rsui/app.bsky.feed.post/3m62o5eigqk2h
actualnames.bsky.social,irishplacenames.bsky.social,at://did:plc:hhfwpteeefymb5m324x3rsui/app.bsky.feed.post/3m62o5eigqk2h
semiapies.bsky.social,irishplacenames.bsky.social,at://did:plc:hhfwpteeefymb5m324x3rsui/app.bsky.feed.post/3m62o5eigqk2h
caitrionas.bsky.social,irishplacenames.bsky.social,at://did:plc:hhfwpteeefymb5m324x3rsui/app.bsky.feed.post/3m62o5eigqk2h
trav333.bsky.social,irishplacenames.bsky.social,at://did:plc:hhfwpteeefymb5m324x3rsui/app.bsky.feed.post/3m62o5eigqk2h
msnap.bsky.social,irishplacenames.bsky.social,at://did:plc:hhfwpteeefymb5m324x3rsui/app.bsky.feed.post/3m62o5eigqk2h
hollia.bsky.social,irishplacenames.bsky.social,at://did:plc:hhfwpteeefymb5m324x3rsui/app.bsky.feed.post/3m62o5eigqk2h
bassjunkiiiie.bsky.social,irishplacenames.bsky.social,at://did:plc:hhfwpteeefymb5m324x3rsui/app.bsky.feed.post/3m62o5eigqk2h
roisin.gobirds.online,irishplacenames.bsky.social,at://did:plc:hhfwpteeefymb5m324x3rsui/app.bsky.feed.post/3m62o5eigqk2h
happybunny.bsky.social,irishplacenames.bsky.social,at://did:plc:hhfwpteeefymb5m324x3rsui/app.bsky.feed.post/3m62o5eigqk2h
elphaba.bsky.social,irishplacenames.bsky.social,at://did:plc:hhfwpteeefymb5m324x3rsui/app.bsky.feed.post/3m62o5eigqk2h
joannatheiss.com,irishplacenames.bsky.social,at://did:plc:hhfwpteeefymb5m324x3rsui/app.bsky.feed.post/3m62o5eigqk2h
serisothikos.bsky.social,irishplacenames.bsky.social,at://did:plc:hhfwpteeefymb5m324x3rsui/app.bsky.feed.post/3m62o5eigqk2h
reginasrand.bsky.social,irishplacenames.bsky.social,at://did:plc:hhfwpteeefymb5m324x3rsui/app.bsky.feed.post/3m62o5eigqk2h
caitrionas.bsky.social,robosullivan.bsky.social,at://did:plc:siclj5jstt2xodsn7epgnqld/app.bsky.feed.post/3m62nitpsjc2i
jamreads.com,rflong.bsky.social,at://did:plc:uxplcqjq4hnmqjsljnq4lv5x/app.bsky.feed.post/3m62lbivzqk2d
nemone7.bsky.social,rflong.bsky.social,at://did:plc:uxplcqjq4hnmqjsljnq4lv5x/app.bsky.feed.post/3m62lbivzqk2d
alimack13.bsky.social,rflong.bsky.social,at://did:plc:uxplcqjq4hnmqjsljnq4lv5x/app.bsky.feed.post/3m62lbivzqk2d
hawkwinglb.bsky.social,rflong.bsky.social,at://did:plc:uxplcqjq4hnmqjsljnq4lv5x/app.bsky.feed.post/3m62lbivzqk2d
diggles.bsky.social,sharrow.bsky.social,at://did:plc:uwji4l3wzsygaxduowluqmgr/app.bsky.feed.post/3m62kzzmrjc26
morselya.bsky.social,sharrow.bsky.social,at://did:plc:uwji4l3wzsygaxduowluqmgr/app.bsky.feed.post/3m62kzzmrjc26
claireissimo.bsky.social,sharrow.bsky.social,at://did:plc:uwji4l3wzsygaxduowluqmgr/app.bsky.feed.post/3m62kzzmrjc26
lokideburca.bsky.social,drmarymcauliffe.bsky.social,at://did:plc:wzelpzmv2b3oudwhkcpr2s6n/app.bsky.feed.post/3m62htju27k2w
glider.bsky.social,drmarymcauliffe.bsky.social,at://did:plc:wzelpzmv2b3oudwhkcpr2s6n/app.bsky.feed.post/3m62htju27k2w
kernow.bsky.social,drmarymcauliffe.bsky.social,at://did:plc:wzelpzmv2b3oudwhkcpr2s6n/app.bsky.feed.post/3m62htju27k2w
hazelklarkin.bsky.social,drmarymcauliffe.bsky.social,at://did:plc:wzelpzmv2b3oudwhkcpr2s6n/app.bsky.feed.post/3m62htju27k2w
gra246.bsky.social,drmarymcauliffe.bsky.social,at://did:plc:wzelpzmv2b3oudwhkcpr2s6n/app.bsky.feed.post/3m62htju27k2w
stephencward.com,drmarymcauliffe.bsky.social,at://did:plc:wzelpzmv2b3oudwhkcpr2s6n/app.bsky.feed.post/3m62htju27k2w
eslsys.bsky.social,drmarymcauliffe.bsky.social,at://did:plc:wzelpzmv2b3oudwhkcpr2s6n/app.bsky.feed.post/3m62htju27k2w
profingrid.bsky.social,drmarymcauliffe.bsky.social,at://did:plc:wzelpzmv2b3oudwhkcpr2s6n/app.bsky.feed.post/3m62htju27k2w
capallfada.bsky.social,drmarymcauliffe.bsky.social,at://did:plc:wzelpzmv2b3oudwhkcpr2s6n/app.bsky.feed.post/3m62htju27k2w
cathyby.bsky.social,judesherry.bsky.social,at://did:plc:tjj7toux5q6m2v7x2unyhznh/app.bsky.feed.post/3m62h5jqy322m
robosullivan.bsky.social,judesherry.bsky.social,at://did:plc:tjj7toux5q6m2v7x2unyhznh/app.bsky.feed.post/3m62h5jqy322m
lokideburca.bsky.social,judesherry.bsky.social,at://did:plc:tjj7toux5q6m2v7x2unyhznh/app.bsky.feed.post/3m62h5jqy322m
irishbeefcakes.bsky.social,judesherry.bsky.social,at://did:plc:tjj7toux5q6m2v7x2unyhznh/app.bsky.feed.post/3m62h5jqy322m
claireissimo.bsky.social,judesherry.bsky.social,at://did:plc:tjj7toux5q6m2v7x2unyhznh/app.bsky.feed.post/3m62h5jqy322m
oceanclub.bsky.social,judesherry.bsky.social,at://did:plc:tjj7toux5q6m2v7x2unyhznh/app.bsky.feed.post/3m62h5jqy322m
frankoconnor.bsky.social,judesherry.bsky.social,at://did:plc:tjj7toux5q6m2v7x2unyhznh/app.bsky.feed.post/3m62h5jqy322m
eslsys.bsky.social,judesherry.bsky.social,at://did:plc:tjj7toux5q6m2v7x2unyhznh/app.bsky.feed.post/3m62h5jqy322m
elaineactivism.bsky.social,judesherry.bsky.social,at://did:plc:tjj7toux5q6m2v7x2unyhznh/app.bsky.feed.post/3m62h5jqy322m
neverlost.bsky.social,judesherry.bsky.social,at://did:plc:tjj7toux5q6m2v7x2unyhznh/app.bsky.feed.post/3m62h5jqy322m
stitchlily.bsky.social,judesherry.bsky.social,at://did:plc:tjj7toux5q6m2v7x2unyhznh/app.bsky.feed.post/3m62h5jqy322m
eibhear.gibiris.org,judesherry.bsky.social,at://did:plc:tjj7toux5q6m2v7x2unyhznh/app.bsky.feed.post/3m62h5jqy322m
amflynn.bsky.social,eslsys.bsky.social,at://did:plc:dnvpi77gppcosuglhn7nngk3/app.bsky.feed.post/3m62fjw452k22
helendublin.bsky.social,eslsys.bsky.social,at://did:plc:dnvpi77gppcosuglhn7nngk3/app.bsky.feed.post/3m62fjw452k22
mousketeer.bsky.social,eslsys.bsky.social,at://did:plc:dnvpi77gppcosuglhn7nngk3/app.bsky.feed.post/3m62fjw452k22
darylfeehely.com,eslsys.bsky.social,at://did:plc:dnvpi77gppcosuglhn7nngk3/app.bsky.feed.post/3m62fjw452k22
atticuspeirgorm.bsky.social,eslsys.bsky.social,at://did:plc:dnvpi77gppcosuglhn7nngk3/app.bsky.feed.post/3m62fjw452k22
nigellicus.bsky.social,eslsys.bsky.social,at://did:plc:dnvpi77gppcosuglhn7nngk3/app.bsky.feed.post/3m62fjw452k22
taesaveslives.bsky.social,libertiesbelle.bsky.social,at://did:plc:ld2vd37jefwcaw6dmx6raaqt/app.bsky.feed.post/3m62eq67i4c2y
mickb290.bsky.social,libertiesbelle.bsky.social,at://did:plc:ld2vd37jefwcaw6dmx6raaqt/app.bsky.feed.post/3m62eq67i4c2y
drandrewboswell.bsky.social,darylfeehely.com,at://did:plc:imdb5lnqdvuployv2wxfgdms/app.bsky.feed.post/3m62ecgyzwc2n
byhedge.bsky.social,darylfeehely.com,at://did:plc:imdb5lnqdvuployv2wxfgdms/app.bsky.feed.post/3m62ecgyzwc2n
louisekrennmair.bsky.social,lisagrimm.com,at://did:plc:bjovrbtmnlckoh6vaalnqjzi/app.bsky.feed.post/3m626ys47lk2k
utsiktens.bsky.social,ainekeenan.bsky.social,at://did:plc:gjsoejzm7at4syhrvzgizrev/app.bsky.feed.post/3m5zsnkc4ck2o
photoblair.bsky.social,ainekeenan.bsky.social,at://did:plc:gjsoejzm7at4syhrvzgizrev/app.bsky.feed.post/3m5zsnkc4ck2o
patcoleman.bsky.social,ainekeenan.bsky.social,at://did:plc:gjsoejzm7at4syhrvzgizrev/app.bsky.feed.post/3m5zsnkc4ck2o
wperiodbperiod.bsky.social,ainekeenan.bsky.social,at://did:plc:gjsoejzm7at4syhrvzgizrev/app.bsky.feed.post/3m5zsnkc4ck2o
pierpaolo.bsky.social,ainekeenan.bsky.social,at://did:plc:gjsoejzm7at4syhrvzgizrev/app.bsky.feed.post/3m5zsnkc4ck2o
lcodonnell.bsky.social,ainekeenan.bsky.social,at://did:plc:gjsoejzm7at4syhrvzgizrev/app.bsky.feed.post/3m5zsnkc4ck2o
melysue.bsky.social,ainekeenan.bsky.social,at://did:plc:gjsoejzm7at4syhrvzgizrev/app.bsky.feed.post/3m5zsnkc4ck2o
breeze420.bsky.social,ainekeenan.bsky.social,at://did:plc:gjsoejzm7at4syhrvzgizrev/app.bsky.feed.post/3m5zsnkc4ck2o
gulliver77.bsky.social,ainekeenan.bsky.social,at://did:plc:gjsoejzm7at4syhrvzgizrev/app.bsky.feed.post/3m5zsnkc4ck2o
mindheartinsoul.bsky.social,ainekeenan.bsky.social,at://did:plc:gjsoejzm7at4syhrvzgizrev/app.bsky.feed.post/3m5zsnkc4ck2o
pelzerb.bsky.social,ainekeenan.bsky.social,at://did:plc:gjsoejzm7at4syhrvzgizrev/app.bsky.feed.post/3m5zsnkc4ck2o
lyphshro.bsky.social,ainekeenan.bsky.social,at://did:plc:gjsoejzm7at4syhrvzgizrev/app.bsky.feed.post/3m5zsnkc4ck2o
slowdriver25.bsky.social,ainekeenan.bsky.social,at://did:plc:gjsoejzm7at4syhrvzgizrev/app.bsky.feed.post/3m5zsnkc4ck2o
ajdaugaard.bsky.social,ainekeenan.bsky.social,at://did:plc:gjsoejzm7at4syhrvzgizrev/app.bsky.feed.post/3m5zsnkc4ck2o
pavlou.bsky.social,ainekeenan.bsky.social,at://did:plc:gjsoejzm7at4syhrvzgizrev/app.bsky.feed.post/3m5zsnkc4ck2o
sharrow.bsky.social,darylfeehely.com,at://did:plc:imdb5lnqdvuployv2wxfgdms/app.bsky.feed.post/3m5zerrl27s2b
robosullivan.bsky.social,darylfeehely.com,at://did:plc:imdb5lnqdvuployv2wxfgdms/app.bsky.feed.post/3m5zerrl27s2b
emmadragon.bsky.social,darylfeehely.com,at://did:plc:imdb5lnqdvuployv2wxfgdms/app.bsky.feed.post/3m5zerrl27s2b
teagmhail.bsky.social,darylfeehely.com,at://did:plc:imdb5lnqdvuployv2wxfgdms/app.bsky.feed.post/3m5zerrl27s2b
ballerinax.bsky.social,darylfeehely.com,at://did:plc:imdb5lnqdvuployv2wxfgdms/app.bsky.feed.post/3m5zerrl27s2b
johnwfarrell.bsky.social,darylfeehely.com,at://did:plc:imdb5lnqdvuployv2wxfgdms/app.bsky.feed.post/3m5zerrl27s2b
kmmcc.bsky.social,darylfeehely.com,at://did:plc:imdb5lnqdvuployv2wxfgdms/app.bsky.feed.post/3m5zerrl27s2b
siobhanmcelduff.bsky.social,darylfeehely.com,at://did:plc:imdb5lnqdvuployv2wxfgdms/app.bsky.feed.post/3m5zerrl27s2b
paddyzemia.bsky.social,darylfeehely.com,at://did:plc:imdb5lnqdvuployv2wxfgdms/app.bsky.feed.post/3m5zerrl27s2b
duncanjonesmerrion.bsky.social,darylfeehely.com,at://did:plc:imdb5lnqdvuployv2wxfgdms/app.bsky.feed.post/3m5zd3nl4s22b
louthforever.bsky.social,darylfeehely.com,at://did:plc:imdb5lnqdvuployv2wxfgdms/app.bsky.feed.post/3m5zd3nl4s22b
amflynn.bsky.social,eslsys.bsky.social,at://did:plc:dnvpi77gppcosuglhn7nngk3/app.bsky.feed.post/3m5za6mdhgk2i
atticuspeirgorm.bsky.social,eslsys.bsky.social,at://did:plc:dnvpi77gppcosuglhn7nngk3/app.bsky.feed.post/3m5za6mdhgk2i
maccrespo.bsky.social,ealadubh.bsky.social,at://did:plc:43pp7we7dk4pmibe4ahfdhzi/app.bsky.feed.post/3m5z4kg4hes2s
siobhanmcelduff.bsky.social,ealadubh.bsky.social,at://did:plc:43pp7we7dk4pmibe4ahfdhzi/app.bsky.feed.post/3m5z4kg4hes2s
suchmayer.bsky.social,ealadubh.bsky.social,at://did:plc:43pp7we7dk4pmibe4ahfdhzi/app.bsky.feed.post/3m5z4kg4hes2s
sharrow.bsky.social,orlam90.bsky.social,at://did:plc:7jnzlmjogamiou5m4qiyxace/app.bsky.feed.post/3m5z3qy7pqc2o
rockyroader.bsky.social,orlam90.bsky.social,at://did:plc:7jnzlmjogamiou5m4qiyxace/app.bsky.feed.post/3m5z3qy7pqc2o
bioniclaura.bsky.social,orlam90.bsky.social,at://did:plc:7jnzlmjogamiou5m4qiyxace/app.bsky.feed.post/3m5z3qy7pqc2o
maniagnosis.bsky.social,orlam90.bsky.social,at://did:plc:7jnzlmjogamiou5m4qiyxace/app.bsky.feed.post/3m5z3qy7pqc2o
ciara2001.bsky.social,orlam90.bsky.social,at://did:plc:7jnzlmjogamiou5m4qiyxace/app.bsky.feed.post/3m5z3qy7pqc2o
bearaboi.bsky.social,orlam90.bsky.social,at://did:plc:7jnzlmjogamiou5m4qiyxace/app.bsky.feed.post/3m5z3qy7pqc2o
kennyekn.bsky.social,orlam90.bsky.social,at://did:plc:7jnzlmjogamiou5m4qiyxace/app.bsky.feed.post/3m5z3qy7pqc2o
hamletwasanincel.bsky.social,orlam90.bsky.social,at://did:plc:7jnzlmjogamiou5m4qiyxace/app.bsky.feed.post/3m5z3qy7pqc2o
tggleeson.bsky.social,orlam90.bsky.social,at://did:plc:7jnzlmjogamiou5m4qiyxace/app.bsky.feed.post/3m5z3qy7pqc2o
siobhanmcelduff.bsky.social,orlam90.bsky.social,at://did:plc:7jnzlmjogamiou5m4qiyxace/app.bsky.feed.post/3m5z3qy7pqc2o
rogerokeeffe.bsky.social,orlam90.bsky.social,at://did:plc:7jnzlmjogamiou5m4qiyxace/app.bsky.feed.post/3m5z3qy7pqc2o
shaneir.bsky.social,orlam90.bsky.social,at://did:plc:7jnzlmjogamiou5m4qiyxace/app.bsky.feed.post/3m5z3qy7pqc2o
stitchlily.bsky.social,orlam90.bsky.social,at://did:plc:7jnzlmjogamiou5m4qiyxace/app.bsky.feed.post/3m5z3qy7pqc2o
alexcurran95.bsky.social,natalieoregan.bsky.social,at://did:plc:6rr62zjwua6uckd5xanmhclr/app.bsky.feed.post/3m5yzc5dj3226
sharrow.bsky.social,rdisc0mb0bulate.bsky.social,at://did:plc:v6y63c54iecyzlxp3vrxvwv2/app.bsky.feed.post/3m5ywrpizhk23
arleneharris.bsky.social,rdisc0mb0bulate.bsky.social,at://did:plc:v6y63c54iecyzlxp3vrxvwv2/app.bsky.feed.post/3m5ywrpizhk23
paulodonovan.bsky.social,frankoconnor.bsky.social,at://did:plc:eweyharmeuf3er35ejhbjp4o/app.bsky.feed.post/3m5yvorxq522i
judesherry.bsky.social,frankoconnor.bsky.social,at://did:plc:eweyharmeuf3er35ejhbjp4o/app.bsky.feed.post/3m5yvorxq522i
judesherry.bsky.social,frankoconnor.bsky.social,at://did:plc:eweyharmeuf3er35ejhbjp4o/app.bsky.feed.post/3m5yvekc34k2d
helendublin.bsky.social,frankoconnor.bsky.social,at://did:plc:eweyharmeuf3er35ejhbjp4o/app.bsky.feed.post/3m5yvekc34k2d
tggleeson.bsky.social,cathyby.bsky.social,at://did:plc:vo3c5x2szy6wq4xc3dlemv7f/app.bsky.feed.post/3m5yuhhvmek2s
arleneharris.bsky.social,derekbrauders.bsky.social,at://did:plc:2haw4tub7pkovhsmiogjbyaa/app.bsky.feed.post/3m5ysuy73vk2c
protestmusica.bsky.social,gildedalm.com,at://did:plc:b25fw5q6tr2faqdy52du276g/app.bsky.feed.post/3m5yqzpsgps24
gildedalm.com,gildedalm.com,at://did:plc:b25fw5q6tr2faqdy52du276g/app.bsky.feed.post/3m5yqzpsgps24
leedsbookclub.bsky.social,slated.ie,at://did:plc:7czbhyt6vmlibzjk2md3ds36/app.bsky.feed.post/3m5ypros6rc2w
kazzdee.bsky.social,slated.ie,at://did:plc:7czbhyt6vmlibzjk2md3ds36/app.bsky.feed.post/3m5ypros6rc2w
thebookshopie.bsky.social,slated.ie,at://did:plc:7czbhyt6vmlibzjk2md3ds36/app.bsky.feed.post/3m5ypros6rc2w
doctorwhofan1.bsky.social,slated.ie,at://did:plc:7czbhyt6vmlibzjk2md3ds36/app.bsky.feed.post/3m5ypros6rc2w
alexcurran95.bsky.social,natalieoregan.bsky.social,at://did:plc:6rr62zjwua6uckd5xanmhclr/app.bsky.feed.post/3m5ymp7tetc23
elacatstan.bsky.social,bleary.off-the-records.com,at://did:plc:nmmmqzrurdv3aipb73ohtkgp/app.bsky.feed.post/3m5yjggqmbs2j
uilliammac.bsky.social,bleary.off-the-records.com,at://did:plc:nmmmqzrurdv3aipb73ohtkgp/app.bsky.feed.post/3m5yjggqmbs2j
rothaiocht.bsky.social,bleary.off-the-records.com,at://did:plc:nmmmqzrurdv3aipb73ohtkgp/app.bsky.feed.post/3m5yjggqmbs2j
mairenimhordha.bsky.social,bleary.off-the-records.com,at://did:plc:nmmmqzrurdv3aipb73ohtkgp/app.bsky.feed.post/3m5yjggqmbs2j
alanbraddish.bsky.social,nearfm.ie,at://did:plc:mn37qae7glhpvayfbilz5xrw/app.bsky.feed.post/3m5yhmxytac2q
stitchlily.bsky.social,uplift.ie,at://did:plc:p3ajfs5yqzh6anrao6r73nho/app.bsky.feed.post/3m5ygyg6pps2d
helendublin.bsky.social,eslsys.bsky.social,at://did:plc:dnvpi77gppcosuglhn7nngk3/app.bsky.feed.post/3m5yfa4yb2k2r
cardcolm.bsky.social,eslsys.bsky.social,at://did:plc:dnvpi77gppcosuglhn7nngk3/app.bsky.feed.post/3m5yfa4yb2k2r
practicalreason.net,tggleeson.bsky.social,at://did:plc:bwri5etslrdnbu6jpqrznf36/app.bsky.feed.post/3m5yewoeec22b
judesherry.bsky.social,judesherry.bsky.social,at://did:plc:tjj7toux5q6m2v7x2unyhznh/app.bsky.feed.post/3m5ydj6jlwc26
lokideburca.bsky.social,judesherry.bsky.social,at://did:plc:tjj7toux5q6m2v7x2unyhznh/app.bsky.feed.post/3m5ydj6jlwc26
helendublin.bsky.social,judesherry.bsky.social,at://did:plc:tjj7toux5q6m2v7x2unyhznh/app.bsky.feed.post/3m5ydj6jlwc26
frankoconnor.bsky.social,judesherry.bsky.social,at://did:plc:tjj7toux5q6m2v7x2unyhznh/app.bsky.feed.post/3m5ydj6jlwc26
eslsys.bsky.social,judesherry.bsky.social,at://did:plc:tjj7toux5q6m2v7x2unyhznh/app.bsky.feed.post/3m5ydj6jlwc26
werslabber.bsky.social,caroleducky.bsky.social,at://did:plc:wk4vbtn77njhk4mlohgewj2m/app.bsky.feed.post/3m5yct2jbxs23
eils1.bsky.social,caroleducky.bsky.social,at://did:plc:wk4vbtn77njhk4mlohgewj2m/app.bsky.feed.post/3m5yct2jbxs23
davegildedalm.bsky.social,gildedalm.com,at://did:plc:b25fw5q6tr2faqdy52du276g/app.bsky.feed.post/3m5y7xopkf22o
gildedalm.com,gildedalm.com,at://did:plc:b25fw5q6tr2faqdy52du276g/app.bsky.feed.post/3m5y7xopkf22o
paattrriicckk.bsky.social,paulduane.bsky.social,at://did:plc:pen6g4gaisumaynbdlqkgkdt/app.bsky.feed.post/3m5y6id6oxs2k
paddyoloughlin.bsky.social,paulduane.bsky.social,at://did:plc:pen6g4gaisumaynbdlqkgkdt/app.bsky.feed.post/3m5y6id6oxs2k
metaphysiology.bsky.social,paulduane.bsky.social,at://did:plc:pen6g4gaisumaynbdlqkgkdt/app.bsky.feed.post/3m5y6id6oxs2k
sarklor.bsky.social,paulduane.bsky.social,at://did:plc:pen6g4gaisumaynbdlqkgkdt/app.bsky.feed.post/3m5y6id6oxs2k
dailigh.bsky.social,paulduane.bsky.social,at://did:plc:pen6g4gaisumaynbdlqkgkdt/app.bsky.feed.post/3m5y6id6oxs2k
asamar.bsky.social,paulduane.bsky.social,at://did:plc:pen6g4gaisumaynbdlqkgkdt/app.bsky.feed.post/3m5y6id6oxs2k
patrickhen.bsky.social,paulduane.bsky.social,at://did:plc:pen6g4gaisumaynbdlqkgkdt/app.bsky.feed.post/3m5y6id6oxs2k
niamhjay.bsky.social,paulduane.bsky.social,at://did:plc:pen6g4gaisumaynbdlqkgkdt/app.bsky.feed.post/3m5y6id6oxs2k
grace8ming.bsky.social,paulduane.bsky.social,at://did:plc:pen6g4gaisumaynbdlqkgkdt/app.bsky.feed.post/3m5y6id6oxs2k
lamhfada.bsky.social,paulduane.bsky.social,at://did:plc:pen6g4gaisumaynbdlqkgkdt/app.bsky.feed.post/3m5y6id6oxs2k
cahirokane.bsky.social,paulduane.bsky.social,at://did:plc:pen6g4gaisumaynbdlqkgkdt/app.bsky.feed.post/3m5y6id6oxs2k
navalairhistory.com,paulduane.bsky.social,at://did:plc:pen6g4gaisumaynbdlqkgkdt/app.bsky.feed.post/3m5y6id6oxs2k
johnhyphen.bsky.social,paulduane.bsky.social,at://did:plc:pen6g4gaisumaynbdlqkgkdt/app.bsky.feed.post/3m5y6id6oxs2k
stephencward.com,paulduane.bsky.social,at://did:plc:pen6g4gaisumaynbdlqkgkdt/app.bsky.feed.post/3m5y6id6oxs2k
catvincent.bsky.social,paulduane.bsky.social,at://did:plc:pen6g4gaisumaynbdlqkgkdt/app.bsky.feed.post/3m5y6id6oxs2k
joenoonan.bsky.social,paulduane.bsky.social,at://did:plc:pen6g4gaisumaynbdlqkgkdt/app.bsky.feed.post/3m5y6id6oxs2k
ernekid.bsky.social,paulduane.bsky.social,at://did:plc:pen6g4gaisumaynbdlqkgkdt/app.bsky.feed.post/3m5y6id6oxs2k
fhayesmccoy.bsky.social,fhayesmccoy.bsky.social,at://did:plc:wpvwcjuhrpr5tjnhy3vp24ly/app.bsky.feed.post/3m5y66ji6kc2q
darylfeehely.com,sullydaysleeper.bsky.social,at://did:plc:63mlf5ayqa3qbmgddw4d4zsu/app.bsky.feed.post/3m5y47zh3fc2b
fergallenehan.bsky.social,sullydaysleeper.bsky.social,at://did:plc:63mlf5ayqa3qbmgddw4d4zsu/app.bsky.feed.post/3m5y42zqhe22b
jenniferomeara5.bsky.social,slated.ie,at://did:plc:7czbhyt6vmlibzjk2md3ds36/app.bsky.feed.post/3m5xzz34nw22l
queen-crafty.bsky.social,slated.ie,at://did:plc:7czbhyt6vmlibzjk2md3ds36/app.bsky.feed.post/3m5xzz34nw22l
sensisoccer.bsky.social,slated.ie,at://did:plc:7czbhyt6vmlibzjk2md3ds36/app.bsky.feed.post/3m5xzz34nw22l
manofbeerd.bsky.social,slated.ie,at://did:plc:7czbhyt6vmlibzjk2md3ds36/app.bsky.feed.post/3m5xzz34nw22l
conorvoice.com,slated.ie,at://did:plc:7czbhyt6vmlibzjk2md3ds36/app.bsky.feed.post/3m5xzz34nw22l
caoimhetiernan.bsky.social,slated.ie,at://did:plc:7czbhyt6vmlibzjk2md3ds36/app.bsky.feed.post/3m5xzz34nw22l
libertiesbelle.bsky.social,slated.ie,at://did:plc:7czbhyt6vmlibzjk2md3ds36/app.bsky.feed.post/3m5xzz34nw22l
mousketeer.bsky.social,slated.ie,at://did:plc:7czbhyt6vmlibzjk2md3ds36/app.bsky.feed.post/3m5xzz34nw22l
tigger1962.bsky.social,slated.ie,at://did:plc:7czbhyt6vmlibzjk2md3ds36/app.bsky.feed.post/3m5xzz34nw22l
renebatt.bsky.social,slated.ie,at://did:plc:7czbhyt6vmlibzjk2md3ds36/app.bsky.feed.post/3m5xzz34nw22l
roserosey.bsky.social,slated.ie,at://did:plc:7czbhyt6vmlibzjk2md3ds36/app.bsky.feed.post/3m5xzz34nw22l
grouchymarx.bsky.social,atticuspeirgorm.bsky.social,at://did:plc:e2vdb3yylfvzgvlo3fi5mrkf/app.bsky.feed.post/3m5xymx5kk22v
pierpaolo.bsky.social,djwalker.bsky.social,at://did:plc:iecysrzsqba4uhev4v7r5py7/app.bsky.feed.post/3m5xxqtfbys2z
albert-ibars.bsky.social,djwalker.bsky.social,at://did:plc:iecysrzsqba4uhev4v7r5py7/app.bsky.feed.post/3m5xxqtfbys2z
breeze420.bsky.social,djwalker.bsky.social,at://did:plc:iecysrzsqba4uhev4v7r5py7/app.bsky.feed.post/3m5xxqtfbys2z
michblack1.bsky.social,djwalker.bsky.social,at://did:plc:iecysrzsqba4uhev4v7r5py7/app.bsky.feed.post/3m5xxqtfbys2z
photohour.bsky.social,djwalker.bsky.social,at://did:plc:iecysrzsqba4uhev4v7r5py7/app.bsky.feed.post/3m5xxqtfbys2z
bigsizey.bsky.social,siobhanmcelduff.bsky.social,at://did:plc:b5yxc2nhcgrbtu3twvlg3i7a/app.bsky.feed.post/3m5xqdl4xfc2a
caitrionas.bsky.social,soolahhoops.com,at://did:plc:slpcusmlwp2cu4y6elhhwsce/app.bsky.feed.post/3m5x2posow22c
siobhanmcelduff.bsky.social,soolahhoops.com,at://did:plc:slpcusmlwp2cu4y6elhhwsce/app.bsky.feed.post/3m5wzqa7cbc2c
uilliammac.bsky.social,fcemurphy.bsky.social,at://did:plc:6nsn4i44ao5n74hprn6xbkru/app.bsky.feed.post/3m5wwuzhr4c2u
sharrow.bsky.social,ajorgensen.bsky.social,at://did:plc:habbzrlf5qwkegoxgwk6urcf/app.bsky.feed.post/3m5wuvqyxck27
caitrionas.bsky.social,ajorgensen.bsky.social,at://did:plc:habbzrlf5qwkegoxgwk6urcf/app.bsky.feed.post/3m5wuvqyxck27
julietsmom.bsky.social,ajorgensen.bsky.social,at://did:plc:habbzrlf5qwkegoxgwk6urcf/app.bsky.feed.post/3m5wuvqyxck27
ajorgensen.bsky.social,ajorgensen.bsky.social,at://did:plc:habbzrlf5qwkegoxgwk6urcf/app.bsky.feed.post/3m5wuvqyxck27
seanronayne.bsky.social,ajorgensen.bsky.social,at://did:plc:habbzrlf5qwkegoxgwk6urcf/app.bsky.feed.post/3m5wuvqyxck27
alimack13.bsky.social,ajorgensen.bsky.social,at://did:plc:habbzrlf5qwkegoxgwk6urcf/app.bsky.feed.post/3m5wuvqyxck27
pompompastel.bsky.social,alkalinecollective.bsky.social,at://did:plc:ptzflttudpqcrf44hctiiylw/app.bsky.feed.post/3m5wpgv6yxc2z
brendannadnerb.bsky.social,alkalinecollective.bsky.social,at://did:plc:ptzflttudpqcrf44hctiiylw/app.bsky.feed.post/3m5wpgv6yxc2z
gardeningwell.ie,slated.ie,at://did:plc:7czbhyt6vmlibzjk2md3ds36/app.bsky.feed.post/3m5wkfkwpn22t
jenniferomeara5.bsky.social,slated.ie,at://did:plc:7czbhyt6vmlibzjk2md3ds36/app.bsky.feed.post/3m5wkfkwpn22t
queen-crafty.bsky.social,slated.ie,at://did:plc:7czbhyt6vmlibzjk2md3ds36/app.bsky.feed.post/3m5wkfkwpn22t
exiledincork.bsky.social,slated.ie,at://did:plc:7czbhyt6vmlibzjk2md3ds36/app.bsky.feed.post/3m5wkfkwpn22t
caitrionas.bsky.social,slated.ie,at://did:plc:7czbhyt6vmlibzjk2md3ds36/app.bsky.feed.post/3m5wkfkwpn22t
annstapleton.bsky.social,slated.ie,at://did:plc:7czbhyt6vmlibzjk2md3ds36/app.bsky.feed.post/3m5wkfkwpn22t
mcwattly.bsky.social,slated.ie,at://did:plc:7czbhyt6vmlibzjk2md3ds36/app.bsky.feed.post/3m5wkfkwpn22t
sharrow.bsky.social,robosullivan.bsky.social,at://did:plc:siclj5jstt2xodsn7epgnqld/app.bsky.feed.post/3m5wiaced6c27
sharrow.bsky.social,robosullivan.bsky.social,at://did:plc:siclj5jstt2xodsn7epgnqld/app.bsky.feed.post/3m5wi3oz2is27
queen-crafty.bsky.social,robosullivan.bsky.social,at://did:plc:siclj5jstt2xodsn7epgnqld/app.bsky.feed.post/3m5wi3oz2is27
caitrionas.bsky.social,robosullivan.bsky.social,at://did:plc:siclj5jstt2xodsn7epgnqld/app.bsky.feed.post/3m5wi3oz2is27
rogerokeeffe.bsky.social,robosullivan.bsky.social,at://did:plc:siclj5jstt2xodsn7epgnqld/app.bsky.feed.post/3m5wi3oz2is27
tggleeson.bsky.social,sighjinks.bsky.social,at://did:plc:mh5mt4ifqn6otuf52ddfa7nb/app.bsky.feed.post/3m5wgrp3jqk2a
spillanemike.com,despod.bsky.social,at://did:plc:jhndv2ueuu77qaiw5ivjkhx7/app.bsky.feed.post/3m5wfw7q5cw2w
darach.bsky.social,electionlit.bsky.social,at://did:plc:swknwdgyvbkrbda6fdhhwefj/app.bsky.feed.post/3m5wfsdfjes2z
sharrow.bsky.social,uplift.ie,at://did:plc:p3ajfs5yqzh6anrao6r73nho/app.bsky.feed.post/3m5w7fdkf7226
colin-blackart.bsky.social,uplift.ie,at://did:plc:p3ajfs5yqzh6anrao6r73nho/app.bsky.feed.post/3m5w7fdkf7226
ajorgensen.bsky.social,uplift.ie,at://did:plc:p3ajfs5yqzh6anrao6r73nho/app.bsky.feed.post/3m5w7fdkf7226
nitat.bsky.social,uplift.ie,at://did:plc:p3ajfs5yqzh6anrao6r73nho/app.bsky.feed.post/3m5w7fdkf7226
siobhanmcelduff.bsky.social,uplift.ie,at://did:plc:p3ajfs5yqzh6anrao6r73nho/app.bsky.feed.post/3m5w7fdkf7226
beccathorne.bsky.social,uplift.ie,at://did:plc:p3ajfs5yqzh6anrao6r73nho/app.bsky.feed.post/3m5w7fdkf7226
roisinmoriarty.com,uplift.ie,at://did:plc:p3ajfs5yqzh6anrao6r73nho/app.bsky.feed.post/3m5w7fdkf7226
helendublin.bsky.social,natalieoregan.bsky.social,at://did:plc:6rr62zjwua6uckd5xanmhclr/app.bsky.feed.post/3m5w6hbsj322m
alexcurran95.bsky.social,natalieoregan.bsky.social,at://did:plc:6rr62zjwua6uckd5xanmhclr/app.bsky.feed.post/3m5w6hbsj322m
eslsys.bsky.social,natalieoregan.bsky.social,at://did:plc:6rr62zjwua6uckd5xanmhclr/app.bsky.feed.post/3m5w6hbsj322m
siobhanmcelduff.bsky.social,natalieoregan.bsky.social,at://did:plc:6rr62zjwua6uckd5xanmhclr/app.bsky.feed.post/3m5w6hbsj322m
morselya.bsky.social,sharrow.bsky.social,at://did:plc:uwji4l3wzsygaxduowluqmgr/app.bsky.feed.post/3m5w47x2xlk2f
sarklor.bsky.social,sharrow.bsky.social,at://did:plc:uwji4l3wzsygaxduowluqmgr/app.bsky.feed.post/3m5w42bnuvc2f
mousketeer.bsky.social,sharrow.bsky.social,at://did:plc:uwji4l3wzsygaxduowluqmgr/app.bsky.feed.post/3m5w42bnuvc2f
stephencward.com,sharrow.bsky.social,at://did:plc:uwji4l3wzsygaxduowluqmgr/app.bsky.feed.post/3m5w42bnuvc2f
krismeana.bsky.social,bluwhalien.bsky.social,at://did:plc:yhzo3gusmbic6x6uc6dok3hu/app.bsky.feed.post/3m5w3vepe6s27
uilliammac.bsky.social,niamhnicheallaigh.bsky.social,at://did:plc:5cinc2kkxopkaxznsvl7ba5v/app.bsky.feed.post/3m5vyoshins2z
brendannadnerb.bsky.social,niamhnicheallaigh.bsky.social,at://did:plc:5cinc2kkxopkaxznsvl7ba5v/app.bsky.feed.post/3m5vyoshins2z
ealadubh.bsky.social,niamhnicheallaigh.bsky.social,at://did:plc:5cinc2kkxopkaxznsvl7ba5v/app.bsky.feed.post/3m5vyoshins2z
shibh.bsky.social,caroleducky.bsky.social,at://did:plc:wk4vbtn77njhk4mlohgewj2m/app.bsky.feed.post/3m5vukzrf2k2u
macko-99.bsky.social,caroleducky.bsky.social,at://did:plc:wk4vbtn77njhk4mlohgewj2m/app.bsky.feed.post/3m5vrumswj22u
dochasisgra.bsky.social,limerick4inarow.bsky.social,at://did:plc:ofmkl4k2ybutv5b3xpmuq36h/app.bsky.feed.post/3m5vpz6wmac2x
eils1.bsky.social,dochasisgra.bsky.social,at://did:plc:j2wnnsrxlcesmgggtmpfou7c/app.bsky.feed.post/3m5vokydm5s2w
jogil.bsky.social,saytheirnamesir.bsky.social,at://did:plc:fkorj7epx4zpmdxx7d6m7qgc/app.bsky.feed.post/3m5vo3noasc2b
sarklor.bsky.social,robosullivan.bsky.social,at://did:plc:siclj5jstt2xodsn7epgnqld/app.bsky.feed.post/3m5vntnarm225
ritawild.bsky.social,slated.ie,at://did:plc:7czbhyt6vmlibzjk2md3ds36/app.bsky.feed.post/3m5vmp5dtz22y
moragfriel.bsky.social,uplift.ie,at://did:plc:p3ajfs5yqzh6anrao6r73nho/app.bsky.feed.post/3m5vlqu5qtk23
dochasisgra.bsky.social,uplift.ie,at://did:plc:p3ajfs5yqzh6anrao6r73nho/app.bsky.feed.post/3m5vlqu5qtk23
pepsffk.bsky.social,uplift.ie,at://did:plc:p3ajfs5yqzh6anrao6r73nho/app.bsky.feed.post/3m5vlqu5qtk23
billallen.bsky.social,bgormley.bsky.social,at://did:plc:223cpcieytdlbmzovhs2ypg2/app.bsky.feed.post/3m5vil3qjhc2c
louthforever.bsky.social,bgormley.bsky.social,at://did:plc:223cpcieytdlbmzovhs2ypg2/app.bsky.feed.post/3m5vil3qjhc2c
atticuspeirgorm.bsky.social,bgormley.bsky.social,at://did:plc:223cpcieytdlbmzovhs2ypg2/app.bsky.feed.post/3m5vil3qjhc2c
queen-crafty.bsky.social,frankoconnor.bsky.social,at://did:plc:eweyharmeuf3er35ejhbjp4o/app.bsky.feed.post/3m5vhpix3z22f
judesherry.bsky.social,frankoconnor.bsky.social,at://did:plc:eweyharmeuf3er35ejhbjp4o/app.bsky.feed.post/3m5vhpix3z22f
robosullivan.bsky.social,frankoconnor.bsky.social,at://did:plc:eweyharmeuf3er35ejhbjp4o/app.bsky.feed.post/3m5vhpix3z22f
atticuspeirgorm.bsky.social,frankoconnor.bsky.social,at://did:plc:eweyharmeuf3er35ejhbjp4o/app.bsky.feed.post/3m5vhpix3z22f
judesherry.bsky.social,judesherry.bsky.social,at://did:plc:tjj7toux5q6m2v7x2unyhznh/app.bsky.feed.post/3m5vhnpd56c26
helendublin.bsky.social,judesherry.bsky.social,at://did:plc:tjj7toux5q6m2v7x2unyhznh/app.bsky.feed.post/3m5vhnpd56c26
frankoconnor.bsky.social,judesherry.bsky.social,at://did:plc:tjj7toux5q6m2v7x2unyhznh/app.bsky.feed.post/3m5vhnpd56c26
nicolegratton.bsky.social,djwalker.bsky.social,at://did:plc:iecysrzsqba4uhev4v7r5py7/app.bsky.feed.post/3m5vheae5w22m
pierpaolo.bsky.social,djwalker.bsky.social,at://did:plc:iecysrzsqba4uhev4v7r5py7/app.bsky.feed.post/3m5vheae5w22m
breeze420.bsky.social,djwalker.bsky.social,at://did:plc:iecysrzsqba4uhev4v7r5py7/app.bsky.feed.post/3m5vheae5w22m
earthlingnoreally.bsky.social,djwalker.bsky.social,at://did:plc:iecysrzsqba4uhev4v7r5py7/app.bsky.feed.post/3m5vheae5w22m
sparkes66.bsky.social,djwalker.bsky.social,at://did:plc:iecysrzsqba4uhev4v7r5py7/app.bsky.feed.post/3m5vheae5w22m
eslsys.bsky.social,eibhear.gibiris.org,at://did:plc:23mysztmt7dh3l5lzhinzafi/app.bsky.feed.post/3m5vg6r2d3s2e
queen-crafty.bsky.social,lukedaly.bsky.social,at://did:plc:stnvk37xl6qf52drqeqieejf/app.bsky.feed.post/3m5vdt3pwl225
arik-2.bsky.social,ainekeenan.bsky.social,at://did:plc:gjsoejzm7at4syhrvzgizrev/app.bsky.feed.post/3m5vaoa5ta22m
pierpaolo.bsky.social,ainekeenan.bsky.social,at://did:plc:gjsoejzm7at4syhrvzgizrev/app.bsky.feed.post/3m5vaoa5ta22m
albert-ibars.bsky.social,ainekeenan.bsky.social,at://did:plc:gjsoejzm7at4syhrvzgizrev/app.bsky.feed.post/3m5vaoa5ta22m
thebluemango.in,ainekeenan.bsky.social,at://did:plc:gjsoejzm7at4syhrvzgizrev/app.bsky.feed.post/3m5vaoa5ta22m
breeze420.bsky.social,ainekeenan.bsky.social,at://did:plc:gjsoejzm7at4syhrvzgizrev/app.bsky.feed.post/3m5vaoa5ta22m
beneteau31.bsky.social,ainekeenan.bsky.social,at://did:plc:gjsoejzm7at4syhrvzgizrev/app.bsky.feed.post/3m5vaoa5ta22m
gulliver77.bsky.social,ainekeenan.bsky.social,at://did:plc:gjsoejzm7at4syhrvzgizrev/app.bsky.feed.post/3m5vaoa5ta22m
monikamazick.bsky.social,ainekeenan.bsky.social,at://did:plc:gjsoejzm7at4syhrvzgizrev/app.bsky.feed.post/3m5vaoa5ta22m
lyphshro.bsky.social,ainekeenan.bsky.social,at://did:plc:gjsoejzm7at4syhrvzgizrev/app.bsky.feed.post/3m5vaoa5ta22m
sharrow.bsky.social,soolahhoops.com,at://did:plc:slpcusmlwp2cu4y6elhhwsce/app.bsky.feed.post/3m5uo3mpuis2t
queen-crafty.bsky.social,soolahhoops.com,at://did:plc:slpcusmlwp2cu4y6elhhwsce/app.bsky.feed.post/3m5uo3mpuis2t
aoifeb.bsky.social,sharrow.bsky.social,at://did:plc:uwji4l3wzsygaxduowluqmgr/app.bsky.feed.post/3m5ublerojc2m
gardeningwell.ie,gardeningwell.ie,at://did:plc:zdxzpya4k5b4dguidkh3zajh/app.bsky.feed.post/3m5ubaittcs2j
hmrhoward.bsky.social,gardeningwell.ie,at://did:plc:zdxzpya4k5b4dguidkh3zajh/app.bsky.feed.post/3m5ubaittcs2j
ginad.bsky.social,gardeningwell.ie,at://did:plc:zdxzpya4k5b4dguidkh3zajh/app.bsky.feed.post/3m5ubaittcs2j
robin47.bsky.social,gardeningwell.ie,at://did:plc:zdxzpya4k5b4dguidkh3zajh/app.bsky.feed.post/3m5ubaittcs2j
djfrancois.bsky.social,the-crackdown.bsky.social,at://did:plc:56wyc2axgzlsvmh73dd5dexu/app.bsky.feed.post/3m5u7dretyc2t
ianmoore3000.bsky.social,the-crackdown.bsky.social,at://did:plc:56wyc2axgzlsvmh73dd5dexu/app.bsky.feed.post/3m5u7dretyc2t
sharrow.bsky.social,the-crackdown.bsky.social,at://did:plc:56wyc2axgzlsvmh73dd5dexu/app.bsky.feed.post/3m5u7dretyc2t
caitrionas.bsky.social,the-crackdown.bsky.social,at://did:plc:56wyc2axgzlsvmh73dd5dexu/app.bsky.feed.post/3m5u7dretyc2t
msleedy.bsky.social,the-crackdown.bsky.social,at://did:plc:56wyc2axgzlsvmh73dd5dexu/app.bsky.feed.post/3m5u7dretyc2t
thumped.com,the-crackdown.bsky.social,at://did:plc:56wyc2axgzlsvmh73dd5dexu/app.bsky.feed.post/3m5u7dretyc2t
oceanclub.bsky.social,the-crackdown.bsky.social,at://did:plc:56wyc2axgzlsvmh73dd5dexu/app.bsky.feed.post/3m5u7dretyc2t
siobhanmcelduff.bsky.social,the-crackdown.bsky.social,at://did:plc:56wyc2axgzlsvmh73dd5dexu/app.bsky.feed.post/3m5u7dretyc2t
the-crackdown.bsky.social,the-crackdown.bsky.social,at://did:plc:56wyc2axgzlsvmh73dd5dexu/app.bsky.feed.post/3m5u7dretyc2t
amflynn.bsky.social,moragfriel.bsky.social,at://did:plc:tfm2zttwrmatbaq2m5sofg6t/app.bsky.feed.post/3m5u5xpq2k227
sharrow.bsky.social,moragfriel.bsky.social,at://did:plc:tfm2zttwrmatbaq2m5sofg6t/app.bsky.feed.post/3m5u5xpq2k227
marybuckley.bsky.social,moragfriel.bsky.social,at://did:plc:tfm2zttwrmatbaq2m5sofg6t/app.bsky.feed.post/3m5u5xpq2k227
mahoganygaspipes.bsky.social,moragfriel.bsky.social,at://did:plc:tfm2zttwrmatbaq2m5sofg6t/app.bsky.feed.post/3m5u5xpq2k227
sharrow.bsky.social,judesherry.bsky.social,at://did:plc:tjj7toux5q6m2v7x2unyhznh/app.bsky.feed.post/3m5u3ljirgc2z
emmadragon.bsky.social,judesherry.bsky.social,at://did:plc:tjj7toux5q6m2v7x2unyhznh/app.bsky.feed.post/3m5u3ljirgc2z
chasman1888.bsky.social,judesherry.bsky.social,at://did:plc:tjj7toux5q6m2v7x2unyhznh/app.bsky.feed.post/3m5u3ljirgc2z
frankoconnor.bsky.social,judesherry.bsky.social,at://did:plc:tjj7toux5q6m2v7x2unyhznh/app.bsky.feed.post/3m5u3ljirgc2z
tonygroves.bsky.social,judesherry.bsky.social,at://did:plc:tjj7toux5q6m2v7x2unyhznh/app.bsky.feed.post/3m5u3ljirgc2z
cudbeorht.bsky.social,judesherry.bsky.social,at://did:plc:tjj7toux5q6m2v7x2unyhznh/app.bsky.feed.post/3m5u3ljirgc2z
siobhanmcelduff.bsky.social,judesherry.bsky.social,at://did:plc:tjj7toux5q6m2v7x2unyhznh/app.bsky.feed.post/3m5u3ljirgc2z
ianmaclochlainn.bsky.social,shutupdaragh.bsky.social,at://did:plc:xnpigreyonjrbnmbqplcxfpl/app.bsky.feed.post/3m5u3bymtxs2c
mariapower.bsky.social,shutupdaragh.bsky.social,at://did:plc:xnpigreyonjrbnmbqplcxfpl/app.bsky.feed.post/3m5u3bymtxs2c
stane.bsky.social,shutupdaragh.bsky.social,at://did:plc:xnpigreyonjrbnmbqplcxfpl/app.bsky.feed.post/3m5u3bymtxs2c
allanartist.bsky.social,shutupdaragh.bsky.social,at://did:plc:xnpigreyonjrbnmbqplcxfpl/app.bsky.feed.post/3m5u3bymtxs2c
siobhanmcelduff.bsky.social,shutupdaragh.bsky.social,at://did:plc:xnpigreyonjrbnmbqplcxfpl/app.bsky.feed.post/3m5u3bymtxs2c
cloudsteph.bsky.social,shutupdaragh.bsky.social,at://did:plc:xnpigreyonjrbnmbqplcxfpl/app.bsky.feed.post/3m5u3bymtxs2c
ljon.bsky.social,shutupdaragh.bsky.social,at://did:plc:xnpigreyonjrbnmbqplcxfpl/app.bsky.feed.post/3m5u3bymtxs2c
filawless.bsky.social,shutupdaragh.bsky.social,at://did:plc:xnpigreyonjrbnmbqplcxfpl/app.bsky.feed.post/3m5u3bymtxs2c
philipoconnor.bsky.social,shutupdaragh.bsky.social,at://did:plc:xnpigreyonjrbnmbqplcxfpl/app.bsky.feed.post/3m5u3bymtxs2c
emmetkirwan.bsky.social,judesherry.bsky.social,at://did:plc:tjj7toux5q6m2v7x2unyhznh/app.bsky.feed.post/3m5tx4buzfk2l
robosullivan.bsky.social,judesherry.bsky.social,at://did:plc:tjj7toux5q6m2v7x2unyhznh/app.bsky.feed.post/3m5tx4buzfk2l
willderham.bsky.social,judesherry.bsky.social,at://did:plc:tjj7toux5q6m2v7x2unyhznh/app.bsky.feed.post/3m5tx4buzfk2l
nameless-weevil.bsky.social,judesherry.bsky.social,at://did:plc:tjj7toux5q6m2v7x2unyhznh/app.bsky.feed.post/3m5tx4buzfk2l
stephencward.com,judesherry.bsky.social,at://did:plc:tjj7toux5q6m2v7x2unyhznh/app.bsky.feed.post/3m5tx4buzfk2l
mcwattly.bsky.social,judesherry.bsky.social,at://did:plc:tjj7toux5q6m2v7x2unyhznh/app.bsky.feed.post/3m5tx4buzfk2l
conormolloy.bsky.social,judesherry.bsky.social,at://did:plc:tjj7toux5q6m2v7x2unyhznh/app.bsky.feed.post/3m5tx4buzfk2l
cathyby.bsky.social,tggleeson.bsky.social,at://did:plc:bwri5etslrdnbu6jpqrznf36/app.bsky.feed.post/3m5twot6q7224
queen-crafty.bsky.social,tggleeson.bsky.social,at://did:plc:bwri5etslrdnbu6jpqrznf36/app.bsky.feed.post/3m5twot6q7224
ciara2001.bsky.social,tggleeson.bsky.social,at://did:plc:bwri5etslrdnbu6jpqrznf36/app.bsky.feed.post/3m5twot6q7224
spillanemike.com,conormcnally.bsky.social,at://did:plc:dyeywjg7lee6wpcw2it6m2c2/app.bsky.feed.post/3m5tw2jcnlk2x
yorkshirepaddy.bsky.social,conormcnally.bsky.social,at://did:plc:dyeywjg7lee6wpcw2it6m2c2/app.bsky.feed.post/3m5tw2jcnlk2x
theapplefarmer.bsky.social,conormcnally.bsky.social,at://did:plc:dyeywjg7lee6wpcw2it6m2c2/app.bsky.feed.post/3m5tw2jcnlk2x
miukouno.bsky.social,djwalker.bsky.social,at://did:plc:iecysrzsqba4uhev4v7r5py7/app.bsky.feed.post/3m5tsfa6v7c23
dawphin.bsky.social,djwalker.bsky.social,at://did:plc:iecysrzsqba4uhev4v7r5py7/app.bsky.feed.post/3m5tsfa6v7c23
lampjaded.bsky.social,djwalker.bsky.social,at://did:plc:iecysrzsqba4uhev4v7r5py7/app.bsky.feed.post/3m5tsfa6v7c23
billallen.bsky.social,djwalker.bsky.social,at://did:plc:iecysrzsqba4uhev4v7r5py7/app.bsky.feed.post/3m5tsfa6v7c23
judesherry.bsky.social,djwalker.bsky.social,at://did:plc:iecysrzsqba4uhev4v7r5py7/app.bsky.feed.post/3m5tsfa6v7c23
arik-2.bsky.social,djwalker.bsky.social,at://did:plc:iecysrzsqba4uhev4v7r5py7/app.bsky.feed.post/3m5tsfa6v7c23
pierpaolo.bsky.social,djwalker.bsky.social,at://did:plc:iecysrzsqba4uhev4v7r5py7/app.bsky.feed.post/3m5tsfa6v7c23
breeze420.bsky.social,djwalker.bsky.social,at://did:plc:iecysrzsqba4uhev4v7r5py7/app.bsky.feed.post/3m5tsfa6v7c23
niteghoul.bsky.social,djwalker.bsky.social,at://did:plc:iecysrzsqba4uhev4v7r5py7/app.bsky.feed.post/3m5tsfa6v7c23
rangedan.bsky.social,djwalker.bsky.social,at://did:plc:iecysrzsqba4uhev4v7r5py7/app.bsky.feed.post/3m5tsfa6v7c23
frankoconnor.bsky.social,djwalker.bsky.social,at://did:plc:iecysrzsqba4uhev4v7r5py7/app.bsky.feed.post/3m5tsfa6v7c23
marie1202.bsky.social,djwalker.bsky.social,at://did:plc:iecysrzsqba4uhev4v7r5py7/app.bsky.feed.post/3m5tsfa6v7c23
allismotion.bsky.social,djwalker.bsky.social,at://did:plc:iecysrzsqba4uhev4v7r5py7/app.bsky.feed.post/3m5tsfa6v7c23
cccoko.bsky.social,djwalker.bsky.social,at://did:plc:iecysrzsqba4uhev4v7r5py7/app.bsky.feed.post/3m5tsfa6v7c23
llarisah.bsky.social,djwalker.bsky.social,at://did:plc:iecysrzsqba4uhev4v7r5py7/app.bsky.feed.post/3m5tsfa6v7c23
michblack1.bsky.social,djwalker.bsky.social,at://did:plc:iecysrzsqba4uhev4v7r5py7/app.bsky.feed.post/3m5tsfa6v7c23
profjohnbarry.bsky.social,climatealarmclock.bsky.social,at://did:plc:am3xhvt3epq57vn7fv4grf2p/app.bsky.feed.post/3m5tqp42qz22d
oisinmcgann.bsky.social,climatealarmclock.bsky.social,at://did:plc:am3xhvt3epq57vn7fv4grf2p/app.bsky.feed.post/3m5tqp42qz22d
lucymails.bsky.social,climatealarmclock.bsky.social,at://did:plc:am3xhvt3epq57vn7fv4grf2p/app.bsky.feed.post/3m5tqp42qz22d
queen-crafty.bsky.social,climatealarmclock.bsky.social,at://did:plc:am3xhvt3epq57vn7fv4grf2p/app.bsky.feed.post/3m5tqp42qz22d
ciaradaly.bsky.social,climatealarmclock.bsky.social,at://did:plc:am3xhvt3epq57vn7fv4grf2p/app.bsky.feed.post/3m5tqp42qz22d
sareen.bsky.social,lamhfada.bsky.social,at://did:plc:jvelfy3ft5pant7jfsu4p637/app.bsky.feed.post/3m5tprw7lc22i
darylfeehely.com,lamhfada.bsky.social,at://did:plc:jvelfy3ft5pant7jfsu4p637/app.bsky.feed.post/3m5tprw7lc22i
leahnicaodha.bsky.social,lamhfada.bsky.social,at://did:plc:jvelfy3ft5pant7jfsu4p637/app.bsky.feed.post/3m5tprw7lc22i
helendublin.bsky.social,judesherry.bsky.social,at://did:plc:tjj7toux5q6m2v7x2unyhznh/app.bsky.feed.post/3m5tppel7lk2h
frankoconnor.bsky.social,judesherry.bsky.social,at://did:plc:tjj7toux5q6m2v7x2unyhznh/app.bsky.feed.post/3m5tppel7lk2h
frankoconnor.bsky.social,judesherry.bsky.social,at://did:plc:tjj7toux5q6m2v7x2unyhznh/app.bsky.feed.post/3m5tpkvzotk2h
billallen.bsky.social,tggleeson.bsky.social,at://did:plc:bwri5etslrdnbu6jpqrznf36/app.bsky.feed.post/3m5tmrio7lk2w
paddyoloughlin.bsky.social,eoinmcunningham.bsky.social,at://did:plc:culqpcpwzgdmcpwdfwmul34h/app.bsky.feed.post/3m5tdr3rgz225
keith1275.bsky.social,eoinmcunningham.bsky.social,at://did:plc:culqpcpwzgdmcpwdfwmul34h/app.bsky.feed.post/3m5tdr3rgz225
queen-crafty.bsky.social,eoinmcunningham.bsky.social,at://did:plc:culqpcpwzgdmcpwdfwmul34h/app.bsky.feed.post/3m5tdr3rgz225
manofbeerd.bsky.social,eoinmcunningham.bsky.social,at://did:plc:culqpcpwzgdmcpwdfwmul34h/app.bsky.feed.post/3m5tdr3rgz225
caoimhetiernan.bsky.social,eoinmcunningham.bsky.social,at://did:plc:culqpcpwzgdmcpwdfwmul34h/app.bsky.feed.post/3m5tdr3rgz225
atticuspeirgorm.bsky.social,eoinmcunningham.bsky.social,at://did:plc:culqpcpwzgdmcpwdfwmul34h/app.bsky.feed.post/3m5tdr3rgz225
hanspan.bsky.social,eoinmcunningham.bsky.social,at://did:plc:culqpcpwzgdmcpwdfwmul34h/app.bsky.feed.post/3m5tdr3rgz225
philokelly.bsky.social,eoinmcunningham.bsky.social,at://did:plc:culqpcpwzgdmcpwdfwmul34h/app.bsky.feed.post/3m5tdr3rgz225
eoinmcunningham.bsky.social,eoinmcunningham.bsky.social,at://did:plc:culqpcpwzgdmcpwdfwmul34h/app.bsky.feed.post/3m5tdr3rgz225
stitchlily.bsky.social,eoinmcunningham.bsky.social,at://did:plc:culqpcpwzgdmcpwdfwmul34h/app.bsky.feed.post/3m5tdr3rgz225
robosullivan.bsky.social,orla-hegarty.bsky.social,at://did:plc:aozsf6n4ii7kftvlsr2yvfhq/app.bsky.feed.post/3m5tcdmiuoc2i
emmadragon.bsky.social,orla-hegarty.bsky.social,at://did:plc:aozsf6n4ii7kftvlsr2yvfhq/app.bsky.feed.post/3m5tcdmiuoc2i
eils1.bsky.social,orla-hegarty.bsky.social,at://did:plc:aozsf6n4ii7kftvlsr2yvfhq/app.bsky.feed.post/3m5tcdmiuoc2i
helendublin.bsky.social,orla-hegarty.bsky.social,at://did:plc:aozsf6n4ii7kftvlsr2yvfhq/app.bsky.feed.post/3m5tcdmiuoc2i
eslsys.bsky.social,orla-hegarty.bsky.social,at://did:plc:aozsf6n4ii7kftvlsr2yvfhq/app.bsky.feed.post/3m5tcdmiuoc2i
mcwattly.bsky.social,orla-hegarty.bsky.social,at://did:plc:aozsf6n4ii7kftvlsr2yvfhq/app.bsky.feed.post/3m5tcdmiuoc2i
mnicearbhaill.bsky.social,orla-hegarty.bsky.social,at://did:plc:aozsf6n4ii7kftvlsr2yvfhq/app.bsky.feed.post/3m5tcdmiuoc2i
queen-crafty.bsky.social,robosullivan.bsky.social,at://did:plc:siclj5jstt2xodsn7epgnqld/app.bsky.feed.post/3m5tbgnqvhk2p
nameless-weevil.bsky.social,robosullivan.bsky.social,at://did:plc:siclj5jstt2xodsn7epgnqld/app.bsky.feed.post/3m5tbgnqvhk2p
caoimhetiernan.bsky.social,robosullivan.bsky.social,at://did:plc:siclj5jstt2xodsn7epgnqld/app.bsky.feed.post/3m5tb4sbpks2p
cathyby.bsky.social,robosullivan.bsky.social,at://did:plc:siclj5jstt2xodsn7epgnqld/app.bsky.feed.post/3m5taxdvbds2p
sharrow.bsky.social,robosullivan.bsky.social,at://did:plc:siclj5jstt2xodsn7epgnqld/app.bsky.feed.post/3m5taxdvbds2p
queen-crafty.bsky.social,robosullivan.bsky.social,at://did:plc:siclj5jstt2xodsn7epgnqld/app.bsky.feed.post/3m5taxdvbds2p
werslabber.bsky.social,robosullivan.bsky.social,at://did:plc:siclj5jstt2xodsn7epgnqld/app.bsky.feed.post/3m5taxdvbds2p
pompompastel.bsky.social,robosullivan.bsky.social,at://did:plc:siclj5jstt2xodsn7epgnqld/app.bsky.feed.post/3m5taxdvbds2p
nameless-weevil.bsky.social,robosullivan.bsky.social,at://did:plc:siclj5jstt2xodsn7epgnqld/app.bsky.feed.post/3m5taxdvbds2p
caoimhetiernan.bsky.social,robosullivan.bsky.social,at://did:plc:siclj5jstt2xodsn7epgnqld/app.bsky.feed.post/3m5taxdvbds2p
irishwol.bsky.social,robosullivan.bsky.social,at://did:plc:siclj5jstt2xodsn7epgnqld/app.bsky.feed.post/3m5taxdvbds2p
blobbystc.bsky.social,robosullivan.bsky.social,at://did:plc:siclj5jstt2xodsn7epgnqld/app.bsky.feed.post/3m5taxdvbds2p
lamhfada.bsky.social,robosullivan.bsky.social,at://did:plc:siclj5jstt2xodsn7epgnqld/app.bsky.feed.post/3m5taxdvbds2p
talesace.bsky.social,robosullivan.bsky.social,at://did:plc:siclj5jstt2xodsn7epgnqld/app.bsky.feed.post/3m5taxdvbds2p
stephencward.com,robosullivan.bsky.social,at://did:plc:siclj5jstt2xodsn7epgnqld/app.bsky.feed.post/3m5taxdvbds2p
aveteresa.bsky.social,robosullivan.bsky.social,at://did:plc:siclj5jstt2xodsn7epgnqld/app.bsky.feed.post/3m5taxdvbds2p
anliathanach.bsky.social,robosullivan.bsky.social,at://did:plc:siclj5jstt2xodsn7epgnqld/app.bsky.feed.post/3m5taxdvbds2p
carolconnolly.bsky.social,robosullivan.bsky.social,at://did:plc:siclj5jstt2xodsn7epgnqld/app.bsky.feed.post/3m5taxdvbds2p
cathalmalone.bsky.social,robosullivan.bsky.social,at://did:plc:siclj5jstt2xodsn7epgnqld/app.bsky.feed.post/3m5taxdvbds2p
midearthling.bsky.social,robosullivan.bsky.social,at://did:plc:siclj5jstt2xodsn7epgnqld/app.bsky.feed.post/3m5taxdvbds2p
mnicearbhaill.bsky.social,robosullivan.bsky.social,at://did:plc:siclj5jstt2xodsn7epgnqld/app.bsky.feed.post/3m5taxdvbds2p
enigmameetssambol.bsky.social,darylfeehely.com,at://did:plc:imdb5lnqdvuployv2wxfgdms/app.bsky.feed.post/3m5tar55njs2f
sharrow.bsky.social,darylfeehely.com,at://did:plc:imdb5lnqdvuployv2wxfgdms/app.bsky.feed.post/3m5tar55njs2f
emmadragon.bsky.social,darylfeehely.com,at://did:plc:imdb5lnqdvuployv2wxfgdms/app.bsky.feed.post/3m5tar55njs2f
teagmhail.bsky.social,darylfeehely.com,at://did:plc:imdb5lnqdvuployv2wxfgdms/app.bsky.feed.post/3m5tar55njs2f
eils1.bsky.social,darylfeehely.com,at://did:plc:imdb5lnqdvuployv2wxfgdms/app.bsky.feed.post/3m5tar55njs2f
byhedge.bsky.social,darylfeehely.com,at://did:plc:imdb5lnqdvuployv2wxfgdms/app.bsky.feed.post/3m5tar55njs2f
eslsys.bsky.social,darylfeehely.com,at://did:plc:imdb5lnqdvuployv2wxfgdms/app.bsky.feed.post/3m5tar55njs2f
craftycarver.bsky.social,darylfeehely.com,at://did:plc:imdb5lnqdvuployv2wxfgdms/app.bsky.feed.post/3m5tar55njs2f
chendirl.bsky.social,niamhnicheallaigh.bsky.social,at://did:plc:5cinc2kkxopkaxznsvl7ba5v/app.bsky.feed.post/3m5t7elmcnk2i
lewevin.bsky.social,allanartist.bsky.social,at://did:plc:har4i535fc7jres2p3oqsyay/app.bsky.feed.post/3m5t775rwkk27
ritawild.bsky.social,allanartist.bsky.social,at://did:plc:har4i535fc7jres2p3oqsyay/app.bsky.feed.post/3m5t775rwkk27
mcwattly.bsky.social,allanartist.bsky.social,at://did:plc:har4i535fc7jres2p3oqsyay/app.bsky.feed.post/3m5t775rwkk27
joenoonan.bsky.social,allanartist.bsky.social,at://did:plc:har4i535fc7jres2p3oqsyay/app.bsky.feed.post/3m5t775rwkk27
hayleymulch.com,hayleymulch.com,at://did:plc:4bl6bpnggvjb3qgcwhosv6xg/app.bsky.feed.post/3m5t75i3p5s2k
gildedalm.com,gildedalm.com,at://did:plc:b25fw5q6tr2faqdy52du276g/app.bsky.feed.post/3m5t362iuxk2v
bethbpoet.bsky.social,fiftywords.bsky.social,at://did:plc:k2tteq6dnva3ijgb4n3zblgz/app.bsky.feed.post/3m5szuicuns22
theapplefarmer.bsky.social,taesaveslives.bsky.social,at://did:plc:ymhebkmh56zigyqiomogsupn/app.bsky.feed.post/3m5szkkzu6c25
keith1275.bsky.social,sharrow.bsky.social,at://did:plc:uwji4l3wzsygaxduowluqmgr/app.bsky.feed.post/3m5sy54i2e22j
ritawild.bsky.social,sharrow.bsky.social,at://did:plc:uwji4l3wzsygaxduowluqmgr/app.bsky.feed.post/3m5sy54i2e22j
athenamediaie.bsky.social,sharrow.bsky.social,at://did:plc:uwji4l3wzsygaxduowluqmgr/app.bsky.feed.post/3m5sy54i2e22j
hoganddice.bsky.social,sharrow.bsky.social,at://did:plc:uwji4l3wzsygaxduowluqmgr/app.bsky.feed.post/3m5sy54i2e22j
wesgo.bsky.social,dochasisgra.bsky.social,at://did:plc:j2wnnsrxlcesmgggtmpfou7c/app.bsky.feed.post/3m5sxynaco22u
playingwithdust.bsky.social,sellybeth.bsky.social,at://did:plc:rd67s5mrnrwg5bqhvzft2kgv/app.bsky.feed.post/3m5sxjozagc27
sophiagrene.bsky.social,sellybeth.bsky.social,at://did:plc:rd67s5mrnrwg5bqhvzft2kgv/app.bsky.feed.post/3m5sxjozagc27
wildecard.bsky.social,sellybeth.bsky.social,at://did:plc:rd67s5mrnrwg5bqhvzft2kgv/app.bsky.feed.post/3m5sxjozagc27
ursulabyrne.bsky.social,sellybeth.bsky.social,at://did:plc:rd67s5mrnrwg5bqhvzft2kgv/app.bsky.feed.post/3m5sxjozagc27
radiobeartime.com,sellybeth.bsky.social,at://did:plc:rd67s5mrnrwg5bqhvzft2kgv/app.bsky.feed.post/3m5sxjozagc27
taryndevere.bsky.social,sellybeth.bsky.social,at://did:plc:rd67s5mrnrwg5bqhvzft2kgv/app.bsky.feed.post/3m5sxjozagc27
declander.bsky.social,sellybeth.bsky.social,at://did:plc:rd67s5mrnrwg5bqhvzft2kgv/app.bsky.feed.post/3m5sxjozagc27
seafoamghost.bsky.social,sellybeth.bsky.social,at://did:plc:rd67s5mrnrwg5bqhvzft2kgv/app.bsky.feed.post/3m5sxjozagc27
mairebro.bsky.social,sellybeth.bsky.social,at://did:plc:rd67s5mrnrwg5bqhvzft2kgv/app.bsky.feed.post/3m5sxjozagc27
permaconfused.bsky.social,sellybeth.bsky.social,at://did:plc:rd67s5mrnrwg5bqhvzft2kgv/app.bsky.feed.post/3m5sxjozagc27
annstapleton.bsky.social,sellybeth.bsky.social,at://did:plc:rd67s5mrnrwg5bqhvzft2kgv/app.bsky.feed.post/3m5sxjozagc27
elliegamgee.bsky.social,sellybeth.bsky.social,at://did:plc:rd67s5mrnrwg5bqhvzft2kgv/app.bsky.feed.post/3m5sxjozagc27
irishwol.bsky.social,sellybeth.bsky.social,at://did:plc:rd67s5mrnrwg5bqhvzft2kgv/app.bsky.feed.post/3m5sxjozagc27
gronya.bsky.social,sellybeth.bsky.social,at://did:plc:rd67s5mrnrwg5bqhvzft2kgv/app.bsky.feed.post/3m5sxjozagc27
ciara2001.bsky.social,sellybeth.bsky.social,at://did:plc:rd67s5mrnrwg5bqhvzft2kgv/app.bsky.feed.post/3m5sxjozagc27
stephencward.com,sellybeth.bsky.social,at://did:plc:rd67s5mrnrwg5bqhvzft2kgv/app.bsky.feed.post/3m5sxjozagc27
bubblenoma.bsky.social,sellybeth.bsky.social,at://did:plc:rd67s5mrnrwg5bqhvzft2kgv/app.bsky.feed.post/3m5sxjozagc27
siobhanmcelduff.bsky.social,sellybeth.bsky.social,at://did:plc:rd67s5mrnrwg5bqhvzft2kgv/app.bsky.feed.post/3m5sxjozagc27
treeandfieldlady.bsky.social,sellybeth.bsky.social,at://did:plc:rd67s5mrnrwg5bqhvzft2kgv/app.bsky.feed.post/3m5sxjozagc27
rudyhellzapop.bsky.social,sellybeth.bsky.social,at://did:plc:rd67s5mrnrwg5bqhvzft2kgv/app.bsky.feed.post/3m5sxjozagc27
drkevguitar.bsky.social,sellybeth.bsky.social,at://did:plc:rd67s5mrnrwg5bqhvzft2kgv/app.bsky.feed.post/3m5sxjozagc27
barrowof.gay,ciaraioch.bsky.social,at://did:plc:4pxxjie2356nqxd3cwf6hbpk/app.bsky.feed.post/3m5sxjf7oak2b
aoifeoregan.bsky.social,ciaraioch.bsky.social,at://did:plc:4pxxjie2356nqxd3cwf6hbpk/app.bsky.feed.post/3m5sxjf7oak2b
sandraduffy.bsky.social,ciaraioch.bsky.social,at://did:plc:4pxxjie2356nqxd3cwf6hbpk/app.bsky.feed.post/3m5sxjf7oak2b
brendanjharkin.bsky.social,ciaraioch.bsky.social,at://did:plc:4pxxjie2356nqxd3cwf6hbpk/app.bsky.feed.post/3m5sxjf7oak2b
arrhenius.bsky.social,ciaraioch.bsky.social,at://did:plc:4pxxjie2356nqxd3cwf6hbpk/app.bsky.feed.post/3m5sxjf7oak2b
lamhfada.bsky.social,ciaraioch.bsky.social,at://did:plc:4pxxjie2356nqxd3cwf6hbpk/app.bsky.feed.post/3m5sxjf7oak2b
theactualcathal.bsky.social,ciaraioch.bsky.social,at://did:plc:4pxxjie2356nqxd3cwf6hbpk/app.bsky.feed.post/3m5sxjf7oak2b
racheburn.bsky.social,ciaraioch.bsky.social,at://did:plc:4pxxjie2356nqxd3cwf6hbpk/app.bsky.feed.post/3m5sxjf7oak2b
gra246.bsky.social,playingwithdust.bsky.social,at://did:plc:zol7j6fzk2vqf6yawnkkg6bi/app.bsky.feed.post/3m5suanjrak2m
downmydirtroad.bsky.social,ainekeenan.bsky.social,at://did:plc:gjsoejzm7at4syhrvzgizrev/app.bsky.feed.post/3m5spggtp6c2t
photoblair.bsky.social,ainekeenan.bsky.social,at://did:plc:gjsoejzm7at4syhrvzgizrev/app.bsky.feed.post/3m5spggtp6c2t
dawphin.bsky.social,ainekeenan.bsky.social,at://did:plc:gjsoejzm7at4syhrvzgizrev/app.bsky.feed.post/3m5spggtp6c2t
arik-2.bsky.social,ainekeenan.bsky.social,at://did:plc:gjsoejzm7at4syhrvzgizrev/app.bsky.feed.post/3m5spggtp6c2t
saraflacci.bsky.social,ainekeenan.bsky.social,at://did:plc:gjsoejzm7at4syhrvzgizrev/app.bsky.feed.post/3m5spggtp6c2t
pierpaolo.bsky.social,ainekeenan.bsky.social,at://did:plc:gjsoejzm7at4syhrvzgizrev/app.bsky.feed.post/3m5spggtp6c2t
melysue.bsky.social,ainekeenan.bsky.social,at://did:plc:gjsoejzm7at4syhrvzgizrev/app.bsky.feed.post/3m5spggtp6c2t
sqotn.bsky.social,ainekeenan.bsky.social,at://did:plc:gjsoejzm7at4syhrvzgizrev/app.bsky.feed.post/3m5spggtp6c2t
dukejr.bsky.social,ainekeenan.bsky.social,at://did:plc:gjsoejzm7at4syhrvzgizrev/app.bsky.feed.post/3m5spggtp6c2t
breeze420.bsky.social,ainekeenan.bsky.social,at://did:plc:gjsoejzm7at4syhrvzgizrev/app.bsky.feed.post/3m5spggtp6c2t
lamhfada.bsky.social,ainekeenan.bsky.social,at://did:plc:gjsoejzm7at4syhrvzgizrev/app.bsky.feed.post/3m5spggtp6c2t
gulliver77.bsky.social,ainekeenan.bsky.social,at://did:plc:gjsoejzm7at4syhrvzgizrev/app.bsky.feed.post/3m5spggtp6c2t
adoolan.bsky.social,ainekeenan.bsky.social,at://did:plc:gjsoejzm7at4syhrvzgizrev/app.bsky.feed.post/3m5spggtp6c2t
monikamazick.bsky.social,ainekeenan.bsky.social,at://did:plc:gjsoejzm7at4syhrvzgizrev/app.bsky.feed.post/3m5spggtp6c2t
pelzerb.bsky.social,ainekeenan.bsky.social,at://did:plc:gjsoejzm7at4syhrvzgizrev/app.bsky.feed.post/3m5spggtp6c2t
lyphshro.bsky.social,ainekeenan.bsky.social,at://did:plc:gjsoejzm7at4syhrvzgizrev/app.bsky.feed.post/3m5spggtp6c2t
sharrow.bsky.social,limerick4inarow.bsky.social,at://did:plc:ofmkl4k2ybutv5b3xpmuq36h/app.bsky.feed.post/3m5rtotpfm22r
lokideburca.bsky.social,lokideburca.bsky.social,at://did:plc:ro76qxmd6nel5b5p4262x5eq/app.bsky.feed.post/3m5rpawyxuk27
teflondub.bsky.social,fcemurphy.bsky.social,at://did:plc:6nsn4i44ao5n74hprn6xbkru/app.bsky.feed.post/3m5rllmdqi22k
cheekyian.bsky.social,fcemurphy.bsky.social,at://did:plc:6nsn4i44ao5n74hprn6xbkru/app.bsky.feed.post/3m5rllmdqi22k
siobhanmcelduff.bsky.social,fcemurphy.bsky.social,at://did:plc:6nsn4i44ao5n74hprn6xbkru/app.bsky.feed.post/3m5rllmdqi22k
alimack13.bsky.social,fcemurphy.bsky.social,at://did:plc:6nsn4i44ao5n74hprn6xbkru/app.bsky.feed.post/3m5rllmdqi22k
drmcarley.bsky.social,fcemurphy.bsky.social,at://did:plc:6nsn4i44ao5n74hprn6xbkru/app.bsky.feed.post/3m5rllmdqi22k
allanartist.bsky.social,eileen100.bsky.social,at://did:plc:5vb5wk3l3xb5xxphddvyylte/app.bsky.feed.post/3m5rlfeb4os2z
sarahmay1.bsky.social,eileen100.bsky.social,at://did:plc:5vb5wk3l3xb5xxphddvyylte/app.bsky.feed.post/3m5rlfeb4os2z
siobhanmcelduff.bsky.social,eileen100.bsky.social,at://did:plc:5vb5wk3l3xb5xxphddvyylte/app.bsky.feed.post/3m5rlfeb4os2z
sharrow.bsky.social,allanartist.bsky.social,at://did:plc:har4i535fc7jres2p3oqsyay/app.bsky.feed.post/3m5rimpsc2x2q
paulduane.bsky.social,allanartist.bsky.social,at://did:plc:har4i535fc7jres2p3oqsyay/app.bsky.feed.post/3m5rimpsc2x2q
anarchoshanties.bsky.social,allanartist.bsky.social,at://did:plc:har4i535fc7jres2p3oqsyay/app.bsky.feed.post/3m5rimpsc2x2q
sharrow.bsky.social,obrienpmark.bsky.social,at://did:plc:5lhoxk335wwo3ay7vdzkxnjg/app.bsky.feed.post/3m5rihd5ojc2w
lokideburca.bsky.social,obrienpmark.bsky.social,at://did:plc:5lhoxk335wwo3ay7vdzkxnjg/app.bsky.feed.post/3m5rihd5ojc2w
madmichael1961.bsky.social,obrienpmark.bsky.social,at://did:plc:5lhoxk335wwo3ay7vdzkxnjg/app.bsky.feed.post/3m5rihd5ojc2w
nessymon.bsky.social,obrienpmark.bsky.social,at://did:plc:5lhoxk335wwo3ay7vdzkxnjg/app.bsky.feed.post/3m5rihd5ojc2w
eimearmio.bsky.social,obrienpmark.bsky.social,at://did:plc:5lhoxk335wwo3ay7vdzkxnjg/app.bsky.feed.post/3m5rihd5ojc2w
rebelalliance77.bsky.social,obrienpmark.bsky.social,at://did:plc:5lhoxk335wwo3ay7vdzkxnjg/app.bsky.feed.post/3m5rihd5ojc2w
alimack13.bsky.social,obrienpmark.bsky.social,at://did:plc:5lhoxk335wwo3ay7vdzkxnjg/app.bsky.feed.post/3m5rihd5ojc2w
johnbarrington.bsky.social,obrienpmark.bsky.social,at://did:plc:5lhoxk335wwo3ay7vdzkxnjg/app.bsky.feed.post/3m5riejojgc2w
javiermt.bsky.social,obrienpmark.bsky.social,at://did:plc:5lhoxk335wwo3ay7vdzkxnjg/app.bsky.feed.post/3m5riejojgc2w
flyfella.bsky.social,obrienpmark.bsky.social,at://did:plc:5lhoxk335wwo3ay7vdzkxnjg/app.bsky.feed.post/3m5riejojgc2w
c-schneid68.bsky.social,obrienpmark.bsky.social,at://did:plc:5lhoxk335wwo3ay7vdzkxnjg/app.bsky.feed.post/3m5riejojgc2w
ggilmore43.bsky.social,obrienpmark.bsky.social,at://did:plc:5lhoxk335wwo3ay7vdzkxnjg/app.bsky.feed.post/3m5riejojgc2w
tararoonies.bsky.social,obrienpmark.bsky.social,at://did:plc:5lhoxk335wwo3ay7vdzkxnjg/app.bsky.feed.post/3m5riejojgc2w
madmichael1961.bsky.social,obrienpmark.bsky.social,at://did:plc:5lhoxk335wwo3ay7vdzkxnjg/app.bsky.feed.post/3m5riejojgc2w
marcphisto.bsky.social,obrienpmark.bsky.social,at://did:plc:5lhoxk335wwo3ay7vdzkxnjg/app.bsky.feed.post/3m5riejojgc2w
rosser-gooner.bsky.social,obrienpmark.bsky.social,at://did:plc:5lhoxk335wwo3ay7vdzkxnjg/app.bsky.feed.post/3m5riejojgc2w
rebelalliance77.bsky.social,obrienpmark.bsky.social,at://did:plc:5lhoxk335wwo3ay7vdzkxnjg/app.bsky.feed.post/3m5riejojgc2w
roxanalucy.bsky.social,obrienpmark.bsky.social,at://did:plc:5lhoxk335wwo3ay7vdzkxnjg/app.bsky.feed.post/3m5riejojgc2w
obrienpmark.bsky.social,obrienpmark.bsky.social,at://did:plc:5lhoxk335wwo3ay7vdzkxnjg/app.bsky.feed.post/3m5riejojgc2w
chinatownbranch.bsky.social,obrienpmark.bsky.social,at://did:plc:5lhoxk335wwo3ay7vdzkxnjg/app.bsky.feed.post/3m5riejojgc2w
dr-lauaracan.bsky.social,obrienpmark.bsky.social,at://did:plc:5lhoxk335wwo3ay7vdzkxnjg/app.bsky.feed.post/3m5riejojgc2w
philipoconnor.bsky.social,obrienpmark.bsky.social,at://did:plc:5lhoxk335wwo3ay7vdzkxnjg/app.bsky.feed.post/3m5riejojgc2w
mimmcloughlin.bsky.social,obrienpmark.bsky.social,at://did:plc:5lhoxk335wwo3ay7vdzkxnjg/app.bsky.feed.post/3m5riejojgc2w
jea209.bsky.social,rdisc0mb0bulate.bsky.social,at://did:plc:v6y63c54iecyzlxp3vrxvwv2/app.bsky.feed.post/3m5ri3ofdic2g
sharrow.bsky.social,rdisc0mb0bulate.bsky.social,at://did:plc:v6y63c54iecyzlxp3vrxvwv2/app.bsky.feed.post/3m5ri3ofdic2g
kekken.bsky.social,rdisc0mb0bulate.bsky.social,at://did:plc:v6y63c54iecyzlxp3vrxvwv2/app.bsky.feed.post/3m5ri3ofdic2g
bookwitchery.bsky.social,rdisc0mb0bulate.bsky.social,at://did:plc:v6y63c54iecyzlxp3vrxvwv2/app.bsky.feed.post/3m5ri3ofdic2g
ht4ecosocialism.bsky.social,rdisc0mb0bulate.bsky.social,at://did:plc:v6y63c54iecyzlxp3vrxvwv2/app.bsky.feed.post/3m5ri3ofdic2g
emmadragon.bsky.social,rdisc0mb0bulate.bsky.social,at://did:plc:v6y63c54iecyzlxp3vrxvwv2/app.bsky.feed.post/3m5ri3ofdic2g
tuckerwalker.bsky.social,rdisc0mb0bulate.bsky.social,at://did:plc:v6y63c54iecyzlxp3vrxvwv2/app.bsky.feed.post/3m5ri3ofdic2g
amynevermisses.bsky.social,rdisc0mb0bulate.bsky.social,at://did:plc:v6y63c54iecyzlxp3vrxvwv2/app.bsky.feed.post/3m5ri3ofdic2g
actual-intell.bsky.social,rdisc0mb0bulate.bsky.social,at://did:plc:v6y63c54iecyzlxp3vrxvwv2/app.bsky.feed.post/3m5ri3ofdic2g
platogue.bsky.social,rdisc0mb0bulate.bsky.social,at://did:plc:v6y63c54iecyzlxp3vrxvwv2/app.bsky.feed.post/3m5ri3ofdic2g
alannahr.bsky.social,rdisc0mb0bulate.bsky.social,at://did:plc:v6y63c54iecyzlxp3vrxvwv2/app.bsky.feed.post/3m5ri3ofdic2g
vsaarenketo.bsky.social,rdisc0mb0bulate.bsky.social,at://did:plc:v6y63c54iecyzlxp3vrxvwv2/app.bsky.feed.post/3m5ri3ofdic2g
neighitsck.bsky.social,rdisc0mb0bulate.bsky.social,at://did:plc:v6y63c54iecyzlxp3vrxvwv2/app.bsky.feed.post/3m5ri3ofdic2g
jimmacmillan.com,rdisc0mb0bulate.bsky.social,at://did:plc:v6y63c54iecyzlxp3vrxvwv2/app.bsky.feed.post/3m5ri3ofdic2g
mrmcq5.bsky.social,davidmoriarty.bsky.social,at://did:plc:y5uczbhip747luvhx5wc7bax/app.bsky.feed.post/3m5rhsirbns26
sportyjtb.bsky.social,davidmoriarty.bsky.social,at://did:plc:y5uczbhip747luvhx5wc7bax/app.bsky.feed.post/3m5rhsirbns26
richardgallagher.bsky.social,davidmoriarty.bsky.social,at://did:plc:y5uczbhip747luvhx5wc7bax/app.bsky.feed.post/3m5rhsirbns26
tararoonies.bsky.social,davidmoriarty.bsky.social,at://did:plc:y5uczbhip747luvhx5wc7bax/app.bsky.feed.post/3m5rhsirbns26
shuggybhoy.bsky.social,davidmoriarty.bsky.social,at://did:plc:y5uczbhip747luvhx5wc7bax/app.bsky.feed.post/3m5rhsirbns26
mickboss.bsky.social,davidmoriarty.bsky.social,at://did:plc:y5uczbhip747luvhx5wc7bax/app.bsky.feed.post/3m5rhsirbns26
secondcaptains.bsky.social,davidmoriarty.bsky.social,at://did:plc:y5uczbhip747luvhx5wc7bax/app.bsky.feed.post/3m5rhsirbns26
sportyjtb.bsky.social,kevfrommayo.bsky.social,at://did:plc:5fg32i5hknkr3v6rwb6ebycu/app.bsky.feed.post/3m5rg7fblhs27
secondcaptains.bsky.social,kevfrommayo.bsky.social,at://did:plc:5fg32i5hknkr3v6rwb6ebycu/app.bsky.feed.post/3m5rg7fblhs27
sharrow.bsky.social,playingwithdust.bsky.social,at://did:plc:zol7j6fzk2vqf6yawnkkg6bi/app.bsky.feed.post/3m5rcuoc53k2w
docrevan.bsky.social,playingwithdust.bsky.social,at://did:plc:zol7j6fzk2vqf6yawnkkg6bi/app.bsky.feed.post/3m5rcuoc53k2w
eoinsmith.bsky.social,playingwithdust.bsky.social,at://did:plc:zol7j6fzk2vqf6yawnkkg6bi/app.bsky.feed.post/3m5rcuoc53k2w
deecf.bsky.social,playingwithdust.bsky.social,at://did:plc:zol7j6fzk2vqf6yawnkkg6bi/app.bsky.feed.post/3m5rcuoc53k2w
kenmcdonagh.bsky.social,playingwithdust.bsky.social,at://did:plc:zol7j6fzk2vqf6yawnkkg6bi/app.bsky.feed.post/3m5rcuoc53k2w
trionac.bsky.social,playingwithdust.bsky.social,at://did:plc:zol7j6fzk2vqf6yawnkkg6bi/app.bsky.feed.post/3m5rcuoc53k2w
deecf.bsky.social,colmbrennan.bsky.social,at://did:plc:3sjn6vu3lvx7hdcuztf5ajpf/app.bsky.feed.post/3m5rb5f4kd22a
pierpaolo.bsky.social,djwalker.bsky.social,at://did:plc:iecysrzsqba4uhev4v7r5py7/app.bsky.feed.post/3m5rasgj7rc26
breeze420.bsky.social,djwalker.bsky.social,at://did:plc:iecysrzsqba4uhev4v7r5py7/app.bsky.feed.post/3m5rasgj7rc26
kimbivega.bsky.social,djwalker.bsky.social,at://did:plc:iecysrzsqba4uhev4v7r5py7/app.bsky.feed.post/3m5rasgj7rc26
sportponies.bsky.social,nowbreezing.ntw.app,at://did:plc:mcb6n67plnrlx4lg35natk2b/app.bsky.feed.post/3m5r7tdlcfi2f
ttm71010-alphamale.bsky.social,nowbreezing.ntw.app,at://did:plc:mcb6n67plnrlx4lg35natk2b/app.bsky.feed.post/3m5r7tdlcfi2f
eoinsmith.bsky.social,davegildedalm.bsky.social,at://did:plc:qj2uyiugobaynuuqvzjp2v4l/app.bsky.feed.post/3m5r7flbr2k2x
mimmcloughlin.bsky.social,davegildedalm.bsky.social,at://did:plc:qj2uyiugobaynuuqvzjp2v4l/app.bsky.feed.post/3m5r7flbr2k2x
ursulabyrne.bsky.social,limerick4inarow.bsky.social,at://did:plc:ofmkl4k2ybutv5b3xpmuq36h/app.bsky.feed.post/3m5r6bmkt3226
sharrow.bsky.social,limerick4inarow.bsky.social,at://did:plc:ofmkl4k2ybutv5b3xpmuq36h/app.bsky.feed.post/3m5r6bmkt3226
comanfullard.bsky.social,limerick4inarow.bsky.social,at://did:plc:ofmkl4k2ybutv5b3xpmuq36h/app.bsky.feed.post/3m5r6bmkt3226
bikesnbukes.bsky.social,limerick4inarow.bsky.social,at://did:plc:ofmkl4k2ybutv5b3xpmuq36h/app.bsky.feed.post/3m5r6bmkt3226
bchpmn.bsky.social,limerick4inarow.bsky.social,at://did:plc:ofmkl4k2ybutv5b3xpmuq36h/app.bsky.feed.post/3m5r6bmkt3226
lglly.bsky.social,rdisc0mb0bulate.bsky.social,at://did:plc:v6y63c54iecyzlxp3vrxvwv2/app.bsky.feed.post/3m5r5riabfc2n
jazzrat2000.bsky.social,rdisc0mb0bulate.bsky.social,at://did:plc:v6y63c54iecyzlxp3vrxvwv2/app.bsky.feed.post/3m5r5riabfc2n
upine.bsky.social,rdisc0mb0bulate.bsky.social,at://did:plc:v6y63c54iecyzlxp3vrxvwv2/app.bsky.feed.post/3m5r5riabfc2n
cjaxon.bsky.social,rdisc0mb0bulate.bsky.social,at://did:plc:v6y63c54iecyzlxp3vrxvwv2/app.bsky.feed.post/3m5r5riabfc2n
tommythepirate.bsky.social,rdisc0mb0bulate.bsky.social,at://did:plc:v6y63c54iecyzlxp3vrxvwv2/app.bsky.feed.post/3m5r5riabfc2n
jshov1.bsky.social,rdisc0mb0bulate.bsky.social,at://did:plc:v6y63c54iecyzlxp3vrxvwv2/app.bsky.feed.post/3m5r5riabfc2n
mrfluff22.bsky.social,rdisc0mb0bulate.bsky.social,at://did:plc:v6y63c54iecyzlxp3vrxvwv2/app.bsky.feed.post/3m5r5riabfc2n
jessicaperthwa.bsky.social,rdisc0mb0bulate.bsky.social,at://did:plc:v6y63c54iecyzlxp3vrxvwv2/app.bsky.feed.post/3m5r5riabfc2n
cab5.bsky.social,rdisc0mb0bulate.bsky.social,at://did:plc:v6y63c54iecyzlxp3vrxvwv2/app.bsky.feed.post/3m5r5riabfc2n
joannygm.bsky.social,rdisc0mb0bulate.bsky.social,at://did:plc:v6y63c54iecyzlxp3vrxvwv2/app.bsky.feed.post/3m5r5riabfc2n
chaos0s.bsky.social,rdisc0mb0bulate.bsky.social,at://did:plc:v6y63c54iecyzlxp3vrxvwv2/app.bsky.feed.post/3m5r5riabfc2n
bluedemkim65.bsky.social,rdisc0mb0bulate.bsky.social,at://did:plc:v6y63c54iecyzlxp3vrxvwv2/app.bsky.feed.post/3m5r5riabfc2n
francynt.bsky.social,rdisc0mb0bulate.bsky.social,at://did:plc:v6y63c54iecyzlxp3vrxvwv2/app.bsky.feed.post/3m5r5riabfc2n
platogue.bsky.social,rdisc0mb0bulate.bsky.social,at://did:plc:v6y63c54iecyzlxp3vrxvwv2/app.bsky.feed.post/3m5r5riabfc2n
caille53.bsky.social,rdisc0mb0bulate.bsky.social,at://did:plc:v6y63c54iecyzlxp3vrxvwv2/app.bsky.feed.post/3m5r5riabfc2n
engageddemo.bsky.social,rdisc0mb0bulate.bsky.social,at://did:plc:v6y63c54iecyzlxp3vrxvwv2/app.bsky.feed.post/3m5r5riabfc2n
rogermccarthy.bsky.social,rdisc0mb0bulate.bsky.social,at://did:plc:v6y63c54iecyzlxp3vrxvwv2/app.bsky.feed.post/3m5r5riabfc2n
timetrekkerten.bsky.social,rdisc0mb0bulate.bsky.social,at://did:plc:v6y63c54iecyzlxp3vrxvwv2/app.bsky.feed.post/3m5r5riabfc2n
progressinginsc.bsky.social,rdisc0mb0bulate.bsky.social,at://did:plc:v6y63c54iecyzlxp3vrxvwv2/app.bsky.feed.post/3m5r5riabfc2n
jr-placitas.bsky.social,rdisc0mb0bulate.bsky.social,at://did:plc:v6y63c54iecyzlxp3vrxvwv2/app.bsky.feed.post/3m5r5riabfc2n
gandkev.bsky.social,rdisc0mb0bulate.bsky.social,at://did:plc:v6y63c54iecyzlxp3vrxvwv2/app.bsky.feed.post/3m5r5riabfc2n
coreilly.bsky.social,sharrow.bsky.social,at://did:plc:uwji4l3wzsygaxduowluqmgr/app.bsky.feed.post/3m5r577w6jk2r
rogerokeeffe.bsky.social,sharrow.bsky.social,at://did:plc:uwji4l3wzsygaxduowluqmgr/app.bsky.feed.post/3m5r577w6jk2r
karenoc.bsky.social,davegildedalm.bsky.social,at://did:plc:qj2uyiugobaynuuqvzjp2v4l/app.bsky.feed.post/3m5r4sa6plk2x
trish-roe.bsky.social,limerick4inarow.bsky.social,at://did:plc:ofmkl4k2ybutv5b3xpmuq36h/app.bsky.feed.post/3m5r4s7uu5s26
robosullivan.bsky.social,sharrow.bsky.social,at://did:plc:uwji4l3wzsygaxduowluqmgr/app.bsky.feed.post/3m5r4qht5ps2r
werslabber.bsky.social,sharrow.bsky.social,at://did:plc:uwji4l3wzsygaxduowluqmgr/app.bsky.feed.post/3m5r4qht5ps2r
emmadragon.bsky.social,sharrow.bsky.social,at://did:plc:uwji4l3wzsygaxduowluqmgr/app.bsky.feed.post/3m5r4qht5ps2r
wesgo.bsky.social,sharrow.bsky.social,at://did:plc:uwji4l3wzsygaxduowluqmgr/app.bsky.feed.post/3m5r4qht5ps2r
stephencward.com,sharrow.bsky.social,at://did:plc:uwji4l3wzsygaxduowluqmgr/app.bsky.feed.post/3m5r4qht5ps2r
kellyfincham.bsky.social,sharrow.bsky.social,at://did:plc:uwji4l3wzsygaxduowluqmgr/app.bsky.feed.post/3m5r4qht5ps2r
prettyhatmachine.bsky.social,sharrow.bsky.social,at://did:plc:uwji4l3wzsygaxduowluqmgr/app.bsky.feed.post/3m5r4qht5ps2r
carolconnolly.bsky.social,sharrow.bsky.social,at://did:plc:uwji4l3wzsygaxduowluqmgr/app.bsky.feed.post/3m5r4qht5ps2r
eoinsmith.bsky.social,pbeattie.bsky.social,at://did:plc:obekl3dfxbwzhyvhjgbb6ou2/app.bsky.feed.post/3m5r4gqluhc2h
derekbrauders.bsky.social,fhayesmccoy.bsky.social,at://did:plc:wpvwcjuhrpr5tjnhy3vp24ly/app.bsky.feed.post/3m5r42x4t5s2d
dermotlynott.bsky.social,regcoppinger.bsky.social,at://did:plc:bfgylvtnfvzomjbpv7wetcq3/app.bsky.feed.post/3m5r424zmls2o
wesgo.bsky.social,regcoppinger.bsky.social,at://did:plc:bfgylvtnfvzomjbpv7wetcq3/app.bsky.feed.post/3m5r424zmls2o
mbtwomey.bsky.social,nowbreezing.ntw.app,at://did:plc:mcb6n67plnrlx4lg35natk2b/app.bsky.feed.post/3m5r3wlcbtp2o
sharrow.bsky.social,davegildedalm.bsky.social,at://did:plc:qj2uyiugobaynuuqvzjp2v4l/app.bsky.feed.post/3m5r3qeoazs2x
dusted.bsky.social,davegildedalm.bsky.social,at://did:plc:qj2uyiugobaynuuqvzjp2v4l/app.bsky.feed.post/3m5r3qeoazs2x
niamhroisin.bsky.social,trionac.bsky.social,at://did:plc:5izxyvmjl7awzjfptv6d6ane/app.bsky.feed.post/3m5r3kavlck2v
judesherry.bsky.social,frankoconnor.bsky.social,at://did:plc:eweyharmeuf3er35ejhbjp4o/app.bsky.feed.post/3m5qvp4bfv22p
lokideburca.bsky.social,frankoconnor.bsky.social,at://did:plc:eweyharmeuf3er35ejhbjp4o/app.bsky.feed.post/3m5qvp4bfv22p
normacasey.bsky.social,frankoconnor.bsky.social,at://did:plc:eweyharmeuf3er35ejhbjp4o/app.bsky.feed.post/3m5qvp4bfv22p
chasman1888.bsky.social,frankoconnor.bsky.social,at://did:plc:eweyharmeuf3er35ejhbjp4o/app.bsky.feed.post/3m5qvp4bfv22p
eslsys.bsky.social,frankoconnor.bsky.social,at://did:plc:eweyharmeuf3er35ejhbjp4o/app.bsky.feed.post/3m5qvp4bfv22p
mcwattly.bsky.social,frankoconnor.bsky.social,at://did:plc:eweyharmeuf3er35ejhbjp4o/app.bsky.feed.post/3m5qvp4bfv22p
atticuspeirgorm.bsky.social,cjamcmahon.bsky.social,at://did:plc:5lalgxnyfxas34qyb3u4dp4u/app.bsky.feed.post/3m5qt7m3jqk2s
eslsys.bsky.social,pnamblath.bsky.social,at://did:plc:rj54e4tn2c5l6kmuqotuahuv/app.bsky.feed.post/3m5qpgr7pw22r
ginnyinfl.bsky.social,rdisc0mb0bulate.bsky.social,at://did:plc:v6y63c54iecyzlxp3vrxvwv2/app.bsky.feed.post/3m5qnwublik2r
platogue.bsky.social,rdisc0mb0bulate.bsky.social,at://did:plc:v6y63c54iecyzlxp3vrxvwv2/app.bsky.feed.post/3m5qnwublik2r
monetpainter.bsky.social,djwalker.bsky.social,at://did:plc:iecysrzsqba4uhev4v7r5py7/app.bsky.feed.post/3m5qmefmr5k2c
lisafellaantifa.bsky.social,djwalker.bsky.social,at://did:plc:iecysrzsqba4uhev4v7r5py7/app.bsky.feed.post/3m5qmefmr5k2c
pierpaolo.bsky.social,djwalker.bsky.social,at://did:plc:iecysrzsqba4uhev4v7r5py7/app.bsky.feed.post/3m5qmefmr5k2c
cloutetcetera.bsky.social,djwalker.bsky.social,at://did:plc:iecysrzsqba4uhev4v7r5py7/app.bsky.feed.post/3m5qmefmr5k2c
breeze420.bsky.social,djwalker.bsky.social,at://did:plc:iecysrzsqba4uhev4v7r5py7/app.bsky.feed.post/3m5qmefmr5k2c
platogue.bsky.social,djwalker.bsky.social,at://did:plc:iecysrzsqba4uhev4v7r5py7/app.bsky.feed.post/3m5qmefmr5k2c
theneoluddite.bsky.social,djwalker.bsky.social,at://did:plc:iecysrzsqba4uhev4v7r5py7/app.bsky.feed.post/3m5qmefmr5k2c
marie1202.bsky.social,djwalker.bsky.social,at://did:plc:iecysrzsqba4uhev4v7r5py7/app.bsky.feed.post/3m5qmefmr5k2c
photohour.bsky.social,djwalker.bsky.social,at://did:plc:iecysrzsqba4uhev4v7r5py7/app.bsky.feed.post/3m5qmefmr5k2c
anburcach.bsky.social,orla-hegarty.bsky.social,at://did:plc:aozsf6n4ii7kftvlsr2yvfhq/app.bsky.feed.post/3m5qltyi72k2x
kellyfincham.bsky.social,orla-hegarty.bsky.social,at://did:plc:aozsf6n4ii7kftvlsr2yvfhq/app.bsky.feed.post/3m5qltyi72k2x
cdrhbiscuitiii.bsky.social,orla-hegarty.bsky.social,at://did:plc:aozsf6n4ii7kftvlsr2yvfhq/app.bsky.feed.post/3m5qltyi72k2x
darylfeehely.com,fiftywords.bsky.social,at://did:plc:k2tteq6dnva3ijgb4n3zblgz/app.bsky.feed.post/3m5qfwbnxjk2s
machutch.bsky.social,atticuspeirgorm.bsky.social,at://did:plc:e2vdb3yylfvzgvlo3fi5mrkf/app.bsky.feed.post/3m5qdqtpxu22v
pixie3.bsky.social,ainekeenan.bsky.social,at://did:plc:gjsoejzm7at4syhrvzgizrev/app.bsky.feed.post/3m5pzsfy42c2k
utsiktens.bsky.social,ainekeenan.bsky.social,at://did:plc:gjsoejzm7at4syhrvzgizrev/app.bsky.feed.post/3m5pzsfy42c2k
taicheuk.bsky.social,ainekeenan.bsky.social,at://did:plc:gjsoejzm7at4syhrvzgizrev/app.bsky.feed.post/3m5pzsfy42c2k
mitchellsquid.bsky.social,ainekeenan.bsky.social,at://did:plc:gjsoejzm7at4syhrvzgizrev/app.bsky.feed.post/3m5pzsfy42c2k
arik-2.bsky.social,ainekeenan.bsky.social,at://did:plc:gjsoejzm7at4syhrvzgizrev/app.bsky.feed.post/3m5pzsfy42c2k
pierpaolo.bsky.social,ainekeenan.bsky.social,at://did:plc:gjsoejzm7at4syhrvzgizrev/app.bsky.feed.post/3m5pzsfy42c2k
albert-ibars.bsky.social,ainekeenan.bsky.social,at://did:plc:gjsoejzm7at4syhrvzgizrev/app.bsky.feed.post/3m5pzsfy42c2k
melysue.bsky.social,ainekeenan.bsky.social,at://did:plc:gjsoejzm7at4syhrvzgizrev/app.bsky.feed.post/3m5pzsfy42c2k
helendublin.bsky.social,ainekeenan.bsky.social,at://did:plc:gjsoejzm7at4syhrvzgizrev/app.bsky.feed.post/3m5pzsfy42c2k
thebluemango.in,ainekeenan.bsky.social,at://did:plc:gjsoejzm7at4syhrvzgizrev/app.bsky.feed.post/3m5pzsfy42c2k
breeze420.bsky.social,ainekeenan.bsky.social,at://did:plc:gjsoejzm7at4syhrvzgizrev/app.bsky.feed.post/3m5pzsfy42c2k
giantkoala.bsky.social,ainekeenan.bsky.social,at://did:plc:gjsoejzm7at4syhrvzgizrev/app.bsky.feed.post/3m5pzsfy42c2k
beneteau31.bsky.social,ainekeenan.bsky.social,at://did:plc:gjsoejzm7at4syhrvzgizrev/app.bsky.feed.post/3m5pzsfy42c2k
gabimccauley.bsky.social,ainekeenan.bsky.social,at://did:plc:gjsoejzm7at4syhrvzgizrev/app.bsky.feed.post/3m5pzsfy42c2k
gulliver77.bsky.social,ainekeenan.bsky.social,at://did:plc:gjsoejzm7at4syhrvzgizrev/app.bsky.feed.post/3m5pzsfy42c2k
monikamazick.bsky.social,ainekeenan.bsky.social,at://did:plc:gjsoejzm7at4syhrvzgizrev/app.bsky.feed.post/3m5pzsfy42c2k
marieartcollection.bsky.social,ainekeenan.bsky.social,at://did:plc:gjsoejzm7at4syhrvzgizrev/app.bsky.feed.post/3m5pzsfy42c2k
deanbarker.bsky.social,ainekeenan.bsky.social,at://did:plc:gjsoejzm7at4syhrvzgizrev/app.bsky.feed.post/3m5pzsfy42c2k
joenoonan.bsky.social,ainekeenan.bsky.social,at://did:plc:gjsoejzm7at4syhrvzgizrev/app.bsky.feed.post/3m5pzsfy42c2k
jaycee-visionlogic.bsky.social,ainekeenan.bsky.social,at://did:plc:gjsoejzm7at4syhrvzgizrev/app.bsky.feed.post/3m5pzsfy42c2k
lyphshro.bsky.social,ainekeenan.bsky.social,at://did:plc:gjsoejzm7at4syhrvzgizrev/app.bsky.feed.post/3m5pzsfy42c2k
bdoucette.bsky.social,ainekeenan.bsky.social,at://did:plc:gjsoejzm7at4syhrvzgizrev/app.bsky.feed.post/3m5pzsfy42c2k
ste3.bsky.social,ainekeenan.bsky.social,at://did:plc:gjsoejzm7at4syhrvzgizrev/app.bsky.feed.post/3m5pzsfy42c2k
junqueiraliv.bsky.social,ainekeenan.bsky.social,at://did:plc:gjsoejzm7at4syhrvzgizrev/app.bsky.feed.post/3m5pzsfy42c2k
lucidillusions.in,ainekeenan.bsky.social,at://did:plc:gjsoejzm7at4syhrvzgizrev/app.bsky.feed.post/3m5pzsfy42c2k
wendybohtkhamsin.bsky.social,ainekeenan.bsky.social,at://did:plc:gjsoejzm7at4syhrvzgizrev/app.bsky.feed.post/3m5pzsfy42c2k
theodonnell.bsky.social,oliviachau.bsky.social,at://did:plc:xp52mnw3lcywewz2sqox2awz/app.bsky.feed.post/3m5pnwc5yy224
caitrionas.bsky.social,rdisc0mb0bulate.bsky.social,at://did:plc:v6y63c54iecyzlxp3vrxvwv2/app.bsky.feed.post/3m5p6mjnuh22n
annstapleton.bsky.social,slated.ie,at://did:plc:7czbhyt6vmlibzjk2md3ds36/app.bsky.feed.post/3m5p2itqers2h
armelleskitchen.bsky.social,slated.ie,at://did:plc:7czbhyt6vmlibzjk2md3ds36/app.bsky.feed.post/3m5p2itqers2h
judesherry.bsky.social,frankoconnor.bsky.social,at://did:plc:eweyharmeuf3er35ejhbjp4o/app.bsky.feed.post/3m5oxw777vk2t
kazuya316.bsky.social,helendublin.bsky.social,at://did:plc:nigs7kco6eoaxc5aiimsaxc3/app.bsky.feed.post/3m5ow2r3ffc2k
rogerokeeffe.bsky.social,decjordan.bsky.social,at://did:plc:5zkqprnhjriixgdyrfanimxw/app.bsky.feed.post/3m5ovv2w6ac2v
morselya.bsky.social,sharrow.bsky.social,at://did:plc:uwji4l3wzsygaxduowluqmgr/app.bsky.feed.post/3m5ovqmsa2k24
oisinmcgann.bsky.social,sharrow.bsky.social,at://did:plc:uwji4l3wzsygaxduowluqmgr/app.bsky.feed.post/3m5ovqmsa2k24
yvieni.bsky.social,sharrow.bsky.social,at://did:plc:uwji4l3wzsygaxduowluqmgr/app.bsky.feed.post/3m5ovqmsa2k24
bopeep-burton.bsky.social,sharrow.bsky.social,at://did:plc:uwji4l3wzsygaxduowluqmgr/app.bsky.feed.post/3m5ovqmsa2k24
lamhfada.bsky.social,sharrow.bsky.social,at://did:plc:uwji4l3wzsygaxduowluqmgr/app.bsky.feed.post/3m5ovqmsa2k24
stephanenny.bsky.social,sharrow.bsky.social,at://did:plc:uwji4l3wzsygaxduowluqmgr/app.bsky.feed.post/3m5ovqmsa2k24
samantha4224.bsky.social,sharrow.bsky.social,at://did:plc:uwji4l3wzsygaxduowluqmgr/app.bsky.feed.post/3m5ovqmsa2k24
conorsmith.ie,sharrow.bsky.social,at://did:plc:uwji4l3wzsygaxduowluqmgr/app.bsky.feed.post/3m5ovqmsa2k24
lynbw.bsky.social,sharrow.bsky.social,at://did:plc:uwji4l3wzsygaxduowluqmgr/app.bsky.feed.post/3m5ovqmsa2k24
sinead1988.bsky.social,sharrow.bsky.social,at://did:plc:uwji4l3wzsygaxduowluqmgr/app.bsky.feed.post/3m5ovqmsa2k24
redtawnie.bsky.social,spillanemike.com,at://did:plc:wxo5kyy2uno2lm2sty2kva6e/app.bsky.feed.post/3m5orwc7umk2t
davidbflower.bsky.social,alanmccarthy.bsky.social,at://did:plc:r7oxqtkfjczoyxqtrraaxt5b/app.bsky.feed.post/3m5oqozuisk2p
tazwalker.bsky.social,alanmccarthy.bsky.social,at://did:plc:r7oxqtkfjczoyxqtrraaxt5b/app.bsky.feed.post/3m5oqozuisk2p
serehfas.bsky.social,alanmccarthy.bsky.social,at://did:plc:r7oxqtkfjczoyxqtrraaxt5b/app.bsky.feed.post/3m5oqozuisk2p
hinekosama.bsky.social,alanmccarthy.bsky.social,at://did:plc:r7oxqtkfjczoyxqtrraaxt5b/app.bsky.feed.post/3m5oqozuisk2p
web2filter.bsky.social,alanmccarthy.bsky.social,at://did:plc:r7oxqtkfjczoyxqtrraaxt5b/app.bsky.feed.post/3m5oqozuisk2p
peter-mugridge.bsky.social,alanmccarthy.bsky.social,at://did:plc:r7oxqtkfjczoyxqtrraaxt5b/app.bsky.feed.post/3m5oqozuisk2p
pingiarcher.bsky.social,alanmccarthy.bsky.social,at://did:plc:r7oxqtkfjczoyxqtrraaxt5b/app.bsky.feed.post/3m5oqozuisk2p
deshocks.bsky.social,alanmccarthy.bsky.social,at://did:plc:r7oxqtkfjczoyxqtrraaxt5b/app.bsky.feed.post/3m5oqozuisk2p
cscosmicrose.bsky.social,alanmccarthy.bsky.social,at://did:plc:r7oxqtkfjczoyxqtrraaxt5b/app.bsky.feed.post/3m5oqozuisk2p
dochasisgra.bsky.social,marcusguntherky.bsky.social,at://did:plc:6vbvxqiagwrnginqxmftzg7w/app.bsky.feed.post/3m5ooktf3i22t
marcusguntherky.bsky.social,marcusguntherky.bsky.social,at://did:plc:6vbvxqiagwrnginqxmftzg7w/app.bsky.feed.post/3m5ooktf3i22t
yannoehl.bsky.social,juliecorcoranphotography.ie,at://did:plc:2sbnpxj7giu7vkup5cinjhsi/app.bsky.feed.post/3m5okxc2kzk2h
kate1904.bsky.social,juliecorcoranphotography.ie,at://did:plc:2sbnpxj7giu7vkup5cinjhsi/app.bsky.feed.post/3m5okxc2kzk2h
eils1.bsky.social,caroleducky.bsky.social,at://did:plc:wk4vbtn77njhk4mlohgewj2m/app.bsky.feed.post/3m5okk7mz7c2h
hmconway.bsky.social,caroleducky.bsky.social,at://did:plc:wk4vbtn77njhk4mlohgewj2m/app.bsky.feed.post/3m5okk7mz7c2h
radiobeartime.com,siobhanmcelduff.bsky.social,at://did:plc:b5yxc2nhcgrbtu3twvlg3i7a/app.bsky.feed.post/3m5oial4hxk2g
werslabber.bsky.social,siobhanmcelduff.bsky.social,at://did:plc:b5yxc2nhcgrbtu3twvlg3i7a/app.bsky.feed.post/3m5oial4hxk2g
maireadenright.bsky.social,siobhanmcelduff.bsky.social,at://did:plc:b5yxc2nhcgrbtu3twvlg3i7a/app.bsky.feed.post/3m5oial4hxk2g
palelilspydr.bsky.social,siobhanmcelduff.bsky.social,at://did:plc:b5yxc2nhcgrbtu3twvlg3i7a/app.bsky.feed.post/3m5oial4hxk2g
leoguari.bsky.social,siobhanmcelduff.bsky.social,at://did:plc:b5yxc2nhcgrbtu3twvlg3i7a/app.bsky.feed.post/3m5oial4hxk2g
maniagnosis.bsky.social,siobhanmcelduff.bsky.social,at://did:plc:b5yxc2nhcgrbtu3twvlg3i7a/app.bsky.feed.post/3m5oial4hxk2g
lpcooley.bsky.social,siobhanmcelduff.bsky.social,at://did:plc:b5yxc2nhcgrbtu3twvlg3i7a/app.bsky.feed.post/3m5oial4hxk2g
kalanderq.bsky.social,siobhanmcelduff.bsky.social,at://did:plc:b5yxc2nhcgrbtu3twvlg3i7a/app.bsky.feed.post/3m5oial4hxk2g
stephencward.com,siobhanmcelduff.bsky.social,at://did:plc:b5yxc2nhcgrbtu3twvlg3i7a/app.bsky.feed.post/3m5oial4hxk2g
timwrite.net,siobhanmcelduff.bsky.social,at://did:plc:b5yxc2nhcgrbtu3twvlg3i7a/app.bsky.feed.post/3m5oial4hxk2g
leahnicaodha.bsky.social,siobhanmcelduff.bsky.social,at://did:plc:b5yxc2nhcgrbtu3twvlg3i7a/app.bsky.feed.post/3m5oial4hxk2g
mickbyrne.bsky.social,orla-hegarty.bsky.social,at://did:plc:aozsf6n4ii7kftvlsr2yvfhq/app.bsky.feed.post/3m5ocrcjom22k
tonygroves.bsky.social,orla-hegarty.bsky.social,at://did:plc:aozsf6n4ii7kftvlsr2yvfhq/app.bsky.feed.post/3m5ocrcjom22k
atticuspeirgorm.bsky.social,orla-hegarty.bsky.social,at://did:plc:aozsf6n4ii7kftvlsr2yvfhq/app.bsky.feed.post/3m5ocrcjom22k
cathyby.bsky.social,rdisc0mb0bulate.bsky.social,at://did:plc:v6y63c54iecyzlxp3vrxvwv2/app.bsky.feed.post/3m5ocoaqcxc2l
sharrow.bsky.social,rdisc0mb0bulate.bsky.social,at://did:plc:v6y63c54iecyzlxp3vrxvwv2/app.bsky.feed.post/3m5ocoaqcxc2l
stephenstype1.bsky.social,thriveabetes.bsky.social,at://did:plc:qywcmx577hlrhttfeurxgqp4/app.bsky.feed.post/3m5ob5ftsvp2m
uilliammac.bsky.social,robosullivan.bsky.social,at://did:plc:siclj5jstt2xodsn7epgnqld/app.bsky.feed.post/3m5oaz3ebxs2y
atticuspeirgorm.bsky.social,darylfeehely.com,at://did:plc:imdb5lnqdvuployv2wxfgdms/app.bsky.feed.post/3m5oa6gdc2s22
sharrow.bsky.social,duncanjonesmerrion.bsky.social,at://did:plc:sgbe5chhemjurynvlymfkeji/app.bsky.feed.post/3m5o5on4htc2p
judesherry.bsky.social,duncanjonesmerrion.bsky.social,at://did:plc:sgbe5chhemjurynvlymfkeji/app.bsky.feed.post/3m5o5on4htc2p
darylfeehely.com,duncanjonesmerrion.bsky.social,at://did:plc:sgbe5chhemjurynvlymfkeji/app.bsky.feed.post/3m5o5on4htc2p
eslsys.bsky.social,duncanjonesmerrion.bsky.social,at://did:plc:sgbe5chhemjurynvlymfkeji/app.bsky.feed.post/3m5o5on4htc2p
judesherry.bsky.social,judesherry.bsky.social,at://did:plc:tjj7toux5q6m2v7x2unyhznh/app.bsky.feed.post/3m5o3zybng22n
frankoconnor.bsky.social,judesherry.bsky.social,at://did:plc:tjj7toux5q6m2v7x2unyhznh/app.bsky.feed.post/3m5o3zybng22n
eslsys.bsky.social,judesherry.bsky.social,at://did:plc:tjj7toux5q6m2v7x2unyhznh/app.bsky.feed.post/3m5o3zybng22n
drmaireaddb.bsky.social,judesherry.bsky.social,at://did:plc:tjj7toux5q6m2v7x2unyhznh/app.bsky.feed.post/3m5o3zri2jk2n
judesherry.bsky.social,judesherry.bsky.social,at://did:plc:tjj7toux5q6m2v7x2unyhznh/app.bsky.feed.post/3m5o3zri2jk2n
robosullivan.bsky.social,judesherry.bsky.social,at://did:plc:tjj7toux5q6m2v7x2unyhznh/app.bsky.feed.post/3m5o3zri2jk2n
daltoki.bsky.social,judesherry.bsky.social,at://did:plc:tjj7toux5q6m2v7x2unyhznh/app.bsky.feed.post/3m5o3zri2jk2n
duhallow.bsky.social,judesherry.bsky.social,at://did:plc:tjj7toux5q6m2v7x2unyhznh/app.bsky.feed.post/3m5o3zri2jk2n
frankoconnor.bsky.social,judesherry.bsky.social,at://did:plc:tjj7toux5q6m2v7x2unyhznh/app.bsky.feed.post/3m5o3zri2jk2n
eslsys.bsky.social,judesherry.bsky.social,at://did:plc:tjj7toux5q6m2v7x2unyhznh/app.bsky.feed.post/3m5o3zri2jk2n
mcwattly.bsky.social,judesherry.bsky.social,at://did:plc:tjj7toux5q6m2v7x2unyhznh/app.bsky.feed.post/3m5o3zri2jk2n
joenoonan.bsky.social,judesherry.bsky.social,at://did:plc:tjj7toux5q6m2v7x2unyhznh/app.bsky.feed.post/3m5o3zri2jk2n
emmadragon.bsky.social,orla-hegarty.bsky.social,at://did:plc:aozsf6n4ii7kftvlsr2yvfhq/app.bsky.feed.post/3m5o2cmseas22
helendublin.bsky.social,orla-hegarty.bsky.social,at://did:plc:aozsf6n4ii7kftvlsr2yvfhq/app.bsky.feed.post/3m5o2cmseas22
sharrow.bsky.social,msmcglencree.bsky.social,at://did:plc:tvwagmwteyuzfgkxwsqjvhya/app.bsky.feed.post/3m5o24zah4c22
darach.bsky.social,rdisc0mb0bulate.bsky.social,at://did:plc:v6y63c54iecyzlxp3vrxvwv2/app.bsky.feed.post/3m5o24f5gws2d
sperplexitas.bsky.social,andyscollick.bsky.social,at://did:plc:jaghk4rwlrciav5aieckiiit/app.bsky.feed.post/3m5nzvwjdzk2v
lisafight.bsky.social,andyscollick.bsky.social,at://did:plc:jaghk4rwlrciav5aieckiiit/app.bsky.feed.post/3m5nzvwjdzk2v
ilvestoomas.bsky.social,andyscollick.bsky.social,at://did:plc:jaghk4rwlrciav5aieckiiit/app.bsky.feed.post/3m5nzvwjdzk2v
erislovesmovies.bsky.social,rdisc0mb0bulate.bsky.social,at://did:plc:v6y63c54iecyzlxp3vrxvwv2/app.bsky.feed.post/3m5nzi4vwx22d
oisinmcgann.bsky.social,rdisc0mb0bulate.bsky.social,at://did:plc:v6y63c54iecyzlxp3vrxvwv2/app.bsky.feed.post/3m5nzi4vwx22d
jenniferomeara5.bsky.social,rdisc0mb0bulate.bsky.social,at://did:plc:v6y63c54iecyzlxp3vrxvwv2/app.bsky.feed.post/3m5nzi4vwx22d
irishwol.bsky.social,rdisc0mb0bulate.bsky.social,at://did:plc:v6y63c54iecyzlxp3vrxvwv2/app.bsky.feed.post/3m5nzi4vwx22d
lamhfada.bsky.social,rdisc0mb0bulate.bsky.social,at://did:plc:v6y63c54iecyzlxp3vrxvwv2/app.bsky.feed.post/3m5nzi4vwx22d
alimack13.bsky.social,rdisc0mb0bulate.bsky.social,at://did:plc:v6y63c54iecyzlxp3vrxvwv2/app.bsky.feed.post/3m5nzi4vwx22d
lockdownbookclub.bsky.social,rdisc0mb0bulate.bsky.social,at://did:plc:v6y63c54iecyzlxp3vrxvwv2/app.bsky.feed.post/3m5nzi4vwx22d
slated.ie,rdisc0mb0bulate.bsky.social,at://did:plc:v6y63c54iecyzlxp3vrxvwv2/app.bsky.feed.post/3m5nzi4vwx22d
lynnok.bsky.social,darylfeehely.com,at://did:plc:imdb5lnqdvuployv2wxfgdms/app.bsky.feed.post/3m5nyze5br222
judesherry.bsky.social,darylfeehely.com,at://did:plc:imdb5lnqdvuployv2wxfgdms/app.bsky.feed.post/3m5nyze5br222
frankoconnor.bsky.social,darylfeehely.com,at://did:plc:imdb5lnqdvuployv2wxfgdms/app.bsky.feed.post/3m5nyze5br222
wilhelmusjanus.bsky.social,andyscollick.bsky.social,at://did:plc:jaghk4rwlrciav5aieckiiit/app.bsky.feed.post/3m5nymskuuk2d
leafybatter.bsky.social,bgormley.bsky.social,at://did:plc:223cpcieytdlbmzovhs2ypg2/app.bsky.feed.post/3m5nxtqceec2w
andrimagnason.bsky.social,bgormley.bsky.social,at://did:plc:223cpcieytdlbmzovhs2ypg2/app.bsky.feed.post/3m5nxtqceec2w
snutty.bsky.social,bgormley.bsky.social,at://did:plc:223cpcieytdlbmzovhs2ypg2/app.bsky.feed.post/3m5nxtqceec2w
cosybatter.bsky.social,bgormley.bsky.social,at://did:plc:223cpcieytdlbmzovhs2ypg2/app.bsky.feed.post/3m5nxtqceec2w
paddypadman.bsky.social,ciaraioch.bsky.social,at://did:plc:4pxxjie2356nqxd3cwf6hbpk/app.bsky.feed.post/3m5nwwid2xc2t
lamhfada.bsky.social,ciaraioch.bsky.social,at://did:plc:4pxxjie2356nqxd3cwf6hbpk/app.bsky.feed.post/3m5nwwid2xc2t
stephencward.com,ciaraioch.bsky.social,at://did:plc:4pxxjie2356nqxd3cwf6hbpk/app.bsky.feed.post/3m5nwwid2xc2t
helendublin.bsky.social,orla-hegarty.bsky.social,at://did:plc:aozsf6n4ii7kftvlsr2yvfhq/app.bsky.feed.post/3m5nwodqb5s22
fotoole.bsky.social,orla-hegarty.bsky.social,at://did:plc:aozsf6n4ii7kftvlsr2yvfhq/app.bsky.feed.post/3m5nwodqb5s22
cudbeorht.bsky.social,orla-hegarty.bsky.social,at://did:plc:aozsf6n4ii7kftvlsr2yvfhq/app.bsky.feed.post/3m5nwodqb5s22
msfrugalone.bsky.social,alimack13.bsky.social,at://did:plc:atvnvkmpkr3szyzr25bd63uh/app.bsky.feed.post/3m5nvzspj622e
consumerfrank.bsky.social,darylfeehely.com,at://did:plc:imdb5lnqdvuployv2wxfgdms/app.bsky.feed.post/3m5nvo7nyzc22
pixie3.bsky.social,ainekeenan.bsky.social,at://did:plc:gjsoejzm7at4syhrvzgizrev/app.bsky.feed.post/3m5ncoivqkc2a
taicheuk.bsky.social,ainekeenan.bsky.social,at://did:plc:gjsoejzm7at4syhrvzgizrev/app.bsky.feed.post/3m5ncoivqkc2a
vegypower.bsky.social,ainekeenan.bsky.social,at://did:plc:gjsoejzm7at4syhrvzgizrev/app.bsky.feed.post/3m5ncoivqkc2a
pierpaolo.bsky.social,ainekeenan.bsky.social,at://did:plc:gjsoejzm7at4syhrvzgizrev/app.bsky.feed.post/3m5ncoivqkc2a
albert-ibars.bsky.social,ainekeenan.bsky.social,at://did:plc:gjsoejzm7at4syhrvzgizrev/app.bsky.feed.post/3m5ncoivqkc2a
melysue.bsky.social,ainekeenan.bsky.social,at://did:plc:gjsoejzm7at4syhrvzgizrev/app.bsky.feed.post/3m5ncoivqkc2a
dukejr.bsky.social,ainekeenan.bsky.social,at://did:plc:gjsoejzm7at4syhrvzgizrev/app.bsky.feed.post/3m5ncoivqkc2a
thebluemango.in,ainekeenan.bsky.social,at://did:plc:gjsoejzm7at4syhrvzgizrev/app.bsky.feed.post/3m5ncoivqkc2a
breeze420.bsky.social,ainekeenan.bsky.social,at://did:plc:gjsoejzm7at4syhrvzgizrev/app.bsky.feed.post/3m5ncoivqkc2a
beneteau31.bsky.social,ainekeenan.bsky.social,at://did:plc:gjsoejzm7at4syhrvzgizrev/app.bsky.feed.post/3m5ncoivqkc2a
niamhie.bsky.social,ainekeenan.bsky.social,at://did:plc:gjsoejzm7at4syhrvzgizrev/app.bsky.feed.post/3m5ncoivqkc2a
potetan87.bsky.social,ainekeenan.bsky.social,at://did:plc:gjsoejzm7at4syhrvzgizrev/app.bsky.feed.post/3m5ncoivqkc2a
roberttropper.bsky.social,ainekeenan.bsky.social,at://did:plc:gjsoejzm7at4syhrvzgizrev/app.bsky.feed.post/3m5ncoivqkc2a
monikamazick.bsky.social,ainekeenan.bsky.social,at://did:plc:gjsoejzm7at4syhrvzgizrev/app.bsky.feed.post/3m5ncoivqkc2a
peter-mugridge.bsky.social,ainekeenan.bsky.social,at://did:plc:gjsoejzm7at4syhrvzgizrev/app.bsky.feed.post/3m5ncoivqkc2a
airwiloon.bsky.social,ainekeenan.bsky.social,at://did:plc:gjsoejzm7at4syhrvzgizrev/app.bsky.feed.post/3m5ncoivqkc2a
mindheartinsoul.bsky.social,ainekeenan.bsky.social,at://did:plc:gjsoejzm7at4syhrvzgizrev/app.bsky.feed.post/3m5ncoivqkc2a
jaycee-visionlogic.bsky.social,ainekeenan.bsky.social,at://did:plc:gjsoejzm7at4syhrvzgizrev/app.bsky.feed.post/3m5ncoivqkc2a
lyphshro.bsky.social,ainekeenan.bsky.social,at://did:plc:gjsoejzm7at4syhrvzgizrev/app.bsky.feed.post/3m5ncoivqkc2a
authorstephenson.bsky.social,ainekeenan.bsky.social,at://did:plc:gjsoejzm7at4syhrvzgizrev/app.bsky.feed.post/3m5ncoivqkc2a
tupped.bsky.social,hazelklarkin.bsky.social,at://did:plc:jxo3eqeeh3kxphirpaqlbnaq/app.bsky.feed.post/3m5n4yjz4yk2s
onefinekitty.bsky.social,hazelklarkin.bsky.social,at://did:plc:jxo3eqeeh3kxphirpaqlbnaq/app.bsky.feed.post/3m5n4yjz4yk2s
oisinmcgann.bsky.social,hazelklarkin.bsky.social,at://did:plc:jxo3eqeeh3kxphirpaqlbnaq/app.bsky.feed.post/3m5n4yjz4yk2s
beachbum7777.bsky.social,hazelklarkin.bsky.social,at://did:plc:jxo3eqeeh3kxphirpaqlbnaq/app.bsky.feed.post/3m5n4yjz4yk2s
faduda.bsky.social,hazelklarkin.bsky.social,at://did:plc:jxo3eqeeh3kxphirpaqlbnaq/app.bsky.feed.post/3m5n4yjz4yk2s
sinebrien.bsky.social,hazelklarkin.bsky.social,at://did:plc:jxo3eqeeh3kxphirpaqlbnaq/app.bsky.feed.post/3m5n4yjz4yk2s
fififinx.bsky.social,hazelklarkin.bsky.social,at://did:plc:jxo3eqeeh3kxphirpaqlbnaq/app.bsky.feed.post/3m5n4yjz4yk2s
mrmooshoo.bsky.social,hazelklarkin.bsky.social,at://did:plc:jxo3eqeeh3kxphirpaqlbnaq/app.bsky.feed.post/3m5n4yjz4yk2s
eoinmcunningham.bsky.social,hazelklarkin.bsky.social,at://did:plc:jxo3eqeeh3kxphirpaqlbnaq/app.bsky.feed.post/3m5n4yjz4yk2s
coreilly.bsky.social,hazelklarkin.bsky.social,at://did:plc:jxo3eqeeh3kxphirpaqlbnaq/app.bsky.feed.post/3m5n4yjz4yk2s
mcnastyprime.bsky.social,hazelklarkin.bsky.social,at://did:plc:jxo3eqeeh3kxphirpaqlbnaq/app.bsky.feed.post/3m5n4yjz4yk2s
jessicamgw.bsky.social,hazelklarkin.bsky.social,at://did:plc:jxo3eqeeh3kxphirpaqlbnaq/app.bsky.feed.post/3m5n4yjz4yk2s
jakwilde.bsky.social,hazelklarkin.bsky.social,at://did:plc:jxo3eqeeh3kxphirpaqlbnaq/app.bsky.feed.post/3m5n4yjz4yk2s
miridescent.bsky.social,sharrow.bsky.social,at://did:plc:uwji4l3wzsygaxduowluqmgr/app.bsky.feed.post/3m5mwvnyejc2y
eils1.bsky.social,sharrow.bsky.social,at://did:plc:uwji4l3wzsygaxduowluqmgr/app.bsky.feed.post/3m5ms62csb22l
miridescent.bsky.social,jenniferomeara5.bsky.social,at://did:plc:wse2xzmb4etf7dpmdodw75lt/app.bsky.feed.post/3m5mpzlm35k2y
slated.ie,jenniferomeara5.bsky.social,at://did:plc:wse2xzmb4etf7dpmdodw75lt/app.bsky.feed.post/3m5mpzlm35k2y
dirtycitybird.trann.ie,doublek01.bsky.social,at://did:plc:prly24cm7uliwpa5khnuxuej/app.bsky.feed.post/3m5mhdjpmoc23
jasonlee.ie,doublek01.bsky.social,at://did:plc:prly24cm7uliwpa5khnuxuej/app.bsky.feed.post/3m5mhdjpmoc23
siobhanmcelduff.bsky.social,doublek01.bsky.social,at://did:plc:prly24cm7uliwpa5khnuxuej/app.bsky.feed.post/3m5mhdjpmoc23
miridescent.bsky.social,doublek01.bsky.social,at://did:plc:prly24cm7uliwpa5khnuxuej/app.bsky.feed.post/3m5mhdjpmoc23
miridescent.bsky.social,creativedynamix.bsky.social,at://did:plc:tlnguhs2pkkplm3zhyi63lms/app.bsky.feed.post/3m5mdmo4qp22x
derekbrauders.bsky.social,creativedynamix.bsky.social,at://did:plc:tlnguhs2pkkplm3zhyi63lms/app.bsky.feed.post/3m5mdmo4qp22x
miridescent.bsky.social,sharrow.bsky.social,at://did:plc:uwji4l3wzsygaxduowluqmgr/app.bsky.feed.post/3m5mcgq7rn22t
pashortt.bsky.social,sharrow.bsky.social,at://did:plc:uwji4l3wzsygaxduowluqmgr/app.bsky.feed.post/3m5mcgq7rn22t
nigellicus.bsky.social,sharrow.bsky.social,at://did:plc:uwji4l3wzsygaxduowluqmgr/app.bsky.feed.post/3m5mcgq7rn22t
rothaiocht.bsky.social,rogerokeeffe.bsky.social,at://did:plc:56aoxjem4pjvtqsscuhq223t/app.bsky.feed.post/3m5mc4dehtk2z
biscuitspatinkin.bsky.social,grainneblair.bsky.social,at://did:plc:htzrfp3q6p3ht3x7knog6mdd/app.bsky.feed.post/3m5mbleqdik2w
miridescent.bsky.social,python-ireland.bsky.social,at://did:plc:uykfbllmouhzglizubgmqu2d/app.bsky.feed.post/3m5m5ci4epc2g
allynh.bsky.social,python-ireland.bsky.social,at://did:plc:uykfbllmouhzglizubgmqu2d/app.bsky.feed.post/3m5m5ci4epc2g
miridescent.bsky.social,jhshelley.bsky.social,at://did:plc:vjfdasv4ih34nmfxkit4obeo/app.bsky.feed.post/3m5lysb464226
anaemicroyalty.bsky.social,squeefulraven.bsky.social,at://did:plc:lcczgcqfsgyocligu3ukzexx/app.bsky.feed.post/3m5ly4mghek2w
sanguinelinguine.bsky.social,squeefulraven.bsky.social,at://did:plc:lcczgcqfsgyocligu3ukzexx/app.bsky.feed.post/3m5ly4mghek2w
junewanders.bsky.social,squeefulraven.bsky.social,at://did:plc:lcczgcqfsgyocligu3ukzexx/app.bsky.feed.post/3m5ly4mghek2w
fullmetalducky.bsky.social,squeefulraven.bsky.social,at://did:plc:lcczgcqfsgyocligu3ukzexx/app.bsky.feed.post/3m5ly4mghek2w
alimack13.bsky.social,squeefulraven.bsky.social,at://did:plc:lcczgcqfsgyocligu3ukzexx/app.bsky.feed.post/3m5ly4mghek2w
miridescent.bsky.social,squeefulraven.bsky.social,at://did:plc:lcczgcqfsgyocligu3ukzexx/app.bsky.feed.post/3m5ly4mghek2w
zhugezhehao.bsky.social,orla-hegarty.bsky.social,at://did:plc:aozsf6n4ii7kftvlsr2yvfhq/app.bsky.feed.post/3m5lxmagk4s2w
emmetkirwan.bsky.social,orla-hegarty.bsky.social,at://did:plc:aozsf6n4ii7kftvlsr2yvfhq/app.bsky.feed.post/3m5lxmagk4s2w
dochara.com,orla-hegarty.bsky.social,at://did:plc:aozsf6n4ii7kftvlsr2yvfhq/app.bsky.feed.post/3m5lxmagk4s2w
robosullivan.bsky.social,orla-hegarty.bsky.social,at://did:plc:aozsf6n4ii7kftvlsr2yvfhq/app.bsky.feed.post/3m5lxmagk4s2w
emmadragon.bsky.social,orla-hegarty.bsky.social,at://did:plc:aozsf6n4ii7kftvlsr2yvfhq/app.bsky.feed.post/3m5lxmagk4s2w
wesgo.bsky.social,orla-hegarty.bsky.social,at://did:plc:aozsf6n4ii7kftvlsr2yvfhq/app.bsky.feed.post/3m5lxmagk4s2w
helendublin.bsky.social,orla-hegarty.bsky.social,at://did:plc:aozsf6n4ii7kftvlsr2yvfhq/app.bsky.feed.post/3m5lxmagk4s2w
chasman1888.bsky.social,orla-hegarty.bsky.social,at://did:plc:aozsf6n4ii7kftvlsr2yvfhq/app.bsky.feed.post/3m5lxmagk4s2w
mcwattly.bsky.social,orla-hegarty.bsky.social,at://did:plc:aozsf6n4ii7kftvlsr2yvfhq/app.bsky.feed.post/3m5lxmagk4s2w
cudbeorht.bsky.social,orla-hegarty.bsky.social,at://did:plc:aozsf6n4ii7kftvlsr2yvfhq/app.bsky.feed.post/3m5lxmagk4s2w
siobhanmcelduff.bsky.social,orla-hegarty.bsky.social,at://did:plc:aozsf6n4ii7kftvlsr2yvfhq/app.bsky.feed.post/3m5lxmagk4s2w
hazelklarkin.bsky.social,shazbear.bsky.social,at://did:plc:jl6cn5yuzpi4tj5vfl7ysfrm/app.bsky.feed.post/3m5luknfqlk2b
sophiagrene.bsky.social,electionlit.bsky.social,at://did:plc:swknwdgyvbkrbda6fdhhwefj/app.bsky.feed.post/3m5lufomrrc2x
genevievecogman.bsky.social,electionlit.bsky.social,at://did:plc:swknwdgyvbkrbda6fdhhwefj/app.bsky.feed.post/3m5lufomrrc2x
suzimagee.bsky.social,electionlit.bsky.social,at://did:plc:swknwdgyvbkrbda6fdhhwefj/app.bsky.feed.post/3m5lufomrrc2x
decervelage.bsky.social,electionlit.bsky.social,at://did:plc:swknwdgyvbkrbda6fdhhwefj/app.bsky.feed.post/3m5lufomrrc2x
itsmeterip.bsky.social,electionlit.bsky.social,at://did:plc:swknwdgyvbkrbda6fdhhwefj/app.bsky.feed.post/3m5lufomrrc2x
eta-volantis.bsky.social,electionlit.bsky.social,at://did:plc:swknwdgyvbkrbda6fdhhwefj/app.bsky.feed.post/3m5lufomrrc2x
foolhandy.bsky.social,electionlit.bsky.social,at://did:plc:swknwdgyvbkrbda6fdhhwefj/app.bsky.feed.post/3m5lufomrrc2x
ffredclegg.bsky.social,electionlit.bsky.social,at://did:plc:swknwdgyvbkrbda6fdhhwefj/app.bsky.feed.post/3m5lufomrrc2x
nocontextsiobhan.bsky.social,electionlit.bsky.social,at://did:plc:swknwdgyvbkrbda6fdhhwefj/app.bsky.feed.post/3m5lufomrrc2x
julietemckenna.bsky.social,electionlit.bsky.social,at://did:plc:swknwdgyvbkrbda6fdhhwefj/app.bsky.feed.post/3m5lufomrrc2x
parcival51.bsky.social,electionlit.bsky.social,at://did:plc:swknwdgyvbkrbda6fdhhwefj/app.bsky.feed.post/3m5lufomrrc2x
ronanhession.bsky.social,electionlit.bsky.social,at://did:plc:swknwdgyvbkrbda6fdhhwefj/app.bsky.feed.post/3m5lufomrrc2x
atticuspeirgorm.bsky.social,electionlit.bsky.social,at://did:plc:swknwdgyvbkrbda6fdhhwefj/app.bsky.feed.post/3m5lufomrrc2x
stivvers.bsky.social,electionlit.bsky.social,at://did:plc:swknwdgyvbkrbda6fdhhwefj/app.bsky.feed.post/3m5lufomrrc2x
greyskiesthinking.bsky.social,electionlit.bsky.social,at://did:plc:swknwdgyvbkrbda6fdhhwefj/app.bsky.feed.post/3m5lufomrrc2x
keithadams.bsky.social,electionlit.bsky.social,at://did:plc:swknwdgyvbkrbda6fdhhwefj/app.bsky.feed.post/3m5lufomrrc2x
siobhanmcelduff.bsky.social,electionlit.bsky.social,at://did:plc:swknwdgyvbkrbda6fdhhwefj/app.bsky.feed.post/3m5lufomrrc2x
fredorrarci.bsky.social,electionlit.bsky.social,at://did:plc:swknwdgyvbkrbda6fdhhwefj/app.bsky.feed.post/3m5lufomrrc2x
fcemurphy.bsky.social,electionlit.bsky.social,at://did:plc:swknwdgyvbkrbda6fdhhwefj/app.bsky.feed.post/3m5lufomrrc2x
bettyincork.bsky.social,electionlit.bsky.social,at://did:plc:swknwdgyvbkrbda6fdhhwefj/app.bsky.feed.post/3m5lufomrrc2x
drmcarley.bsky.social,electionlit.bsky.social,at://did:plc:swknwdgyvbkrbda6fdhhwefj/app.bsky.feed.post/3m5lufomrrc2x
paulsandars.bsky.social,electionlit.bsky.social,at://did:plc:swknwdgyvbkrbda6fdhhwefj/app.bsky.feed.post/3m5lufomrrc2x
taesaveslives.bsky.social,siobhanmcclean.bsky.social,at://did:plc:x5lrler73bq3lzmf5hwks5wg/app.bsky.feed.post/3m5ltck4vfc26
theapplefarmer.bsky.social,siobhanmcclean.bsky.social,at://did:plc:x5lrler73bq3lzmf5hwks5wg/app.bsky.feed.post/3m5ltck4vfc26
taram.bsky.social,caroleducky.bsky.social,at://did:plc:wk4vbtn77njhk4mlohgewj2m/app.bsky.feed.post/3m5lt3h4ekc22
sociuscriminis.bsky.social,caroleducky.bsky.social,at://did:plc:wk4vbtn77njhk4mlohgewj2m/app.bsky.feed.post/3m5lt3h4ekc22
kev85.bsky.social,uplift.ie,at://did:plc:p3ajfs5yqzh6anrao6r73nho/app.bsky.feed.post/3m5lqan2a2c2r
dougsloane.bsky.social,caroleducky.bsky.social,at://did:plc:wk4vbtn77njhk4mlohgewj2m/app.bsky.feed.post/3m5lpmeycrc2n
queen-crafty.bsky.social,caroleducky.bsky.social,at://did:plc:wk4vbtn77njhk4mlohgewj2m/app.bsky.feed.post/3m5lpmeycrc2n
eils1.bsky.social,caroleducky.bsky.social,at://did:plc:wk4vbtn77njhk4mlohgewj2m/app.bsky.feed.post/3m5lpmeycrc2n
ritawild.bsky.social,caroleducky.bsky.social,at://did:plc:wk4vbtn77njhk4mlohgewj2m/app.bsky.feed.post/3m5lpmeycrc2n
lamhfada.bsky.social,caroleducky.bsky.social,at://did:plc:wk4vbtn77njhk4mlohgewj2m/app.bsky.feed.post/3m5lpmeycrc2n
mistygaltees.bsky.social,caroleducky.bsky.social,at://did:plc:wk4vbtn77njhk4mlohgewj2m/app.bsky.feed.post/3m5lpmeycrc2n
niallp23.bsky.social,caroleducky.bsky.social,at://did:plc:wk4vbtn77njhk4mlohgewj2m/app.bsky.feed.post/3m5lpmeycrc2n
cudbeorht.bsky.social,caroleducky.bsky.social,at://did:plc:wk4vbtn77njhk4mlohgewj2m/app.bsky.feed.post/3m5lpmeycrc2n
thibarg.bsky.social,caroleducky.bsky.social,at://did:plc:wk4vbtn77njhk4mlohgewj2m/app.bsky.feed.post/3m5lpmeycrc2n
mnicearbhaill.bsky.social,caroleducky.bsky.social,at://did:plc:wk4vbtn77njhk4mlohgewj2m/app.bsky.feed.post/3m5lpmeycrc2n
bainne.bsky.social,caroleducky.bsky.social,at://did:plc:wk4vbtn77njhk4mlohgewj2m/app.bsky.feed.post/3m5lpmeycrc2n
nocontextsiobhan.bsky.social,lisagrimm.com,at://did:plc:bjovrbtmnlckoh6vaalnqjzi/app.bsky.feed.post/3m5lolhiock2u
aveteresa.bsky.social,claireissimo.bsky.social,at://did:plc:il65euvovepysgitnnxtyghe/app.bsky.feed.post/3m5lnpefjkc2q
ottoflux.com,flockdublin.bsky.social,at://did:plc:2ll6cgbcj4u3prjbf75bjvjr/app.bsky.feed.post/3m5lmutfocilp
slated.ie,flockdublin.bsky.social,at://did:plc:2ll6cgbcj4u3prjbf75bjvjr/app.bsky.feed.post/3m5lmutfocilp
mahoganygaspipes.bsky.social,meltyshirts.com,at://did:plc:pdendcplixw4gxmn7ubv3dnd/app.bsky.feed.post/3m5lln57lnk2w
smidgendublin.bsky.social,meltyshirts.com,at://did:plc:pdendcplixw4gxmn7ubv3dnd/app.bsky.feed.post/3m5lln57lnk2w
gildedalm.com,gildedalm.com,at://did:plc:b25fw5q6tr2faqdy52du276g/app.bsky.feed.post/3m5lkatbix22t
ianmaclochlainn.bsky.social,nordaltsee.bsky.social,at://did:plc:fp3kfdvjyskh74nzp74bwcah/app.bsky.feed.post/3m5let2sxoc2f
dundeesat.bsky.social,nordaltsee.bsky.social,at://did:plc:fp3kfdvjyskh74nzp74bwcah/app.bsky.feed.post/3m5let2sxoc2f
jasonlee.ie,nordaltsee.bsky.social,at://did:plc:fp3kfdvjyskh74nzp74bwcah/app.bsky.feed.post/3m5let2sxoc2f
mimmcloughlin.bsky.social,nordaltsee.bsky.social,at://did:plc:fp3kfdvjyskh74nzp74bwcah/app.bsky.feed.post/3m5let2sxoc2f
aoifeb.bsky.social,nordaltsee.bsky.social,at://did:plc:fp3kfdvjyskh74nzp74bwcah/app.bsky.feed.post/3m5let2sxoc2f
billallen.bsky.social,smidgendublin.bsky.social,at://did:plc:34xv6f7iv63eqdmgqd7jyws6/app.bsky.feed.post/3m5ld4pey3c23
smidgendublin.bsky.social,smidgendublin.bsky.social,at://did:plc:34xv6f7iv63eqdmgqd7jyws6/app.bsky.feed.post/3m5ld4pey3c23
smidgendublin.bsky.social,smidgendublin.bsky.social,at://did:plc:34xv6f7iv63eqdmgqd7jyws6/app.bsky.feed.post/3m5lcqbf57c2a
ianmaclochlainn.bsky.social,lokideburca.bsky.social,at://did:plc:ro76qxmd6nel5b5p4262x5eq/app.bsky.feed.post/3m5l3xjmycs27
eils1.bsky.social,lokideburca.bsky.social,at://did:plc:ro76qxmd6nel5b5p4262x5eq/app.bsky.feed.post/3m5l3xjmycs27
ciallmhar.bsky.social,lokideburca.bsky.social,at://did:plc:ro76qxmd6nel5b5p4262x5eq/app.bsky.feed.post/3m5l3xjmycs27
super-widget.bsky.social,lokideburca.bsky.social,at://did:plc:ro76qxmd6nel5b5p4262x5eq/app.bsky.feed.post/3m5l3xjmycs27
hazelklarkin.bsky.social,lokideburca.bsky.social,at://did:plc:ro76qxmd6nel5b5p4262x5eq/app.bsky.feed.post/3m5l3xjmycs27
lamhfada.bsky.social,lokideburca.bsky.social,at://did:plc:ro76qxmd6nel5b5p4262x5eq/app.bsky.feed.post/3m5l3xjmycs27
ciara2001.bsky.social,lokideburca.bsky.social,at://did:plc:ro76qxmd6nel5b5p4262x5eq/app.bsky.feed.post/3m5l3xjmycs27
mickboss.bsky.social,lokideburca.bsky.social,at://did:plc:ro76qxmd6nel5b5p4262x5eq/app.bsky.feed.post/3m5l3xjmycs27
athenamediaie.bsky.social,lokideburca.bsky.social,at://did:plc:ro76qxmd6nel5b5p4262x5eq/app.bsky.feed.post/3m5l3xjmycs27
atticuspeirgorm.bsky.social,lokideburca.bsky.social,at://did:plc:ro76qxmd6nel5b5p4262x5eq/app.bsky.feed.post/3m5l3xjmycs27
telescoper.bsky.social,lokideburca.bsky.social,at://did:plc:ro76qxmd6nel5b5p4262x5eq/app.bsky.feed.post/3m5l3xjmycs27
liamharkin.bsky.social,lokideburca.bsky.social,at://did:plc:ro76qxmd6nel5b5p4262x5eq/app.bsky.feed.post/3m5l3xjmycs27
opexcain.bsky.social,lokideburca.bsky.social,at://did:plc:ro76qxmd6nel5b5p4262x5eq/app.bsky.feed.post/3m5l3xjmycs27
niamhnicheallaigh.bsky.social,lokideburca.bsky.social,at://did:plc:ro76qxmd6nel5b5p4262x5eq/app.bsky.feed.post/3m5l3xjmycs27
paulsandars.bsky.social,lokideburca.bsky.social,at://did:plc:ro76qxmd6nel5b5p4262x5eq/app.bsky.feed.post/3m5l3xjmycs27
photoblair.bsky.social,ainekeenan.bsky.social,at://did:plc:gjsoejzm7at4syhrvzgizrev/app.bsky.feed.post/3m5kzajd7fs2v
taicheuk.bsky.social,ainekeenan.bsky.social,at://did:plc:gjsoejzm7at4syhrvzgizrev/app.bsky.feed.post/3m5kzajd7fs2v
billallen.bsky.social,ainekeenan.bsky.social,at://did:plc:gjsoejzm7at4syhrvzgizrev/app.bsky.feed.post/3m5kzajd7fs2v
albert-ibars.bsky.social,ainekeenan.bsky.social,at://did:plc:gjsoejzm7at4syhrvzgizrev/app.bsky.feed.post/3m5kzajd7fs2v
sdcushing.bsky.social,ainekeenan.bsky.social,at://did:plc:gjsoejzm7at4syhrvzgizrev/app.bsky.feed.post/3m5kzajd7fs2v
melysue.bsky.social,ainekeenan.bsky.social,at://did:plc:gjsoejzm7at4syhrvzgizrev/app.bsky.feed.post/3m5kzajd7fs2v
cathhart.bsky.social,ainekeenan.bsky.social,at://did:plc:gjsoejzm7at4syhrvzgizrev/app.bsky.feed.post/3m5kzajd7fs2v
dukejr.bsky.social,ainekeenan.bsky.social,at://did:plc:gjsoejzm7at4syhrvzgizrev/app.bsky.feed.post/3m5kzajd7fs2v
breeze420.bsky.social,ainekeenan.bsky.social,at://did:plc:gjsoejzm7at4syhrvzgizrev/app.bsky.feed.post/3m5kzajd7fs2v
beneteau31.bsky.social,ainekeenan.bsky.social,at://did:plc:gjsoejzm7at4syhrvzgizrev/app.bsky.feed.post/3m5kzajd7fs2v
niamhie.bsky.social,ainekeenan.bsky.social,at://did:plc:gjsoejzm7at4syhrvzgizrev/app.bsky.feed.post/3m5kzajd7fs2v
gulliver77.bsky.social,ainekeenan.bsky.social,at://did:plc:gjsoejzm7at4syhrvzgizrev/app.bsky.feed.post/3m5kzajd7fs2v
deanbarker.bsky.social,ainekeenan.bsky.social,at://did:plc:gjsoejzm7at4syhrvzgizrev/app.bsky.feed.post/3m5kzajd7fs2v
pelzerb.bsky.social,ainekeenan.bsky.social,at://did:plc:gjsoejzm7at4syhrvzgizrev/app.bsky.feed.post/3m5kzajd7fs2v
jaycee-visionlogic.bsky.social,ainekeenan.bsky.social,at://did:plc:gjsoejzm7at4syhrvzgizrev/app.bsky.feed.post/3m5kzajd7fs2v
lyphshro.bsky.social,ainekeenan.bsky.social,at://did:plc:gjsoejzm7at4syhrvzgizrev/app.bsky.feed.post/3m5kzajd7fs2v
coreilly.bsky.social,jenniferomeara5.bsky.social,at://did:plc:wse2xzmb4etf7dpmdodw75lt/app.bsky.feed.post/3m5kngfkckk2s
taryndevere.bsky.social,mairenimhordha.bsky.social,at://did:plc:367j7vu5r3gmfjoecplnrhvb/app.bsky.feed.post/3m5kalsayrc2z
flannlmacgowan.bsky.social,mairenimhordha.bsky.social,at://did:plc:367j7vu5r3gmfjoecplnrhvb/app.bsky.feed.post/3m5kalsayrc2z
sharrow.bsky.social,karenoc.bsky.social,at://did:plc:6hkl7fbyzvr6nb7xw3n4k3ks/app.bsky.feed.post/3m5ka2gzl5k2g
sharrow.bsky.social,marcocathasaigh.bsky.social,at://did:plc:hwmq6mpg7enk436vw6rg4o5g/app.bsky.feed.post/3m5k6oiv2i22c
uilliammac.bsky.social,marcocathasaigh.bsky.social,at://did:plc:hwmq6mpg7enk436vw6rg4o5g/app.bsky.feed.post/3m5k6oiv2i22c
aoifeb.bsky.social,marcocathasaigh.bsky.social,at://did:plc:hwmq6mpg7enk436vw6rg4o5g/app.bsky.feed.post/3m5k6oiv2i22c
karenoc.bsky.social,limerick4inarow.bsky.social,at://did:plc:ofmkl4k2ybutv5b3xpmuq36h/app.bsky.feed.post/3m5k6j2zcgs2c
amflynn.bsky.social,eslsys.bsky.social,at://did:plc:dnvpi77gppcosuglhn7nngk3/app.bsky.feed.post/3m5k6a42ewc2v
skybrina.org,eslsys.bsky.social,at://did:plc:dnvpi77gppcosuglhn7nngk3/app.bsky.feed.post/3m5k6a42ewc2v
dankerins.bsky.social,eslsys.bsky.social,at://did:plc:dnvpi77gppcosuglhn7nngk3/app.bsky.feed.post/3m5k6a42ewc2v
georgej57.bsky.social,eslsys.bsky.social,at://did:plc:dnvpi77gppcosuglhn7nngk3/app.bsky.feed.post/3m5k6a42ewc2v
treasaigh.bsky.social,eslsys.bsky.social,at://did:plc:dnvpi77gppcosuglhn7nngk3/app.bsky.feed.post/3m5k6a42ewc2v
doublek01.bsky.social,eslsys.bsky.social,at://did:plc:dnvpi77gppcosuglhn7nngk3/app.bsky.feed.post/3m5k6a42ewc2v
mcchouffe.bsky.social,eslsys.bsky.social,at://did:plc:dnvpi77gppcosuglhn7nngk3/app.bsky.feed.post/3m5k6a42ewc2v
helendublin.bsky.social,eslsys.bsky.social,at://did:plc:dnvpi77gppcosuglhn7nngk3/app.bsky.feed.post/3m5k6a42ewc2v
theodonnell.bsky.social,eslsys.bsky.social,at://did:plc:dnvpi77gppcosuglhn7nngk3/app.bsky.feed.post/3m5k6a42ewc2v
willlawless.bsky.social,eslsys.bsky.social,at://did:plc:dnvpi77gppcosuglhn7nngk3/app.bsky.feed.post/3m5k6a42ewc2v
glibguides.bsky.social,eslsys.bsky.social,at://did:plc:dnvpi77gppcosuglhn7nngk3/app.bsky.feed.post/3m5k6a42ewc2v
spiritof74.bsky.social,eslsys.bsky.social,at://did:plc:dnvpi77gppcosuglhn7nngk3/app.bsky.feed.post/3m5k6a42ewc2v
bubblenoma.bsky.social,eslsys.bsky.social,at://did:plc:dnvpi77gppcosuglhn7nngk3/app.bsky.feed.post/3m5k6a42ewc2v
rebelalliance77.bsky.social,eslsys.bsky.social,at://did:plc:dnvpi77gppcosuglhn7nngk3/app.bsky.feed.post/3m5k6a42ewc2v
dubiousfood.bsky.social,eslsys.bsky.social,at://did:plc:dnvpi77gppcosuglhn7nngk3/app.bsky.feed.post/3m5k6a42ewc2v
ernekid.bsky.social,eslsys.bsky.social,at://did:plc:dnvpi77gppcosuglhn7nngk3/app.bsky.feed.post/3m5k6a42ewc2v
emcreative.ie,eslsys.bsky.social,at://did:plc:dnvpi77gppcosuglhn7nngk3/app.bsky.feed.post/3m5k6a42ewc2v
karenoc.bsky.social,eslsys.bsky.social,at://did:plc:dnvpi77gppcosuglhn7nngk3/app.bsky.feed.post/3m5k6a42ewc2v
gavnugent.bsky.social,eslsys.bsky.social,at://did:plc:dnvpi77gppcosuglhn7nngk3/app.bsky.feed.post/3m5k6a42ewc2v
joc1991.bsky.social,eslsys.bsky.social,at://did:plc:dnvpi77gppcosuglhn7nngk3/app.bsky.feed.post/3m5k6a42ewc2v
amflynn.bsky.social,theodonnell.bsky.social,at://did:plc:laapn5mwj5oenlnezukis2k5/app.bsky.feed.post/3m5k5jh4oqs23
mickboss.bsky.social,wizball50.bsky.social,at://did:plc:wjnzr7ir5xhc6wrxtef7nyhx/app.bsky.feed.post/3m5k4w6m6as2k
cait.siorc.eu,lokideburca.bsky.social,at://did:plc:ro76qxmd6nel5b5p4262x5eq/app.bsky.feed.post/3m5k3pez4p22c
michelabarlow.bsky.social,lokideburca.bsky.social,at://did:plc:ro76qxmd6nel5b5p4262x5eq/app.bsky.feed.post/3m5k3pez4p22c
amflynn.bsky.social,lokideburca.bsky.social,at://did:plc:ro76qxmd6nel5b5p4262x5eq/app.bsky.feed.post/3m5k3pez4p22c
lionesskeeper.bsky.social,lokideburca.bsky.social,at://did:plc:ro76qxmd6nel5b5p4262x5eq/app.bsky.feed.post/3m5k3pez4p22c
bwalsh.bsky.social,lokideburca.bsky.social,at://did:plc:ro76qxmd6nel5b5p4262x5eq/app.bsky.feed.post/3m5k3pez4p22c
jamesmcshane.bsky.social,lokideburca.bsky.social,at://did:plc:ro76qxmd6nel5b5p4262x5eq/app.bsky.feed.post/3m5k3pez4p22c
wildecard.bsky.social,lokideburca.bsky.social,at://did:plc:ro76qxmd6nel5b5p4262x5eq/app.bsky.feed.post/3m5k3pez4p22c
brenkinse.bsky.social,lokideburca.bsky.social,at://did:plc:ro76qxmd6nel5b5p4262x5eq/app.bsky.feed.post/3m5k3pez4p22c
cormacos.bsky.social,lokideburca.bsky.social,at://did:plc:ro76qxmd6nel5b5p4262x5eq/app.bsky.feed.post/3m5k3pez4p22c
lydiabigley.bsky.social,lokideburca.bsky.social,at://did:plc:ro76qxmd6nel5b5p4262x5eq/app.bsky.feed.post/3m5k3pez4p22c
quiteclare.bsky.social,lokideburca.bsky.social,at://did:plc:ro76qxmd6nel5b5p4262x5eq/app.bsky.feed.post/3m5k3pez4p22c
vincentbyrne.bsky.social,lokideburca.bsky.social,at://did:plc:ro76qxmd6nel5b5p4262x5eq/app.bsky.feed.post/3m5k3pez4p22c
creativedynamix.bsky.social,lokideburca.bsky.social,at://did:plc:ro76qxmd6nel5b5p4262x5eq/app.bsky.feed.post/3m5k3pez4p22c
elainecrory.bsky.social,lokideburca.bsky.social,at://did:plc:ro76qxmd6nel5b5p4262x5eq/app.bsky.feed.post/3m5k3pez4p22c
culturalfatwa.bsky.social,lokideburca.bsky.social,at://did:plc:ro76qxmd6nel5b5p4262x5eq/app.bsky.feed.post/3m5k3pez4p22c
electionlit.bsky.social,lokideburca.bsky.social,at://did:plc:ro76qxmd6nel5b5p4262x5eq/app.bsky.feed.post/3m5k3pez4p22c
donoghuek.bsky.social,lokideburca.bsky.social,at://did:plc:ro76qxmd6nel5b5p4262x5eq/app.bsky.feed.post/3m5k3pez4p22c
emmadragon.bsky.social,lokideburca.bsky.social,at://did:plc:ro76qxmd6nel5b5p4262x5eq/app.bsky.feed.post/3m5k3pez4p22c
alkalinecollective.bsky.social,lokideburca.bsky.social,at://did:plc:ro76qxmd6nel5b5p4262x5eq/app.bsky.feed.post/3m5k3pez4p22c
ianthe.online,lokideburca.bsky.social,at://did:plc:ro76qxmd6nel5b5p4262x5eq/app.bsky.feed.post/3m5k3pez4p22c
meltyshirts.com,lokideburca.bsky.social,at://did:plc:ro76qxmd6nel5b5p4262x5eq/app.bsky.feed.post/3m5k3pez4p22c
wesgo.bsky.social,lokideburca.bsky.social,at://did:plc:ro76qxmd6nel5b5p4262x5eq/app.bsky.feed.post/3m5k3pez4p22c
eoinsmith.bsky.social,lokideburca.bsky.social,at://did:plc:ro76qxmd6nel5b5p4262x5eq/app.bsky.feed.post/3m5k3pez4p22c
eils1.bsky.social,lokideburca.bsky.social,at://did:plc:ro76qxmd6nel5b5p4262x5eq/app.bsky.feed.post/3m5k3pez4p22c
mal49.bsky.social,lokideburca.bsky.social,at://did:plc:ro76qxmd6nel5b5p4262x5eq/app.bsky.feed.post/3m5k3pez4p22c
tararoonies.bsky.social,lokideburca.bsky.social,at://did:plc:ro76qxmd6nel5b5p4262x5eq/app.bsky.feed.post/3m5k3pez4p22c
brianhonan.bsky.social,lokideburca.bsky.social,at://did:plc:ro76qxmd6nel5b5p4262x5eq/app.bsky.feed.post/3m5k3pez4p22c
spudman82.bsky.social,lokideburca.bsky.social,at://did:plc:ro76qxmd6nel5b5p4262x5eq/app.bsky.feed.post/3m5k3pez4p22c
paddypadman.bsky.social,lokideburca.bsky.social,at://did:plc:ro76qxmd6nel5b5p4262x5eq/app.bsky.feed.post/3m5k3pez4p22c
nameless-weevil.bsky.social,lokideburca.bsky.social,at://did:plc:ro76qxmd6nel5b5p4262x5eq/app.bsky.feed.post/3m5k3pez4p22c
alanlawlor.bsky.social,lokideburca.bsky.social,at://did:plc:ro76qxmd6nel5b5p4262x5eq/app.bsky.feed.post/3m5k3pez4p22c
faduda.bsky.social,lokideburca.bsky.social,at://did:plc:ro76qxmd6nel5b5p4262x5eq/app.bsky.feed.post/3m5k3pez4p22c
rugbykino.bsky.social,lokideburca.bsky.social,at://did:plc:ro76qxmd6nel5b5p4262x5eq/app.bsky.feed.post/3m5k3pez4p22c
lamhfada.bsky.social,lokideburca.bsky.social,at://did:plc:ro76qxmd6nel5b5p4262x5eq/app.bsky.feed.post/3m5k3pez4p22c
mickboss.bsky.social,lokideburca.bsky.social,at://did:plc:ro76qxmd6nel5b5p4262x5eq/app.bsky.feed.post/3m5k3pez4p22c
coffeeandpolitics.bsky.social,lokideburca.bsky.social,at://did:plc:ro76qxmd6nel5b5p4262x5eq/app.bsky.feed.post/3m5k3pez4p22c
wojtekborowicz.bsky.social,lokideburca.bsky.social,at://did:plc:ro76qxmd6nel5b5p4262x5eq/app.bsky.feed.post/3m5k3pez4p22c
brian215.bsky.social,lokideburca.bsky.social,at://did:plc:ro76qxmd6nel5b5p4262x5eq/app.bsky.feed.post/3m5k3pez4p22c
nessymon.bsky.social,lokideburca.bsky.social,at://did:plc:ro76qxmd6nel5b5p4262x5eq/app.bsky.feed.post/3m5k3pez4p22c
jdalton79.bsky.social,lokideburca.bsky.social,at://did:plc:ro76qxmd6nel5b5p4262x5eq/app.bsky.feed.post/3m5k3pez4p22c
sholingdex.bsky.social,lokideburca.bsky.social,at://did:plc:ro76qxmd6nel5b5p4262x5eq/app.bsky.feed.post/3m5k3pez4p22c
jbwh24.bsky.social,lokideburca.bsky.social,at://did:plc:ro76qxmd6nel5b5p4262x5eq/app.bsky.feed.post/3m5k3pez4p22c
atticuspeirgorm.bsky.social,lokideburca.bsky.social,at://did:plc:ro76qxmd6nel5b5p4262x5eq/app.bsky.feed.post/3m5k3pez4p22c
eilscan.bsky.social,lokideburca.bsky.social,at://did:plc:ro76qxmd6nel5b5p4262x5eq/app.bsky.feed.post/3m5k3pez4p22c
antaoife.bsky.social,lokideburca.bsky.social,at://did:plc:ro76qxmd6nel5b5p4262x5eq/app.bsky.feed.post/3m5k3pez4p22c
anliathanach.bsky.social,lokideburca.bsky.social,at://did:plc:ro76qxmd6nel5b5p4262x5eq/app.bsky.feed.post/3m5k3pez4p22c
chrismurphy201.bsky.social,lokideburca.bsky.social,at://did:plc:ro76qxmd6nel5b5p4262x5eq/app.bsky.feed.post/3m5k3pez4p22c
rebelalliance77.bsky.social,lokideburca.bsky.social,at://did:plc:ro76qxmd6nel5b5p4262x5eq/app.bsky.feed.post/3m5k3pez4p22c
lisagrimm.com,lokideburca.bsky.social,at://did:plc:ro76qxmd6nel5b5p4262x5eq/app.bsky.feed.post/3m5k3pez4p22c
regcoppinger.bsky.social,lokideburca.bsky.social,at://did:plc:ro76qxmd6nel5b5p4262x5eq/app.bsky.feed.post/3m5k3pez4p22c
joenoonan.bsky.social,lokideburca.bsky.social,at://did:plc:ro76qxmd6nel5b5p4262x5eq/app.bsky.feed.post/3m5k3pez4p22c
ernekid.bsky.social,lokideburca.bsky.social,at://did:plc:ro76qxmd6nel5b5p4262x5eq/app.bsky.feed.post/3m5k3pez4p22c
mooregroup.bsky.social,lokideburca.bsky.social,at://did:plc:ro76qxmd6nel5b5p4262x5eq/app.bsky.feed.post/3m5k3pez4p22c
oshaughnessy.social,lokideburca.bsky.social,at://did:plc:ro76qxmd6nel5b5p4262x5eq/app.bsky.feed.post/3m5k3pez4p22c
xolisaryan.bsky.social,lokideburca.bsky.social,at://did:plc:ro76qxmd6nel5b5p4262x5eq/app.bsky.feed.post/3m5k3pez4p22c
emcreative.ie,lokideburca.bsky.social,at://did:plc:ro76qxmd6nel5b5p4262x5eq/app.bsky.feed.post/3m5k3pez4p22c
fcemurphy.bsky.social,lokideburca.bsky.social,at://did:plc:ro76qxmd6nel5b5p4262x5eq/app.bsky.feed.post/3m5k3pez4p22c
chapkachapka.bsky.social,lokideburca.bsky.social,at://did:plc:ro76qxmd6nel5b5p4262x5eq/app.bsky.feed.post/3m5k3pez4p22c
dmleathley.bsky.social,lokideburca.bsky.social,at://did:plc:ro76qxmd6nel5b5p4262x5eq/app.bsky.feed.post/3m5k3pez4p22c
tinydbass.bsky.social,lokideburca.bsky.social,at://did:plc:ro76qxmd6nel5b5p4262x5eq/app.bsky.feed.post/3m5k3pez4p22c
dowdalln.bsky.social,lokideburca.bsky.social,at://did:plc:ro76qxmd6nel5b5p4262x5eq/app.bsky.feed.post/3m5k3pez4p22c
menaburke.bsky.social,lokideburca.bsky.social,at://did:plc:ro76qxmd6nel5b5p4262x5eq/app.bsky.feed.post/3m5k3pez4p22c
trish-roe.bsky.social,lokideburca.bsky.social,at://did:plc:ro76qxmd6nel5b5p4262x5eq/app.bsky.feed.post/3m5k3pez4p22c
drmcarley.bsky.social,lokideburca.bsky.social,at://did:plc:ro76qxmd6nel5b5p4262x5eq/app.bsky.feed.post/3m5k3pez4p22c
mimmcloughlin.bsky.social,lokideburca.bsky.social,at://did:plc:ro76qxmd6nel5b5p4262x5eq/app.bsky.feed.post/3m5k3pez4p22c
corcaighgodeo.bsky.social,lokideburca.bsky.social,at://did:plc:ro76qxmd6nel5b5p4262x5eq/app.bsky.feed.post/3m5k3pez4p22c
alansayscoyh.bsky.social,lokideburca.bsky.social,at://did:plc:ro76qxmd6nel5b5p4262x5eq/app.bsky.feed.post/3m5k3pez4p22c
arnofio.bsky.social,lokideburca.bsky.social,at://did:plc:ro76qxmd6nel5b5p4262x5eq/app.bsky.feed.post/3m5k3pez4p22c
pnamblath.bsky.social,susangriff.bsky.social,at://did:plc:fs625ovzqs2tosutroj2lfvz/app.bsky.feed.post/3m5k24awaas2l
sharrow.bsky.social,orla-hegarty.bsky.social,at://did:plc:aozsf6n4ii7kftvlsr2yvfhq/app.bsky.feed.post/3m5jzej42k22e
billallen.bsky.social,orla-hegarty.bsky.social,at://did:plc:aozsf6n4ii7kftvlsr2yvfhq/app.bsky.feed.post/3m5jzej42k22e
lokideburca.bsky.social,orla-hegarty.bsky.social,at://did:plc:aozsf6n4ii7kftvlsr2yvfhq/app.bsky.feed.post/3m5jzej42k22e
katherinemend.bsky.social,orla-hegarty.bsky.social,at://did:plc:aozsf6n4ii7kftvlsr2yvfhq/app.bsky.feed.post/3m5jzej42k22e
mcwattly.bsky.social,orla-hegarty.bsky.social,at://did:plc:aozsf6n4ii7kftvlsr2yvfhq/app.bsky.feed.post/3m5jzej42k22e
eils1.bsky.social,rebelalliance77.bsky.social,at://did:plc:bzjctancupmf6cbk3eazuenz/app.bsky.feed.post/3m5jzaoicxs2i
tararoonies.bsky.social,rebelalliance77.bsky.social,at://did:plc:bzjctancupmf6cbk3eazuenz/app.bsky.feed.post/3m5jzaoicxs2i
tkeyesbevan.bsky.social,rebelalliance77.bsky.social,at://did:plc:bzjctancupmf6cbk3eazuenz/app.bsky.feed.post/3m5jzaoicxs2i
kevinhargaden.bsky.social,rebelalliance77.bsky.social,at://did:plc:bzjctancupmf6cbk3eazuenz/app.bsky.feed.post/3m5jzaoicxs2i
drmcarley.bsky.social,rebelalliance77.bsky.social,at://did:plc:bzjctancupmf6cbk3eazuenz/app.bsky.feed.post/3m5jzaoicxs2i
corcaighgodeo.bsky.social,rebelalliance77.bsky.social,at://did:plc:bzjctancupmf6cbk3eazuenz/app.bsky.feed.post/3m5jzaoicxs2i
louthforever.bsky.social,rebelalliance77.bsky.social,at://did:plc:bzjctancupmf6cbk3eazuenz/app.bsky.feed.post/3m5jxwlicts2i
louthforever.bsky.social,thebookshopie.bsky.social,at://did:plc:aq2f6q2flkiygiiahebfm6cp/app.bsky.feed.post/3m5jwpbe7m22t
rebelalliance77.bsky.social,dochasisgra.bsky.social,at://did:plc:j2wnnsrxlcesmgggtmpfou7c/app.bsky.feed.post/3m5jvdmkhi22x
ballerinax.bsky.social,taesaveslives.bsky.social,at://did:plc:ymhebkmh56zigyqiomogsupn/app.bsky.feed.post/3m5jus7cbls2f
spillanemike.com,despod.bsky.social,at://did:plc:jhndv2ueuu77qaiw5ivjkhx7/app.bsky.feed.post/3m5jtjbnzyl2b
lokideburca.bsky.social,despod.bsky.social,at://did:plc:jhndv2ueuu77qaiw5ivjkhx7/app.bsky.feed.post/3m5jtjbnzyl2b
theapplefarmer.bsky.social,despod.bsky.social,at://did:plc:jhndv2ueuu77qaiw5ivjkhx7/app.bsky.feed.post/3m5jtjbnzyl2b
ronandusty.bsky.social,despod.bsky.social,at://did:plc:jhndv2ueuu77qaiw5ivjkhx7/app.bsky.feed.post/3m5jtjbnzyl2b
cait.siorc.eu,siobhanmcelduff.bsky.social,at://did:plc:b5yxc2nhcgrbtu3twvlg3i7a/app.bsky.feed.post/3m5jsbhzwsk2f
aurelius.quest,siobhanmcelduff.bsky.social,at://did:plc:b5yxc2nhcgrbtu3twvlg3i7a/app.bsky.feed.post/3m5jsbhzwsk2f
amflynn.bsky.social,allanartist.bsky.social,at://did:plc:har4i535fc7jres2p3oqsyay/app.bsky.feed.post/3m5jfwtmwjk2e
robosullivan.bsky.social,darylfeehely.com,at://did:plc:imdb5lnqdvuployv2wxfgdms/app.bsky.feed.post/3m5jf3v62hk25
uilliammac.bsky.social,darylfeehely.com,at://did:plc:imdb5lnqdvuployv2wxfgdms/app.bsky.feed.post/3m5jf3v62hk25
pkwhitaker.bsky.social,robosullivan.bsky.social,at://did:plc:siclj5jstt2xodsn7epgnqld/app.bsky.feed.post/3m5jeezbu6c23
jamesmcshane.bsky.social,robosullivan.bsky.social,at://did:plc:siclj5jstt2xodsn7epgnqld/app.bsky.feed.post/3m5jeezbu6c23
lokideburca.bsky.social,robosullivan.bsky.social,at://did:plc:siclj5jstt2xodsn7epgnqld/app.bsky.feed.post/3m5jeezbu6c23
paulduane.bsky.social,robosullivan.bsky.social,at://did:plc:siclj5jstt2xodsn7epgnqld/app.bsky.feed.post/3m5jeezbu6c23
shamimmalekmian.bsky.social,robosullivan.bsky.social,at://did:plc:siclj5jstt2xodsn7epgnqld/app.bsky.feed.post/3m5jeezbu6c23
joedee99.bsky.social,robosullivan.bsky.social,at://did:plc:siclj5jstt2xodsn7epgnqld/app.bsky.feed.post/3m5jeezbu6c23
conorsmith.ie,robosullivan.bsky.social,at://did:plc:siclj5jstt2xodsn7epgnqld/app.bsky.feed.post/3m5jeezbu6c23
cudbeorht.bsky.social,robosullivan.bsky.social,at://did:plc:siclj5jstt2xodsn7epgnqld/app.bsky.feed.post/3m5jeezbu6c23
carolconnolly.bsky.social,robosullivan.bsky.social,at://did:plc:siclj5jstt2xodsn7epgnqld/app.bsky.feed.post/3m5jeezbu6c23
olddiesel.bsky.social,robosullivan.bsky.social,at://did:plc:siclj5jstt2xodsn7epgnqld/app.bsky.feed.post/3m5jeezbu6c23
wendylyon.bsky.social,robosullivan.bsky.social,at://did:plc:siclj5jstt2xodsn7epgnqld/app.bsky.feed.post/3m5jeezbu6c23
brian-hanley.bsky.social,robosullivan.bsky.social,at://did:plc:siclj5jstt2xodsn7epgnqld/app.bsky.feed.post/3m5jeezbu6c23
debhulbh.bsky.social,robosullivan.bsky.social,at://did:plc:siclj5jstt2xodsn7epgnqld/app.bsky.feed.post/3m5jeezbu6c23
nigellicus.bsky.social,robosullivan.bsky.social,at://did:plc:siclj5jstt2xodsn7epgnqld/app.bsky.feed.post/3m5jeezbu6c23
lalalandiez.bsky.social,robosullivan.bsky.social,at://did:plc:siclj5jstt2xodsn7epgnqld/app.bsky.feed.post/3m5jcottt5s23
erichanvey.bsky.social,robosullivan.bsky.social,at://did:plc:siclj5jstt2xodsn7epgnqld/app.bsky.feed.post/3m5jcottt5s23
bwalsh.bsky.social,robosullivan.bsky.social,at://did:plc:siclj5jstt2xodsn7epgnqld/app.bsky.feed.post/3m5jcottt5s23
jenniferomeara5.bsky.social,robosullivan.bsky.social,at://did:plc:siclj5jstt2xodsn7epgnqld/app.bsky.feed.post/3m5jcottt5s23
valondar.bsky.social,robosullivan.bsky.social,at://did:plc:siclj5jstt2xodsn7epgnqld/app.bsky.feed.post/3m5jcottt5s23
sharrow.bsky.social,robosullivan.bsky.social,at://did:plc:siclj5jstt2xodsn7epgnqld/app.bsky.feed.post/3m5jcottt5s23
elacatstan.bsky.social,robosullivan.bsky.social,at://did:plc:siclj5jstt2xodsn7epgnqld/app.bsky.feed.post/3m5jcottt5s23
billallen.bsky.social,robosullivan.bsky.social,at://did:plc:siclj5jstt2xodsn7epgnqld/app.bsky.feed.post/3m5jcottt5s23
ellenoconnor.bsky.social,robosullivan.bsky.social,at://did:plc:siclj5jstt2xodsn7epgnqld/app.bsky.feed.post/3m5jcottt5s23
neiljackman.bsky.social,robosullivan.bsky.social,at://did:plc:siclj5jstt2xodsn7epgnqld/app.bsky.feed.post/3m5jcottt5s23
keitolaigin.bsky.social,robosullivan.bsky.social,at://did:plc:siclj5jstt2xodsn7epgnqld/app.bsky.feed.post/3m5jcottt5s23
eils1.bsky.social,robosullivan.bsky.social,at://did:plc:siclj5jstt2xodsn7epgnqld/app.bsky.feed.post/3m5jcottt5s23
nameless-weevil.bsky.social,robosullivan.bsky.social,at://did:plc:siclj5jstt2xodsn7epgnqld/app.bsky.feed.post/3m5jcottt5s23
roujiamo1989.bsky.social,robosullivan.bsky.social,at://did:plc:siclj5jstt2xodsn7epgnqld/app.bsky.feed.post/3m5jcottt5s23
kevjhnstn.bsky.social,robosullivan.bsky.social,at://did:plc:siclj5jstt2xodsn7epgnqld/app.bsky.feed.post/3m5jcottt5s23
niamhjay.bsky.social,robosullivan.bsky.social,at://did:plc:siclj5jstt2xodsn7epgnqld/app.bsky.feed.post/3m5jcottt5s23
corrigab.bsky.social,robosullivan.bsky.social,at://did:plc:siclj5jstt2xodsn7epgnqld/app.bsky.feed.post/3m5jcottt5s23
yayforbicycles.bsky.social,robosullivan.bsky.social,at://did:plc:siclj5jstt2xodsn7epgnqld/app.bsky.feed.post/3m5jcottt5s23
jbwh24.bsky.social,robosullivan.bsky.social,at://did:plc:siclj5jstt2xodsn7epgnqld/app.bsky.feed.post/3m5jcottt5s23
aiteall.bsky.social,robosullivan.bsky.social,at://did:plc:siclj5jstt2xodsn7epgnqld/app.bsky.feed.post/3m5jcottt5s23
roscaf.bsky.social,robosullivan.bsky.social,at://did:plc:siclj5jstt2xodsn7epgnqld/app.bsky.feed.post/3m5jcottt5s23
cudbeorht.bsky.social,robosullivan.bsky.social,at://did:plc:siclj5jstt2xodsn7epgnqld/app.bsky.feed.post/3m5jcottt5s23
siobhanmcelduff.bsky.social,robosullivan.bsky.social,at://did:plc:siclj5jstt2xodsn7epgnqld/app.bsky.feed.post/3m5jcottt5s23
coreilly.bsky.social,robosullivan.bsky.social,at://did:plc:siclj5jstt2xodsn7epgnqld/app.bsky.feed.post/3m5jcottt5s23
jjfru.bsky.social,robosullivan.bsky.social,at://did:plc:siclj5jstt2xodsn7epgnqld/app.bsky.feed.post/3m5jcottt5s23
mcnastyprime.bsky.social,robosullivan.bsky.social,at://did:plc:siclj5jstt2xodsn7epgnqld/app.bsky.feed.post/3m5jcottt5s23
rogerokeeffe.bsky.social,robosullivan.bsky.social,at://did:plc:siclj5jstt2xodsn7epgnqld/app.bsky.feed.post/3m5jcottt5s23
hawkwinglb.bsky.social,robosullivan.bsky.social,at://did:plc:siclj5jstt2xodsn7epgnqld/app.bsky.feed.post/3m5jcottt5s23
bgormley.bsky.social,robosullivan.bsky.social,at://did:plc:siclj5jstt2xodsn7epgnqld/app.bsky.feed.post/3m5jcottt5s23
sullydaysleeper.bsky.social,orlanimh.bsky.social,at://did:plc:b7xzcpmgtzognluekh27dffl/app.bsky.feed.post/3m5j7ilfqnc2i
baron-of-navan.bsky.social,mstevnsmj.bsky.social,at://did:plc:2ppycu7ombkkn76ezn3n6tg4/app.bsky.feed.post/3m5j7dp4mj22g
duncanjonesmerrion.bsky.social,mstevnsmj.bsky.social,at://did:plc:2ppycu7ombkkn76ezn3n6tg4/app.bsky.feed.post/3m5j7dp4mj22g
emmadragon.bsky.social,mstevnsmj.bsky.social,at://did:plc:2ppycu7ombkkn76ezn3n6tg4/app.bsky.feed.post/3m5j7dp4mj22g
jurajmikurcik.bsky.social,mstevnsmj.bsky.social,at://did:plc:2ppycu7ombkkn76ezn3n6tg4/app.bsky.feed.post/3m5j7dp4mj22g
helendublin.bsky.social,judesherry.bsky.social,at://did:plc:tjj7toux5q6m2v7x2unyhznh/app.bsky.feed.post/3m5j4qdpkq22a
mousketeer.bsky.social,judesherry.bsky.social,at://did:plc:tjj7toux5q6m2v7x2unyhznh/app.bsky.feed.post/3m5j4qdpkq22a
theactualcathal.bsky.social,judesherry.bsky.social,at://did:plc:tjj7toux5q6m2v7x2unyhznh/app.bsky.feed.post/3m5j4qdpkq22a
gildedalm.com,davegildedalm.bsky.social,at://did:plc:qj2uyiugobaynuuqvzjp2v4l/app.bsky.feed.post/3m5j2szhizk2m
heavenlyrecordings.bsky.social,davegildedalm.bsky.social,at://did:plc:qj2uyiugobaynuuqvzjp2v4l/app.bsky.feed.post/3m5j2szhizk2m
jamesfbrophy.bsky.social,sharrow.bsky.social,at://did:plc:uwji4l3wzsygaxduowluqmgr/app.bsky.feed.post/3m5j2fgpx422d
morselya.bsky.social,sharrow.bsky.social,at://did:plc:uwji4l3wzsygaxduowluqmgr/app.bsky.feed.post/3m5j2fgpx422d
emmadragon.bsky.social,sharrow.bsky.social,at://did:plc:uwji4l3wzsygaxduowluqmgr/app.bsky.feed.post/3m5j2fgpx422d
willlawless.bsky.social,robosullivan.bsky.social,at://did:plc:siclj5jstt2xodsn7epgnqld/app.bsky.feed.post/3m5iyqtqows23
aaronhunter.bsky.social,robosullivan.bsky.social,at://did:plc:siclj5jstt2xodsn7epgnqld/app.bsky.feed.post/3m5iyqtqows23
imaculthero.bsky.social,robosullivan.bsky.social,at://did:plc:siclj5jstt2xodsn7epgnqld/app.bsky.feed.post/3m5iyqtqows23
stephencward.com,robosullivan.bsky.social,at://did:plc:siclj5jstt2xodsn7epgnqld/app.bsky.feed.post/3m5iyqtqows23
siobhanmcelduff.bsky.social,robosullivan.bsky.social,at://did:plc:siclj5jstt2xodsn7epgnqld/app.bsky.feed.post/3m5iyqtqows23
fhayesmccoy.bsky.social,fhayesmccoy.bsky.social,at://did:plc:wpvwcjuhrpr5tjnhy3vp24ly/app.bsky.feed.post/3m5iwqlhcfs25
dinglelit.bsky.social,fhayesmccoy.bsky.social,at://did:plc:wpvwcjuhrpr5tjnhy3vp24ly/app.bsky.feed.post/3m5iwqlhcfs25
ciara2001.bsky.social,fhayesmccoy.bsky.social,at://did:plc:wpvwcjuhrpr5tjnhy3vp24ly/app.bsky.feed.post/3m5iwqlhcfs25
mpowereast.bsky.social,fhayesmccoy.bsky.social,at://did:plc:wpvwcjuhrpr5tjnhy3vp24ly/app.bsky.feed.post/3m5iwqlhcfs25
cethanleahy.com,fhayesmccoy.bsky.social,at://did:plc:wpvwcjuhrpr5tjnhy3vp24ly/app.bsky.feed.post/3m5iwqlhcfs25
ardentarchivist.bsky.social,ciaraioch.bsky.social,at://did:plc:4pxxjie2356nqxd3cwf6hbpk/app.bsky.feed.post/3m5isqejnwc2s
martinamorrow.bsky.social,ciaraioch.bsky.social,at://did:plc:4pxxjie2356nqxd3cwf6hbpk/app.bsky.feed.post/3m5isqejnwc2s
lisahafey.bsky.social,ciaraioch.bsky.social,at://did:plc:4pxxjie2356nqxd3cwf6hbpk/app.bsky.feed.post/3m5isqejnwc2s
dianeodoherty.bsky.social,ciaraioch.bsky.social,at://did:plc:4pxxjie2356nqxd3cwf6hbpk/app.bsky.feed.post/3m5isqejnwc2s
thecallya.bsky.social,ciaraioch.bsky.social,at://did:plc:4pxxjie2356nqxd3cwf6hbpk/app.bsky.feed.post/3m5isqejnwc2s
mousketeer.bsky.social,ciaraioch.bsky.social,at://did:plc:4pxxjie2356nqxd3cwf6hbpk/app.bsky.feed.post/3m5isqejnwc2s
shazbear.bsky.social,ciaraioch.bsky.social,at://did:plc:4pxxjie2356nqxd3cwf6hbpk/app.bsky.feed.post/3m5isqejnwc2s
bigbyuri.bsky.social,ciaraioch.bsky.social,at://did:plc:4pxxjie2356nqxd3cwf6hbpk/app.bsky.feed.post/3m5isqejnwc2s
fontatron.bsky.social,ciaraioch.bsky.social,at://did:plc:4pxxjie2356nqxd3cwf6hbpk/app.bsky.feed.post/3m5isqejnwc2s
aisuc.bsky.social,ciaraioch.bsky.social,at://did:plc:4pxxjie2356nqxd3cwf6hbpk/app.bsky.feed.post/3m5isqejnwc2s
2patchitup.bsky.social,ciaraioch.bsky.social,at://did:plc:4pxxjie2356nqxd3cwf6hbpk/app.bsky.feed.post/3m5isqejnwc2s
stephencward.com,ciaraioch.bsky.social,at://did:plc:4pxxjie2356nqxd3cwf6hbpk/app.bsky.feed.post/3m5isqejnwc2s
missedmycue.bsky.social,ciaraioch.bsky.social,at://did:plc:4pxxjie2356nqxd3cwf6hbpk/app.bsky.feed.post/3m5isqejnwc2s
awedandflawed.bsky.social,ciaraioch.bsky.social,at://did:plc:4pxxjie2356nqxd3cwf6hbpk/app.bsky.feed.post/3m5isqejnwc2s
emilymcminn-ms.bsky.social,ciaraioch.bsky.social,at://did:plc:4pxxjie2356nqxd3cwf6hbpk/app.bsky.feed.post/3m5isqejnwc2s
chrisohalloran.bsky.social,ciaraioch.bsky.social,at://did:plc:4pxxjie2356nqxd3cwf6hbpk/app.bsky.feed.post/3m5isqejnwc2s
clairedagger.bsky.social,ciaraioch.bsky.social,at://did:plc:4pxxjie2356nqxd3cwf6hbpk/app.bsky.feed.post/3m5isqejnwc2s
olliemastersbskys.bsky.social,ciaraioch.bsky.social,at://did:plc:4pxxjie2356nqxd3cwf6hbpk/app.bsky.feed.post/3m5isqejnwc2s
fuaimeanna.bsky.social,ciaraioch.bsky.social,at://did:plc:4pxxjie2356nqxd3cwf6hbpk/app.bsky.feed.post/3m5isqejnwc2s
rizzwizard.bsky.social,ciaraioch.bsky.social,at://did:plc:4pxxjie2356nqxd3cwf6hbpk/app.bsky.feed.post/3m5isqejnwc2s
ciaraioch.bsky.social,ciaraioch.bsky.social,at://did:plc:4pxxjie2356nqxd3cwf6hbpk/app.bsky.feed.post/3m5isqejnwc2s
statsepi.bsky.social,ciaraioch.bsky.social,at://did:plc:4pxxjie2356nqxd3cwf6hbpk/app.bsky.feed.post/3m5isqejnwc2s
ewacat.bsky.social,ciaraioch.bsky.social,at://did:plc:4pxxjie2356nqxd3cwf6hbpk/app.bsky.feed.post/3m5isqejnwc2s
beakmoo.bsky.social,judetheconfused.bsky.social,at://did:plc:2vmxrejfahuy2tnxdda2poay/app.bsky.feed.post/3m5ispqifg22m
downmydirtroad.bsky.social,ainekeenan.bsky.social,at://did:plc:gjsoejzm7at4syhrvzgizrev/app.bsky.feed.post/3m5islfa4tc2u
alan678.bsky.social,ainekeenan.bsky.social,at://did:plc:gjsoejzm7at4syhrvzgizrev/app.bsky.feed.post/3m5islfa4tc2u
photoblair.bsky.social,ainekeenan.bsky.social,at://did:plc:gjsoejzm7at4syhrvzgizrev/app.bsky.feed.post/3m5islfa4tc2u
patcoleman.bsky.social,ainekeenan.bsky.social,at://did:plc:gjsoejzm7at4syhrvzgizrev/app.bsky.feed.post/3m5islfa4tc2u
pierpaolo.bsky.social,ainekeenan.bsky.social,at://did:plc:gjsoejzm7at4syhrvzgizrev/app.bsky.feed.post/3m5islfa4tc2u
sdcushing.bsky.social,ainekeenan.bsky.social,at://did:plc:gjsoejzm7at4syhrvzgizrev/app.bsky.feed.post/3m5islfa4tc2u
melysue.bsky.social,ainekeenan.bsky.social,at://did:plc:gjsoejzm7at4syhrvzgizrev/app.bsky.feed.post/3m5islfa4tc2u
breeze420.bsky.social,ainekeenan.bsky.social,at://did:plc:gjsoejzm7at4syhrvzgizrev/app.bsky.feed.post/3m5islfa4tc2u
samhanna1791.bsky.social,ainekeenan.bsky.social,at://did:plc:gjsoejzm7at4syhrvzgizrev/app.bsky.feed.post/3m5islfa4tc2u
niamhie.bsky.social,ainekeenan.bsky.social,at://did:plc:gjsoejzm7at4syhrvzgizrev/app.bsky.feed.post/3m5islfa4tc2u
gulliver77.bsky.social,ainekeenan.bsky.social,at://did:plc:gjsoejzm7at4syhrvzgizrev/app.bsky.feed.post/3m5islfa4tc2u
mindheartinsoul.bsky.social,ainekeenan.bsky.social,at://did:plc:gjsoejzm7at4syhrvzgizrev/app.bsky.feed.post/3m5islfa4tc2u
clcart.bsky.social,ainekeenan.bsky.social,at://did:plc:gjsoejzm7at4syhrvzgizrev/app.bsky.feed.post/3m5islfa4tc2u
roshn.me,ainekeenan.bsky.social,at://did:plc:gjsoejzm7at4syhrvzgizrev/app.bsky.feed.post/3m5islfa4tc2u
lyphshro.bsky.social,ainekeenan.bsky.social,at://did:plc:gjsoejzm7at4syhrvzgizrev/app.bsky.feed.post/3m5islfa4tc2u
jayoneyh.bsky.social,ainekeenan.bsky.social,at://did:plc:gjsoejzm7at4syhrvzgizrev/app.bsky.feed.post/3m5islfa4tc2u
khaprice.bsky.social,ciaraioch.bsky.social,at://did:plc:4pxxjie2356nqxd3cwf6hbpk/app.bsky.feed.post/3m5isfklayk2s
jomarieoreilly.bsky.social,ciaraioch.bsky.social,at://did:plc:4pxxjie2356nqxd3cwf6hbpk/app.bsky.feed.post/3m5isfklayk2s
spawngo.bsky.social,ciaraioch.bsky.social,at://did:plc:4pxxjie2356nqxd3cwf6hbpk/app.bsky.feed.post/3m5isfklayk2s
goaterz.bsky.social,ciaraioch.bsky.social,at://did:plc:4pxxjie2356nqxd3cwf6hbpk/app.bsky.feed.post/3m5isfklayk2s
gardenwagon.bsky.social,ciaraioch.bsky.social,at://did:plc:4pxxjie2356nqxd3cwf6hbpk/app.bsky.feed.post/3m5isfklayk2s
sdgdavid.bsky.social,ciaraioch.bsky.social,at://did:plc:4pxxjie2356nqxd3cwf6hbpk/app.bsky.feed.post/3m5isfklayk2s
lindalee.bsky.social,ciaraioch.bsky.social,at://did:plc:4pxxjie2356nqxd3cwf6hbpk/app.bsky.feed.post/3m5isfklayk2s
gorangligovic.bsky.social,ciaraioch.bsky.social,at://did:plc:4pxxjie2356nqxd3cwf6hbpk/app.bsky.feed.post/3m5isfklayk2s
bobjohnstonbooks.bsky.social,ciaraioch.bsky.social,at://did:plc:4pxxjie2356nqxd3cwf6hbpk/app.bsky.feed.post/3m5isfklayk2s
helvetius66.bsky.social,ciaraioch.bsky.social,at://did:plc:4pxxjie2356nqxd3cwf6hbpk/app.bsky.feed.post/3m5isfklayk2s
unaminh.bsky.social,ciaraioch.bsky.social,at://did:plc:4pxxjie2356nqxd3cwf6hbpk/app.bsky.feed.post/3m5isfklayk2s
yvieni.bsky.social,ciaraioch.bsky.social,at://did:plc:4pxxjie2356nqxd3cwf6hbpk/app.bsky.feed.post/3m5isfklayk2s
robosullivan.bsky.social,ciaraioch.bsky.social,at://did:plc:4pxxjie2356nqxd3cwf6hbpk/app.bsky.feed.post/3m5isfklayk2s
neiljackman.bsky.social,ciaraioch.bsky.social,at://did:plc:4pxxjie2356nqxd3cwf6hbpk/app.bsky.feed.post/3m5isfklayk2s
merrua.bsky.social,ciaraioch.bsky.social,at://did:plc:4pxxjie2356nqxd3cwf6hbpk/app.bsky.feed.post/3m5isfklayk2s
noii.bsky.social,ciaraioch.bsky.social,at://did:plc:4pxxjie2356nqxd3cwf6hbpk/app.bsky.feed.post/3m5isfklayk2s
ionthetrashbeast.bsky.social,ciaraioch.bsky.social,at://did:plc:4pxxjie2356nqxd3cwf6hbpk/app.bsky.feed.post/3m5isfklayk2s
lisahafey.bsky.social,ciaraioch.bsky.social,at://did:plc:4pxxjie2356nqxd3cwf6hbpk/app.bsky.feed.post/3m5isfklayk2s
marleysdead.bsky.social,ciaraioch.bsky.social,at://did:plc:4pxxjie2356nqxd3cwf6hbpk/app.bsky.feed.post/3m5isfklayk2s
greenfarms.bsky.social,ciaraioch.bsky.social,at://did:plc:4pxxjie2356nqxd3cwf6hbpk/app.bsky.feed.post/3m5isfklayk2s
gypaetus.bsky.social,ciaraioch.bsky.social,at://did:plc:4pxxjie2356nqxd3cwf6hbpk/app.bsky.feed.post/3m5isfklayk2s
ffredclegg.bsky.social,ciaraioch.bsky.social,at://did:plc:4pxxjie2356nqxd3cwf6hbpk/app.bsky.feed.post/3m5isfklayk2s
junewanders.bsky.social,ciaraioch.bsky.social,at://did:plc:4pxxjie2356nqxd3cwf6hbpk/app.bsky.feed.post/3m5isfklayk2s
ainemccaul.bsky.social,ciaraioch.bsky.social,at://did:plc:4pxxjie2356nqxd3cwf6hbpk/app.bsky.feed.post/3m5isfklayk2s
thehappysorceress.bsky.social,ciaraioch.bsky.social,at://did:plc:4pxxjie2356nqxd3cwf6hbpk/app.bsky.feed.post/3m5isfklayk2s
joeatsandreads.bsky.social,ciaraioch.bsky.social,at://did:plc:4pxxjie2356nqxd3cwf6hbpk/app.bsky.feed.post/3m5isfklayk2s
lucytoner.bsky.social,ciaraioch.bsky.social,at://did:plc:4pxxjie2356nqxd3cwf6hbpk/app.bsky.feed.post/3m5isfklayk2s
tundrataoist.bsky.social,ciaraioch.bsky.social,at://did:plc:4pxxjie2356nqxd3cwf6hbpk/app.bsky.feed.post/3m5isfklayk2s
cerandor.com,ciaraioch.bsky.social,at://did:plc:4pxxjie2356nqxd3cwf6hbpk/app.bsky.feed.post/3m5isfklayk2s
stephencward.com,ciaraioch.bsky.social,at://did:plc:4pxxjie2356nqxd3cwf6hbpk/app.bsky.feed.post/3m5isfklayk2s
susangriff.bsky.social,ciaraioch.bsky.social,at://did:plc:4pxxjie2356nqxd3cwf6hbpk/app.bsky.feed.post/3m5isfklayk2s
louthforever.bsky.social,ciaraioch.bsky.social,at://did:plc:4pxxjie2356nqxd3cwf6hbpk/app.bsky.feed.post/3m5isfklayk2s
burntcopper.bsky.social,ciaraioch.bsky.social,at://did:plc:4pxxjie2356nqxd3cwf6hbpk/app.bsky.feed.post/3m5isfklayk2s
atticuspeirgorm.bsky.social,ciaraioch.bsky.social,at://did:plc:4pxxjie2356nqxd3cwf6hbpk/app.bsky.feed.post/3m5isfklayk2s
effiesnake.bsky.social,ciaraioch.bsky.social,at://did:plc:4pxxjie2356nqxd3cwf6hbpk/app.bsky.feed.post/3m5isfklayk2s
jpjordan.bsky.social,ciaraioch.bsky.social,at://did:plc:4pxxjie2356nqxd3cwf6hbpk/app.bsky.feed.post/3m5isfklayk2s
leenchen.bsky.social,ciaraioch.bsky.social,at://did:plc:4pxxjie2356nqxd3cwf6hbpk/app.bsky.feed.post/3m5isfklayk2s
doktor-avalanche.bsky.social,ciaraioch.bsky.social,at://did:plc:4pxxjie2356nqxd3cwf6hbpk/app.bsky.feed.post/3m5isfklayk2s
punchedmonet.bsky.social,ciaraioch.bsky.social,at://did:plc:4pxxjie2356nqxd3cwf6hbpk/app.bsky.feed.post/3m5isfklayk2s
glasscanvas.bsky.social,ciaraioch.bsky.social,at://did:plc:4pxxjie2356nqxd3cwf6hbpk/app.bsky.feed.post/3m5isfklayk2s
slated.ie,ciaraioch.bsky.social,at://did:plc:4pxxjie2356nqxd3cwf6hbpk/app.bsky.feed.post/3m5isfklayk2s
kevinteljeur.bsky.social,ciaraioch.bsky.social,at://did:plc:4pxxjie2356nqxd3cwf6hbpk/app.bsky.feed.post/3m5isfklayk2s
bratapfel.bsky.social,ciaraioch.bsky.social,at://did:plc:4pxxjie2356nqxd3cwf6hbpk/app.bsky.feed.post/3m5isfklayk2s
mxfee.bsky.social,ciaraioch.bsky.social,at://did:plc:4pxxjie2356nqxd3cwf6hbpk/app.bsky.feed.post/3m5isfklayk2s
robinedgar59.bsky.social,ciaraioch.bsky.social,at://did:plc:4pxxjie2356nqxd3cwf6hbpk/app.bsky.feed.post/3m5isfklayk2s
prehistoryrmo.bsky.social,ciaraioch.bsky.social,at://did:plc:4pxxjie2356nqxd3cwf6hbpk/app.bsky.feed.post/3m5isfklayk2s
cianoconcubhair.bsky.social,drmarymcauliffe.bsky.social,at://did:plc:wzelpzmv2b3oudwhkcpr2s6n/app.bsky.feed.post/3m5is5zbo6c25
bi99le5.bsky.social,drmarymcauliffe.bsky.social,at://did:plc:wzelpzmv2b3oudwhkcpr2s6n/app.bsky.feed.post/3m5is5zbo6c25
elacatstan.bsky.social,drmarymcauliffe.bsky.social,at://did:plc:wzelpzmv2b3oudwhkcpr2s6n/app.bsky.feed.post/3m5is5zbo6c25
ellenoconnor.bsky.social,drmarymcauliffe.bsky.social,at://did:plc:wzelpzmv2b3oudwhkcpr2s6n/app.bsky.feed.post/3m5is5zbo6c25
thewildgees.bsky.social,drmarymcauliffe.bsky.social,at://did:plc:wzelpzmv2b3oudwhkcpr2s6n/app.bsky.feed.post/3m5is5zbo6c25
eils1.bsky.social,drmarymcauliffe.bsky.social,at://did:plc:wzelpzmv2b3oudwhkcpr2s6n/app.bsky.feed.post/3m5is5zbo6c25
louthforever.bsky.social,drmarymcauliffe.bsky.social,at://did:plc:wzelpzmv2b3oudwhkcpr2s6n/app.bsky.feed.post/3m5is5zbo6c25
jesstraynor.bsky.social,drmarymcauliffe.bsky.social,at://did:plc:wzelpzmv2b3oudwhkcpr2s6n/app.bsky.feed.post/3m5is5zbo6c25
bulawayokid.ing,drmarymcauliffe.bsky.social,at://did:plc:wzelpzmv2b3oudwhkcpr2s6n/app.bsky.feed.post/3m5is5zbo6c25
clairemullaly.bsky.social,drmarymcauliffe.bsky.social,at://did:plc:wzelpzmv2b3oudwhkcpr2s6n/app.bsky.feed.post/3m5is5zbo6c25
itsallgood303.bsky.social,martinamorrow.bsky.social,at://did:plc:owtiovxdlxm4bp4hgnihapfe/app.bsky.feed.post/3m5ilogame22r
nicolahorgan.bsky.social,nicolahorgan.bsky.social,at://did:plc:flpf3rksopl7zx2tbgsyjv7m/app.bsky.feed.post/3m5ijuwtvf22e
loveon9.bsky.social,alanmccarthy.bsky.social,at://did:plc:r7oxqtkfjczoyxqtrraaxt5b/app.bsky.feed.post/3m5i2xhu3wk2d
cscosmicrose.bsky.social,alanmccarthy.bsky.social,at://did:plc:r7oxqtkfjczoyxqtrraaxt5b/app.bsky.feed.post/3m5i2xhu3wk2d
eve-foxhavengarden.bsky.social,alanmccarthy.bsky.social,at://did:plc:r7oxqtkfjczoyxqtrraaxt5b/app.bsky.feed.post/3m5i2xhu3wk2d
amflynn.bsky.social,robosullivan.bsky.social,at://did:plc:siclj5jstt2xodsn7epgnqld/app.bsky.feed.post/3m5hrgeklps2h
flowerpot13.bsky.social,robosullivan.bsky.social,at://did:plc:siclj5jstt2xodsn7epgnqld/app.bsky.feed.post/3m5hrgeklps2h
robosullivan.bsky.social,robosullivan.bsky.social,at://did:plc:siclj5jstt2xodsn7epgnqld/app.bsky.feed.post/3m5hrgeklps2h
emmadragon.bsky.social,robosullivan.bsky.social,at://did:plc:siclj5jstt2xodsn7epgnqld/app.bsky.feed.post/3m5hrgeklps2h
mariapower.bsky.social,robosullivan.bsky.social,at://did:plc:siclj5jstt2xodsn7epgnqld/app.bsky.feed.post/3m5hrgeklps2h
helendublin.bsky.social,robosullivan.bsky.social,at://did:plc:siclj5jstt2xodsn7epgnqld/app.bsky.feed.post/3m5hrgeklps2h
imaculthero.bsky.social,robosullivan.bsky.social,at://did:plc:siclj5jstt2xodsn7epgnqld/app.bsky.feed.post/3m5hrgeklps2h
oceanclub.bsky.social,robosullivan.bsky.social,at://did:plc:siclj5jstt2xodsn7epgnqld/app.bsky.feed.post/3m5hrgeklps2h
roothflud.bsky.social,robosullivan.bsky.social,at://did:plc:siclj5jstt2xodsn7epgnqld/app.bsky.feed.post/3m5hrgeklps2h
eslsys.bsky.social,robosullivan.bsky.social,at://did:plc:siclj5jstt2xodsn7epgnqld/app.bsky.feed.post/3m5hrgeklps2h
conorsmith.ie,robosullivan.bsky.social,at://did:plc:siclj5jstt2xodsn7epgnqld/app.bsky.feed.post/3m5hrgeklps2h
siobhanmcelduff.bsky.social,robosullivan.bsky.social,at://did:plc:siclj5jstt2xodsn7epgnqld/app.bsky.feed.post/3m5hrgeklps2h
debhulbh.bsky.social,robosullivan.bsky.social,at://did:plc:siclj5jstt2xodsn7epgnqld/app.bsky.feed.post/3m5hrgeklps2h
siobhanmcelduff.bsky.social,sarahskeeter.bsky.social,at://did:plc:73huo7yhxqkafs2xyr36hqt6/app.bsky.feed.post/3m5hqr624vc2f
mcnastyprime.bsky.social,sarahskeeter.bsky.social,at://did:plc:73huo7yhxqkafs2xyr36hqt6/app.bsky.feed.post/3m5hqr624vc2f
djfrancois.bsky.social,the-crackdown.bsky.social,at://did:plc:56wyc2axgzlsvmh73dd5dexu/app.bsky.feed.post/3m5hn32khms23
ianmoore3000.bsky.social,the-crackdown.bsky.social,at://did:plc:56wyc2axgzlsvmh73dd5dexu/app.bsky.feed.post/3m5hn32khms23
caitrionas.bsky.social,the-crackdown.bsky.social,at://did:plc:56wyc2axgzlsvmh73dd5dexu/app.bsky.feed.post/3m5hn32khms23
msleedy.bsky.social,the-crackdown.bsky.social,at://did:plc:56wyc2axgzlsvmh73dd5dexu/app.bsky.feed.post/3m5hn32khms23
disabledvoices.newsmast.community.ap.brid.gy,sharrow.bsky.social,at://did:plc:uwji4l3wzsygaxduowluqmgr/app.bsky.feed.post/3m5hlt7ck4c26
sharrow.bsky.social,caroleducky.bsky.social,at://did:plc:wk4vbtn77njhk4mlohgewj2m/app.bsky.feed.post/3m5hka7lxvk2l
culturalfatwa.bsky.social,caroleducky.bsky.social,at://did:plc:wk4vbtn77njhk4mlohgewj2m/app.bsky.feed.post/3m5hka7lxvk2l
kbkarma.bsky.social,caroleducky.bsky.social,at://did:plc:wk4vbtn77njhk4mlohgewj2m/app.bsky.feed.post/3m5hka7lxvk2l
bgormley.bsky.social,caroleducky.bsky.social,at://did:plc:wk4vbtn77njhk4mlohgewj2m/app.bsky.feed.post/3m5hka7lxvk2l
heratylaw.bsky.social,nigellicus.bsky.social,at://did:plc:33vlabr5n5naktrl6xgyopoc/app.bsky.feed.post/3m5hdt6qgmc2q
jasonlee.ie,sullydaysleeper.bsky.social,at://did:plc:63mlf5ayqa3qbmgddw4d4zsu/app.bsky.feed.post/3m5hd4os33225
kinford.bsky.social,robosullivan.bsky.social,at://did:plc:siclj5jstt2xodsn7epgnqld/app.bsky.feed.post/3m5hd2qopek2h
billylinehan.bsky.social,orla-hegarty.bsky.social,at://did:plc:aozsf6n4ii7kftvlsr2yvfhq/app.bsky.feed.post/3m5h6cvzjtk2r
emmetkirwan.bsky.social,orla-hegarty.bsky.social,at://did:plc:aozsf6n4ii7kftvlsr2yvfhq/app.bsky.feed.post/3m5h6cvzjtk2r
mickbyrne.bsky.social,orla-hegarty.bsky.social,at://did:plc:aozsf6n4ii7kftvlsr2yvfhq/app.bsky.feed.post/3m5h6cvzjtk2r
antiggy1998.bsky.social,orla-hegarty.bsky.social,at://did:plc:aozsf6n4ii7kftvlsr2yvfhq/app.bsky.feed.post/3m5h6cvzjtk2r
attractaub.bsky.social,orla-hegarty.bsky.social,at://did:plc:aozsf6n4ii7kftvlsr2yvfhq/app.bsky.feed.post/3m5h6cvzjtk2r
mcwattly.bsky.social,orla-hegarty.bsky.social,at://did:plc:aozsf6n4ii7kftvlsr2yvfhq/app.bsky.feed.post/3m5h6cvzjtk2r
saoirsemc.bsky.social,orla-hegarty.bsky.social,at://did:plc:aozsf6n4ii7kftvlsr2yvfhq/app.bsky.feed.post/3m5h6cvzjtk2r
maherniall.bsky.social,orla-hegarty.bsky.social,at://did:plc:aozsf6n4ii7kftvlsr2yvfhq/app.bsky.feed.post/3m5h6cvzjtk2r
orla-hegarty.bsky.social,orla-hegarty.bsky.social,at://did:plc:aozsf6n4ii7kftvlsr2yvfhq/app.bsky.feed.post/3m5h6cvzjtk2r
coreilly.bsky.social,orla-hegarty.bsky.social,at://did:plc:aozsf6n4ii7kftvlsr2yvfhq/app.bsky.feed.post/3m5h6cvzjtk2r
arrivalists.bsky.social,orla-hegarty.bsky.social,at://did:plc:aozsf6n4ii7kftvlsr2yvfhq/app.bsky.feed.post/3m5h6cvzjtk2r
mikemckillen.bsky.social,orla-hegarty.bsky.social,at://did:plc:aozsf6n4ii7kftvlsr2yvfhq/app.bsky.feed.post/3m5h6cvzjtk2r
merrua.bsky.social,despod.bsky.social,at://did:plc:jhndv2ueuu77qaiw5ivjkhx7/app.bsky.feed.post/3m5h6atfeds2m
ronandusty.bsky.social,despod.bsky.social,at://did:plc:jhndv2ueuu77qaiw5ivjkhx7/app.bsky.feed.post/3m5h6atfeds2m
cudbeorht.bsky.social,despod.bsky.social,at://did:plc:jhndv2ueuu77qaiw5ivjkhx7/app.bsky.feed.post/3m5h6atfeds2m
siobhanmcelduff.bsky.social,despod.bsky.social,at://did:plc:jhndv2ueuu77qaiw5ivjkhx7/app.bsky.feed.post/3m5h6atfeds2m
mongo.bsky.social,despod.bsky.social,at://did:plc:jhndv2ueuu77qaiw5ivjkhx7/app.bsky.feed.post/3m5h6atfeds2m
mnicearbhaill.bsky.social,despod.bsky.social,at://did:plc:jhndv2ueuu77qaiw5ivjkhx7/app.bsky.feed.post/3m5h6atfeds2m
queen-crafty.bsky.social,uplift.ie,at://did:plc:p3ajfs5yqzh6anrao6r73nho/app.bsky.feed.post/3m5h3tqalyk2e
dougsloane.bsky.social,playingwithdust.bsky.social,at://did:plc:zol7j6fzk2vqf6yawnkkg6bi/app.bsky.feed.post/3m5gxzyjn5k24
queen-crafty.bsky.social,playingwithdust.bsky.social,at://did:plc:zol7j6fzk2vqf6yawnkkg6bi/app.bsky.feed.post/3m5gxzyjn5k24
maykayf.bsky.social,playingwithdust.bsky.social,at://did:plc:zol7j6fzk2vqf6yawnkkg6bi/app.bsky.feed.post/3m5gxzyjn5k24
coreilly.bsky.social,playingwithdust.bsky.social,at://did:plc:zol7j6fzk2vqf6yawnkkg6bi/app.bsky.feed.post/3m5gxzyjn5k24
lauradowling.bsky.social,playingwithdust.bsky.social,at://did:plc:zol7j6fzk2vqf6yawnkkg6bi/app.bsky.feed.post/3m5gxzyjn5k24
rogerokeeffe.bsky.social,nshiel.bsky.social,at://did:plc:em6envbhyc3lp2bqus7nf7vh/app.bsky.feed.post/3m5gx6k2sbk2x
robinjohnson.bsky.social,sellybeth.bsky.social,at://did:plc:rd67s5mrnrwg5bqhvzft2kgv/app.bsky.feed.post/3m5gqqi5ie22s
seano32.bsky.social,dfertl.bsky.social,at://did:plc:qi3uhneb2cz77ibwnzailb22/app.bsky.feed.post/3m5gopczjec2s
mousketeer.bsky.social,saytheirnamesir.bsky.social,at://did:plc:fkorj7epx4zpmdxx7d6m7qgc/app.bsky.feed.post/3m5gnetznzs2p
roperlou.bsky.social,saytheirnamesir.bsky.social,at://did:plc:fkorj7epx4zpmdxx7d6m7qgc/app.bsky.feed.post/3m5gnetznzs2p
cephilis.bsky.social,elacatstan.bsky.social,at://did:plc:uvdkj65ewl23i5eni3sn5krt/app.bsky.feed.post/3m5glsukcts2x
atticuspeirgorm.bsky.social,uplift.ie,at://did:plc:p3ajfs5yqzh6anrao6r73nho/app.bsky.feed.post/3m5gkzjwyas2e
downmydirtroad.bsky.social,ainekeenan.bsky.social,at://did:plc:gjsoejzm7at4syhrvzgizrev/app.bsky.feed.post/3m5gjzc4anc2f
the17thqueen.bsky.social,ainekeenan.bsky.social,at://did:plc:gjsoejzm7at4syhrvzgizrev/app.bsky.feed.post/3m5gjzc4anc2f
undineofthegrotto.bsky.social,ainekeenan.bsky.social,at://did:plc:gjsoejzm7at4syhrvzgizrev/app.bsky.feed.post/3m5gjzc4anc2f
dawphin.bsky.social,ainekeenan.bsky.social,at://did:plc:gjsoejzm7at4syhrvzgizrev/app.bsky.feed.post/3m5gjzc4anc2f
arik-2.bsky.social,ainekeenan.bsky.social,at://did:plc:gjsoejzm7at4syhrvzgizrev/app.bsky.feed.post/3m5gjzc4anc2f
pierpaolo.bsky.social,ainekeenan.bsky.social,at://did:plc:gjsoejzm7at4syhrvzgizrev/app.bsky.feed.post/3m5gjzc4anc2f
melysue.bsky.social,ainekeenan.bsky.social,at://did:plc:gjsoejzm7at4syhrvzgizrev/app.bsky.feed.post/3m5gjzc4anc2f
heroespeak.bsky.social,ainekeenan.bsky.social,at://did:plc:gjsoejzm7at4syhrvzgizrev/app.bsky.feed.post/3m5gjzc4anc2f
stormyisbeloved.bsky.social,ainekeenan.bsky.social,at://did:plc:gjsoejzm7at4syhrvzgizrev/app.bsky.feed.post/3m5gjzc4anc2f
breeze420.bsky.social,ainekeenan.bsky.social,at://did:plc:gjsoejzm7at4syhrvzgizrev/app.bsky.feed.post/3m5gjzc4anc2f
gulliver77.bsky.social,ainekeenan.bsky.social,at://did:plc:gjsoejzm7at4syhrvzgizrev/app.bsky.feed.post/3m5gjzc4anc2f
lyphshro.bsky.social,ainekeenan.bsky.social,at://did:plc:gjsoejzm7at4syhrvzgizrev/app.bsky.feed.post/3m5gjzc4anc2f
paulwelsh89.bsky.social,ainekeenan.bsky.social,at://did:plc:gjsoejzm7at4syhrvzgizrev/app.bsky.feed.post/3m5gjzc4anc2f
bdoucette.bsky.social,ainekeenan.bsky.social,at://did:plc:gjsoejzm7at4syhrvzgizrev/app.bsky.feed.post/3m5gjzc4anc2f
wyrdwednesday.bsky.social,buchanan.today,at://did:plc:v3qidkwdgquq42eikzvtevlp/app.bsky.feed.post/3m5ghfyfuuc2m
natsky777.bsky.social,buchanan.today,at://did:plc:v3qidkwdgquq42eikzvtevlp/app.bsky.feed.post/3m5ghfyfuuc2m
groovygrannie.bsky.social,buchanan.today,at://did:plc:v3qidkwdgquq42eikzvtevlp/app.bsky.feed.post/3m5ghfyfuuc2m
tetoterri.bsky.social,drmarymcauliffe.bsky.social,at://did:plc:wzelpzmv2b3oudwhkcpr2s6n/app.bsky.feed.post/3m5gfz6ol622h
mnasca.bsky.social,drmarymcauliffe.bsky.social,at://did:plc:wzelpzmv2b3oudwhkcpr2s6n/app.bsky.feed.post/3m5gfz6ol622h
flannlmacgowan.bsky.social,drmarymcauliffe.bsky.social,at://did:plc:wzelpzmv2b3oudwhkcpr2s6n/app.bsky.feed.post/3m5gfz6ol622h
ealadubh.bsky.social,drmarymcauliffe.bsky.social,at://did:plc:wzelpzmv2b3oudwhkcpr2s6n/app.bsky.feed.post/3m5gfz6ol622h
oneplacestudies.bsky.social,irishplacenames.bsky.social,at://did:plc:hhfwpteeefymb5m324x3rsui/app.bsky.feed.post/3m5gfiirkhk2o
mousketeer.bsky.social,eoinlettice.bsky.social,at://did:plc:m6ug347bvaddvo6gqdzhvczc/app.bsky.feed.post/3m5ge5o6ytc2l
catag.bsky.social,eoinlettice.bsky.social,at://did:plc:m6ug347bvaddvo6gqdzhvczc/app.bsky.feed.post/3m5ge5o6ytc2l
maireadenright.bsky.social,dfertl.bsky.social,at://did:plc:qi3uhneb2cz77ibwnzailb22/app.bsky.feed.post/3m5gcxl6q6k2a
ciara2001.bsky.social,dfertl.bsky.social,at://did:plc:qi3uhneb2cz77ibwnzailb22/app.bsky.feed.post/3m5gcxl6q6k2a
kettleworks.cuppydog.city,dfertl.bsky.social,at://did:plc:qi3uhneb2cz77ibwnzailb22/app.bsky.feed.post/3m5gcxl6q6k2a
philipoconnor.bsky.social,dfertl.bsky.social,at://did:plc:qi3uhneb2cz77ibwnzailb22/app.bsky.feed.post/3m5gcxl6q6k2a
melissjpeltier.bsky.social,limerick4inarow.bsky.social,at://did:plc:ofmkl4k2ybutv5b3xpmuq36h/app.bsky.feed.post/3m5gaazitwk27
malcolmwilson01.bsky.social,orlaegan1.bsky.social,at://did:plc:ek6kvqen34uiu3ctdfyutjcw/app.bsky.feed.post/3m5g5mzucgc2a
stephencward.com,orlaegan1.bsky.social,at://did:plc:ek6kvqen34uiu3ctdfyutjcw/app.bsky.feed.post/3m5g5mzucgc2a
daisyh75.bsky.social,beebsymca.bsky.social,at://did:plc:uikhh4ytkn7hivripzltye7z/app.bsky.feed.post/3m5g4snp2ls2k
darach.bsky.social,beebsymca.bsky.social,at://did:plc:uikhh4ytkn7hivripzltye7z/app.bsky.feed.post/3m5g4snp2ls2k
lamhfada.bsky.social,beebsymca.bsky.social,at://did:plc:uikhh4ytkn7hivripzltye7z/app.bsky.feed.post/3m5g4snp2ls2k
sapphixy.bsky.social,beebsymca.bsky.social,at://did:plc:uikhh4ytkn7hivripzltye7z/app.bsky.feed.post/3m5g4snp2ls2k
maykayf.bsky.social,beebsymca.bsky.social,at://did:plc:uikhh4ytkn7hivripzltye7z/app.bsky.feed.post/3m5g4snp2ls2k
maykayf.bsky.social,squeefulraven.bsky.social,at://did:plc:lcczgcqfsgyocligu3ukzexx/app.bsky.feed.post/3m5fnjzlqi223
jasonlee.ie,domhnaill061.bsky.social,at://did:plc:jetcomelzrjjt7hb2lpvira6/app.bsky.feed.post/3m5fltwvjz22v
queen-crafty.bsky.social,alanmacseain.bsky.social,at://did:plc:k37qbsu7vms4fcu6wszzuu3l/app.bsky.feed.post/3m5fgddx7p226
lunsfordpatrick16.bsky.social,gardeningwell.ie,at://did:plc:zdxzpya4k5b4dguidkh3zajh/app.bsky.feed.post/3m5fagqllrs2w
evalizz.bsky.social,gardeningwell.ie,at://did:plc:zdxzpya4k5b4dguidkh3zajh/app.bsky.feed.post/3m5fagqllrs2w
fionnulamac.bsky.social,carlwinberg.bsky.social,at://did:plc:h5dbmkg6gguanjsa2etfhum4/app.bsky.feed.post/3m5fafdaqzk2w
stephaniemac.bsky.social,carlwinberg.bsky.social,at://did:plc:h5dbmkg6gguanjsa2etfhum4/app.bsky.feed.post/3m5fafdaqzk2w
siobhanmcelduff.bsky.social,carlwinberg.bsky.social,at://did:plc:h5dbmkg6gguanjsa2etfhum4/app.bsky.feed.post/3m5fafdaqzk2w
philipoconnor.bsky.social,carlwinberg.bsky.social,at://did:plc:h5dbmkg6gguanjsa2etfhum4/app.bsky.feed.post/3m5fafdaqzk2w
punchpattie.bsky.social,fhayesmccoy.bsky.social,at://did:plc:wpvwcjuhrpr5tjnhy3vp24ly/app.bsky.feed.post/3m5f7qkpuhk2x
markets.newsmast.community.ap.brid.gy,sharrow.bsky.social,at://did:plc:uwji4l3wzsygaxduowluqmgr/app.bsky.feed.post/3m5ezwdxiy22r
government.newsmast.community.ap.brid.gy,sharrow.bsky.social,at://did:plc:uwji4l3wzsygaxduowluqmgr/app.bsky.feed.post/3m5ezwdxiy22r
healthcare.newsmast.community.ap.brid.gy,sharrow.bsky.social,at://did:plc:uwji4l3wzsygaxduowluqmgr/app.bsky.feed.post/3m5ezwdxiy22r
marybuckley.bsky.social,carriegrif.bsky.social,at://did:plc:wf5grp4urwhotfzikjnxdurs/app.bsky.feed.post/3m5eyoutcos2b
ruthwatson.bsky.social,carriegrif.bsky.social,at://did:plc:wf5grp4urwhotfzikjnxdurs/app.bsky.feed.post/3m5eyoutcos2b
bibliotequetress.bsky.social,carriegrif.bsky.social,at://did:plc:wf5grp4urwhotfzikjnxdurs/app.bsky.feed.post/3m5eyoutcos2b
sharrow.bsky.social,nicolahorgan.bsky.social,at://did:plc:flpf3rksopl7zx2tbgsyjv7m/app.bsky.feed.post/3m5etkcp35s2m
sharrow.bsky.social,thenpw.bsky.social,at://did:plc:jkgqy6z3shq6puqnt3t4g2to/app.bsky.feed.post/3m5et25cwbs2n
queen-crafty.bsky.social,thenpw.bsky.social,at://did:plc:jkgqy6z3shq6puqnt3t4g2to/app.bsky.feed.post/3m5et25cwbs2n
sandraduffy.bsky.social,thenpw.bsky.social,at://did:plc:jkgqy6z3shq6puqnt3t4g2to/app.bsky.feed.post/3m5et25cwbs2n
eoinsmith.bsky.social,thenpw.bsky.social,at://did:plc:jkgqy6z3shq6puqnt3t4g2to/app.bsky.feed.post/3m5et25cwbs2n
darylfeehely.com,thenpw.bsky.social,at://did:plc:jkgqy6z3shq6puqnt3t4g2to/app.bsky.feed.post/3m5et25cwbs2n
claireissimo.bsky.social,thenpw.bsky.social,at://did:plc:jkgqy6z3shq6puqnt3t4g2to/app.bsky.feed.post/3m5et25cwbs2n
louthforever.bsky.social,thenpw.bsky.social,at://did:plc:jkgqy6z3shq6puqnt3t4g2to/app.bsky.feed.post/3m5et25cwbs2n
marbencel1.bsky.social,thenpw.bsky.social,at://did:plc:jkgqy6z3shq6puqnt3t4g2to/app.bsky.feed.post/3m5et25cwbs2n
eltorosolo.bsky.social,thenpw.bsky.social,at://did:plc:jkgqy6z3shq6puqnt3t4g2to/app.bsky.feed.post/3m5et25cwbs2n
philipoconnor.bsky.social,thenpw.bsky.social,at://did:plc:jkgqy6z3shq6puqnt3t4g2to/app.bsky.feed.post/3m5et25cwbs2n
mnicearbhaill.bsky.social,thenpw.bsky.social,at://did:plc:jkgqy6z3shq6puqnt3t4g2to/app.bsky.feed.post/3m5et25cwbs2n
freereed59.net,drmarymcauliffe.bsky.social,at://did:plc:wzelpzmv2b3oudwhkcpr2s6n/app.bsky.feed.post/3m5esvivmqk2q
robertbohan.bsky.social,drmarymcauliffe.bsky.social,at://did:plc:wzelpzmv2b3oudwhkcpr2s6n/app.bsky.feed.post/3m5esvivmqk2q
ucdpress.bsky.social,drmarymcauliffe.bsky.social,at://did:plc:wzelpzmv2b3oudwhkcpr2s6n/app.bsky.feed.post/3m5esvivmqk2q
sharrow.bsky.social,drmarymcauliffe.bsky.social,at://did:plc:wzelpzmv2b3oudwhkcpr2s6n/app.bsky.feed.post/3m5esvivmqk2q
7leaguebootdisk.bsky.social,drmarymcauliffe.bsky.social,at://did:plc:wzelpzmv2b3oudwhkcpr2s6n/app.bsky.feed.post/3m5esvivmqk2q
louthforever.bsky.social,drmarymcauliffe.bsky.social,at://did:plc:wzelpzmv2b3oudwhkcpr2s6n/app.bsky.feed.post/3m5esvivmqk2q
spillanemike.com,despod.bsky.social,at://did:plc:jhndv2ueuu77qaiw5ivjkhx7/app.bsky.feed.post/3m5esn7z67o2p
creativedynamix.bsky.social,despod.bsky.social,at://did:plc:jhndv2ueuu77qaiw5ivjkhx7/app.bsky.feed.post/3m5esn7z67o2p
uilliammac.bsky.social,despod.bsky.social,at://did:plc:jhndv2ueuu77qaiw5ivjkhx7/app.bsky.feed.post/3m5esn7z67o2p
cathyby.bsky.social,stancarey.bsky.social,at://did:plc:5umbpor2jx3i4a7g5gureesq/app.bsky.feed.post/3m5erhgzskk2f
cormacos.bsky.social,stancarey.bsky.social,at://did:plc:5umbpor2jx3i4a7g5gureesq/app.bsky.feed.post/3m5erhgzskk2f
aoifeb1.bsky.social,stancarey.bsky.social,at://did:plc:5umbpor2jx3i4a7g5gureesq/app.bsky.feed.post/3m5erhgzskk2f
geraldineishere.bsky.social,stancarey.bsky.social,at://did:plc:5umbpor2jx3i4a7g5gureesq/app.bsky.feed.post/3m5erhgzskk2f
werslabber.bsky.social,stancarey.bsky.social,at://did:plc:5umbpor2jx3i4a7g5gureesq/app.bsky.feed.post/3m5erhgzskk2f
irishphilosophy.bsky.social,stancarey.bsky.social,at://did:plc:5umbpor2jx3i4a7g5gureesq/app.bsky.feed.post/3m5erhgzskk2f
faduda.bsky.social,stancarey.bsky.social,at://did:plc:5umbpor2jx3i4a7g5gureesq/app.bsky.feed.post/3m5erhgzskk2f
wanderer4ever.bsky.social,stancarey.bsky.social,at://did:plc:5umbpor2jx3i4a7g5gureesq/app.bsky.feed.post/3m5erhgzskk2f
rogerokeeffe.bsky.social,stancarey.bsky.social,at://did:plc:5umbpor2jx3i4a7g5gureesq/app.bsky.feed.post/3m5erhgzskk2f
takemusu.bsky.social,stancarey.bsky.social,at://did:plc:5umbpor2jx3i4a7g5gureesq/app.bsky.feed.post/3m5erhgzskk2f
queen-crafty.bsky.social,sullydaysleeper.bsky.social,at://did:plc:63mlf5ayqa3qbmgddw4d4zsu/app.bsky.feed.post/3m5era6bpos2o
emmadragon.bsky.social,sullydaysleeper.bsky.social,at://did:plc:63mlf5ayqa3qbmgddw4d4zsu/app.bsky.feed.post/3m5era6bpos2o
fionnulamac.bsky.social,sullydaysleeper.bsky.social,at://did:plc:63mlf5ayqa3qbmgddw4d4zsu/app.bsky.feed.post/3m5era6bpos2o
alimack13.bsky.social,sullydaysleeper.bsky.social,at://did:plc:63mlf5ayqa3qbmgddw4d4zsu/app.bsky.feed.post/3m5era6bpos2o
rogerokeeffe.bsky.social,sullydaysleeper.bsky.social,at://did:plc:63mlf5ayqa3qbmgddw4d4zsu/app.bsky.feed.post/3m5era6bpos2o
carolconnolly.bsky.social,geraldineishere.bsky.social,at://did:plc:sp6yooz77ckr32j7dqxjt5fr/app.bsky.feed.post/3m5eqiqcypc26
margaretcahillbsky.bsky.social,thriveabetes.bsky.social,at://did:plc:qywcmx577hlrhttfeurxgqp4/app.bsky.feed.post/3m5epuns5hx2m
clodaghtait.bsky.social,geraldineishere.bsky.social,at://did:plc:sp6yooz77ckr32j7dqxjt5fr/app.bsky.feed.post/3m5epg2l3ts26
niamhpuirseil.bsky.social,geraldineishere.bsky.social,at://did:plc:sp6yooz77ckr32j7dqxjt5fr/app.bsky.feed.post/3m5epg2l3ts26
culturalfatwa.bsky.social,geraldineishere.bsky.social,at://did:plc:sp6yooz77ckr32j7dqxjt5fr/app.bsky.feed.post/3m5epg2l3ts26
corkbeo.bsky.social,geraldineishere.bsky.social,at://did:plc:sp6yooz77ckr32j7dqxjt5fr/app.bsky.feed.post/3m5epg2l3ts26
conormccabe.bsky.social,geraldineishere.bsky.social,at://did:plc:sp6yooz77ckr32j7dqxjt5fr/app.bsky.feed.post/3m5epg2l3ts26
karlstanley.bsky.social,geraldineishere.bsky.social,at://did:plc:sp6yooz77ckr32j7dqxjt5fr/app.bsky.feed.post/3m5epg2l3ts26
carolconnolly.bsky.social,geraldineishere.bsky.social,at://did:plc:sp6yooz77ckr32j7dqxjt5fr/app.bsky.feed.post/3m5epg2l3ts26
writetodelight.bsky.social,geraldineishere.bsky.social,at://did:plc:sp6yooz77ckr32j7dqxjt5fr/app.bsky.feed.post/3m5epg2l3ts26
elaineburke.bsky.social,geraldineishere.bsky.social,at://did:plc:sp6yooz77ckr32j7dqxjt5fr/app.bsky.feed.post/3m5epg2l3ts26
jjfru.bsky.social,geraldineishere.bsky.social,at://did:plc:sp6yooz77ckr32j7dqxjt5fr/app.bsky.feed.post/3m5epg2l3ts26
rogerokeeffe.bsky.social,geraldineishere.bsky.social,at://did:plc:sp6yooz77ckr32j7dqxjt5fr/app.bsky.feed.post/3m5epg2l3ts26
bgormley.bsky.social,geraldineishere.bsky.social,at://did:plc:sp6yooz77ckr32j7dqxjt5fr/app.bsky.feed.post/3m5epg2l3ts26
jamesfbrophy.bsky.social,cormacos.bsky.social,at://did:plc:vmvfjiq64l4zjxj6omfqalwm/app.bsky.feed.post/3m5ep7yfb322a
oisinmcgann.bsky.social,cormacos.bsky.social,at://did:plc:vmvfjiq64l4zjxj6omfqalwm/app.bsky.feed.post/3m5ep7yfb322a
sharrow.bsky.social,cormacos.bsky.social,at://did:plc:vmvfjiq64l4zjxj6omfqalwm/app.bsky.feed.post/3m5ep7yfb322a
geraldineishere.bsky.social,cormacos.bsky.social,at://did:plc:vmvfjiq64l4zjxj6omfqalwm/app.bsky.feed.post/3m5ep7yfb322a
maryannbolger.bsky.social,cormacos.bsky.social,at://did:plc:vmvfjiq64l4zjxj6omfqalwm/app.bsky.feed.post/3m5ep7yfb322a
caoimhetiernan.bsky.social,cormacos.bsky.social,at://did:plc:vmvfjiq64l4zjxj6omfqalwm/app.bsky.feed.post/3m5ep7yfb322a
faduda.bsky.social,cormacos.bsky.social,at://did:plc:vmvfjiq64l4zjxj6omfqalwm/app.bsky.feed.post/3m5ep7yfb322a
wanderer4ever.bsky.social,cormacos.bsky.social,at://did:plc:vmvfjiq64l4zjxj6omfqalwm/app.bsky.feed.post/3m5ep7yfb322a
tomtdowling.bsky.social,cormacos.bsky.social,at://did:plc:vmvfjiq64l4zjxj6omfqalwm/app.bsky.feed.post/3m5ep7yfb322a
reidangela.bsky.social,uplift.ie,at://did:plc:p3ajfs5yqzh6anrao6r73nho/app.bsky.feed.post/3m5ep7vc5722z
thrillpool.bsky.social,sharrow.bsky.social,at://did:plc:uwji4l3wzsygaxduowluqmgr/app.bsky.feed.post/3m5eos4kfuc2t
suzybie.bsky.social,sharrow.bsky.social,at://did:plc:uwji4l3wzsygaxduowluqmgr/app.bsky.feed.post/3m5eos4kfuc2t
lgbtq.newsmast.community.ap.brid.gy,sharrow.bsky.social,at://did:plc:uwji4l3wzsygaxduowluqmgr/app.bsky.feed.post/3m5eos4kfuc2t
stephanenny.bsky.social,sharrow.bsky.social,at://did:plc:uwji4l3wzsygaxduowluqmgr/app.bsky.feed.post/3m5eos4kfuc2t
coreilly.bsky.social,sharrow.bsky.social,at://did:plc:uwji4l3wzsygaxduowluqmgr/app.bsky.feed.post/3m5eos4kfuc2t
rogerokeeffe.bsky.social,stancarey.bsky.social,at://did:plc:5umbpor2jx3i4a7g5gureesq/app.bsky.feed.post/3m5eoj6lpls2f
oisinmcgann.bsky.social,nigellicus.bsky.social,at://did:plc:33vlabr5n5naktrl6xgyopoc/app.bsky.feed.post/3m5emop6w4k2e
eratosthingy.bsky.social,nigellicus.bsky.social,at://did:plc:33vlabr5n5naktrl6xgyopoc/app.bsky.feed.post/3m5emop6w4k2e
paulmara.bsky.social,nigellicus.bsky.social,at://did:plc:33vlabr5n5naktrl6xgyopoc/app.bsky.feed.post/3m5emop6w4k2e
gleebix.bsky.social,nigellicus.bsky.social,at://did:plc:33vlabr5n5naktrl6xgyopoc/app.bsky.feed.post/3m5emop6w4k2e
eibhear.gibiris.org,nigellicus.bsky.social,at://did:plc:33vlabr5n5naktrl6xgyopoc/app.bsky.feed.post/3m5emop6w4k2e
miridescent.bsky.social,heneghano.bsky.social,at://did:plc:4azdt3udrkqxhyzpmt2olbkr/app.bsky.feed.post/3m5elrdrgds2j
queen-crafty.bsky.social,darylfeehely.com,at://did:plc:imdb5lnqdvuployv2wxfgdms/app.bsky.feed.post/3m5elqprfus2q
melissjpeltier.bsky.social,darylfeehely.com,at://did:plc:imdb5lnqdvuployv2wxfgdms/app.bsky.feed.post/3m5elqprfus2q
rogerokeeffe.bsky.social,darylfeehely.com,at://did:plc:imdb5lnqdvuployv2wxfgdms/app.bsky.feed.post/3m5elqprfus2q
summeroakes.bsky.social,darylfeehely.com,at://did:plc:imdb5lnqdvuployv2wxfgdms/app.bsky.feed.post/3m5elqprfus2q
palelilspydr.bsky.social,siobhanmcelduff.bsky.social,at://did:plc:b5yxc2nhcgrbtu3twvlg3i7a/app.bsky.feed.post/3m5el52a3ic2f
imaculthero.bsky.social,siobhanmcelduff.bsky.social,at://did:plc:b5yxc2nhcgrbtu3twvlg3i7a/app.bsky.feed.post/3m5el52a3ic2f
ghostflaneur.bsky.social,siobhanmcelduff.bsky.social,at://did:plc:b5yxc2nhcgrbtu3twvlg3i7a/app.bsky.feed.post/3m5el52a3ic2f
hilarywollis.bsky.social,orla-hegarty.bsky.social,at://did:plc:aozsf6n4ii7kftvlsr2yvfhq/app.bsky.feed.post/3m5efcrazck2d
robosullivan.bsky.social,orlaegan1.bsky.social,at://did:plc:ek6kvqen34uiu3ctdfyutjcw/app.bsky.feed.post/3m5ecx25nk22a
athen4.bsky.social,orlaegan1.bsky.social,at://did:plc:ek6kvqen34uiu3ctdfyutjcw/app.bsky.feed.post/3m5ecx25nk22a
emmadragon.bsky.social,orlaegan1.bsky.social,at://did:plc:ek6kvqen34uiu3ctdfyutjcw/app.bsky.feed.post/3m5ecx25nk22a
fionnulamac.bsky.social,orlaegan1.bsky.social,at://did:plc:ek6kvqen34uiu3ctdfyutjcw/app.bsky.feed.post/3m5ecx25nk22a
dglaity.bsky.social,orlaegan1.bsky.social,at://did:plc:ek6kvqen34uiu3ctdfyutjcw/app.bsky.feed.post/3m5ecx25nk22a
thedoublev.bsky.social,hourlybreezing.ntw.app,at://did:plc:k43ha6nlknmdw4owymqnvcat/app.bsky.feed.post/3m5eclrq4q52s
sarklor.bsky.social,orlaegan1.bsky.social,at://did:plc:ek6kvqen34uiu3ctdfyutjcw/app.bsky.feed.post/3m5eb64u7ok2q
robosullivan.bsky.social,orlaegan1.bsky.social,at://did:plc:ek6kvqen34uiu3ctdfyutjcw/app.bsky.feed.post/3m5eb64u7ok2q
stephencward.com,orlaegan1.bsky.social,at://did:plc:ek6kvqen34uiu3ctdfyutjcw/app.bsky.feed.post/3m5eb64u7ok2q
thedoublev.bsky.social,nowbreezing.ntw.app,at://did:plc:mcb6n67plnrlx4lg35natk2b/app.bsky.feed.post/3m5eanpl3qv2y
miridescent.bsky.social,sheila-garrity.bsky.social,at://did:plc:txovk4fleiim76boz7veuruk/app.bsky.feed.post/3m5eah6p4f22p
louthforever.bsky.social,grainneblair.bsky.social,at://did:plc:htzrfp3q6p3ht3x7knog6mdd/app.bsky.feed.post/3m5e7j6yf7s2q
aaronhunter.bsky.social,meltyshirts.com,at://did:plc:pdendcplixw4gxmn7ubv3dnd/app.bsky.feed.post/3m5e6xllr7c26
shazbear.bsky.social,meltyshirts.com,at://did:plc:pdendcplixw4gxmn7ubv3dnd/app.bsky.feed.post/3m5e6xllr7c26
mickboss.bsky.social,meltyshirts.com,at://did:plc:pdendcplixw4gxmn7ubv3dnd/app.bsky.feed.post/3m5e6xllr7c26
darylfeehely.com,meltyshirts.com,at://did:plc:pdendcplixw4gxmn7ubv3dnd/app.bsky.feed.post/3m5e6xllr7c26
louthforever.bsky.social,meltyshirts.com,at://did:plc:pdendcplixw4gxmn7ubv3dnd/app.bsky.feed.post/3m5e6xllr7c26
miridescent.bsky.social,meltyshirts.com,at://did:plc:pdendcplixw4gxmn7ubv3dnd/app.bsky.feed.post/3m5e6xllr7c26
johnmacdonagh.bsky.social,meltyshirts.com,at://did:plc:pdendcplixw4gxmn7ubv3dnd/app.bsky.feed.post/3m5e6xllr7c26
malachymckeever.bsky.social,meltyshirts.com,at://did:plc:pdendcplixw4gxmn7ubv3dnd/app.bsky.feed.post/3m5e6xllr7c26
michelabarlow.bsky.social,oreilly1.bsky.social,at://did:plc:dyx2nesmuuoq2nga6pyqx2lh/app.bsky.feed.post/3m5e6ljpkms2z
louthforever.bsky.social,oreilly1.bsky.social,at://did:plc:dyx2nesmuuoq2nga6pyqx2lh/app.bsky.feed.post/3m5e6ljpkms2z
eleanor70912.bsky.social,oreilly1.bsky.social,at://did:plc:dyx2nesmuuoq2nga6pyqx2lh/app.bsky.feed.post/3m5e6ljpkms2z
malachymckeever.bsky.social,oreilly1.bsky.social,at://did:plc:dyx2nesmuuoq2nga6pyqx2lh/app.bsky.feed.post/3m5e6ljpkms2z
sandraduffy.bsky.social,drdeclankavanagh.bsky.social,at://did:plc:um2urgwzbwn56p742s6zwivq/app.bsky.feed.post/3m5e4mzsp7k22
malcolmwilson01.bsky.social,drdeclankavanagh.bsky.social,at://did:plc:um2urgwzbwn56p742s6zwivq/app.bsky.feed.post/3m5e4mzsp7k22
louthforever.bsky.social,drdeclankavanagh.bsky.social,at://did:plc:um2urgwzbwn56p742s6zwivq/app.bsky.feed.post/3m5e4mzsp7k22
caitrionas.bsky.social,saytheirnamesir.bsky.social,at://did:plc:fkorj7epx4zpmdxx7d6m7qgc/app.bsky.feed.post/3m5e36sddvs2h
billallen.bsky.social,irishplacenames.bsky.social,at://did:plc:hhfwpteeefymb5m324x3rsui/app.bsky.feed.post/3m5e345b5kk2b
garrowed.bsky.social,irishplacenames.bsky.social,at://did:plc:hhfwpteeefymb5m324x3rsui/app.bsky.feed.post/3m5e345b5kk2b
caitrionas.bsky.social,irishplacenames.bsky.social,at://did:plc:hhfwpteeefymb5m324x3rsui/app.bsky.feed.post/3m5e345b5kk2b
roisinm.bsky.social,fhayesmccoy.bsky.social,at://did:plc:wpvwcjuhrpr5tjnhy3vp24ly/app.bsky.feed.post/3m5dzuxx5xc2w
viviennesoton.bsky.social,gylesnamopaleen.bsky.social,at://did:plc:wl6hu2taknxe2igvmaq53fwu/app.bsky.feed.post/3m5dzlt6f6c2k
oisinmcgann.bsky.social,oisinmcgann.bsky.social,at://did:plc:xwjlw3ygmqlbr5igkokbkzfn/app.bsky.feed.post/3m5dy6jlgec2q
aoifeb.bsky.social,squeefulraven.bsky.social,at://did:plc:lcczgcqfsgyocligu3ukzexx/app.bsky.feed.post/3m5dy4bobnc2q
eils1.bsky.social,orlaegan1.bsky.social,at://did:plc:ek6kvqen34uiu3ctdfyutjcw/app.bsky.feed.post/3m5dvetkpzc2a
atticuspeirgorm.bsky.social,orlaegan1.bsky.social,at://did:plc:ek6kvqen34uiu3ctdfyutjcw/app.bsky.feed.post/3m5dvetkpzc2a
robertbohan.bsky.social,drmarymcauliffe.bsky.social,at://did:plc:wzelpzmv2b3oudwhkcpr2s6n/app.bsky.feed.post/3m5duthbkd22p
billallen.bsky.social,drmarymcauliffe.bsky.social,at://did:plc:wzelpzmv2b3oudwhkcpr2s6n/app.bsky.feed.post/3m5duthbkd22p
thewildgees.bsky.social,drmarymcauliffe.bsky.social,at://did:plc:wzelpzmv2b3oudwhkcpr2s6n/app.bsky.feed.post/3m5duthbkd22p
caitrionas.bsky.social,drmarymcauliffe.bsky.social,at://did:plc:wzelpzmv2b3oudwhkcpr2s6n/app.bsky.feed.post/3m5duthbkd22p
darach.bsky.social,drmarymcauliffe.bsky.social,at://did:plc:wzelpzmv2b3oudwhkcpr2s6n/app.bsky.feed.post/3m5duthbkd22p
louthforever.bsky.social,drmarymcauliffe.bsky.social,at://did:plc:wzelpzmv2b3oudwhkcpr2s6n/app.bsky.feed.post/3m5duthbkd22p
effiesnake.bsky.social,drmarymcauliffe.bsky.social,at://did:plc:wzelpzmv2b3oudwhkcpr2s6n/app.bsky.feed.post/3m5duthbkd22p
ruthfletcher.bsky.social,drmarymcauliffe.bsky.social,at://did:plc:wzelpzmv2b3oudwhkcpr2s6n/app.bsky.feed.post/3m5duthbkd22p
mairemccafferty.bsky.social,niamhroisin.bsky.social,at://did:plc:dwzlhfisxytmrluhpl2dvypt/app.bsky.feed.post/3m5dtc2cuxc2n
asduskfalls.bsky.social,niamhroisin.bsky.social,at://did:plc:dwzlhfisxytmrluhpl2dvypt/app.bsky.feed.post/3m5dtc2cuxc2n
louthforever.bsky.social,niamhroisin.bsky.social,at://did:plc:dwzlhfisxytmrluhpl2dvypt/app.bsky.feed.post/3m5dtc2cuxc2n
studiousgal.bsky.social,niamhroisin.bsky.social,at://did:plc:dwzlhfisxytmrluhpl2dvypt/app.bsky.feed.post/3m5dtc2cuxc2n
robertbohan.bsky.social,drmarymcauliffe.bsky.social,at://did:plc:wzelpzmv2b3oudwhkcpr2s6n/app.bsky.feed.post/3m5dszsudmc2n
lynnok.bsky.social,drmarymcauliffe.bsky.social,at://did:plc:wzelpzmv2b3oudwhkcpr2s6n/app.bsky.feed.post/3m5dszsudmc2n
auldjohn-emeritus.bsky.social,drmarymcauliffe.bsky.social,at://did:plc:wzelpzmv2b3oudwhkcpr2s6n/app.bsky.feed.post/3m5dszsudmc2n
n16breda.bsky.social,drmarymcauliffe.bsky.social,at://did:plc:wzelpzmv2b3oudwhkcpr2s6n/app.bsky.feed.post/3m5dszsudmc2n
michaelecutaya.bsky.social,drmarymcauliffe.bsky.social,at://did:plc:wzelpzmv2b3oudwhkcpr2s6n/app.bsky.feed.post/3m5dszsudmc2n
louthforever.bsky.social,drmarymcauliffe.bsky.social,at://did:plc:wzelpzmv2b3oudwhkcpr2s6n/app.bsky.feed.post/3m5dszsudmc2n
atticuspeirgorm.bsky.social,drmarymcauliffe.bsky.social,at://did:plc:wzelpzmv2b3oudwhkcpr2s6n/app.bsky.feed.post/3m5dszsudmc2n
timetrekkerten.bsky.social,drmarymcauliffe.bsky.social,at://did:plc:wzelpzmv2b3oudwhkcpr2s6n/app.bsky.feed.post/3m5dszsudmc2n
davegildedalm.bsky.social,gildedalm.com,at://did:plc:b25fw5q6tr2faqdy52du276g/app.bsky.feed.post/3m5dsrbiqr22g
gildedalm.com,gildedalm.com,at://did:plc:b25fw5q6tr2faqdy52du276g/app.bsky.feed.post/3m5dsrbiqr22g
mikemcgb.bsky.social,hyperbolicdub.bsky.social,at://did:plc:zhnxit2ol47yfkmdl6eicbbm/app.bsky.feed.post/3m5dsem6mss2y
kerryanne123.bsky.social,alannahr.bsky.social,at://did:plc:ebd2ccgsnkfj4mqhbfklbizw/app.bsky.feed.post/3m5dqgyquoc2e
eslsys.bsky.social,alannahr.bsky.social,at://did:plc:ebd2ccgsnkfj4mqhbfklbizw/app.bsky.feed.post/3m5dqgyquoc2e
utsiktens.bsky.social,ainekeenan.bsky.social,at://did:plc:gjsoejzm7at4syhrvzgizrev/app.bsky.feed.post/3m5dkefixis2w
billallen.bsky.social,ainekeenan.bsky.social,at://did:plc:gjsoejzm7at4syhrvzgizrev/app.bsky.feed.post/3m5dkefixis2w
pierpaolo.bsky.social,ainekeenan.bsky.social,at://did:plc:gjsoejzm7at4syhrvzgizrev/app.bsky.feed.post/3m5dkefixis2w
sdcushing.bsky.social,ainekeenan.bsky.social,at://did:plc:gjsoejzm7at4syhrvzgizrev/app.bsky.feed.post/3m5dkefixis2w
melysue.bsky.social,ainekeenan.bsky.social,at://did:plc:gjsoejzm7at4syhrvzgizrev/app.bsky.feed.post/3m5dkefixis2w
breeze420.bsky.social,ainekeenan.bsky.social,at://did:plc:gjsoejzm7at4syhrvzgizrev/app.bsky.feed.post/3m5dkefixis2w
gulliver77.bsky.social,ainekeenan.bsky.social,at://did:plc:gjsoejzm7at4syhrvzgizrev/app.bsky.feed.post/3m5dkefixis2w
mindheartinsoul.bsky.social,ainekeenan.bsky.social,at://did:plc:gjsoejzm7at4syhrvzgizrev/app.bsky.feed.post/3m5dkefixis2w
gethanialrhiannon.bsky.social,ainekeenan.bsky.social,at://did:plc:gjsoejzm7at4syhrvzgizrev/app.bsky.feed.post/3m5dkefixis2w
lyphshro.bsky.social,ainekeenan.bsky.social,at://did:plc:gjsoejzm7at4syhrvzgizrev/app.bsky.feed.post/3m5dkefixis2w
angiemckeown.bsky.social,gerardorger.bsky.social,at://did:plc:cpqmcolqz2y2vwves6f2yzho/app.bsky.feed.post/3m5d7za332227
ciaraioch.bsky.social,gerardorger.bsky.social,at://did:plc:cpqmcolqz2y2vwves6f2yzho/app.bsky.feed.post/3m5d7za332227
sharrow.bsky.social,powersflowers.bsky.social,at://did:plc:kub3mhx6yyvqisdddrnvq2zw/app.bsky.feed.post/3m5crgn2uhc23
ballerinax.bsky.social,powersflowers.bsky.social,at://did:plc:kub3mhx6yyvqisdddrnvq2zw/app.bsky.feed.post/3m5crgn2uhc23
ballerinax.bsky.social,hazelklarkin.bsky.social,at://did:plc:jxo3eqeeh3kxphirpaqlbnaq/app.bsky.feed.post/3m5cpyxlay22s
therealamz.bsky.social,hazelklarkin.bsky.social,at://did:plc:jxo3eqeeh3kxphirpaqlbnaq/app.bsky.feed.post/3m5cpyxlay22s
sharrow.bsky.social,jenniferomeara5.bsky.social,at://did:plc:wse2xzmb4etf7dpmdodw75lt/app.bsky.feed.post/3m5cpbjhpp224
louthforever.bsky.social,jenniferomeara5.bsky.social,at://did:plc:wse2xzmb4etf7dpmdodw75lt/app.bsky.feed.post/3m5cpbjhpp224
tourguidejohn.bsky.social,jenniferomeara5.bsky.social,at://did:plc:wse2xzmb4etf7dpmdodw75lt/app.bsky.feed.post/3m5cpbjhpp224
sharrow.bsky.social,allanartist.bsky.social,at://did:plc:har4i535fc7jres2p3oqsyay/app.bsky.feed.post/3m5cmyzfzd22u
caitrionas.bsky.social,allanartist.bsky.social,at://did:plc:har4i535fc7jres2p3oqsyay/app.bsky.feed.post/3m5cmyzfzd22u
louthforever.bsky.social,allanartist.bsky.social,at://did:plc:har4i535fc7jres2p3oqsyay/app.bsky.feed.post/3m5cmyzfzd22u
pepsffk.bsky.social,allanartist.bsky.social,at://did:plc:har4i535fc7jres2p3oqsyay/app.bsky.feed.post/3m5cmyzfzd22u
philipoconnor.bsky.social,allanartist.bsky.social,at://did:plc:har4i535fc7jres2p3oqsyay/app.bsky.feed.post/3m5cmyzfzd22u
tlrhub.bsky.social,chendirl.bsky.social,at://did:plc:4gkhunopukop6ugvlessqyvx/app.bsky.feed.post/3m5cmc6asf225
smora.bsky.social,chendirl.bsky.social,at://did:plc:4gkhunopukop6ugvlessqyvx/app.bsky.feed.post/3m5cmc6asf225
lolaruizberdun.bsky.social,chendirl.bsky.social,at://did:plc:4gkhunopukop6ugvlessqyvx/app.bsky.feed.post/3m5cmc6asf225
deathstudiespod.bsky.social,chendirl.bsky.social,at://did:plc:4gkhunopukop6ugvlessqyvx/app.bsky.feed.post/3m5cmc6asf225
pregnancylossie.bsky.social,chendirl.bsky.social,at://did:plc:4gkhunopukop6ugvlessqyvx/app.bsky.feed.post/3m5cmc6asf225
iaphistorians.bsky.social,chendirl.bsky.social,at://did:plc:4gkhunopukop6ugvlessqyvx/app.bsky.feed.post/3m5cmc6asf225
eurohealthhist.bsky.social,chendirl.bsky.social,at://did:plc:4gkhunopukop6ugvlessqyvx/app.bsky.feed.post/3m5cmc6asf225
thecelticist.bsky.social,annapr.bsky.social,at://did:plc:4gnebpoe7wljgw3pf3y35do3/app.bsky.feed.post/3m5cl5x73c22s
sanctuaryrunner.bsky.social,annapr.bsky.social,at://did:plc:4gnebpoe7wljgw3pf3y35do3/app.bsky.feed.post/3m5cl5x73c22s
maccrespo.bsky.social,annapr.bsky.social,at://did:plc:4gnebpoe7wljgw3pf3y35do3/app.bsky.feed.post/3m5cl5x73c22s
robosullivan.bsky.social,annapr.bsky.social,at://did:plc:4gnebpoe7wljgw3pf3y35do3/app.bsky.feed.post/3m5cl5x73c22s
duncanjonesmerrion.bsky.social,annapr.bsky.social,at://did:plc:4gnebpoe7wljgw3pf3y35do3/app.bsky.feed.post/3m5cl5x73c22s
briansmith950.bsky.social,annapr.bsky.social,at://did:plc:4gnebpoe7wljgw3pf3y35do3/app.bsky.feed.post/3m5cl5x73c22s
louthforever.bsky.social,annapr.bsky.social,at://did:plc:4gnebpoe7wljgw3pf3y35do3/app.bsky.feed.post/3m5cl5x73c22s
siobhanmcelduff.bsky.social,annapr.bsky.social,at://did:plc:4gnebpoe7wljgw3pf3y35do3/app.bsky.feed.post/3m5cl5x73c22s
philipoconnor.bsky.social,annapr.bsky.social,at://did:plc:4gnebpoe7wljgw3pf3y35do3/app.bsky.feed.post/3m5cl5x73c22s
clancyny.bsky.social,annapr.bsky.social,at://did:plc:4gnebpoe7wljgw3pf3y35do3/app.bsky.feed.post/3m5cl5x73c22s
robosullivan.bsky.social,joyofhazel.bsky.social,at://did:plc:tcytdxc4g4lfetzqyun6vvts/app.bsky.feed.post/3m5ciny5dmc26
caitrionas.bsky.social,joyofhazel.bsky.social,at://did:plc:tcytdxc4g4lfetzqyun6vvts/app.bsky.feed.post/3m5ciny5dmc26
blyons.bsky.social,joyofhazel.bsky.social,at://did:plc:tcytdxc4g4lfetzqyun6vvts/app.bsky.feed.post/3m5ciny5dmc26
darylfeehely.com,joyofhazel.bsky.social,at://did:plc:tcytdxc4g4lfetzqyun6vvts/app.bsky.feed.post/3m5ciny5dmc26
devore.bsky.social,joyofhazel.bsky.social,at://did:plc:tcytdxc4g4lfetzqyun6vvts/app.bsky.feed.post/3m5ciny5dmc26
dodocurran.bsky.social,joyofhazel.bsky.social,at://did:plc:tcytdxc4g4lfetzqyun6vvts/app.bsky.feed.post/3m5ciny5dmc26
paulcarroll15.bsky.social,joyofhazel.bsky.social,at://did:plc:tcytdxc4g4lfetzqyun6vvts/app.bsky.feed.post/3m5ciny5dmc26
louthforever.bsky.social,joyofhazel.bsky.social,at://did:plc:tcytdxc4g4lfetzqyun6vvts/app.bsky.feed.post/3m5ciny5dmc26
philipoconnor.bsky.social,joyofhazel.bsky.social,at://did:plc:tcytdxc4g4lfetzqyun6vvts/app.bsky.feed.post/3m5ciny5dmc26
darylfeehely.com,eslsys.bsky.social,at://did:plc:dnvpi77gppcosuglhn7nngk3/app.bsky.feed.post/3m5cbnuhczc2f
miriamkennedy.bsky.social,caroleducky.bsky.social,at://did:plc:wk4vbtn77njhk4mlohgewj2m/app.bsky.feed.post/3m5c7l3wm6s2k
queen-crafty.bsky.social,dubmac.bsky.social,at://did:plc:rrj4gnpl267pqtrrdsjkijaq/app.bsky.feed.post/3m5c7kcvv5c2o
lynnok.bsky.social,dubmac.bsky.social,at://did:plc:rrj4gnpl267pqtrrdsjkijaq/app.bsky.feed.post/3m5c7kcvv5c2o
tararoonies.bsky.social,dubmac.bsky.social,at://did:plc:rrj4gnpl267pqtrrdsjkijaq/app.bsky.feed.post/3m5c7kcvv5c2o
jackiemo.bsky.social,dubmac.bsky.social,at://did:plc:rrj4gnpl267pqtrrdsjkijaq/app.bsky.feed.post/3m5c7kcvv5c2o
tggleeson.bsky.social,despod.bsky.social,at://did:plc:jhndv2ueuu77qaiw5ivjkhx7/app.bsky.feed.post/3m5c6btbcuc2u
ardentarchivist.bsky.social,nigelmonaghan-nh.bsky.social,at://did:plc:2megf4wm4zbyel5soyu7u7xk/app.bsky.feed.post/3m5c2ojc3pc2k
klillington.bsky.social,nigelmonaghan-nh.bsky.social,at://did:plc:2megf4wm4zbyel5soyu7u7xk/app.bsky.feed.post/3m5c2ojc3pc2k
neiljackman.bsky.social,nigelmonaghan-nh.bsky.social,at://did:plc:2megf4wm4zbyel5soyu7u7xk/app.bsky.feed.post/3m5c2ojc3pc2k
morct1.bsky.social,nigelmonaghan-nh.bsky.social,at://did:plc:2megf4wm4zbyel5soyu7u7xk/app.bsky.feed.post/3m5c2ojc3pc2k
bulawayokid.ing,nigelmonaghan-nh.bsky.social,at://did:plc:2megf4wm4zbyel5soyu7u7xk/app.bsky.feed.post/3m5c2ojc3pc2k
stitchlily.bsky.social,nigelmonaghan-nh.bsky.social,at://did:plc:2megf4wm4zbyel5soyu7u7xk/app.bsky.feed.post/3m5c2ojc3pc2k
nigellicus.bsky.social,nigelmonaghan-nh.bsky.social,at://did:plc:2megf4wm4zbyel5soyu7u7xk/app.bsky.feed.post/3m5c2ojc3pc2k
eatyourflag.bsky.social,limerick4inarow.bsky.social,at://did:plc:ofmkl4k2ybutv5b3xpmuq36h/app.bsky.feed.post/3m5c2mjn44c2m
billallen.bsky.social,helendublin.bsky.social,at://did:plc:nigs7kco6eoaxc5aiimsaxc3/app.bsky.feed.post/3m5bz6bslf222
saltyzeek.bsky.social,lisagrimm.com,at://did:plc:bjovrbtmnlckoh6vaalnqjzi/app.bsky.feed.post/3m5byidmt5s2b
boakandbailey.bsky.social,lisagrimm.com,at://did:plc:bjovrbtmnlckoh6vaalnqjzi/app.bsky.feed.post/3m5byidmt5s2b
louisekrennmair.bsky.social,lisagrimm.com,at://did:plc:bjovrbtmnlckoh6vaalnqjzi/app.bsky.feed.post/3m5byidmt5s2b
mrtaytohead.bsky.social,lisagrimm.com,at://did:plc:bjovrbtmnlckoh6vaalnqjzi/app.bsky.feed.post/3m5byidmt5s2b
pmtyrrell.bsky.social,lisagrimm.com,at://did:plc:bjovrbtmnlckoh6vaalnqjzi/app.bsky.feed.post/3m5byidmt5s2b
mimmcloughlin.bsky.social,lisagrimm.com,at://did:plc:bjovrbtmnlckoh6vaalnqjzi/app.bsky.feed.post/3m5byidmt5s2b
patchotoole.bsky.social,cephilis.bsky.social,at://did:plc:6ofsjvfrnsdfvq2bwhdpydbw/app.bsky.feed.post/3m5bxfsb5m22g
billallen.bsky.social,tggleeson.bsky.social,at://did:plc:bwri5etslrdnbu6jpqrznf36/app.bsky.feed.post/3m5buceyhjs2k
bthalpin.bsky.social,tggleeson.bsky.social,at://did:plc:bwri5etslrdnbu6jpqrznf36/app.bsky.feed.post/3m5buceyhjs2k
patchotoole.bsky.social,taesaveslives.bsky.social,at://did:plc:ymhebkmh56zigyqiomogsupn/app.bsky.feed.post/3m5bts4kwh22g
olddiesel.bsky.social,orla-hegarty.bsky.social,at://did:plc:aozsf6n4ii7kftvlsr2yvfhq/app.bsky.feed.post/3m5btdo4ho22e
eslsys.bsky.social,hyperbolicdub.bsky.social,at://did:plc:zhnxit2ol47yfkmdl6eicbbm/app.bsky.feed.post/3m5bs2katdc2h
antalsma.bsky.social,sullydaysleeper.bsky.social,at://did:plc:63mlf5ayqa3qbmgddw4d4zsu/app.bsky.feed.post/3m5brtxqvjk25
emmadragon.bsky.social,sullydaysleeper.bsky.social,at://did:plc:63mlf5ayqa3qbmgddw4d4zsu/app.bsky.feed.post/3m5brtxqvjk25
libertiesbelle.bsky.social,sullydaysleeper.bsky.social,at://did:plc:63mlf5ayqa3qbmgddw4d4zsu/app.bsky.feed.post/3m5brtxqvjk25
louthforever.bsky.social,sullydaysleeper.bsky.social,at://did:plc:63mlf5ayqa3qbmgddw4d4zsu/app.bsky.feed.post/3m5brtxqvjk25
arnofio.bsky.social,sullydaysleeper.bsky.social,at://did:plc:63mlf5ayqa3qbmgddw4d4zsu/app.bsky.feed.post/3m5brtxqvjk25
stephencward.com,orlaegan1.bsky.social,at://did:plc:ek6kvqen34uiu3ctdfyutjcw/app.bsky.feed.post/3m5bqs5suas2q
louthforever.bsky.social,orlaegan1.bsky.social,at://did:plc:ek6kvqen34uiu3ctdfyutjcw/app.bsky.feed.post/3m5bqs5suas2q
fnclln.bsky.social,orlaegan1.bsky.social,at://did:plc:ek6kvqen34uiu3ctdfyutjcw/app.bsky.feed.post/3m5bqs5suas2q
bainne.bsky.social,orlaegan1.bsky.social,at://did:plc:ek6kvqen34uiu3ctdfyutjcw/app.bsky.feed.post/3m5bqs5suas2q
oisinmcgann.bsky.social,oisinmcgann.bsky.social,at://did:plc:xwjlw3ygmqlbr5igkokbkzfn/app.bsky.feed.post/3m5bpmzhl7c22
michaelbroussard.myatproto.social,hazelklarkin.bsky.social,at://did:plc:jxo3eqeeh3kxphirpaqlbnaq/app.bsky.feed.post/3m5bph362x22k
coreilly.bsky.social,hazelklarkin.bsky.social,at://did:plc:jxo3eqeeh3kxphirpaqlbnaq/app.bsky.feed.post/3m5bph362x22k
davemcardle.bsky.social,hazelklarkin.bsky.social,at://did:plc:jxo3eqeeh3kxphirpaqlbnaq/app.bsky.feed.post/3m5bph362x22k
ginaspireite.bsky.social,hazelklarkin.bsky.social,at://did:plc:jxo3eqeeh3kxphirpaqlbnaq/app.bsky.feed.post/3m5bph362x22k
oisinmcgann.bsky.social,oisinmcgann.bsky.social,at://did:plc:xwjlw3ygmqlbr5igkokbkzfn/app.bsky.feed.post/3m5bpeltrec2p
jamesmgeary.bsky.social,oisinmcgann.bsky.social,at://did:plc:xwjlw3ygmqlbr5igkokbkzfn/app.bsky.feed.post/3m5bpeltrec2p
stephencward.com,oisinmcgann.bsky.social,at://did:plc:xwjlw3ygmqlbr5igkokbkzfn/app.bsky.feed.post/3m5bpeltrec2p
bobgeldoffans.bsky.social,grainneblair.bsky.social,at://did:plc:htzrfp3q6p3ht3x7knog6mdd/app.bsky.feed.post/3m5bp2qbbyk25
libertiesbelle.bsky.social,shazbear.bsky.social,at://did:plc:jl6cn5yuzpi4tj5vfl7ysfrm/app.bsky.feed.post/3m5bot2sx4s2f
louthforever.bsky.social,shazbear.bsky.social,at://did:plc:jl6cn5yuzpi4tj5vfl7ysfrm/app.bsky.feed.post/3m5bot2sx4s2f
davegildedalm.bsky.social,gildedalm.com,at://did:plc:b25fw5q6tr2faqdy52du276g/app.bsky.feed.post/3m5bnz3uy7s2u
gildedalm.com,gildedalm.com,at://did:plc:b25fw5q6tr2faqdy52du276g/app.bsky.feed.post/3m5bnz3uy7s2u
robcross247.bsky.social,judesherry.bsky.social,at://did:plc:tjj7toux5q6m2v7x2unyhznh/app.bsky.feed.post/3m5bmo4j2f22q
allanartist.bsky.social,shazbear.bsky.social,at://did:plc:jl6cn5yuzpi4tj5vfl7ysfrm/app.bsky.feed.post/3m5blvz4oxs2f
billallen.bsky.social,shazbear.bsky.social,at://did:plc:jl6cn5yuzpi4tj5vfl7ysfrm/app.bsky.feed.post/3m5blm4tf522f
kcgreen.bsky.social,irishplacenames.bsky.social,at://did:plc:hhfwpteeefymb5m324x3rsui/app.bsky.feed.post/3m5bldjzzgs2y
tkuhlb.bsky.social,irishplacenames.bsky.social,at://did:plc:hhfwpteeefymb5m324x3rsui/app.bsky.feed.post/3m5bldjzzgs2y
eslsys.bsky.social,kerryanne123.bsky.social,at://did:plc:zxpoz5zgmanarg4h3rbq5tuq/app.bsky.feed.post/3m5bfby4jbc2c
radiobeartime.com,libertiesbelle.bsky.social,at://did:plc:ld2vd37jefwcaw6dmx6raaqt/app.bsky.feed.post/3m5beeghiq22x
mooregroup.bsky.social,libertiesbelle.bsky.social,at://did:plc:ld2vd37jefwcaw6dmx6raaqt/app.bsky.feed.post/3m5beeghiq22x
aoifeb.bsky.social,libertiesbelle.bsky.social,at://did:plc:ld2vd37jefwcaw6dmx6raaqt/app.bsky.feed.post/3m5beeghiq22x
lynnok.bsky.social,drmarymcauliffe.bsky.social,at://did:plc:wzelpzmv2b3oudwhkcpr2s6n/app.bsky.feed.post/3m5bbk6pstc2r
maoltuile.bsky.social,drmarymcauliffe.bsky.social,at://did:plc:wzelpzmv2b3oudwhkcpr2s6n/app.bsky.feed.post/3m5bbk6pstc2r
aminasamee.bsky.social,keithwilson.eu,at://did:plc:3bybp6nqszlhuan2ch2cmv66/app.bsky.feed.post/3m5b4lgkc5k2k
coreilly.bsky.social,niamhroisin.bsky.social,at://did:plc:dwzlhfisxytmrluhpl2dvypt/app.bsky.feed.post/3m5b2axvxs22v
utsiktens.bsky.social,ainekeenan.bsky.social,at://did:plc:gjsoejzm7at4syhrvzgizrev/app.bsky.feed.post/3m5aqvibwy22r
patcoleman.bsky.social,ainekeenan.bsky.social,at://did:plc:gjsoejzm7at4syhrvzgizrev/app.bsky.feed.post/3m5aqvibwy22r
young-spartacus.bsky.social,ainekeenan.bsky.social,at://did:plc:gjsoejzm7at4syhrvzgizrev/app.bsky.feed.post/3m5aqvibwy22r
pierpaolo.bsky.social,ainekeenan.bsky.social,at://did:plc:gjsoejzm7at4syhrvzgizrev/app.bsky.feed.post/3m5aqvibwy22r
albert-ibars.bsky.social,ainekeenan.bsky.social,at://did:plc:gjsoejzm7at4syhrvzgizrev/app.bsky.feed.post/3m5aqvibwy22r
sdcushing.bsky.social,ainekeenan.bsky.social,at://did:plc:gjsoejzm7at4syhrvzgizrev/app.bsky.feed.post/3m5aqvibwy22r
melysue.bsky.social,ainekeenan.bsky.social,at://did:plc:gjsoejzm7at4syhrvzgizrev/app.bsky.feed.post/3m5aqvibwy22r
rockchaz.bsky.social,ainekeenan.bsky.social,at://did:plc:gjsoejzm7at4syhrvzgizrev/app.bsky.feed.post/3m5aqvibwy22r
breeze420.bsky.social,ainekeenan.bsky.social,at://did:plc:gjsoejzm7at4syhrvzgizrev/app.bsky.feed.post/3m5aqvibwy22r
gulliver77.bsky.social,ainekeenan.bsky.social,at://did:plc:gjsoejzm7at4syhrvzgizrev/app.bsky.feed.post/3m5aqvibwy22r
monikamazick.bsky.social,ainekeenan.bsky.social,at://did:plc:gjsoejzm7at4syhrvzgizrev/app.bsky.feed.post/3m5aqvibwy22r
gethanialrhiannon.bsky.social,ainekeenan.bsky.social,at://did:plc:gjsoejzm7at4syhrvzgizrev/app.bsky.feed.post/3m5aqvibwy22r
roshn.me,ainekeenan.bsky.social,at://did:plc:gjsoejzm7at4syhrvzgizrev/app.bsky.feed.post/3m5aqvibwy22r
creativefishdezine.bsky.social,ainekeenan.bsky.social,at://did:plc:gjsoejzm7at4syhrvzgizrev/app.bsky.feed.post/3m5aqvibwy22r
jaycee-visionlogic.bsky.social,ainekeenan.bsky.social,at://did:plc:gjsoejzm7at4syhrvzgizrev/app.bsky.feed.post/3m5aqvibwy22r
lyphshro.bsky.social,ainekeenan.bsky.social,at://did:plc:gjsoejzm7at4syhrvzgizrev/app.bsky.feed.post/3m5aqvibwy22r
bdoucette.bsky.social,ainekeenan.bsky.social,at://did:plc:gjsoejzm7at4syhrvzgizrev/app.bsky.feed.post/3m5aqvibwy22r
lucidillusions.in,ainekeenan.bsky.social,at://did:plc:gjsoejzm7at4syhrvzgizrev/app.bsky.feed.post/3m5aqvibwy22r
aldunne.bsky.social,aldunne.bsky.social,at://did:plc:wm5b3q2znvnatujmm46yucon/app.bsky.feed.post/3m5aaell6ok2n
ihwright.bsky.social,aldunne.bsky.social,at://did:plc:wm5b3q2znvnatujmm46yucon/app.bsky.feed.post/3m5aaell6ok2n
lamhfada.bsky.social,aldunne.bsky.social,at://did:plc:wm5b3q2znvnatujmm46yucon/app.bsky.feed.post/3m5aaell6ok2n
robosullivan.bsky.social,sharrow.bsky.social,at://did:plc:uwji4l3wzsygaxduowluqmgr/app.bsky.feed.post/3m5a7fobgtc2o
stephencward.com,sharrow.bsky.social,at://did:plc:uwji4l3wzsygaxduowluqmgr/app.bsky.feed.post/3m5a7fobgtc2o
siobhanmcelduff.bsky.social,sharrow.bsky.social,at://did:plc:uwji4l3wzsygaxduowluqmgr/app.bsky.feed.post/3m5a7fobgtc2o
siobhanmcelduff.bsky.social,marcocathasaigh.bsky.social,at://did:plc:hwmq6mpg7enk436vw6rg4o5g/app.bsky.feed.post/3m57zmefifk2n
queen-crafty.bsky.social,weirdireland.bsky.social,at://did:plc:zcsbyrhosie7d223zrx5ffjy/app.bsky.feed.post/3m57yijcxys2g
mousketeer.bsky.social,dw-ireland.bsky.social,at://did:plc:rmvzxs3ow3np7n23bqow3sft/app.bsky.feed.post/3m57y4jk2qk2k
jonkskearns.bsky.social,dw-ireland.bsky.social,at://did:plc:rmvzxs3ow3np7n23bqow3sft/app.bsky.feed.post/3m57y4jk2qk2k
spillanemike.com,despod.bsky.social,at://did:plc:jhndv2ueuu77qaiw5ivjkhx7/app.bsky.feed.post/3m57rlfop4w2l
mariapower.bsky.social,cairdiul.bsky.social,at://did:plc:zcrtaixkbhz4seddpkf4bzv3/app.bsky.feed.post/3m57rj5fs3k2u
155guy.bsky.social,cairdiul.bsky.social,at://did:plc:zcrtaixkbhz4seddpkf4bzv3/app.bsky.feed.post/3m57rj5fs3k2u
siobhanmcelduff.bsky.social,cairdiul.bsky.social,at://did:plc:zcrtaixkbhz4seddpkf4bzv3/app.bsky.feed.post/3m57rj5fs3k2u
queen-crafty.bsky.social,hyperbolicdub.bsky.social,at://did:plc:zhnxit2ol47yfkmdl6eicbbm/app.bsky.feed.post/3m57qhomnpk2p
therealamz.bsky.social,hyperbolicdub.bsky.social,at://did:plc:zhnxit2ol47yfkmdl6eicbbm/app.bsky.feed.post/3m57qhomnpk2p
fiwlsh.bsky.social,hyperbolicdub.bsky.social,at://did:plc:zhnxit2ol47yfkmdl6eicbbm/app.bsky.feed.post/3m57qhomnpk2p
izzykamikaze.bsky.social,hyperbolicdub.bsky.social,at://did:plc:zhnxit2ol47yfkmdl6eicbbm/app.bsky.feed.post/3m57qhomnpk2p
eatyourflag.bsky.social,acidrains.bsky.social,at://did:plc:626ghelomh2kzuwv6x3prmba/app.bsky.feed.post/3m57oftge6k2l
cait.siorc.eu,acidrains.bsky.social,at://did:plc:626ghelomh2kzuwv6x3prmba/app.bsky.feed.post/3m57oftge6k2l
myvirtuallife.bsky.social,acidrains.bsky.social,at://did:plc:626ghelomh2kzuwv6x3prmba/app.bsky.feed.post/3m57oftge6k2l
sharrow.bsky.social,acidrains.bsky.social,at://did:plc:626ghelomh2kzuwv6x3prmba/app.bsky.feed.post/3m57oftge6k2l
elacatstan.bsky.social,acidrains.bsky.social,at://did:plc:626ghelomh2kzuwv6x3prmba/app.bsky.feed.post/3m57oftge6k2l
queen-crafty.bsky.social,acidrains.bsky.social,at://did:plc:626ghelomh2kzuwv6x3prmba/app.bsky.feed.post/3m57oftge6k2l
lynnok.bsky.social,acidrains.bsky.social,at://did:plc:626ghelomh2kzuwv6x3prmba/app.bsky.feed.post/3m57oftge6k2l
vincentbyrne.bsky.social,acidrains.bsky.social,at://did:plc:626ghelomh2kzuwv6x3prmba/app.bsky.feed.post/3m57oftge6k2l
culturalfatwa.bsky.social,acidrains.bsky.social,at://did:plc:626ghelomh2kzuwv6x3prmba/app.bsky.feed.post/3m57oftge6k2l
werslabber.bsky.social,acidrains.bsky.social,at://did:plc:626ghelomh2kzuwv6x3prmba/app.bsky.feed.post/3m57oftge6k2l
fearbronach.bsky.social,acidrains.bsky.social,at://did:plc:626ghelomh2kzuwv6x3prmba/app.bsky.feed.post/3m57oftge6k2l
myqueerheart.bsky.social,acidrains.bsky.social,at://did:plc:626ghelomh2kzuwv6x3prmba/app.bsky.feed.post/3m57oftge6k2l
jogil.bsky.social,acidrains.bsky.social,at://did:plc:626ghelomh2kzuwv6x3prmba/app.bsky.feed.post/3m57oftge6k2l
niamhsbluesky.bsky.social,acidrains.bsky.social,at://did:plc:626ghelomh2kzuwv6x3prmba/app.bsky.feed.post/3m57oftge6k2l
lamhfada.bsky.social,acidrains.bsky.social,at://did:plc:626ghelomh2kzuwv6x3prmba/app.bsky.feed.post/3m57oftge6k2l
ciara2001.bsky.social,acidrains.bsky.social,at://did:plc:626ghelomh2kzuwv6x3prmba/app.bsky.feed.post/3m57oftge6k2l
andyscollick.bsky.social,acidrains.bsky.social,at://did:plc:626ghelomh2kzuwv6x3prmba/app.bsky.feed.post/3m57oftge6k2l
regrone.bsky.social,acidrains.bsky.social,at://did:plc:626ghelomh2kzuwv6x3prmba/app.bsky.feed.post/3m57oftge6k2l
acefromouterspace.bsky.social,acidrains.bsky.social,at://did:plc:626ghelomh2kzuwv6x3prmba/app.bsky.feed.post/3m57oftge6k2l
brendagough.bsky.social,acidrains.bsky.social,at://did:plc:626ghelomh2kzuwv6x3prmba/app.bsky.feed.post/3m57oftge6k2l
allanartist.bsky.social,acidrains.bsky.social,at://did:plc:626ghelomh2kzuwv6x3prmba/app.bsky.feed.post/3m57oftge6k2l
weecat85.bsky.social,acidrains.bsky.social,at://did:plc:626ghelomh2kzuwv6x3prmba/app.bsky.feed.post/3m57oftge6k2l
stephencward.com,acidrains.bsky.social,at://did:plc:626ghelomh2kzuwv6x3prmba/app.bsky.feed.post/3m57oftge6k2l
oceanclub.bsky.social,acidrains.bsky.social,at://did:plc:626ghelomh2kzuwv6x3prmba/app.bsky.feed.post/3m57oftge6k2l
renebatt.bsky.social,acidrains.bsky.social,at://did:plc:626ghelomh2kzuwv6x3prmba/app.bsky.feed.post/3m57oftge6k2l
eslsys.bsky.social,acidrains.bsky.social,at://did:plc:626ghelomh2kzuwv6x3prmba/app.bsky.feed.post/3m57oftge6k2l
socialistciaran.bsky.social,acidrains.bsky.social,at://did:plc:626ghelomh2kzuwv6x3prmba/app.bsky.feed.post/3m57oftge6k2l
aiteall.bsky.social,acidrains.bsky.social,at://did:plc:626ghelomh2kzuwv6x3prmba/app.bsky.feed.post/3m57oftge6k2l
lilesosanna.bsky.social,acidrains.bsky.social,at://did:plc:626ghelomh2kzuwv6x3prmba/app.bsky.feed.post/3m57oftge6k2l
lynbw.bsky.social,acidrains.bsky.social,at://did:plc:626ghelomh2kzuwv6x3prmba/app.bsky.feed.post/3m57oftge6k2l
rebelalliance77.bsky.social,acidrains.bsky.social,at://did:plc:626ghelomh2kzuwv6x3prmba/app.bsky.feed.post/3m57oftge6k2l
regcoppinger.bsky.social,acidrains.bsky.social,at://did:plc:626ghelomh2kzuwv6x3prmba/app.bsky.feed.post/3m57oftge6k2l
cathalmalone.bsky.social,acidrains.bsky.social,at://did:plc:626ghelomh2kzuwv6x3prmba/app.bsky.feed.post/3m57oftge6k2l
debhulbh.bsky.social,acidrains.bsky.social,at://did:plc:626ghelomh2kzuwv6x3prmba/app.bsky.feed.post/3m57oftge6k2l
fhmediastuff.bsky.social,acidrains.bsky.social,at://did:plc:626ghelomh2kzuwv6x3prmba/app.bsky.feed.post/3m57oftge6k2l
rogerokeeffe.bsky.social,acidrains.bsky.social,at://did:plc:626ghelomh2kzuwv6x3prmba/app.bsky.feed.post/3m57oftge6k2l
ellenrey.bsky.social,acidrains.bsky.social,at://did:plc:626ghelomh2kzuwv6x3prmba/app.bsky.feed.post/3m57oftge6k2l
corcaighgodeo.bsky.social,acidrains.bsky.social,at://did:plc:626ghelomh2kzuwv6x3prmba/app.bsky.feed.post/3m57oftge6k2l
oisinmcgann.bsky.social,rdisc0mb0bulate.bsky.social,at://did:plc:v6y63c54iecyzlxp3vrxvwv2/app.bsky.feed.post/3m57khjktwc2h
elacatstan.bsky.social,niamhnicheallaigh.bsky.social,at://did:plc:5cinc2kkxopkaxznsvl7ba5v/app.bsky.feed.post/3m57kbvbeus2j
ferocepadovana.bsky.social,kieranclarke.bsky.social,at://did:plc:o3ni265odbspxhafcmtkp6gm/app.bsky.feed.post/3m57ilxxmxk2k
lokideburca.bsky.social,kieranclarke.bsky.social,at://did:plc:o3ni265odbspxhafcmtkp6gm/app.bsky.feed.post/3m57ilxxmxk2k
cgonlineart.bsky.social,kieranclarke.bsky.social,at://did:plc:o3ni265odbspxhafcmtkp6gm/app.bsky.feed.post/3m57ilxxmxk2k
techwitch.bsky.social,kieranclarke.bsky.social,at://did:plc:o3ni265odbspxhafcmtkp6gm/app.bsky.feed.post/3m57ilxxmxk2k
lordloophole.bsky.social,kieranclarke.bsky.social,at://did:plc:o3ni265odbspxhafcmtkp6gm/app.bsky.feed.post/3m57ilxxmxk2k
queen-crafty.bsky.social,dubmac.bsky.social,at://did:plc:rrj4gnpl267pqtrrdsjkijaq/app.bsky.feed.post/3m57hoystls2i
eliojakobsen.bsky.social,sellybeth.bsky.social,at://did:plc:rd67s5mrnrwg5bqhvzft2kgv/app.bsky.feed.post/3m57enkfsl22g
merrua.bsky.social,sellybeth.bsky.social,at://did:plc:rd67s5mrnrwg5bqhvzft2kgv/app.bsky.feed.post/3m57enkfsl22g
hoganddice.bsky.social,sellybeth.bsky.social,at://did:plc:rd67s5mrnrwg5bqhvzft2kgv/app.bsky.feed.post/3m57enkfsl22g
tinyteerex.bsky.social,sellybeth.bsky.social,at://did:plc:rd67s5mrnrwg5bqhvzft2kgv/app.bsky.feed.post/3m57enkfsl22g
sanguinelinguine.bsky.social,squeefulraven.bsky.social,at://did:plc:lcczgcqfsgyocligu3ukzexx/app.bsky.feed.post/3m57cmbapqk2y
elysiamacht.bsky.social,cathyby.bsky.social,at://did:plc:vo3c5x2szy6wq4xc3dlemv7f/app.bsky.feed.post/3m577asnvic2p
billallen.bsky.social,nicolahorgan.bsky.social,at://did:plc:flpf3rksopl7zx2tbgsyjv7m/app.bsky.feed.post/3m575iij7zk2b
dirtycitybird.trann.ie,cephilis.bsky.social,at://did:plc:6ofsjvfrnsdfvq2bwhdpydbw/app.bsky.feed.post/3m572tydsos2l
meltyshirts.com,meltyshirts.com,at://did:plc:pdendcplixw4gxmn7ubv3dnd/app.bsky.feed.post/3m572bzxjqk2r
queen-crafty.bsky.social,gardeningwell.ie,at://did:plc:zdxzpya4k5b4dguidkh3zajh/app.bsky.feed.post/3m56y5hkfl226
rnascimentos.bsky.social,gardeningwell.ie,at://did:plc:zdxzpya4k5b4dguidkh3zajh/app.bsky.feed.post/3m56y5hkfl226
norbut.bsky.social,gardeningwell.ie,at://did:plc:zdxzpya4k5b4dguidkh3zajh/app.bsky.feed.post/3m56y5hkfl226
sarahland.bsky.social,gardeningwell.ie,at://did:plc:zdxzpya4k5b4dguidkh3zajh/app.bsky.feed.post/3m56y5hkfl226
joyinthegarden.bsky.social,gardeningwell.ie,at://did:plc:zdxzpya4k5b4dguidkh3zajh/app.bsky.feed.post/3m56y5hkfl226
brujablanca.bsky.social,gardeningwell.ie,at://did:plc:zdxzpya4k5b4dguidkh3zajh/app.bsky.feed.post/3m56y5hkfl226
rathmacan.bsky.social,gardeningwell.ie,at://did:plc:zdxzpya4k5b4dguidkh3zajh/app.bsky.feed.post/3m56y5hkfl226
trudyt.bsky.social,gardeningwell.ie,at://did:plc:zdxzpya4k5b4dguidkh3zajh/app.bsky.feed.post/3m56y5hkfl226
rone1.bsky.social,gardeningwell.ie,at://did:plc:zdxzpya4k5b4dguidkh3zajh/app.bsky.feed.post/3m56y5hkfl226
just-me123.bsky.social,gardeningwell.ie,at://did:plc:zdxzpya4k5b4dguidkh3zajh/app.bsky.feed.post/3m56y5hkfl226
jjjmm.bsky.social,gardeningwell.ie,at://did:plc:zdxzpya4k5b4dguidkh3zajh/app.bsky.feed.post/3m56y5hkfl226
egrettt.bsky.social,gardeningwell.ie,at://did:plc:zdxzpya4k5b4dguidkh3zajh/app.bsky.feed.post/3m56y5hkfl226
mahoganygaspipes.bsky.social,gardeningwell.ie,at://did:plc:zdxzpya4k5b4dguidkh3zajh/app.bsky.feed.post/3m56y5hkfl226
squirrel25.bsky.social,gardeningwell.ie,at://did:plc:zdxzpya4k5b4dguidkh3zajh/app.bsky.feed.post/3m56y5hkfl226
dirtycitybird.trann.ie,hyperbolicdub.bsky.social,at://did:plc:zhnxit2ol47yfkmdl6eicbbm/app.bsky.feed.post/3m56y2xc32c2x
debhruin.bsky.social,hyperbolicdub.bsky.social,at://did:plc:zhnxit2ol47yfkmdl6eicbbm/app.bsky.feed.post/3m56xazwrac2z
taryndevere.bsky.social,hyperbolicdub.bsky.social,at://did:plc:zhnxit2ol47yfkmdl6eicbbm/app.bsky.feed.post/3m56xazwrac2z
spudsnbutter.bsky.social,fhayesmccoy.bsky.social,at://did:plc:wpvwcjuhrpr5tjnhy3vp24ly/app.bsky.feed.post/3m56x4otayk22
fhayesmccoy.bsky.social,fhayesmccoy.bsky.social,at://did:plc:wpvwcjuhrpr5tjnhy3vp24ly/app.bsky.feed.post/3m56x4otayk22
radiobeartime.com,fhayesmccoy.bsky.social,at://did:plc:wpvwcjuhrpr5tjnhy3vp24ly/app.bsky.feed.post/3m56x4otayk22
queen-crafty.bsky.social,fhayesmccoy.bsky.social,at://did:plc:wpvwcjuhrpr5tjnhy3vp24ly/app.bsky.feed.post/3m56x4otayk22
mariafarrell.bsky.social,fhayesmccoy.bsky.social,at://did:plc:wpvwcjuhrpr5tjnhy3vp24ly/app.bsky.feed.post/3m56x4otayk22
eslsys.bsky.social,fhayesmccoy.bsky.social,at://did:plc:wpvwcjuhrpr5tjnhy3vp24ly/app.bsky.feed.post/3m56x4otayk22
nasheridan.bsky.social,fhayesmccoy.bsky.social,at://did:plc:wpvwcjuhrpr5tjnhy3vp24ly/app.bsky.feed.post/3m56x4otayk22
judetheconfused.bsky.social,fhayesmccoy.bsky.social,at://did:plc:wpvwcjuhrpr5tjnhy3vp24ly/app.bsky.feed.post/3m56x4otayk22
lordloophole.bsky.social,garethoconnor.bsky.social,at://did:plc:htaob5ymanqwchsi4mk2gj7v/app.bsky.feed.post/3m56v4ocpe22h
xx2p.com,gildedalm.com,at://did:plc:b25fw5q6tr2faqdy52du276g/app.bsky.feed.post/3m56uuli3fs2v
susanlanigan.bsky.social,robosullivan.bsky.social,at://did:plc:siclj5jstt2xodsn7epgnqld/app.bsky.feed.post/3m56oksug622g
ritawild.bsky.social,rebelalliance77.bsky.social,at://did:plc:bzjctancupmf6cbk3eazuenz/app.bsky.feed.post/3m56n2qjih22k
savernake.bsky.social,lisahafey.bsky.social,at://did:plc:nn3osgxofchp4kltpym3e6zk/app.bsky.feed.post/3m56jzcjzyk25
elacatstan.bsky.social,dailigh.bsky.social,at://did:plc:vmaa275bmnrksir7y6muzkkf/app.bsky.feed.post/3m55yn3wsg22j
matt.giltaji.com,dailigh.bsky.social,at://did:plc:vmaa275bmnrksir7y6muzkkf/app.bsky.feed.post/3m55yn3wsg22j
mpavictoria.bsky.social,dailigh.bsky.social,at://did:plc:vmaa275bmnrksir7y6muzkkf/app.bsky.feed.post/3m55yn3wsg22j
conorsmith.ie,dailigh.bsky.social,at://did:plc:vmaa275bmnrksir7y6muzkkf/app.bsky.feed.post/3m55yn3wsg22j
ernekid.bsky.social,dailigh.bsky.social,at://did:plc:vmaa275bmnrksir7y6muzkkf/app.bsky.feed.post/3m55yn3wsg22j
amockingbird.bsky.social,abhoysvoice.bsky.social,at://did:plc:kvx5mxavth6uck4sqhb6vpcg/app.bsky.feed.post/3m55kggja2s2b
queen-crafty.bsky.social,abhoysvoice.bsky.social,at://did:plc:kvx5mxavth6uck4sqhb6vpcg/app.bsky.feed.post/3m55kggja2s2b
thewildgees.bsky.social,abhoysvoice.bsky.social,at://did:plc:kvx5mxavth6uck4sqhb6vpcg/app.bsky.feed.post/3m55kggja2s2b
therealamz.bsky.social,abhoysvoice.bsky.social,at://did:plc:kvx5mxavth6uck4sqhb6vpcg/app.bsky.feed.post/3m55kggja2s2b
kevjhnstn.bsky.social,abhoysvoice.bsky.social,at://did:plc:kvx5mxavth6uck4sqhb6vpcg/app.bsky.feed.post/3m55kggja2s2b
seanmk1.bsky.social,abhoysvoice.bsky.social,at://did:plc:kvx5mxavth6uck4sqhb6vpcg/app.bsky.feed.post/3m55kggja2s2b
siobhanmcelduff.bsky.social,abhoysvoice.bsky.social,at://did:plc:kvx5mxavth6uck4sqhb6vpcg/app.bsky.feed.post/3m55kggja2s2b
yvieni.bsky.social,grainneblair.bsky.social,at://did:plc:htzrfp3q6p3ht3x7knog6mdd/app.bsky.feed.post/3m55jihqexc25
ianmaclochlainn.bsky.social,grainneblair.bsky.social,at://did:plc:htzrfp3q6p3ht3x7knog6mdd/app.bsky.feed.post/3m55jihqexc25
grainneblair.bsky.social,grainneblair.bsky.social,at://did:plc:htzrfp3q6p3ht3x7knog6mdd/app.bsky.feed.post/3m55jihqexc25
rothaiocht.bsky.social,grainneblair.bsky.social,at://did:plc:htzrfp3q6p3ht3x7knog6mdd/app.bsky.feed.post/3m55jihqexc25
aideenmc.bsky.social,grainneblair.bsky.social,at://did:plc:htzrfp3q6p3ht3x7knog6mdd/app.bsky.feed.post/3m55jihqexc25
dirtycitybird.trann.ie,roc83.bsky.social,at://did:plc:yq6twtxsyczk7wtcptg76za2/app.bsky.feed.post/3m55hyrfhd22j
amockingbird.bsky.social,crazymagsisbarking.bsky.social,at://did:plc:idnpisnwi6wnaf6bbaqdorqg/app.bsky.feed.post/3m55gq7chbk22
siobhanmcelduff.bsky.social,crazymagsisbarking.bsky.social,at://did:plc:idnpisnwi6wnaf6bbaqdorqg/app.bsky.feed.post/3m55gq7chbk22
sharrow.bsky.social,shazbear.bsky.social,at://did:plc:jl6cn5yuzpi4tj5vfl7ysfrm/app.bsky.feed.post/3m55fhxvdns2m
kenmcdonagh.bsky.social,shazbear.bsky.social,at://did:plc:jl6cn5yuzpi4tj5vfl7ysfrm/app.bsky.feed.post/3m55fhxvdns2m
conormolloy.bsky.social,shazbear.bsky.social,at://did:plc:jl6cn5yuzpi4tj5vfl7ysfrm/app.bsky.feed.post/3m55fhxvdns2m
ecksteinish.bsky.social,rdisc0mb0bulate.bsky.social,at://did:plc:v6y63c54iecyzlxp3vrxvwv2/app.bsky.feed.post/3m55d4n5oy22d
juliachilds.bsky.social,rdisc0mb0bulate.bsky.social,at://did:plc:v6y63c54iecyzlxp3vrxvwv2/app.bsky.feed.post/3m55d4n5oy22d
oisinmcgann.bsky.social,oisinmcgann.bsky.social,at://did:plc:xwjlw3ygmqlbr5igkokbkzfn/app.bsky.feed.post/3m55coalb3s2a
deborah-c.bsky.social,oisinmcgann.bsky.social,at://did:plc:xwjlw3ygmqlbr5igkokbkzfn/app.bsky.feed.post/3m55coalb3s2a
daraghobrien.bsky.social,oisinmcgann.bsky.social,at://did:plc:xwjlw3ygmqlbr5igkokbkzfn/app.bsky.feed.post/3m55coalb3s2a
blacksmithpro.bsky.social,oisinmcgann.bsky.social,at://did:plc:xwjlw3ygmqlbr5igkokbkzfn/app.bsky.feed.post/3m55coalb3s2a
coreilly.bsky.social,cathyby.bsky.social,at://did:plc:vo3c5x2szy6wq4xc3dlemv7f/app.bsky.feed.post/3m55bdz3hfs23
queen-crafty.bsky.social,pnamblath.bsky.social,at://did:plc:rj54e4tn2c5l6kmuqotuahuv/app.bsky.feed.post/3m554ig6kwc2u
billallen.bsky.social,pnamblath.bsky.social,at://did:plc:rj54e4tn2c5l6kmuqotuahuv/app.bsky.feed.post/3m554ig6kwc2u
flowmeow1812.bsky.social,nicolahorgan.bsky.social,at://did:plc:flpf3rksopl7zx2tbgsyjv7m/app.bsky.feed.post/3m54xdggoxk2v
sharrow.bsky.social,nicolahorgan.bsky.social,at://did:plc:flpf3rksopl7zx2tbgsyjv7m/app.bsky.feed.post/3m54xdggoxk2v
billallen.bsky.social,nicolahorgan.bsky.social,at://did:plc:flpf3rksopl7zx2tbgsyjv7m/app.bsky.feed.post/3m54xdggoxk2v
playingwithdust.bsky.social,shaneconneely.bsky.social,at://did:plc:gtj55dznp4vuvx4qc2lhlrd3/app.bsky.feed.post/3m54u2ubk7k2w
erislovesmovies.bsky.social,shaneconneely.bsky.social,at://did:plc:gtj55dznp4vuvx4qc2lhlrd3/app.bsky.feed.post/3m54u2ubk7k2w
tupped.bsky.social,shaneconneely.bsky.social,at://did:plc:gtj55dznp4vuvx4qc2lhlrd3/app.bsky.feed.post/3m54u2ubk7k2w
sharrow.bsky.social,shaneconneely.bsky.social,at://did:plc:gtj55dznp4vuvx4qc2lhlrd3/app.bsky.feed.post/3m54u2ubk7k2w
merrua.bsky.social,shaneconneely.bsky.social,at://did:plc:gtj55dznp4vuvx4qc2lhlrd3/app.bsky.feed.post/3m54u2ubk7k2w
bakerdphd.bsky.social,shaneconneely.bsky.social,at://did:plc:gtj55dznp4vuvx4qc2lhlrd3/app.bsky.feed.post/3m54u2ubk7k2w
eils1.bsky.social,shaneconneely.bsky.social,at://did:plc:gtj55dznp4vuvx4qc2lhlrd3/app.bsky.feed.post/3m54u2ubk7k2w
uilliammac.bsky.social,shaneconneely.bsky.social,at://did:plc:gtj55dznp4vuvx4qc2lhlrd3/app.bsky.feed.post/3m54u2ubk7k2w
meabhdebrun.bsky.social,shaneconneely.bsky.social,at://did:plc:gtj55dznp4vuvx4qc2lhlrd3/app.bsky.feed.post/3m54u2ubk7k2w
faduda.bsky.social,shaneconneely.bsky.social,at://did:plc:gtj55dznp4vuvx4qc2lhlrd3/app.bsky.feed.post/3m54u2ubk7k2w
paultrembath.bsky.social,shaneconneely.bsky.social,at://did:plc:gtj55dznp4vuvx4qc2lhlrd3/app.bsky.feed.post/3m54u2ubk7k2w
stephanenny.bsky.social,shaneconneely.bsky.social,at://did:plc:gtj55dznp4vuvx4qc2lhlrd3/app.bsky.feed.post/3m54u2ubk7k2w
ailbhe.ossifrage.net,shaneconneely.bsky.social,at://did:plc:gtj55dznp4vuvx4qc2lhlrd3/app.bsky.feed.post/3m54u2ubk7k2w
carolconnolly.bsky.social,shaneconneely.bsky.social,at://did:plc:gtj55dznp4vuvx4qc2lhlrd3/app.bsky.feed.post/3m54u2ubk7k2w
siobhanmcelduff.bsky.social,shaneconneely.bsky.social,at://did:plc:gtj55dznp4vuvx4qc2lhlrd3/app.bsky.feed.post/3m54u2ubk7k2w
wesgo.bsky.social,mairenimhordha.bsky.social,at://did:plc:367j7vu5r3gmfjoecplnrhvb/app.bsky.feed.post/3m54tydq7m224
bridgeenmckenna.bsky.social,mairenimhordha.bsky.social,at://did:plc:367j7vu5r3gmfjoecplnrhvb/app.bsky.feed.post/3m54tydq7m224
kerryanne123.bsky.social,hyperbolicdub.bsky.social,at://did:plc:zhnxit2ol47yfkmdl6eicbbm/app.bsky.feed.post/3m54qojbk7c26
sharrow.bsky.social,tggleeson.bsky.social,at://did:plc:bwri5etslrdnbu6jpqrznf36/app.bsky.feed.post/3m54ouzbe6s2b
queen-crafty.bsky.social,lokideburca.bsky.social,at://did:plc:ro76qxmd6nel5b5p4262x5eq/app.bsky.feed.post/3m54nvw2ucc2p
tertuliabookshop.bsky.social,fhayesmccoy.bsky.social,at://did:plc:wpvwcjuhrpr5tjnhy3vp24ly/app.bsky.feed.post/3m54j2hanhc2x
ianmaclochlainn.bsky.social,sharrow.bsky.social,at://did:plc:uwji4l3wzsygaxduowluqmgr/app.bsky.feed.post/3m54ihypkgc2s
electionlit.bsky.social,sharrow.bsky.social,at://did:plc:uwji4l3wzsygaxduowluqmgr/app.bsky.feed.post/3m54ihypkgc2s
robosullivan.bsky.social,sharrow.bsky.social,at://did:plc:uwji4l3wzsygaxduowluqmgr/app.bsky.feed.post/3m54ihypkgc2s
rachaelm86.bsky.social,sharrow.bsky.social,at://did:plc:uwji4l3wzsygaxduowluqmgr/app.bsky.feed.post/3m54ihypkgc2s
khodmon.bsky.social,sharrow.bsky.social,at://did:plc:uwji4l3wzsygaxduowluqmgr/app.bsky.feed.post/3m54ihypkgc2s
alanmeaney.bsky.social,sharrow.bsky.social,at://did:plc:uwji4l3wzsygaxduowluqmgr/app.bsky.feed.post/3m54ihypkgc2s
helendublin.bsky.social,sharrow.bsky.social,at://did:plc:uwji4l3wzsygaxduowluqmgr/app.bsky.feed.post/3m54ihypkgc2s
uilliammac.bsky.social,sharrow.bsky.social,at://did:plc:uwji4l3wzsygaxduowluqmgr/app.bsky.feed.post/3m54ihypkgc2s
ravenbooks.bsky.social,sharrow.bsky.social,at://did:plc:uwji4l3wzsygaxduowluqmgr/app.bsky.feed.post/3m54ihypkgc2s
jpjordan.bsky.social,sharrow.bsky.social,at://did:plc:uwji4l3wzsygaxduowluqmgr/app.bsky.feed.post/3m54ihypkgc2s
conorsmith.ie,sharrow.bsky.social,at://did:plc:uwji4l3wzsygaxduowluqmgr/app.bsky.feed.post/3m54ihypkgc2s
siobhanmcelduff.bsky.social,sharrow.bsky.social,at://did:plc:uwji4l3wzsygaxduowluqmgr/app.bsky.feed.post/3m54ihypkgc2s
carlkinsella.bsky.social,sharrow.bsky.social,at://did:plc:uwji4l3wzsygaxduowluqmgr/app.bsky.feed.post/3m54ihypkgc2s
debhulbh.bsky.social,sharrow.bsky.social,at://did:plc:uwji4l3wzsygaxduowluqmgr/app.bsky.feed.post/3m54ihypkgc2s
melissabreen.bsky.social,sharrow.bsky.social,at://did:plc:uwji4l3wzsygaxduowluqmgr/app.bsky.feed.post/3m54ihypkgc2s
cc42.bsky.social,sharrow.bsky.social,at://did:plc:uwji4l3wzsygaxduowluqmgr/app.bsky.feed.post/3m54ihypkgc2s
jogil.bsky.social,sellybeth.bsky.social,at://did:plc:rd67s5mrnrwg5bqhvzft2kgv/app.bsky.feed.post/3m54gesaalc2o
sharrow.bsky.social,sellybeth.bsky.social,at://did:plc:rd67s5mrnrwg5bqhvzft2kgv/app.bsky.feed.post/3m54gcmk5cc2o
uilliammac.bsky.social,sellybeth.bsky.social,at://did:plc:rd67s5mrnrwg5bqhvzft2kgv/app.bsky.feed.post/3m54gcmk5cc2o
jogil.bsky.social,sellybeth.bsky.social,at://did:plc:rd67s5mrnrwg5bqhvzft2kgv/app.bsky.feed.post/3m54gcmk5cc2o
jkhoman.bsky.social,sellybeth.bsky.social,at://did:plc:rd67s5mrnrwg5bqhvzft2kgv/app.bsky.feed.post/3m54gcmk5cc2o
stephencward.com,sellybeth.bsky.social,at://did:plc:rd67s5mrnrwg5bqhvzft2kgv/app.bsky.feed.post/3m54gcmk5cc2o
carolconnolly.bsky.social,sellybeth.bsky.social,at://did:plc:rd67s5mrnrwg5bqhvzft2kgv/app.bsky.feed.post/3m54gcmk5cc2o
shazbear.bsky.social,meltyshirts.com,at://did:plc:pdendcplixw4gxmn7ubv3dnd/app.bsky.feed.post/3m54ecup2ks22
louthforever.bsky.social,meltyshirts.com,at://did:plc:pdendcplixw4gxmn7ubv3dnd/app.bsky.feed.post/3m54ecup2ks22
rebelalliance77.bsky.social,meltyshirts.com,at://did:plc:pdendcplixw4gxmn7ubv3dnd/app.bsky.feed.post/3m54ecup2ks22
billallen.bsky.social,orlanimh.bsky.social,at://did:plc:b7xzcpmgtzognluekh27dffl/app.bsky.feed.post/3m54d33azlk2w
yvieni.bsky.social,libertiesbelle.bsky.social,at://did:plc:ld2vd37jefwcaw6dmx6raaqt/app.bsky.feed.post/3m54cilr75s2h
queen-crafty.bsky.social,libertiesbelle.bsky.social,at://did:plc:ld2vd37jefwcaw6dmx6raaqt/app.bsky.feed.post/3m54cilr75s2h
sandraduffy.bsky.social,libertiesbelle.bsky.social,at://did:plc:ld2vd37jefwcaw6dmx6raaqt/app.bsky.feed.post/3m54cilr75s2h
sqotn.bsky.social,libertiesbelle.bsky.social,at://did:plc:ld2vd37jefwcaw6dmx6raaqt/app.bsky.feed.post/3m54cilr75s2h
annstapleton.bsky.social,libertiesbelle.bsky.social,at://did:plc:ld2vd37jefwcaw6dmx6raaqt/app.bsky.feed.post/3m54cilr75s2h
ciara2001.bsky.social,libertiesbelle.bsky.social,at://did:plc:ld2vd37jefwcaw6dmx6raaqt/app.bsky.feed.post/3m54cilr75s2h
drmcarley.bsky.social,libertiesbelle.bsky.social,at://did:plc:ld2vd37jefwcaw6dmx6raaqt/app.bsky.feed.post/3m54cilr75s2h
dredelcaos.bsky.social,craigbreathnach.bsky.social,at://did:plc:sjeemmrxw46kr3d2755boiie/app.bsky.feed.post/3m54bfa65as2r
craigbreathnach.bsky.social,craigbreathnach.bsky.social,at://did:plc:sjeemmrxw46kr3d2755boiie/app.bsky.feed.post/3m54bfa65as2r
psychicsoftware.com,craigbreathnach.bsky.social,at://did:plc:sjeemmrxw46kr3d2755boiie/app.bsky.feed.post/3m54bfa65as2r
danuis.lol,craigbreathnach.bsky.social,at://did:plc:sjeemmrxw46kr3d2755boiie/app.bsky.feed.post/3m54bfa65as2r
indiedevbot.bsky.social,craigbreathnach.bsky.social,at://did:plc:sjeemmrxw46kr3d2755boiie/app.bsky.feed.post/3m54bfa65as2r
caseyexplosion.bsky.social,craigbreathnach.bsky.social,at://did:plc:sjeemmrxw46kr3d2755boiie/app.bsky.feed.post/3m54bfa65as2r
faduda.bsky.social,craigbreathnach.bsky.social,at://did:plc:sjeemmrxw46kr3d2755boiie/app.bsky.feed.post/3m54bfa65as2r
galwaygamejam.bsky.social,craigbreathnach.bsky.social,at://did:plc:sjeemmrxw46kr3d2755boiie/app.bsky.feed.post/3m54bfa65as2r
parchmentscroll.bsky.social,craigbreathnach.bsky.social,at://did:plc:sjeemmrxw46kr3d2755boiie/app.bsky.feed.post/3m54bfa65as2r
stellamulberry.bsky.social,craigbreathnach.bsky.social,at://did:plc:sjeemmrxw46kr3d2755boiie/app.bsky.feed.post/3m54bfa65as2r
nubegames.bsky.social,craigbreathnach.bsky.social,at://did:plc:sjeemmrxw46kr3d2755boiie/app.bsky.feed.post/3m54bfa65as2r
latestgaming.buzz,craigbreathnach.bsky.social,at://did:plc:sjeemmrxw46kr3d2755boiie/app.bsky.feed.post/3m54bfa65as2r
gamingnews-rt.bsky.social,craigbreathnach.bsky.social,at://did:plc:sjeemmrxw46kr3d2755boiie/app.bsky.feed.post/3m54bfa65as2r
effiesnake.bsky.social,craigbreathnach.bsky.social,at://did:plc:sjeemmrxw46kr3d2755boiie/app.bsky.feed.post/3m54bfa65as2r
wuxiawerewolf.bsky.social,craigbreathnach.bsky.social,at://did:plc:sjeemmrxw46kr3d2755boiie/app.bsky.feed.post/3m54bfa65as2r
cianrice.dev,craigbreathnach.bsky.social,at://did:plc:sjeemmrxw46kr3d2755boiie/app.bsky.feed.post/3m54bfa65as2r
indiegameswtf.bsky.social,craigbreathnach.bsky.social,at://did:plc:sjeemmrxw46kr3d2755boiie/app.bsky.feed.post/3m54bfa65as2r
sarklor.bsky.social,robosullivan.bsky.social,at://did:plc:siclj5jstt2xodsn7epgnqld/app.bsky.feed.post/3m54achq2lc2i
elacatstan.bsky.social,robosullivan.bsky.social,at://did:plc:siclj5jstt2xodsn7epgnqld/app.bsky.feed.post/3m54achq2lc2i
robosullivan.bsky.social,robosullivan.bsky.social,at://did:plc:siclj5jstt2xodsn7epgnqld/app.bsky.feed.post/3m54achq2lc2i
emmadragon.bsky.social,robosullivan.bsky.social,at://did:plc:siclj5jstt2xodsn7epgnqld/app.bsky.feed.post/3m54achq2lc2i
therealamz.bsky.social,robosullivan.bsky.social,at://did:plc:siclj5jstt2xodsn7epgnqld/app.bsky.feed.post/3m54achq2lc2i
mousketeer.bsky.social,robosullivan.bsky.social,at://did:plc:siclj5jstt2xodsn7epgnqld/app.bsky.feed.post/3m54achq2lc2i
alanlawlor.bsky.social,robosullivan.bsky.social,at://did:plc:siclj5jstt2xodsn7epgnqld/app.bsky.feed.post/3m54achq2lc2i
kevjhnstn.bsky.social,robosullivan.bsky.social,at://did:plc:siclj5jstt2xodsn7epgnqld/app.bsky.feed.post/3m54achq2lc2i
darylfeehely.com,robosullivan.bsky.social,at://did:plc:siclj5jstt2xodsn7epgnqld/app.bsky.feed.post/3m54achq2lc2i
cudbeorht.bsky.social,robosullivan.bsky.social,at://did:plc:siclj5jstt2xodsn7epgnqld/app.bsky.feed.post/3m54achq2lc2i
drkevguitar.bsky.social,robosullivan.bsky.social,at://did:plc:siclj5jstt2xodsn7epgnqld/app.bsky.feed.post/3m54achq2lc2i
kinford.bsky.social,robosullivan.bsky.social,at://did:plc:siclj5jstt2xodsn7epgnqld/app.bsky.feed.post/3m54achq2lc2i
queen-crafty.bsky.social,dochasisgra.bsky.social,at://did:plc:j2wnnsrxlcesmgggtmpfou7c/app.bsky.feed.post/3m53zwe6xks26
pepsffk.bsky.social,dochasisgra.bsky.social,at://did:plc:j2wnnsrxlcesmgggtmpfou7c/app.bsky.feed.post/3m53zwe6xks26
queen-crafty.bsky.social,dochasisgra.bsky.social,at://did:plc:j2wnnsrxlcesmgggtmpfou7c/app.bsky.feed.post/3m53zujdvqs26
pepsffk.bsky.social,dochasisgra.bsky.social,at://did:plc:j2wnnsrxlcesmgggtmpfou7c/app.bsky.feed.post/3m53zujdvqs26
utsiktens.bsky.social,ainekeenan.bsky.social,at://did:plc:gjsoejzm7at4syhrvzgizrev/app.bsky.feed.post/3m53zp2dkss2q
patcoleman.bsky.social,ainekeenan.bsky.social,at://did:plc:gjsoejzm7at4syhrvzgizrev/app.bsky.feed.post/3m53zp2dkss2q
vegypower.bsky.social,ainekeenan.bsky.social,at://did:plc:gjsoejzm7at4syhrvzgizrev/app.bsky.feed.post/3m53zp2dkss2q
billallen.bsky.social,ainekeenan.bsky.social,at://did:plc:gjsoejzm7at4syhrvzgizrev/app.bsky.feed.post/3m53zp2dkss2q
arik-2.bsky.social,ainekeenan.bsky.social,at://did:plc:gjsoejzm7at4syhrvzgizrev/app.bsky.feed.post/3m53zp2dkss2q
pierpaolo.bsky.social,ainekeenan.bsky.social,at://did:plc:gjsoejzm7at4syhrvzgizrev/app.bsky.feed.post/3m53zp2dkss2q
sdcushing.bsky.social,ainekeenan.bsky.social,at://did:plc:gjsoejzm7at4syhrvzgizrev/app.bsky.feed.post/3m53zp2dkss2q
melysue.bsky.social,ainekeenan.bsky.social,at://did:plc:gjsoejzm7at4syhrvzgizrev/app.bsky.feed.post/3m53zp2dkss2q
lightliv.bsky.social,ainekeenan.bsky.social,at://did:plc:gjsoejzm7at4syhrvzgizrev/app.bsky.feed.post/3m53zp2dkss2q
search1wy.bsky.social,ainekeenan.bsky.social,at://did:plc:gjsoejzm7at4syhrvzgizrev/app.bsky.feed.post/3m53zp2dkss2q
queen-crafty.bsky.social,jenniferomeara5.bsky.social,at://did:plc:wse2xzmb4etf7dpmdodw75lt/app.bsky.feed.post/3m53i42czh227
slated.ie,jenniferomeara5.bsky.social,at://did:plc:wse2xzmb4etf7dpmdodw75lt/app.bsky.feed.post/3m53i42czh227
lawschoolonline.bsky.social,jenniferomeara5.bsky.social,at://did:plc:wse2xzmb4etf7dpmdodw75lt/app.bsky.feed.post/3m53i42czh227
pnamblath.bsky.social,pmchoan.bsky.social,at://did:plc:mypgtjbs2ezul2ar3i2rjbpv/app.bsky.feed.post/3m52wbnbu3226
libertiesbelle.bsky.social,pmchoan.bsky.social,at://did:plc:mypgtjbs2ezul2ar3i2rjbpv/app.bsky.feed.post/3m52wbnbu3226
ravenbooks.bsky.social,ravenbooks.bsky.social,at://did:plc:i4k5jo343mnn5kjf3ooz2rhj/app.bsky.feed.post/3m52r4szffc25
oisinmcgann.bsky.social,ravenbooks.bsky.social,at://did:plc:i4k5jo343mnn5kjf3ooz2rhj/app.bsky.feed.post/3m52qwvn3pc25
bookjo.bsky.social,ravenbooks.bsky.social,at://did:plc:i4k5jo343mnn5kjf3ooz2rhj/app.bsky.feed.post/3m52qwvn3pc25
mariannedoherty.bsky.social,ravenbooks.bsky.social,at://did:plc:i4k5jo343mnn5kjf3ooz2rhj/app.bsky.feed.post/3m52qwvn3pc25
darach.bsky.social,ravenbooks.bsky.social,at://did:plc:i4k5jo343mnn5kjf3ooz2rhj/app.bsky.feed.post/3m52qwvn3pc25
ciara2001.bsky.social,ravenbooks.bsky.social,at://did:plc:i4k5jo343mnn5kjf3ooz2rhj/app.bsky.feed.post/3m52qwvn3pc25
ravenbooks.bsky.social,ravenbooks.bsky.social,at://did:plc:i4k5jo343mnn5kjf3ooz2rhj/app.bsky.feed.post/3m52qwvn3pc25
cerandor.com,ravenbooks.bsky.social,at://did:plc:i4k5jo343mnn5kjf3ooz2rhj/app.bsky.feed.post/3m52qwvn3pc25
siobhanmcelduff.bsky.social,ravenbooks.bsky.social,at://did:plc:i4k5jo343mnn5kjf3ooz2rhj/app.bsky.feed.post/3m52qwvn3pc25
ballerinax.bsky.social,claireissimo.bsky.social,at://did:plc:il65euvovepysgitnnxtyghe/app.bsky.feed.post/3m52oiigtos2n
stephencward.com,claireissimo.bsky.social,at://did:plc:il65euvovepysgitnnxtyghe/app.bsky.feed.post/3m52oiigtos2n
hayleymulch.com,claireissimo.bsky.social,at://did:plc:il65euvovepysgitnnxtyghe/app.bsky.feed.post/3m52oiigtos2n
corcaighgodeo.bsky.social,claireissimo.bsky.social,at://did:plc:il65euvovepysgitnnxtyghe/app.bsky.feed.post/3m52oiigtos2n
queen-crafty.bsky.social,321kieran.bsky.social,at://did:plc:r4hqvnfuc2flfguavyrhcjgg/app.bsky.feed.post/3m52j26dfbc2q
drivensnowmusic.bsky.social,321kieran.bsky.social,at://did:plc:r4hqvnfuc2flfguavyrhcjgg/app.bsky.feed.post/3m52j26dfbc2q
gregome.bsky.social,caroleducky.bsky.social,at://did:plc:wk4vbtn77njhk4mlohgewj2m/app.bsky.feed.post/3m52hjg44g22k
grainneblair.bsky.social,grainneblair.bsky.social,at://did:plc:htzrfp3q6p3ht3x7knog6mdd/app.bsky.feed.post/3m52gtuwhmk2p
antiwifeequation.bsky.social,garymoloney.bsky.social,at://did:plc:iynfektv23knpbfu2cct4i4p/app.bsky.feed.post/3m52g2fxjas2g
stephencward.com,garymoloney.bsky.social,at://did:plc:iynfektv23knpbfu2cct4i4p/app.bsky.feed.post/3m52g2fxjas2g
electionlit.bsky.social,niamhpuirseil.bsky.social,at://did:plc:twcctwxow52a2smobzwrgbgf/app.bsky.feed.post/3m52damtbec2e
shazbear.bsky.social,niamhpuirseil.bsky.social,at://did:plc:twcctwxow52a2smobzwrgbgf/app.bsky.feed.post/3m52damtbec2e
odubhda.bsky.social,niamhpuirseil.bsky.social,at://did:plc:twcctwxow52a2smobzwrgbgf/app.bsky.feed.post/3m52damtbec2e
caitrionas.bsky.social,fiercemilder.com,at://did:plc:hfty7y3ybvhulvdsnygpqy5q/app.bsky.feed.post/3m52avulbcc2a
darylfeehely.com,fiercemilder.com,at://did:plc:hfty7y3ybvhulvdsnygpqy5q/app.bsky.feed.post/3m52avulbcc2a
darylfeehely.com,tggleeson.bsky.social,at://did:plc:bwri5etslrdnbu6jpqrznf36/app.bsky.feed.post/3m52avnbqnc26
eastlothianhare.bsky.social,rogerokeeffe.bsky.social,at://did:plc:56aoxjem4pjvtqsscuhq223t/app.bsky.feed.post/3m52aobh3i22m
remembrancewatch.bsky.social,rogerokeeffe.bsky.social,at://did:plc:56aoxjem4pjvtqsscuhq223t/app.bsky.feed.post/3m52aobh3i22m
roisinnineachtain.com,fhayesmccoy.bsky.social,at://did:plc:wpvwcjuhrpr5tjnhy3vp24ly/app.bsky.feed.post/3m524sdxfek2c
fhayesmccoy.bsky.social,fhayesmccoy.bsky.social,at://did:plc:wpvwcjuhrpr5tjnhy3vp24ly/app.bsky.feed.post/3m524sdxfek2c
queen-crafty.bsky.social,fhayesmccoy.bsky.social,at://did:plc:wpvwcjuhrpr5tjnhy3vp24ly/app.bsky.feed.post/3m524sdxfek2c
ravenbooks.bsky.social,fhayesmccoy.bsky.social,at://did:plc:wpvwcjuhrpr5tjnhy3vp24ly/app.bsky.feed.post/3m524sdxfek2c
conormolloy.bsky.social,dfertl.bsky.social,at://did:plc:qi3uhneb2cz77ibwnzailb22/app.bsky.feed.post/3m5244awyvk2z
wesgo.bsky.social,orla-hegarty.bsky.social,at://did:plc:aozsf6n4ii7kftvlsr2yvfhq/app.bsky.feed.post/3m4zyl7fcus2m
caitrionas.bsky.social,dochasisgra.bsky.social,at://did:plc:j2wnnsrxlcesmgggtmpfou7c/app.bsky.feed.post/3m4zwwvw47c2f
mariafarrell.bsky.social,niamhroisin.bsky.social,at://did:plc:dwzlhfisxytmrluhpl2dvypt/app.bsky.feed.post/3m4zwcqzvsk2u
majorpaul.bsky.social,orla-hegarty.bsky.social,at://did:plc:aozsf6n4ii7kftvlsr2yvfhq/app.bsky.feed.post/3m4zw7554622m
marksugrue.com,orla-hegarty.bsky.social,at://did:plc:aozsf6n4ii7kftvlsr2yvfhq/app.bsky.feed.post/3m4zw7554622m
insomniac2024.bsky.social,orla-hegarty.bsky.social,at://did:plc:aozsf6n4ii7kftvlsr2yvfhq/app.bsky.feed.post/3m4zw7554622m
lokideburca.bsky.social,hyperbolicdub.bsky.social,at://did:plc:zhnxit2ol47yfkmdl6eicbbm/app.bsky.feed.post/3m4zudr3pn22e
caitrionas.bsky.social,hyperbolicdub.bsky.social,at://did:plc:zhnxit2ol47yfkmdl6eicbbm/app.bsky.feed.post/3m4zudr3pn22e
betaburns.bsky.social,dochasisgra.bsky.social,at://did:plc:j2wnnsrxlcesmgggtmpfou7c/app.bsky.feed.post/3m4ztob6no227
