name,display_name,avatar,did,text,repost_count
keith1275.bsky.social,Keith Hyland,https://cdn.bsky.app/img/avatar/plain/did:plc:xzpzaomxbq22xor2ttvrcwhu/bafkreiemndt7nkcvug6aucwikx2oxrymk472czypwwqfdpxrc3tlbb4c2u@jpeg,did:plc:xzpzaomxbq22xor2ttvrcwhu,NA,0
sharrow.bsky.social,Sharrow 🏳️‍🌈🏳️‍⚧️🇮🇪🦄💙📚🎃,https://cdn.bsky.app/img/avatar/plain/did:plc:uwji4l3wzsygaxduowluqmgr/bafkreiesu4kqeyy7fagrt3ubncguvtcj36ctpvdvdlnusrz3j6ixlcted4@jpeg,did:plc:uwji4l3wzsygaxduowluqmgr,NA,113
pepsffk.bsky.social,Oftentimes Jack 🇮🇪,https://cdn.bsky.app/img/avatar/plain/did:plc:6csq4nt7yowkwyiylro3uu2t/bafkreibmgwzzfk6rwmew7iuvnuuzedwqfato4bh7bhwp2wjuigfo6gnjki@jpeg,did:plc:6csq4nt7yowkwyiylro3uu2t,NA,0
caitrionas.bsky.social,Caitríona Shanahan,https://cdn.bsky.app/img/avatar/plain/did:plc:onk5fak6ezcpgfk3alsib4fx/bafkreihbou7vadraz2acmnqmrjwkphp5xp2gyy6ea5ir2tjen7lmfm3enq@jpeg,did:plc:onk5fak6ezcpgfk3alsib4fx,NA,0
bikesnbukes.bsky.social,Oisín Murphy-Lawless,https://cdn.bsky.app/img/avatar/plain/did:plc:k2qphz4i7ioibek2iaqmdwwi/bafkreicrcsqnkhjjfycg2z7cqkjrkm6zgq3sb2bku2jilrbawvfjpo5ogm@jpeg,did:plc:k2qphz4i7ioibek2iaqmdwwi,NA,0
wildecard.bsky.social,KP McDonnell,https://cdn.bsky.app/img/avatar/plain/did:plc:wgkqct5ydercw5mliithdzyy/bafkreiafht3no2vptbsokloa2qrfbevrx2hjfxekfkaham3b5tbpsbkjx4@jpeg,did:plc:wgkqct5ydercw5mliithdzyy,NA,0
sarklor.bsky.social,Ciaránavirus,https://cdn.bsky.app/img/avatar/plain/did:plc:wg5sefmf4r7u3veskf7c7qpw/bafkreic2htcrwujwschudcck56stdnrivgfmuxiu4xnrhp44zdsztcdwca@jpeg,did:plc:wg5sefmf4r7u3veskf7c7qpw,NA,0
stephencward.com,Stíofán Mhac an Bhaird (Stephen Ward),https://cdn.bsky.app/img/avatar/plain/did:plc:fw54bretcmizoti3u7q3pwin/bafkreicaejwhumxgxq7d376ccgbpnqtvnhtxbo6f27gk7rqc4ljbcdbtbm@jpeg,did:plc:fw54bretcmizoti3u7q3pwin,NA,0
alexcurran95.bsky.social,Alex Curran,https://cdn.bsky.app/img/avatar/plain/did:plc:ewsgrdkxvkheig6kjgvlvrhx/bafkreihdm57lzdl6bczl7rec25dqdec4ek7lpqrdllogulprng4fgbd32m@jpeg,did:plc:ewsgrdkxvkheig6kjgvlvrhx,NA,0
ealadubh.bsky.social,Emma Rua ,https://cdn.bsky.app/img/avatar/plain/did:plc:43pp7we7dk4pmibe4ahfdhzi/bafkreif6tsii5cbjkhyuz6pdmolzc6qiufmdqz4plz5i2nivsptcqj2ao4@jpeg,did:plc:43pp7we7dk4pmibe4ahfdhzi,NA,3
ayrtonobrien.bsky.social,Ayrton O'Brien 🇵🇸,https://cdn.bsky.app/img/avatar/plain/did:plc:wag674sevew5ziuie5zoa3qi/bafkreia6zsd77y5xkazyiwrnnlak75g6jr3g7wq4kkzywlqgswy2ukla2i@jpeg,did:plc:wag674sevew5ziuie5zoa3qi,NA,0
program9.com,James Heslin,https://cdn.bsky.app/img/avatar/plain/did:plc:pjzzqrik4jycemcnqyzu6kqv/bafkreihviyla22cqwmhlcf3jy4ng5u2cjfn5wz3mqvcvvxupq4msx7fhgq@jpeg,did:plc:pjzzqrik4jycemcnqyzu6kqv,NA,0
books.newsmast.community.ap.brid.gy,Books & Literature Channel,https://cdn.bsky.app/img/avatar/plain/did:plc:omnbcbqqse4zrxksjlixqpu4/bafkreict3tdozyxavplzvcvgg64rbhjtxkypuaxgknw3qx6wyghlyzrhei@jpeg,did:plc:omnbcbqqse4zrxksjlixqpu4,NA,0
jenniferomeara5.bsky.social,Jennifer O'Meara,https://cdn.bsky.app/img/avatar/plain/did:plc:wse2xzmb4etf7dpmdodw75lt/bafkreihfjzluxixpqagmiw7qlobudgffzsp3vqc6imectmskaegidwruei@jpeg,did:plc:wse2xzmb4etf7dpmdodw75lt,NA,10
manofbeerd.bsky.social,,https://cdn.bsky.app/img/avatar/plain/did:plc:rze7gpuy2yqtxuahayqitmhg/bafkreidwbmtlviolb5deiuobbwc6zunlvej7mm7e3of4waab2yfsttafbi@jpeg,did:plc:rze7gpuy2yqtxuahayqitmhg,NA,0
annstapleton.bsky.social,Ann Stapleton BL,https://cdn.bsky.app/img/avatar/plain/did:plc:nmlm6fsolhv4eb3rfarh7esd/bafkreicf4jm6xyugmu5bpk7exbnu2xussf6lauttkolhiwupspmvh2ocwu@jpeg,did:plc:nmlm6fsolhv4eb3rfarh7esd,NA,0
mousketeer.bsky.social,Denise  Murray/Donnacha Ní Mhuireadhaigh,https://cdn.bsky.app/img/avatar/plain/did:plc:lapeos6kamaakxk54gws7ks2/bafkreifrkfpbsgjo7j5iw3rd4bmkfrmktbqkjx2kobg2zh7zyvtkaib6ha@jpeg,did:plc:lapeos6kamaakxk54gws7ks2,NA,0
ciara2001.bsky.social,ᚅᚓᚃ ᚆᚐᚔᚏᚇᚑ ᚃᚆᚑ ᚇᚔᚄ,https://cdn.bsky.app/img/avatar/plain/did:plc:jr5xhxt5w6a2jqh2os36rkvg/bafkreih73qv6rss52oow6222zwkgs6qlgiti73jself3g4fosgzsgolgym@jpeg,did:plc:jr5xhxt5w6a2jqh2os36rkvg,NA,5
imaginarystories.bsky.social,Imaginary Stories,https://cdn.bsky.app/img/avatar/plain/did:plc:jjn6ptz4wwbma6zefvc7ut5r/bafkreicka2gy7qlyp4p4rvkasfma6cqoi7ewbwgmdesetnab2k2ezm6uy4@jpeg,did:plc:jjn6ptz4wwbma6zefvc7ut5r,NA,0
cathibea.bsky.social,,NA,did:plc:jejoscoi6dlluplcstx4dezz,NA,0
jdalton79.bsky.social,Joanne Dalton,https://cdn.bsky.app/img/avatar/plain/did:plc:g2lpdme7nt4zwc7fq56gkugm/bafkreiaw4r2ll2u55fqo5ishdzqvh3lop4czvapk5gaopctlyxut5t7lqe@jpeg,did:plc:g2lpdme7nt4zwc7fq56gkugm,NA,0
diane.dianeduane.com,Diane Duane,https://cdn.bsky.app/img/avatar/plain/did:plc:emry77pbmuvolxxrkgpqazzf/bafkreihc7xexupmp5yo2etm7tk2r7kgxtrnyttckigipra5mxtmnjgd4de@jpeg,did:plc:emry77pbmuvolxxrkgpqazzf,NA,0
tggleeson.bsky.social,Tom Gleeson,https://cdn.bsky.app/img/avatar/plain/did:plc:bwri5etslrdnbu6jpqrznf36/bafkreihtmarp2pk4ul3uyjzpgw53xdwfpicyxd43xxn6npjxrwoapc4wce@jpeg,did:plc:bwri5etslrdnbu6jpqrznf36,NA,9
slated.ie,SLATED™,https://cdn.bsky.app/img/avatar/plain/did:plc:7czbhyt6vmlibzjk2md3ds36/bafkreihyctdalocn7dvk5b4b7arggfnlmubrlthlci6r7zf6cjbu7qe2vm@jpeg,did:plc:7czbhyt6vmlibzjk2md3ds36,NA,99
leoie.bsky.social,Leo O’Shaughnessy,https://cdn.bsky.app/img/avatar/plain/did:plc:64ict5kfks2xkx6seyubggy2/bafkreicxnornymznv6mkakurheksujgkfbd6vrjc4qfoddvc2dt7yvix5y@jpeg,did:plc:64ict5kfks2xkx6seyubggy2,NA,0
pagep195.bsky.social,Paul Page,https://cdn.bsky.app/img/avatar/plain/did:plc:obchedznliglqj7jk7y3lbeh/bafkreiajgo6vfkgsye3jqx6l6red3ektkuigznuvxgf7l6swhmf2h4neeu@jpeg,did:plc:obchedznliglqj7jk7y3lbeh,NA,0
pierpaolo.bsky.social,𝚙𝚒𝚎𝚛𝚙𝚊𝚘𝚕𝚘,https://cdn.bsky.app/img/avatar/plain/did:plc:qjpmddmvbju7udpvanfmzbnq/bafkreid4irtrd7azkg2tkyt3zchdoaqmmx5cz7rcsc5bhnhs3ekxvc7glu@jpeg,did:plc:qjpmddmvbju7udpvanfmzbnq,NA,0
albert-ibars.bsky.social,Albert Ibars,https://cdn.bsky.app/img/avatar/plain/did:plc:q76ttumhtejq2ytp3ybil6za/bafkreidtjgwgy37h6jmbgi62rzmv6il7gpbgl6npuzookehx63uulpw5z4@jpeg,did:plc:q76ttumhtejq2ytp3ybil6za,NA,0
breeze420.bsky.social,Breezie,https://cdn.bsky.app/img/avatar/plain/did:plc:kizxxe3krp4p2sv3xwdymdpk/bafkreifbgdglalkiyjqioahzg45v3at3bwden3jha5vqk5ozoz7ppofv5y@jpeg,did:plc:kizxxe3krp4p2sv3xwdymdpk,NA,0
photohour.bsky.social,PhotoHour,https://cdn.bsky.app/img/avatar/plain/did:plc:6nowce2jqpegcuacmp5l5pzi/bafkreiet5s6x7zsf44moads6gvpogdfrylmyfcjcs2yv3vlbm7h4sldvwi@jpeg,did:plc:6nowce2jqpegcuacmp5l5pzi,NA,0
roisinnineachtain.com,Róisín Ní Neachtain,https://cdn.bsky.app/img/avatar/plain/did:plc:yek2afi23gkir5z2tjd6cb5c/bafkreiaxojlzwyl5xwkajfm5evbdc2m6j4wa2r5ejxsh5z4kkpx5g2zs2u@jpeg,did:plc:yek2afi23gkir5z2tjd6cb5c,NA,0
laurie-merrell.bsky.social,Laurie,https://cdn.bsky.app/img/avatar/plain/did:plc:w5jr52v7wrocarv6gxdq7tn2/bafkreibidi23tnpreifndajbiyvxdckpozsmw26j6irk3lmxfy66ublvia@jpeg,did:plc:w5jr52v7wrocarv6gxdq7tn2,NA,0
billallen.bsky.social,Bill Allen,https://cdn.bsky.app/img/avatar/plain/did:plc:ubhohqs7p46y2yqjnaensiyo/bafkreiexluiz3l2ytbjsosxgo5ovmhteceozdba66t2lgawvmchahmjnde@jpeg,did:plc:ubhohqs7p46y2yqjnaensiyo,NA,0
sandraduffy.bsky.social,Dr. Sandra Duffy Golden,https://cdn.bsky.app/img/avatar/plain/did:plc:selsekqxn4n6hgtgn2mo4gqy/bafkreigat33z5feugadpwgakxto4hnzvs5wjbuvsfbpmaipghycpbpekjq@jpeg,did:plc:selsekqxn4n6hgtgn2mo4gqy,NA,0
thewildgees.bsky.social,The Wild Gees,https://cdn.bsky.app/img/avatar/plain/did:plc:ovsh7y2xzq634gucbg3ffoix/bafkreifduw3khdnk2afu5zqjksb77k3ehruwllkj4uwbmgscbytfwwhvfy@jpeg,did:plc:ovsh7y2xzq634gucbg3ffoix,NA,0
helstinki.bsky.social,Helen,https://cdn.bsky.app/img/avatar/plain/did:plc:k6syquhpl2vvwirhdbxvge7z/bafkreiceirp5yhqml6h2zd2gdhiufwiiv7d2p4y5riplans5hhxh55be5e@jpeg,did:plc:k6syquhpl2vvwirhdbxvge7z,NA,0
martinadevlinbooks.bsky.social,Martina Devlin,https://cdn.bsky.app/img/avatar/plain/did:plc:k4ioshcs4uibg5y5hofvzd4u/bafkreifuxbmuhcdu6j53xeyle6bousacpy6blrsigmgi36vp5tuptl7egm@jpeg,did:plc:k4ioshcs4uibg5y5hofvzd4u,NA,0
profkakie.bsky.social,ProfKakie,https://cdn.bsky.app/img/avatar/plain/did:plc:jtdxu5uropse3vw7gpj26uk4/bafkreiedv5jmuqfizxlaid6mcau4jvvepqbpeomwrnf4ijd3dvvddrmmle@jpeg,did:plc:jtdxu5uropse3vw7gpj26uk4,NA,0
ravenbooks.bsky.social,Raven Books,https://cdn.bsky.app/img/avatar/plain/did:plc:i4k5jo343mnn5kjf3ooz2rhj/bafkreigbpobgyckzd4mjtbbsic56beydb73bd44proyzc7wwl3ozluwusm@jpeg,did:plc:i4k5jo343mnn5kjf3ooz2rhj,NA,9
twiginasana.bsky.social,Usually pronounced incorrectly,https://cdn.bsky.app/img/avatar/plain/did:plc:ewmjduce2r62ezf62f7meyzt/bafkreidsp7pxsxclm6rskxcwrvk4tfnauqs24qpuzk72j2q2zmy27hcw24@jpeg,did:plc:ewmjduce2r62ezf62f7meyzt,NA,0
shibh.bsky.social,Siobhán Freya,https://cdn.bsky.app/img/avatar/plain/did:plc:etzl2cq3lwxobxvnpn6pe4dl/bafkreibap3kofga2h7nrr5t355xrkr3ms26hqiyg7ar7hsouwbmq65qqru@jpeg,did:plc:etzl2cq3lwxobxvnpn6pe4dl,NA,0
effiesnake.bsky.social,Effie Snake,https://cdn.bsky.app/img/avatar/plain/did:plc:cyv4wuxhvi6ly62b6rldrzqz/bafkreihf7tynqkkv7aeamyjo6i53auxdwdxsym2ehij6npwvgfjwhlowjq@jpeg,did:plc:cyv4wuxhvi6ly62b6rldrzqz,NA,0
deborahrosereeves.bsky.social,Deborah Rose,https://cdn.bsky.app/img/avatar/plain/did:plc:cyspha7oac3dwdem3ewtgpdq/bafkreicmiauyhsnq3xczlhqilyoagxnpjslux4aef47iramwtnwu2rsc6q@jpeg,did:plc:cyspha7oac3dwdem3ewtgpdq,NA,0
cathalmalone.bsky.social,Cathal Malone,https://cdn.bsky.app/img/avatar/plain/did:plc:auv62yln2sadyttfcomqh7hu/bafkreid6n5i6nfmiof6augoy3ldydycw7sspzvbuh6lnnglm7gpqvdjtpq@jpeg,did:plc:auv62yln2sadyttfcomqh7hu,NA,0
mimmcloughlin.bsky.social,Mim,https://cdn.bsky.app/img/avatar/plain/did:plc:2rhdn5zhn7mkfvy75rgdqjmw/bafkreignc6tgwg4xafztzqul47usyeg6pawgvqoo6oxwob56t7rq2nagcy@jpeg,did:plc:2rhdn5zhn7mkfvy75rgdqjmw,NA,0
tonykavanagh.bsky.social,Tony Kavanagh,https://cdn.bsky.app/img/avatar/plain/did:plc:6rnpjkmwfrtkqhi3z7xxoqou/bafkreiggezzqfsk6nmjbfdugad5h75l66tgb2danvdvna56obc4ozwqrgy@jpeg,did:plc:6rnpjkmwfrtkqhi3z7xxoqou,NA,0
ballerinax.bsky.social,ballerina X,https://cdn.bsky.app/img/avatar/plain/did:plc:ocakzaba6tjbfny4fcwoa7p6/bafkreiep3zhhdmj5qule7m4spoy65ia37dytp63to4mjky32ro2fyufjbm@jpeg,did:plc:ocakzaba6tjbfny4fcwoa7p6,NA,0
judesherry.bsky.social,Jude Sherry,https://cdn.bsky.app/img/avatar/plain/did:plc:tjj7toux5q6m2v7x2unyhznh/bafkreibcoekv65qh5krdw3b6dgn6mj6mtvrcnhv6dsutaya3qi62alvhku@jpeg,did:plc:tjj7toux5q6m2v7x2unyhznh,NA,67
nilochnain.bsky.social,Hanna Ní Lochnáin,https://cdn.bsky.app/img/avatar/plain/did:plc:x2ehvvub6oklbvx4xeb3f2mk/bafkreih5rlw4lnarqyjedrotrby73li5k3dkihoyn4bqmw7efwawetqsa4@jpeg,did:plc:x2ehvvub6oklbvx4xeb3f2mk,NA,0
emmadragon.bsky.social,Emma Rogan 🇵🇸,https://cdn.bsky.app/img/avatar/plain/did:plc:qb4oplsgvdtu6xynnfiptom5/bafkreigkr2viv5imcf5uwxgm5uondgmf6lp35fbf6wsrtl6ogrmwpmbuk4@jpeg,did:plc:qb4oplsgvdtu6xynnfiptom5,NA,0
brendanjharkin.bsky.social,Brendan Harkin,https://cdn.bsky.app/img/avatar/plain/did:plc:p7fpzrwn66pqywedsepeobot/bafkreihoqrjkjnrej637ekxzcfmjsxvdqaf7b4ogikk6rhpq3o3crkmw5q@jpeg,did:plc:p7fpzrwn66pqywedsepeobot,NA,0
helendublin.bsky.social,H 🇵🇸 ☘️,https://cdn.bsky.app/img/avatar/plain/did:plc:nigs7kco6eoaxc5aiimsaxc3/bafkreiaj7z2yu2lzryk5qzdp44e3ixs7tlx3g6afgiigokyx7zqy4oa4wm@jpeg,did:plc:nigs7kco6eoaxc5aiimsaxc3,NA,4
ljmccartan.bsky.social,L. J. McCartan,https://cdn.bsky.app/img/avatar/plain/did:plc:ncsqamz3ltoap7afcojtsxnb/bafkreibgaqprrllxgqvntevzyzfql7ucxa4dudzmgzafyovvetcgnqgtvq@jpeg,did:plc:ncsqamz3ltoap7afcojtsxnb,NA,0
frankoconnor.bsky.social,Frank O'Connor ,https://cdn.bsky.app/img/avatar/plain/did:plc:eweyharmeuf3er35ejhbjp4o/bafkreifvl2t3cuhutlxbzfywyxxpltjsq3j3wkoklokfzmd5tqp7uwxxue@jpeg,did:plc:eweyharmeuf3er35ejhbjp4o,NA,32
atticuspeirgorm.bsky.social,Atticus Flinch,https://cdn.bsky.app/img/avatar/plain/did:plc:e2vdb3yylfvzgvlo3fi5mrkf/bafkreid6vc7ytoznulcw2bpavmlbpcbrjfocklnwlrycvps4jten5f4fqa@jpeg,did:plc:e2vdb3yylfvzgvlo3fi5mrkf,NA,4
orla-hegarty.bsky.social,Orla Hegarty,https://cdn.bsky.app/img/avatar/plain/did:plc:aozsf6n4ii7kftvlsr2yvfhq/bafkreibk6koa3slkia266xznwmvfjfiokoju3swedae4psn5ibmizlcbeq@jpeg,did:plc:aozsf6n4ii7kftvlsr2yvfhq,NA,75
sickofthisbs77.bsky.social,Colleen but feral ❌️👑,https://cdn.bsky.app/img/avatar/plain/did:plc:6o2mwe2drvb2thcdg662mzxr/bafkreier3pyc2rassuaxbopy5mc7yw4zfq5w5aknhwl7uxpiecnrfmtas4@jpeg,did:plc:6o2mwe2drvb2thcdg662mzxr,NA,0
sullydaysleeper.bsky.social,Hannah O'Sullivan,https://cdn.bsky.app/img/avatar/plain/did:plc:63mlf5ayqa3qbmgddw4d4zsu/bafkreigr3z4clxb32mpt264advwzqbvwidefw3tfmpkumfm4jbbhblgppm@jpeg,did:plc:63mlf5ayqa3qbmgddw4d4zsu,NA,13
dkly70.bsky.social,Danny Kelly,https://cdn.bsky.app/img/avatar/plain/did:plc:5hx3jpwself7jw7u6fvzdobw/bafkreib6hosiezm3h7bvsduygksec4gwsfqdzmkezdhxzkxbd2nqggzhzy@jpeg,did:plc:5hx3jpwself7jw7u6fvzdobw,NA,0
stitchlily.bsky.social,Orla Breslin,https://cdn.bsky.app/img/avatar/plain/did:plc:3nu7oejfrf4s34vohvwkavtc/bafkreidi4cemuzswiwnoqdbyh6cpeht3db4womll6bybb7i2cseehluune@jpeg,did:plc:3nu7oejfrf4s34vohvwkavtc,NA,0
kinford.bsky.social,Steven Kindlon,https://cdn.bsky.app/img/avatar/plain/did:plc:3eotk6otapqkn7r4nhexxmxv/bafkreicstkbnznvvkko46yxlvkw7jpvgmaswwlq2g2qpborfhscecsrtzq@jpeg,did:plc:3eotk6otapqkn7r4nhexxmxv,NA,0
salvadorryan.bsky.social,Salvador Ryan,https://cdn.bsky.app/img/avatar/plain/did:plc:gvipcst7nw4q57v6trahbbf2/bafkreieiveps3tkg7czabl6m4bormdvulupxnqgjkqw77tjam3kkjkws74@jpeg,did:plc:gvipcst7nw4q57v6trahbbf2,NA,0
chendirl.bsky.social,Ciara Nic Ionnraic PhD #SciComms #Interdisciplinary #COSTActions,https://cdn.bsky.app/img/avatar/plain/did:plc:4gkhunopukop6ugvlessqyvx/bafkreichhh7prmaxzvh5msqgfpcg3dbqqmzrx6qpbzvyrpvbpdmpqakfy4@jpeg,did:plc:4gkhunopukop6ugvlessqyvx,NA,11
eurohealthhist.bsky.social,COST Action CA22159  Euro Hist Health,https://cdn.bsky.app/img/avatar/plain/did:plc:43udcd6xbnkbqgiwhmbkk35n/bafkreibtfflij72hzbcn77aalmdtstziknsgtubdejsf2tq4pbefxgpnum@jpeg,did:plc:43udcd6xbnkbqgiwhmbkk35n,NA,0
marwoodlennox.bsky.social,Marwood,https://cdn.bsky.app/img/avatar/plain/did:plc:zc3ow6z4lrjz53cu45mxwhgl/bafkreignqv7tmvnpvrdoxsjwmrq7kc2b4x6ur3wjc7vam4azfpq63hbrtu@jpeg,did:plc:zc3ow6z4lrjz53cu45mxwhgl,NA,0
rs-glide08.bsky.social,Oh wow Blue Sky is on bluesky 🔜NFC2026,https://cdn.bsky.app/img/avatar/plain/did:plc:romrhbwqln5gxzmylgupigf7/bafkreiey2kpq4yjsyafmk4rdvymp7ofkemzufqje2kxgmjcil4k3kmo4ie@jpeg,did:plc:romrhbwqln5gxzmylgupigf7,NA,0
eils1.bsky.social,Eils_G 📎,https://cdn.bsky.app/img/avatar/plain/did:plc:o6r25j7gta3mqqiojwbo737f/bafkreiamksix5om375dc2sg2qkm3dgwns62qcq6mx4evta3nzdregvrxjm@jpeg,did:plc:o6r25j7gta3mqqiojwbo737f,NA,0
melysue.bsky.social,,https://cdn.bsky.app/img/avatar/plain/did:plc:o7fkhpwqavytxhj3gvy4vj2q/bafkreiaj6kmqu6og7bn7nqwjkqu376mbnir5c2tcsiwkz2gojgtu5jxqai@jpeg,did:plc:o7fkhpwqavytxhj3gvy4vj2q,NA,0
sqotn.bsky.social,🏳️‍⚧️Suzi QotN Sobering Era (Redux)🖤  🏳️‍🌈🇪🇺🇧🇪,https://cdn.bsky.app/img/avatar/plain/did:plc:o42v6w33sjqn3ikxfaqps47a/bafkreigzyslfwleyc5cx46em4k6gqaa2xfnyyb55424ori2dipzo7xqaz4@jpeg,did:plc:o42v6w33sjqn3ikxfaqps47a,NA,0
thebluemango.in,Shweta,https://cdn.bsky.app/img/avatar/plain/did:plc:lde27codxx2uxhwpjpapnjyn/bafkreihu4bboz3o2gcq4krlgj6ew35axlmtut4yzgqfolyvcdyp7rnb7oe@jpeg,did:plc:lde27codxx2uxhwpjpapnjyn,NA,0
gulliver77.bsky.social,Gilbert,https://cdn.bsky.app/img/avatar/plain/did:plc:isufo4kqgzdzzgzmokmt35lh/bafkreifopsvxo6x5kqtmzskxmbh4krmmemyu2sprclbfn2zmysomuhrc7i@jpeg,did:plc:isufo4kqgzdzzgzmokmt35lh,NA,0
lyphshro.bsky.social,Sonnenschein ,https://cdn.bsky.app/img/avatar/plain/did:plc:7nv3ngeqxrirw3xabevhuqc3/bafkreih5ru6medtzjdwg3l2ppxafd52jfu5vdwlw3bdjf3uojg7ygoilba@jpeg,did:plc:7nv3ngeqxrirw3xabevhuqc3,NA,0
kevjhnstn.bsky.social,Kev,https://cdn.bsky.app/img/avatar/plain/did:plc:knq5nbshjm6zjxjy5n6o7vst/bafkreidyy2u5md5gp7zucirtxxhgcqrjxg2hzl5a6dqqrsguhvzplyez3e@jpeg,did:plc:knq5nbshjm6zjxjy5n6o7vst,NA,0
wittyrodger.bsky.social,Austin,https://cdn.bsky.app/img/avatar/plain/did:plc:jgiz4mpewl2lceysk5omu7r4/bafkreicaq6tckz76w2ytew5v5kxtbylj2ds2vhd2tt6o5rqxcafubcdfey@jpeg,did:plc:jgiz4mpewl2lceysk5omu7r4,NA,0
childrensbooksireland.ie,Children's Books Ireland,https://cdn.bsky.app/img/avatar/plain/did:plc:armzoyewxhogitjy2dmly7ve/bafkreie5dymnlslcdyhpir774stmnvi3sjn6b44veaehrscs2zjmssc5xi@jpeg,did:plc:armzoyewxhogitjy2dmly7ve,NA,0
bobjohnstonbooks.bsky.social,Bob Johnston,https://cdn.bsky.app/img/avatar/plain/did:plc:w3cy4tv3t6jkpwdslsb7vyf7/bafkreigttgut2apnli2wcu6zp3lkqwryzwn3g23qp3mjbhwsabymwlocfy@jpeg,did:plc:w3cy4tv3t6jkpwdslsb7vyf7,NA,0
ianthe.online,goblán peile ⚽,https://cdn.bsky.app/img/avatar/plain/did:plc:psnjo4sajhs3aojsmbmizuch/bafkreiemn3nfonmcfoe5yvaazkljzdcbwfrcjtwaviuyk7k6kyzgklv5xm@jpeg,did:plc:psnjo4sajhs3aojsmbmizuch,NA,0
dov.bsky.social,Marxist-Tolkienist-Zelenskyist 🇺🇦🇱🇹🇵🇸🏴󠁧󠁢󠁳󠁣󠁴󠁿,https://cdn.bsky.app/img/avatar/plain/did:plc:gmbqy5pcenb4bduadxtinou7/bafkreibzdhwe73m2qmxaffz6jwkcc5takensiw35jtx4hvis4hajway74m@jpeg,did:plc:gmbqy5pcenb4bduadxtinou7,NA,2
just-me123.bsky.social,,https://cdn.bsky.app/img/avatar/plain/did:plc:e4kzhekwgncm2shgcvsj464d/bafkreifrflfkhg4i7n32f4mz5f7eqva42canzdod7smtrnaw6te4lu5egq@jpeg,did:plc:e4kzhekwgncm2shgcvsj464d,NA,0
liamshields.bsky.social,Liam Shields,https://cdn.bsky.app/img/avatar/plain/did:plc:b4l24xphita2zba3hobtaiuv/bafkreib3ceci34tmag7phkpsmztcocuhphq555c6xvipfyil3472c2hcfm@jpeg,did:plc:b4l24xphita2zba3hobtaiuv,NA,0
electionlit.bsky.social,Alan Kinsella ,https://cdn.bsky.app/img/avatar/plain/did:plc:swknwdgyvbkrbda6fdhhwefj/bafkreibe5eht3zusyuytskvrcmxckaxyf457zyrjktgl4h6ayqcczc5uqy@jpeg,did:plc:swknwdgyvbkrbda6fdhhwefj,NA,25
mnicearbhaill.bsky.social,Mallaidh,https://cdn.bsky.app/img/avatar/plain/did:plc:2ktwvs4qs6ns5pngeneokb4l/bafkreihsxg7kndbnytucpx64nh4bztxn53zt3or5muwvq4naksjrj3grky@jpeg,did:plc:2ktwvs4qs6ns5pngeneokb4l,NA,0
cathyby.bsky.social,Cathy,https://cdn.bsky.app/img/avatar/plain/did:plc:vo3c5x2szy6wq4xc3dlemv7f/bafkreiarphurwfrb46sf27gpfbabczphtu5groh64775tdudwatiqv7mjy@jpeg,did:plc:vo3c5x2szy6wq4xc3dlemv7f,NA,3
cardcolm.bsky.social,Colm Mulcahy,https://cdn.bsky.app/img/avatar/plain/did:plc:bkputoduxeiv7q3saj3ma2on/bafkreif3hsmr5lg6snsjvjawjkjnxflnuqseiuwpnftvbyk65bjesj54mm@jpeg,did:plc:bkputoduxeiv7q3saj3ma2on,NA,0
vigilsforfriends.com,m sharp,https://cdn.bsky.app/img/avatar/plain/did:plc:q47utnibp2jwl6xosjpls2op/bafkreifkqbdv2rixp7bcx3hze4tzjbgpx5lc5kyzbqsskmpuzapjftsrcq@jpeg,did:plc:q47utnibp2jwl6xosjpls2op,NA,0
kenlauder.bsky.social,Ken Lauder,https://cdn.bsky.app/img/avatar/plain/did:plc:opygu2uomcambtp4n4j5ld5h/bafkreihzh5ammr3wya2eyf3oyx5oizn3uuwqmyz4nwtfsfe6ut4s6xz3rm@jpeg,did:plc:opygu2uomcambtp4n4j5ld5h,NA,0
cjc-rw.bsky.social,Chris Cook,https://cdn.bsky.app/img/avatar/plain/did:plc:m4onwecy6wndufqbwbc6r6wo/bafkreiceeyptvl22em4v2yaw4yrufjayxaguhdhaoounqu7rtr5dh72ntq@jpeg,did:plc:m4onwecy6wndufqbwbc6r6wo,NA,0
itmeanspencil.bsky.social,leeann h. j. hamilton,https://cdn.bsky.app/img/avatar/plain/did:plc:6i76ess6n5gq4noaefq5ioyl/bafkreiczkizeb3jmjhjmkr3t5i5z2jdvysnvgmdblhnk4rqw4rlcqb34au@jpeg,did:plc:6i76ess6n5gq4noaefq5ioyl,NA,0
ljfafo.bsky.social,LJFafo,https://cdn.bsky.app/img/avatar/plain/did:plc:6dwjyhih5o54gjs5ta2kfxxl/bafkreig3bfv2zyapj63wcma74zqmhrlqtppetv4a4odia5hbzg4tcwrr5y@jpeg,did:plc:6dwjyhih5o54gjs5ta2kfxxl,NA,0
diamondjoltva.bsky.social,Talyn McCarron VA,https://cdn.bsky.app/img/avatar/plain/did:plc:5jqln6lj4pbjttev22sy77mu/bafkreifdsf534yqeq6sfvenafggz2ycmyfooeohzluojglol5lzgxdqif4@jpeg,did:plc:5jqln6lj4pbjttev22sy77mu,NA,0
hayleymulch.com,samhain seeds in the mulch 🍂,https://cdn.bsky.app/img/avatar/plain/did:plc:4bl6bpnggvjb3qgcwhosv6xg/bafkreiblz3itgxh3disqcdolaigs6fwbeu2dnyl6fvt6rbfxoi4u6cjpky@jpeg,did:plc:4bl6bpnggvjb3qgcwhosv6xg,NA,8
cerandor.com,Ciaran McGrath,https://cdn.bsky.app/img/avatar/plain/did:plc:hlawxvuibskti6l6h3oidlpx/bafkreihgacw2bqudrnxrse5333hftytzrxexmofkf3ojlqyawvlkih62jq@jpeg,did:plc:hlawxvuibskti6l6h3oidlpx,NA,0
louisekrennmair.bsky.social,Louise Krennmair,https://cdn.bsky.app/img/avatar/plain/did:plc:blbtihirbzrmffpzvfnbfwh4/bafkreidcljfcm554garjex2si5bsfqrcegsyvotqvhw3s3eqddzbyj23hy@jpeg,did:plc:blbtihirbzrmffpzvfnbfwh4,NA,0
debhruin.bsky.social,Daithidebhruin,https://cdn.bsky.app/img/avatar/plain/did:plc:yvaazb6s3r2qje2i4cvoj7ur/bafkreihduka42nheztxtsemhdz5xddpmyf6r3ivaylangcxopidrzyfi4u@jpeg,did:plc:yvaazb6s3r2qje2i4cvoj7ur,NA,0
anarcho-surreal.bsky.social,ᚐᚂᚐᚄᚇᚐᚔᚏᚑᚃᚆᚐᚔᚂᚌᚆᚔᚌᚆ (aka. Fully automated Celtic Anarchy),https://cdn.bsky.app/img/avatar/plain/did:plc:xgyhbg6uexyxg62jzc2dyc4p/bafkreiakgb43udhoigakyac6ctswzfzufjiwfokrrmlpwli6tv7olowbjy@jpeg,did:plc:xgyhbg6uexyxg62jzc2dyc4p,NA,0
robosullivan.bsky.social,Rob,https://cdn.bsky.app/img/avatar/plain/did:plc:siclj5jstt2xodsn7epgnqld/bafkreicvdntd54444jdiuznyjijvioiqud6mdts66sjpboauqfdoc6plda@jpeg,did:plc:siclj5jstt2xodsn7epgnqld,NA,130
hazelklarkin.bsky.social,Hazel Katherine Larkin ,https://cdn.bsky.app/img/avatar/plain/did:plc:jxo3eqeeh3kxphirpaqlbnaq/bafkreieyw6t4mzwnm4cgq3kjb54elbkp3rb6b3ngpawvjyfbaai4mdhbaq@jpeg,did:plc:jxo3eqeeh3kxphirpaqlbnaq,NA,19
kbkarma.bsky.social,KB,https://cdn.bsky.app/img/avatar/plain/did:plc:bhgt2ky4gtyd7m4tge5wvp7l/bafkreicmk3jugbtoppzqyzqyki7n6zcfvyr7yydaj3fzuuop6wq7bvk6ue@jpeg,did:plc:bhgt2ky4gtyd7m4tge5wvp7l,NA,0
agagik.bsky.social,Muse,https://cdn.bsky.app/img/avatar/plain/did:plc:hknc23my4royjdexqekw4wh7/bafkreich4bfaqtuzmznyvzzf5qlal6vda6fsvkz5ahv7tosbsmgyjrbciq@jpeg,did:plc:hknc23my4royjdexqekw4wh7,NA,0
sequinworld.bsky.social,Sequin World,https://cdn.bsky.app/img/avatar/plain/did:plc:eml7mutb25y7efknrd5sswqm/bafkreigwhg4w3m74w5p35l4tlixa4gjxw7zhj6l3lrzuj5zfcxoysvz4by@jpeg,did:plc:eml7mutb25y7efknrd5sswqm,NA,0
est3.bsky.social,Est,https://cdn.bsky.app/img/avatar/plain/did:plc:eavvuyeyxwbt4jeoet3d5iln/bafkreie5qfpor7tnbpfbg7g73uiabob4c5skriobonyirl2xztvd5cza2m@jpeg,did:plc:eavvuyeyxwbt4jeoet3d5iln,NA,0
therealamz.bsky.social,Amz,https://cdn.bsky.app/img/avatar/plain/did:plc:nzvvfqfgjzp4omgfd4f5ad4b/bafkreigefd54qeleqob2nq3qdkdj4ipsbubimyzg3xze3mipbvsndbn7yy@jpeg,did:plc:nzvvfqfgjzp4omgfd4f5ad4b,NA,0
theactualcathal.bsky.social,,https://cdn.bsky.app/img/avatar/plain/did:plc:b7eczkt3jvgeai4l55cb6xap/bafkreifvveueuwjck7b3sodgnscsjqlijdh7c4sbfaa3dyugpssph52lk4@jpeg,did:plc:b7eczkt3jvgeai4l55cb6xap,NA,0
coreilly.bsky.social,Over There,https://cdn.bsky.app/img/avatar/plain/did:plc:76cw26hwdi25erd35jwlnksr/bafkreihohnyi6j4px5rq2ealphbsifapmwbz55yesbh3tsnksekkqql564@jpeg,did:plc:76cw26hwdi25erd35jwlnksr,NA,0
eibhlinniccolla.bsky.social,Eibhlìn NicColla,https://cdn.bsky.app/img/avatar/plain/did:plc:yndmw7un2vkds4p2toeidsvr/bafkreihbcnmvsphcfrmowmmnbqklqxgpzlgaljh3tykeskgzuj5yaojj4y@jpeg,did:plc:yndmw7un2vkds4p2toeidsvr,NA,0
darach.bsky.social,Darach Ó Séaghdha,https://cdn.bsky.app/img/avatar/plain/did:plc:klkrhw6jl7re5gg3fwvp2aj2/bafkreidjqmdo6a4rivlsmkjry6pkssuqby5dcxjh6xciodj4xujxxawoo4@jpeg,did:plc:klkrhw6jl7re5gg3fwvp2aj2,NA,0
mykomment.bsky.social,Mykomment,https://cdn.bsky.app/img/avatar/plain/did:plc:47lngbh3tuzhttlus6b7bqid/bafkreifktiqqmsyq4z5kdnw5b45thtvt2onmkfrjuvxx45wq2v23in43ty@jpeg,did:plc:47lngbh3tuzhttlus6b7bqid,NA,0
marykatedanaher.bsky.social,Mary Kate,https://cdn.bsky.app/img/avatar/plain/did:plc:rfnpxhb243hzuyb5sjx4tp4y/bafkreigoxh2gfgg3t2n5ato5fpgb5lnphqj7ueotlx7ahdu4ajkq2opypq@jpeg,did:plc:rfnpxhb243hzuyb5sjx4tp4y,NA,0
sturdyalex.bsky.social,Alex Andreou,https://cdn.bsky.app/img/avatar/plain/did:plc:nxb36xbu3fmz476orupk4p6q/bafkreialri7kzrl24zqjtvqjrcecyo5b3wazavm5fclqf3zi6lumdsvof4@jpeg,did:plc:nxb36xbu3fmz476orupk4p6q,NA,0
alexpodyssey.bsky.social,Alex Andreou's Podyssey,https://cdn.bsky.app/img/avatar/plain/did:plc:cdarb5w6fk5a44ydh6kiswze/bafkreiaj34aweo2ikeibbpocpxums6x7ldgf457idk5yagw4tmuktskt6m@jpeg,did:plc:cdarb5w6fk5a44ydh6kiswze,NA,0
alimack13.bsky.social,Ali Mack,NA,did:plc:atvnvkmpkr3szyzr25bd63uh,NA,2
mikemcgb.bsky.social,Mike McGrath-Bryan,https://cdn.bsky.app/img/avatar/plain/did:plc:txa7py4xvbj2xdfoa5mp35ug/bafkreieuevf4cj7r44s4kwbfm57liwh4s3uwcjhjmb6tc3bqfxjtj4rnuu@jpeg,did:plc:txa7py4xvbj2xdfoa5mp35ug,NA,0
brwtwit.bsky.social,Bryan Wood,https://cdn.bsky.app/img/avatar/plain/did:plc:oinhv7kftnu2bbci3d73irue/bafkreihrsklez3avgyufvkaesei6gj7vws7icxlibmppq4sq7s6glwueky@jpeg,did:plc:oinhv7kftnu2bbci3d73irue,NA,0
theredj50.bsky.social,,https://cdn.bsky.app/img/avatar/plain/did:plc:jcryozpk34dqlge4fwm2dy5p/bafkreiadaypcys4gkqxvnsirlxk6k7tgc2kewy6rzl4fxp3mh5a2hq77xe@jpeg,did:plc:jcryozpk34dqlge4fwm2dy5p,NA,0
oisinmcgann.bsky.social,Oisín McGann,https://cdn.bsky.app/img/avatar/plain/did:plc:xwjlw3ygmqlbr5igkokbkzfn/bafkreieinus2gnqez7ljikn56sgy5bcfhxiioqldj7s5hkzmj7cyhkza64@jpeg,did:plc:xwjlw3ygmqlbr5igkokbkzfn,NA,60
detectiveken.bsky.social,Ken Mahon,https://cdn.bsky.app/img/avatar/plain/did:plc:res5phopi6qvtwsr2lkfcmy2/bafkreibwz2mdtrz7bjefz3zpiqlkzz2rum6oxaxzizx4zfnxiadtfvtoxe@jpeg,did:plc:res5phopi6qvtwsr2lkfcmy2,NA,0
littledeercomics.bsky.social,Little Deer Comics,https://cdn.bsky.app/img/avatar/plain/did:plc:qncpzay2wnfjqwinksofvfjf/bafkreign2usojvd2lbmfmseujywzla4epmlovbyhgo767imknm5nk7i4hq@jpeg,did:plc:qncpzay2wnfjqwinksofvfjf,NA,0
rednecklefty.bsky.social,Redneck Lefty,https://cdn.bsky.app/img/avatar/plain/did:plc:pzjqlifoze7l2bk7w6hqhonc/bafkreiegdupw5u5257cde7rqzkpakt7l3fnjhdgpixfm3vpijbrhzjkufu@jpeg,did:plc:pzjqlifoze7l2bk7w6hqhonc,NA,0
paulduane.bsky.social,Paul Duane 🥔,https://cdn.bsky.app/img/avatar/plain/did:plc:pen6g4gaisumaynbdlqkgkdt/bafkreihgew32jlycqrpqyxthdwml5vak3j2rxxz7y5odzz5ewlvgglbz6e@jpeg,did:plc:pen6g4gaisumaynbdlqkgkdt,NA,17
gronya.bsky.social,Gráinne Lynch,https://cdn.bsky.app/img/avatar/plain/did:plc:k6qvn2rikddlvl2eabcwwnqf/bafkreihlk73my33zn6sxngglep7xxcwqqzsntk5biavzrxk2h4o75wyo6a@jpeg,did:plc:k6qvn2rikddlvl2eabcwwnqf,NA,0
mattneilhill.bsky.social,Matt Neil Hill,https://cdn.bsky.app/img/avatar/plain/did:plc:ichyadr4n5m2hln3nkwpd6b5/bafkreigzd6m5ry72qfetcqu7xxdncqhfmjp5ncgoyjzhcqhvdjidubo2ia@jpeg,did:plc:ichyadr4n5m2hln3nkwpd6b5,NA,0
carolconnolly.bsky.social,CarolC,https://cdn.bsky.app/img/avatar/plain/did:plc:brtkehi5zakqxsb2tpeluiig/bafkreidllv37ofhcnmjsjizn6jok7rtunyh6fb4jlytg54tjxqhztzedny@jpeg,did:plc:brtkehi5zakqxsb2tpeluiig,NA,0
andyruffell.bsky.social,Andy Ruffell,https://cdn.bsky.app/img/avatar/plain/did:plc:a2qgjcsfttbg5wmgz3qbtqen/bafkreibd5bykkdiue2gfuzmn2eaxw6muyvk3faryqkzatddhxuxhgrojvy@jpeg,did:plc:a2qgjcsfttbg5wmgz3qbtqen,NA,0
jslaterwilliams.bsky.social,Josh Slater-Williams,https://cdn.bsky.app/img/avatar/plain/did:plc:67tqtugtccspuyh7n4ytjrqr/bafkreih7jg7vmojcfy5tp2a2klctk7syscivfk5oxafplbc74kasuk6v34@jpeg,did:plc:67tqtugtccspuyh7n4ytjrqr,NA,0
wyvernfriend.bsky.social,Deirdre,https://cdn.bsky.app/img/avatar/plain/did:plc:62opi4giqph5dvy3uh4pdl4v/bafkreieo3wzmrqplrxw6jjen7yecoqnqk32pwiiwopghmi4vkhyybcrvmu@jpeg,did:plc:62opi4giqph5dvy3uh4pdl4v,NA,0
islandlesley.bsky.social,Lesley,https://cdn.bsky.app/img/avatar/plain/did:plc:osnxrjrbwh6gvcemkndzmpmw/bafkreifscbupqiea2d2ylufxvanpvmq7ajwboh2nlvm7lt3o4qzap36ste@jpeg,did:plc:osnxrjrbwh6gvcemkndzmpmw,NA,0
thisiswloi.bsky.social,THISISWLOI,https://cdn.bsky.app/img/avatar/plain/did:plc:wyisab4ev5sfiz3skw4srfua/bafkreiai6i3tfnuk4ksjmalh4zkx4gokeljc4wnvofbr4xjdoctj3qmq3u@jpeg,did:plc:wyisab4ev5sfiz3skw4srfua,NA,0
treasaigh.bsky.social,Treasaigh,https://cdn.bsky.app/img/avatar/plain/did:plc:q3nfv72alqvbzu6ngq636ymz/bafkreidi7r7n42fxgwmzcvt4otalcwsu36wekp7dydjpj2f2aagc54hmcy@jpeg,did:plc:q3nfv72alqvbzu6ngq636ymz,NA,0
claralaherty.bsky.social,clara,https://cdn.bsky.app/img/avatar/plain/did:plc:zrri765kh3ntu5ibfydz7rwi/bafkreicgs5nhdobbpt6ux36oalrlhx6rztww4ep67vu7uilcllsvrnk3ku@jpeg,did:plc:zrri765kh3ntu5ibfydz7rwi,NA,0
lisahafey.bsky.social,Eilís Bean Uí hEochaidh,https://cdn.bsky.app/img/avatar/plain/did:plc:nn3osgxofchp4kltpym3e6zk/bafkreie37injtrntosdjgonjxfz44fke7ju5ba74u5hs3buclfnv3pjrru@jpeg,did:plc:nn3osgxofchp4kltpym3e6zk,NA,1
rosemormor.bsky.social,,https://cdn.bsky.app/img/avatar/plain/did:plc:ena553bdt7zzfzjkfzvtqphp/bafkreihhbst54fudkfzofucm5jk37t2ejsdtlqchb5ezz2utyuhd3otygm@jpeg,did:plc:ena553bdt7zzfzjkfzvtqphp,NA,0
1skywatcher.bsky.social,1Skywatcher,https://cdn.bsky.app/img/avatar/plain/did:plc:2tkrmsbnoxsuridna2zuc76l/bafkreienls4ruzectrx2vh3ar2aqosi7n3hhrrrjtg4wfpx7qxaq3og6um@jpeg,did:plc:2tkrmsbnoxsuridna2zuc76l,NA,0
darylfeehely.com,Daryl Feehely,https://cdn.bsky.app/img/avatar/plain/did:plc:imdb5lnqdvuployv2wxfgdms/bafkreih2xesbuohotonhnfiyzeoee3oe4cw2t4ifl64tgoudfr5u5yqje4@jpeg,did:plc:imdb5lnqdvuployv2wxfgdms,NA,55
playingwithdust.bsky.social,Brian O'Halloran,https://cdn.bsky.app/img/avatar/plain/did:plc:zol7j6fzk2vqf6yawnkkg6bi/bafkreifej4jbpewdpobio3jbcsozfxqe5om6ei3gobnnm6evab6kwrbs7m@jpeg,did:plc:zol7j6fzk2vqf6yawnkkg6bi,NA,17
paddyoloughlin.bsky.social,Paddy O’Loughlin,NA,did:plc:zgj2qqw2hmvgtnty6r3momiw,NA,0
deniseaoc.bsky.social,Denise,https://cdn.bsky.app/img/avatar/plain/did:plc:xdt7kg73mbvembb2vzhrkkvq/bafkreif7clipgptcnpbc5oldh6fkt6z4wpavkcqt4kapffwwhfyctsxsqm@jpeg,did:plc:xdt7kg73mbvembb2vzhrkkvq,NA,0
patrickfreyne.bsky.social,Patrick Freyne,https://cdn.bsky.app/img/avatar/plain/did:plc:wlfcxxx7u3rcoun3pu2ecuv6/bafkreieyo2umc4mckggkhh4uas6eurjzwtolkpx7yspir724ztjdyzfy2a@jpeg,did:plc:wlfcxxx7u3rcoun3pu2ecuv6,NA,0
dailigh.bsky.social,Dáiligh,https://cdn.bsky.app/img/avatar/plain/did:plc:vmaa275bmnrksir7y6muzkkf/bafkreie3sailc5ka5yocspu5c26g7tg27v3ugqxun5jwjnhcmhkf36lnwu@jpeg,did:plc:vmaa275bmnrksir7y6muzkkf,NA,11
neildelaney.bsky.social,Neil Delaney,https://cdn.bsky.app/img/avatar/plain/did:plc:sr2uobk6vfgmwc4fwxwlhgny/bafkreifppexnu4banumsmmuhpntuwv3hfti2m7i7nme6zv2w6xhko2tvfi@jpeg,did:plc:sr2uobk6vfgmwc4fwxwlhgny,NA,0
orinoxide.bsky.social,Orin 🚀🦏🏳️‍🌈,https://cdn.bsky.app/img/avatar/plain/did:plc:rbo6qn7gpi5metzu2sissuop/bafkreid2vqktszkrpm2ogs4jbyxcl5wwbwsl6wqx7lcl57mgq4a6z2v5bu@jpeg,did:plc:rbo6qn7gpi5metzu2sissuop,NA,0
merrua.bsky.social,,https://cdn.bsky.app/img/avatar/plain/did:plc:r2id5ogmv3mwkflk4vrl7kjl/bafkreiel36nh2ua6gzvnjd55dwame5jjuwl6ali4dedwrprkcvpv3t7s34@jpeg,did:plc:r2id5ogmv3mwkflk4vrl7kjl,NA,0
redritehand.bsky.social,Red Rite Hand,https://cdn.bsky.app/img/avatar/plain/did:plc:prs3jf4rfy7uwxbtf5roawil/bafkreianv24vc4f6xoa44yv4beb5vnklkuqspgg7h5cq26hrt2hvdhxcna@jpeg,did:plc:prs3jf4rfy7uwxbtf5roawil,NA,0
occularmandibles.bsky.social,30-50 antifa in a trenchcoat,https://cdn.bsky.app/img/avatar/plain/did:plc:oisaxguwyqm5cbgwiencpkwt/bafkreid5wxllm4ory3ikquxje44vkw73nmeooiwvsa4ggihnoazcajnkby@jpeg,did:plc:oisaxguwyqm5cbgwiencpkwt,NA,0
bobbycorwin.bsky.social,"Bobby Corwin, Daughterless Sobbing",https://cdn.bsky.app/img/avatar/plain/did:plc:n76xrnaxdwllkbjrd4jonlvp/bafkreieuf7eaj7pxrz63tillnno2beu3342xvu6ftbc4j3tvrsmohym6me@jpeg,did:plc:n76xrnaxdwllkbjrd4jonlvp,NA,0
cabalittle.bsky.social,Antifa Super Horse @ The Clidoris,https://cdn.bsky.app/img/avatar/plain/did:plc:n3whzjghworzlwa6dxn2ea3n/bafkreidkdkdjf2563oxem55m6lpolbtqbm7bsmcfqbpajqsvta4j6cphfm@jpeg,did:plc:n3whzjghworzlwa6dxn2ea3n,NA,0
amcell.bsky.social,Alan McElligott,https://cdn.bsky.app/img/avatar/plain/did:plc:lqcwasun55qppkdpdhozt6et/bafkreif6fmtlygtzpzslhmpnecw3swlqtpg45cwtszqp3rdr5qhtmadlmi@jpeg,did:plc:lqcwasun55qppkdpdhozt6et,NA,0
sarahmccrann.bsky.social,Sarah,https://cdn.bsky.app/img/avatar/plain/did:plc:lkbwas4aehjhnn3epqhhtxz2/bafkreigohmpdmdxi5624jpqjfxydwlzssowtouekmvehhk7x4tlefaqybi@jpeg,did:plc:lkbwas4aehjhnn3epqhhtxz2,NA,0
karenfoxcolo.bsky.social,Karen Fox 🚫👑,https://cdn.bsky.app/img/avatar/plain/did:plc:jvxbjnyvxjrd2k4mk7qjjpud/bafkreibxf3pcpebj544xbsmidanji34xd55pfkx5gjaf4qxi5hbv4eyzaa@jpeg,did:plc:jvxbjnyvxjrd2k4mk7qjjpud,NA,0
lamhfada.bsky.social,Lamhfada ,https://cdn.bsky.app/img/avatar/plain/did:plc:jvelfy3ft5pant7jfsu4p637/bafkreifceer57reejwlcffz77wob5itcfobxtppac2h7a3szqsk6bwoxkm@jpeg,did:plc:jvelfy3ft5pant7jfsu4p637,NA,3
marguerites.bsky.social,Marguerite,https://cdn.bsky.app/img/avatar/plain/did:plc:jtxe7wfge6zbpvk4b4tntqbp/bafkreiesfqnqgfycm7v5jqs2d6hilyqnalixp2z52ymtnso2lcwf5jqkim@jpeg,did:plc:jtxe7wfge6zbpvk4b4tntqbp,NA,0
melissjpeltier.bsky.social,Melissa Jo  Peltier,https://cdn.bsky.app/img/avatar/plain/did:plc:jmu5wxhgzspuoig4kssnvu7b/bafkreibnsdm4daggasftfmdeavrxbazzmk6nd2cbkk5znu5v72velrn36y@jpeg,did:plc:jmu5wxhgzspuoig4kssnvu7b,NA,0
celav.bsky.social,CelaV,https://cdn.bsky.app/img/avatar/plain/did:plc:ifuz62vlrws3s5akillkg3kd/bafkreihf3ahnckn6ph25kwrzzju7xvhfpmskd6z7vyuuwu3m2hytyynfse@jpeg,did:plc:ifuz62vlrws3s5akillkg3kd,NA,0
ianford.bsky.social,Ian Ford 🇪🇺 🇺🇦,https://cdn.bsky.app/img/avatar/plain/did:plc:hvyjlvmwdl7lf46svq6wpci3/bafkreic6djlpmeonrywkhtpctl7adueawaugbfh3iux2x55lwpzwaf2rgi@jpeg,did:plc:hvyjlvmwdl7lf46svq6wpci3,NA,0
johngosullivan.bsky.social,John O'Sullivan,https://cdn.bsky.app/img/avatar/plain/did:plc:hdtxpsi2hzoe4w73rte6clot/bafkreibnzwfi7ivrkrkhzukrsaa5dpcqubysaieigthntbopzmy2un2qba@jpeg,did:plc:hdtxpsi2hzoe4w73rte6clot,NA,0
mixtwitch.bsky.social,Jamie,https://cdn.bsky.app/img/avatar/plain/did:plc:gnk4plmnbqdswoou6ib3q35i/bafkreig23sx66hbo4gu25t64xqvwqmukuibg4kdkilobkdusg2jf4w4lc4@jpeg,did:plc:gnk4plmnbqdswoou6ib3q35i,NA,0
marcphisto.bsky.social,marcphisto,https://cdn.bsky.app/img/avatar/plain/did:plc:gaxjgnudrhxrml4g4lcgchsr/bafkreihsm2grn77qlnspcjdbofend2gp65ppalotkh5u666wjggjty2xvq@jpeg,did:plc:gaxjgnudrhxrml4g4lcgchsr,NA,0
paul-ward-irl.bsky.social,Paul Ward (IRL/EU),https://cdn.bsky.app/img/avatar/plain/did:plc:ffoauklbcaslvb2hjsjlbc5y/bafkreibhrwjeda2simanhscmkkciwqjbeabrnhqmheoeltgzjj7gytnel4@jpeg,did:plc:ffoauklbcaslvb2hjsjlbc5y,NA,0
liamward.ie,Liam Ward,https://cdn.bsky.app/img/avatar/plain/did:plc:cqolwbvettop2zzsz7q3k4x4/bafkreif2iumwghtucoir6zp6uujrdgteevw4suqw3nspzyc4om7n75xvma@jpeg,did:plc:cqolwbvettop2zzsz7q3k4x4,NA,0
tofusatyr.bsky.social,Bligeard the Satyr,https://cdn.bsky.app/img/avatar/plain/did:plc:c5bi2cqd7xaw36gofminr65a/bafkreigcstnty3o2cw7ozc6d5iyclc2s4dsbtu2tyfsrlvaugjksnantxq@jpeg,did:plc:c5bi2cqd7xaw36gofminr65a,NA,0
siobhanmcelduff.bsky.social,Siobhán McElduff,https://cdn.bsky.app/img/avatar/plain/did:plc:b5yxc2nhcgrbtu3twvlg3i7a/bafkreic6dyc6priycmupus2jwgxcckarhc3y7x52dajmswn5zw4tsgmt7e@jpeg,did:plc:b5yxc2nhcgrbtu3twvlg3i7a,NA,21
kj226.bsky.social,J,https://cdn.bsky.app/img/avatar/plain/did:plc:44aobnpywsb6dpdbe4udmb3b/bafkreiehrylixdkp7at2hppynexjsmzvgba7vkviyuq37c73ffyse4iic4@jpeg,did:plc:44aobnpywsb6dpdbe4udmb3b,NA,0
drmcarley.bsky.social,Michael Carley,https://cdn.bsky.app/img/avatar/plain/did:plc:3ca3igjbd6dozahloqz4ivqb/bafkreidaklrcwx6xbmxc7bemvitperacpuof6so2mcylfn7zsxn2izz6cu@jpeg,did:plc:3ca3igjbd6dozahloqz4ivqb,NA,0
nigellicus.bsky.social,Nigel Quinlan,https://cdn.bsky.app/img/avatar/plain/did:plc:33vlabr5n5naktrl6xgyopoc/bafkreic6jqrvv77tnd4thjsktidbbvfdh6qyvbjvbe73rcqd2alwgovzti@jpeg,did:plc:33vlabr5n5naktrl6xgyopoc,NA,7
taesaveslives.bsky.social,Thomas Duffy,https://cdn.bsky.app/img/avatar/plain/did:plc:ymhebkmh56zigyqiomogsupn/bafkreibn5b5znnuj7nc57x325yaujgzeeghbghmb5blie4p43s2rwh2iye@jpeg,did:plc:ymhebkmh56zigyqiomogsupn,NA,4
anaemicroyalty.bsky.social,Rose 🇮🇪🤝🇵🇸,https://cdn.bsky.app/img/avatar/plain/did:plc:zyyt7w5pktnrphup2gvibq2r/bafkreic2qcxsrid2zrqfstc6k6whbbjuj6uis47u6q7xre2onpojkqxhc4@jpeg,did:plc:zyyt7w5pktnrphup2gvibq2r,NA,0
grantsana.bsky.social,Seána,https://cdn.bsky.app/img/avatar/plain/did:plc:v2osx5m7id4tma44xbvyzvpy/bafkreibfvho55mlsuqxryvsxjy55hoygquzqva5tljcjlg6tunzkj6gan4@jpeg,did:plc:v2osx5m7id4tma44xbvyzvpy,NA,0
queen-crafty.bsky.social,Teresa Collins,https://cdn.bsky.app/img/avatar/plain/did:plc:umwcuaofjvxsnl2dq6rzjbwl/bafkreidhp6vhrbii5xst3lhzwa6pk7wt7i5fvaac5znswxoy5srwqrhgn4@jpeg,did:plc:umwcuaofjvxsnl2dq6rzjbwl,NA,0
frankiewhelan.bsky.social,Frank,https://cdn.bsky.app/img/avatar/plain/did:plc:tz5ysmd5u2aquu56j5cvfycj/bafkreigtydtyp2ewd4q5pc4xe5t6qyl4scscuzxvb64lz4jcrc34k3zayu@jpeg,did:plc:tz5ysmd5u2aquu56j5cvfycj,NA,0
dermotlynott.bsky.social,Dermot Lynott,https://cdn.bsky.app/img/avatar/plain/did:plc:tydoeo5437tdskrdoptpopcm/bafkreihtyvhksfkqjd43pxjl7owulrwxtmfialj34d3rkinnatfj6x47py@jpeg,did:plc:tydoeo5437tdskrdoptpopcm,NA,0
lokideburca.bsky.social,Loki,https://cdn.bsky.app/img/avatar/plain/did:plc:ro76qxmd6nel5b5p4262x5eq/bafkreiclyl7nafds7ubikx6m4wuupmbglewcnonagmfgfjv7i52uwzo7cy@jpeg,did:plc:ro76qxmd6nel5b5p4262x5eq,NA,89
eleanorfitzsimons.bsky.social,Eleanor Fitzsimons,https://cdn.bsky.app/img/avatar/plain/did:plc:rnyhuryymqioafm3nkd2bqym/bafkreiebwyxxhk7uq6wqnagf2owbpf6ill47mqtofbm734ooyseahlrlbi@jpeg,did:plc:rnyhuryymqioafm3nkd2bqym,NA,0
octonoodle.bsky.social,[  Blank Inside ],https://cdn.bsky.app/img/avatar/plain/did:plc:riy7vkiavbxbny35mubqc6vz/bafkreig36ukgmcvo43cgogwv2gb6fmgugbnmcgxyn77rqtmagkenley2h4@jpeg,did:plc:riy7vkiavbxbny35mubqc6vz,NA,0
dezlink.bsky.social,Dez Link,https://cdn.bsky.app/img/avatar/plain/did:plc:q67ytmsr6hphqf6sljwjd5at/bafkreiarojcnfoheqcc2y5zm2zny2w72dqtmeoiapr3ffn4oomqebrtolm@jpeg,did:plc:q67ytmsr6hphqf6sljwjd5at,NA,0
waveyart.bsky.social,Dave,https://cdn.bsky.app/img/avatar/plain/did:plc:np3jtndaw5tt4h7lgwjk7kxr/bafkreieixag6fq7pjarmoncehb77ubcmssouyo3ojwwvvj5cn35zxe3yhe@jpeg,did:plc:np3jtndaw5tt4h7lgwjk7kxr,NA,0
dianeodoherty.bsky.social,Diane O’Doherty,https://cdn.bsky.app/img/avatar/plain/did:plc:nbvhuuu6mtcpcngn7gyp6q2b/bafkreiettrdmw2e5jwl5c3bsms5n3pxuhv5bmsskzek7vp6oyablpalvau@jpeg,did:plc:nbvhuuu6mtcpcngn7gyp6q2b,NA,0
erskinechilders.bsky.social,Erskine,https://cdn.bsky.app/img/avatar/plain/did:plc:mjstiivjevekolubzvx6t57p/bafkreifgtu37ri3gk5rhpmhypz6ecshwkfr226lez6nhqks3tilfinjlq4@jpeg,did:plc:mjstiivjevekolubzvx6t57p,NA,0
dlooney.bsky.social,Dermot Looney,https://cdn.bsky.app/img/avatar/plain/did:plc:mgxd2rg7756iyaqprlcmvrll/bafkreianyk67nxemjwoagczfoydngpdxflgsstqw375kenahehsegdp4zi@jpeg,did:plc:mgxd2rg7756iyaqprlcmvrll,NA,0
jogil.bsky.social,Jo Ní Ghiolla Shúiligh,https://cdn.bsky.app/img/avatar/plain/did:plc:lrp75lcp4mne6q4ocxwuinkq/bafkreid5xpfaqv44csvnuhyqsyv54y6ahja3d6ubp6z54sixzpz45f72cq@jpeg,did:plc:lrp75lcp4mne6q4ocxwuinkq,NA,0
locketribal.bsky.social,James,https://cdn.bsky.app/img/avatar/plain/did:plc:ld3cowgd6ex6pyokqivsdn42/bafkreibuwizdozeltlrqimp7o6j55d3a7tkykkmvv44ab4frhcpuyfxmci@jpeg,did:plc:ld3cowgd6ex6pyokqivsdn42,NA,0
shazbear.bsky.social,Shazzy,https://cdn.bsky.app/img/avatar/plain/did:plc:jl6cn5yuzpi4tj5vfl7ysfrm/bafkreigyc7yp6xoxdzvrkysgew7wkhffvi2nyrg67dlg2fqkizy6rfoxmi@jpeg,did:plc:jl6cn5yuzpi4tj5vfl7ysfrm,NA,13
lucytoner.bsky.social,Spooky Boner,https://cdn.bsky.app/img/avatar/plain/did:plc:i5otjujb3j3sfl22b2slgvef/bafkreieckqoy72rls5vpimxycify3rirw5sprycaimtfzgrlu3z2t7ahju@jpeg,did:plc:i5otjujb3j3sfl22b2slgvef,NA,0
fontatron.bsky.social,,https://cdn.bsky.app/img/avatar/plain/did:plc:hxwnyajcl3fqsn22xgmmlcng/bafkreigghh7gpe33ghwqiuzvura3utuq3dkfm54amudct6ymkzeikvdnvu@jpeg,did:plc:hxwnyajcl3fqsn22xgmmlcng,NA,0
1fivefive.bsky.social, Graham,https://cdn.bsky.app/img/avatar/plain/did:plc:fo6glphhae4j2747z7behled/bafkreiefd6nazpxgwra6ehwc3oselqvwzc3kca4ojpxaahfmj3p4d5qm6u@jpeg,did:plc:fo6glphhae4j2747z7behled,NA,0
louthforever.bsky.social,Louth For Ever 🦋,https://cdn.bsky.app/img/avatar/plain/did:plc:fir7jyevgfaacy2zmfy6a7xj/bafkreielmoxfclqaadmw3z3l4kgjaw67b2jjws5uaebeiccnw2ykxsky7u@jpeg,did:plc:fir7jyevgfaacy2zmfy6a7xj,NA,0
tonygroves.bsky.social,Tony - Pod Guy - Groves,https://cdn.bsky.app/img/avatar/plain/did:plc:eam4odatenowhwdlijf3ypz4/bafkreib4h7euldar3oi3pmeiwy7s3lihp366v57efizcwx2vuf4gmat7qa@jpeg,did:plc:eam4odatenowhwdlijf3ypz4,NA,0
mcwattly.bsky.social,NA,NA,did:plc:cxnslpriojqmzybe7brcbqcs,NA,0
jpjordan.bsky.social,JP Jordan,https://cdn.bsky.app/img/avatar/plain/did:plc:cj62l4ekczkzusf44cysl73s/bafkreieluw25rdebihhdvkenginm7tk55hwymviha2d5xmbn6ihfvvziau@jpeg,did:plc:cj62l4ekczkzusf44cysl73s,NA,0
fuaimeanna.bsky.social, Déaglán,https://cdn.bsky.app/img/avatar/plain/did:plc:a5qr6pmap4svemrzupn567jt/bafkreidi2x2aekoenzvniwyzrjayfnyq3nzbzrrftb4z2wo5xet4gygpt4@jpeg,did:plc:a5qr6pmap4svemrzupn567jt,NA,0
debhulbh.bsky.social,DXK,https://cdn.bsky.app/img/avatar/plain/did:plc:6kxrffwes35mje5gm327uvny/bafkreib6jque4tm3bftynjrs7maargem4fzbo7dxqkmnkyjll64gel2kfa@jpeg,did:plc:6kxrffwes35mje5gm327uvny,NA,0
bobbydazzler74.bsky.social,,https://cdn.bsky.app/img/avatar/plain/did:plc:6bs57vczyfcoo2owppaodqke/bafkreigs2vsldmcpyc3f2nppsxpa75xlv4b6tdqfxeptaqgienhunmavmq@jpeg,did:plc:6bs57vczyfcoo2owppaodqke,NA,0
ciaraioch.bsky.social,Ciara | Ciaraíoch 🎨,https://cdn.bsky.app/img/avatar/plain/did:plc:4pxxjie2356nqxd3cwf6hbpk/bafkreig2v67yi3cehsu56rkwcy2nndjgukprqms5bghyo5ikaage2v4fay@jpeg,did:plc:4pxxjie2356nqxd3cwf6hbpk,NA,124
seriouslyhilary.bsky.social,Seriously hilary 🇵🇸,https://cdn.bsky.app/img/avatar/plain/did:plc:4hzrllb6jyw2u2zh222qxevs/bafkreififolccdnfukkzro5glhf4cidvqq5sxmjefvcwwl5xz4ema3rdiy@jpeg,did:plc:4hzrllb6jyw2u2zh222qxevs,NA,0
stiofanoaodh.bsky.social,NA,NA,did:plc:3wpo7job2jp43puoosjvpy62,NA,0
beamaleney.bsky.social,Bea 🌻,https://cdn.bsky.app/img/avatar/plain/did:plc:s7rm32b7fzix4c4xqlq2yucs/bafkreibto5ibubdorgryatisky7z4ixw52dkx7felytkmmqjan2wlu2c4y@jpeg,did:plc:s7rm32b7fzix4c4xqlq2yucs,NA,0
conorvoice.com,Conor,https://cdn.bsky.app/img/avatar/plain/did:plc:o3fsnjyf66iio5rxjidak43z/bafkreigg5bfb2ad36ugcvs2twnqzyl5ztdllg4v52fpw4ae6jwlgpvqpwi@jpeg,did:plc:o3fsnjyf66iio5rxjidak43z,NA,5
bkates.bsky.social,Barb Kates,https://cdn.bsky.app/img/avatar/plain/did:plc:2zr237avkxmv3fpxdtm4e7ld/bafkreiag2wsxbndyqd4qsisiian5unmx55t6pn4g4d32v5pzdl54iuzehi@jpeg,did:plc:2zr237avkxmv3fpxdtm4e7ld,NA,0
irishlittimes.bsky.social,Irish Literary Times,https://cdn.bsky.app/img/avatar/plain/did:plc:pxma5oljw4obs2lkkkukmatd/bafkreihvydkxusdz4gvb2kjxoropk4fbam25654bpiroiwabwkebvfnyjm@jpeg,did:plc:pxma5oljw4obs2lkkkukmatd,NA,0
dec23k.bsky.social,[Dec) @ dec23k @,https://cdn.bsky.app/img/avatar/plain/did:plc:wumz2dcn3sdenzjbv4uwcdkh/bafkreiafpprlqmp6xp7jnp746mjawxz4ac7w74xq4a7vfdrgld6gd54zqm@jpeg,did:plc:wumz2dcn3sdenzjbv4uwcdkh,NA,0
fhayesmccoy.bsky.social,Felicity Hayes-McCoy,https://cdn.bsky.app/img/avatar/plain/did:plc:wpvwcjuhrpr5tjnhy3vp24ly/bafkreihgdaut4vyimaiwzgivosmrpqxzpoyzyq4w3swg2bf56m6ugoj63y@jpeg,did:plc:wpvwcjuhrpr5tjnhy3vp24ly,NA,44
mnasca.bsky.social,Mary Nasca,https://cdn.bsky.app/img/avatar/plain/did:plc:skurcugihw6rgfxb7owm5na7/bafkreielcptmz7hsmcz7k2wigsuxejvazhmqpgxgxpbv4jvc3fb7j6a5ku@jpeg,did:plc:skurcugihw6rgfxb7owm5na7,NA,0
louisemcsharry.bsky.social,Louise McSharry,https://cdn.bsky.app/img/avatar/plain/did:plc:p3kip4sw4dmayftijxf3xl3t/bafkreid6rivn3nphjecfdktdrbgcnskypuirrqdupc5r2nmnm7majmaj4q@jpeg,did:plc:p3kip4sw4dmayftijxf3xl3t,NA,0
maevemcloughlin.bsky.social,,https://cdn.bsky.app/img/avatar/plain/did:plc:iauq3cfmxyzrsnnu7ll7srsq/bafkreid4o2pe3dppore7cvqwad4l7o2gvw3zj3q6ha54sw2farh7bc3fwq@jpeg,did:plc:iauq3cfmxyzrsnnu7ll7srsq,NA,0
telescoper.bsky.social,Peter Coles,https://cdn.bsky.app/img/avatar/plain/did:plc:c7wc5k55ulsrppsfvsgaojge/bafkreidyu4bwn44se6sbsibpthhmrdm23lp3s536h2ch7aro6g2amevlgu@jpeg,did:plc:c7wc5k55ulsrppsfvsgaojge,NA,0
mmrovlje.bsky.social,Maša Mrovlje,https://cdn.bsky.app/img/avatar/plain/did:plc:6mdvtj66rs7avyhca7jvarwe/bafkreihe6ne2cnsbrwofsiykvdrlk7ud6kc5gasgduj2doxsamk7beddpi@jpeg,did:plc:6mdvtj66rs7avyhca7jvarwe,NA,0
jjfru.bsky.social,NA,NA,did:plc:6iu72gmhebrobldel2h5bwm7,NA,0
bridinsorcha.bsky.social,Brídín Nic Dhonncha,https://cdn.bsky.app/img/avatar/plain/did:plc:2hy6ee2frp6vhxlzmehhioil/bafkreihbv3sl2sblxm5b4jq4gnwwtto7333y3crtheup2pwns7zg3may6q@jpeg,did:plc:2hy6ee2frp6vhxlzmehhioil,NA,0
sdcushing.bsky.social,Susan Cushing,https://cdn.bsky.app/img/avatar/plain/did:plc:od6dr5oedbqr3rdwsv2oa3i6/bafkreifl2cgpmfnuysil5gix3m3yirz264amn6tawaciidjoyl37dxcxqi@jpeg,did:plc:od6dr5oedbqr3rdwsv2oa3i6,NA,0
petercbradbury.bsky.social,Peter C. Bradbury,https://cdn.bsky.app/img/avatar/plain/did:plc:6qxq7kldniz2d4defdbtnmfx/bafkreiazrmoqi2caukw6plzmykw6smojv7gmqvgvcl6brobxjuhyrcbglq@jpeg,did:plc:6qxq7kldniz2d4defdbtnmfx,NA,0
pkwhitaker.bsky.social,Phil Kehoe,https://cdn.bsky.app/img/avatar/plain/did:plc:zy2cbj6ayaq4z5mnn4egekn6/bafkreibr2gwx6mh4z6wjypuimvmdiz3ii5a3mz4xlaquks6oyj7gvrrguu@jpeg,did:plc:zy2cbj6ayaq4z5mnn4egekn6,NA,0
bluwhalien.bsky.social,alice says Palestinians in Gaza aren’t scammers!,https://cdn.bsky.app/img/avatar/plain/did:plc:yhzo3gusmbic6x6uc6dok3hu/bafkreifdremcelefrjd3abm33g5dmpbnfqbninkxz5x5idltsuu4nrttc4@jpeg,did:plc:yhzo3gusmbic6x6uc6dok3hu,NA,1
bthalpin.bsky.social,Brendan Halpin,https://cdn.bsky.app/img/avatar/plain/did:plc:ivvxsddno7zheyve4fiu67np/bafkreihcanix2xaojj3lquzguooov76tucgvz3j65f6g7iyrdlltxoaiey@jpeg,did:plc:ivvxsddno7zheyve4fiu67np,NA,0
wesgo.bsky.social,Wesley,https://cdn.bsky.app/img/avatar/plain/did:plc:pa4qw3gwedo3hkp6xz7kvw6x/bafkreif3msxukxhsisufw2yj7agrabbgkxpnscmwuda2g5lkophffm5rfy@jpeg,did:plc:pa4qw3gwedo3hkp6xz7kvw6x,NA,0
letiuchiha.bsky.social,Leti Uchiha (she/they/meow),https://cdn.bsky.app/img/avatar/plain/did:plc:opr443i3afjav6lw3xj2m52k/bafkreigyjaypzymvqmxz5u2kzqrommnsawhvvrc6cfirguuulafdi2wna4@jpeg,did:plc:opr443i3afjav6lw3xj2m52k,NA,0
eoinsmith.bsky.social,Eoin Smith,https://cdn.bsky.app/img/avatar/plain/did:plc:octbzbaexikfnutgjtmbxlsb/bafkreidtncbw5oaai2pfluixllnc3dublraqwxwg2rk6ofpu7rdayhdf4q@jpeg,did:plc:octbzbaexikfnutgjtmbxlsb,NA,0
aoifefodriscoll.bsky.social,Aoife O'Driscoll,https://cdn.bsky.app/img/avatar/plain/did:plc:npysid7p5shv4azaum354ipn/bafkreichibphhftnymdfjqyd23gotmscrbx3v265miaq22yapwaa7r7x3i@jpeg,did:plc:npysid7p5shv4azaum354ipn,NA,0
mariapower.bsky.social,Maria Power,https://cdn.bsky.app/img/avatar/plain/did:plc:nniyp2sj6oaye6bawvwwlmmn/bafkreidavbmltkqu7wpndhisrqmraekycf4eb4yglhrgn6zxluo4r62yhq@jpeg,did:plc:nniyp2sj6oaye6bawvwwlmmn,NA,0
asamar.bsky.social,local book enjoyer,https://cdn.bsky.app/img/avatar/plain/did:plc:n744dpswd5vnx7ev2vdsf4cr/bafkreigqnvcm7oackw3btcsw5hmywmkki75buvag6os6tignf5cuvc7wni@jpeg,did:plc:n744dpswd5vnx7ev2vdsf4cr,NA,0
siobhkanga.bsky.social,,https://cdn.bsky.app/img/avatar/plain/did:plc:k6jspsfddn7jbbew3pf4z3x5/bafkreieprnifdk6v5qo4uzqg64pk5fs4dxb4vay2p6634ppd4eudveyezq@jpeg,did:plc:k6jspsfddn7jbbew3pf4z3x5,NA,0
sinebrien.bsky.social,Sinead O'Brien,https://cdn.bsky.app/img/avatar/plain/did:plc:jjwa5wm5qy4nicsjrjbq4zu5/bafkreietsgkzypn5rniiz2w3l7iph7j7pwzv6qk5svi7crh57njddadnay@jpeg,did:plc:jjwa5wm5qy4nicsjrjbq4zu5,NA,0
imaculthero.bsky.social,Andy,https://cdn.bsky.app/img/avatar/plain/did:plc:g6xxm7xr2jwpspwq6ckwrq5l/bafkreiclyl5musjmnfdkv252ew3j7qnreloibignlz7q2rinqlvip2wgym@jpeg,did:plc:g6xxm7xr2jwpspwq6ckwrq5l,NA,0
samantha4224.bsky.social,Samantha Rose,https://cdn.bsky.app/img/avatar/plain/did:plc:cfm5dt2xkkyrrnwngmpz673e/bafkreiai26y2qdm2qn2chjrho7nceyeiskvqjpnymfx2a6dxyy7j7g4r74@jpeg,did:plc:cfm5dt2xkkyrrnwngmpz673e,NA,0
conorsmith.ie,Conor Smith,https://cdn.bsky.app/img/avatar/plain/did:plc:cacesnuqvmbyni2q5admb2rl/bafkreigpdu4onx47eejuko5rhcb4zdjvxooiwivv6imbyyfztkwd7wgh6q@jpeg,did:plc:cacesnuqvmbyni2q5admb2rl,NA,0
obstreperousg.bsky.social,Obstreperous G,https://cdn.bsky.app/img/avatar/plain/did:plc:bml5hshg5h32vbfxn3nuicjx/bafkreihb24qhgndvkramarfmhsq7tsrx2k2eavkhqsncootj5obrtsbnam@jpeg,did:plc:bml5hshg5h32vbfxn3nuicjx,NA,0
punchedmonet.bsky.social,$1000 crab (YUP CATU),https://cdn.bsky.app/img/avatar/plain/did:plc:ac55ytry4gzvtuankfvg7rao/bafkreigmsatibzzzgbg3s2ckmrkrxncgdebtbqru6mupv2iq2wxencimti@jpeg,did:plc:ac55ytry4gzvtuankfvg7rao,NA,0
opexcain.bsky.social,David wylie ,https://cdn.bsky.app/img/avatar/plain/did:plc:5cykkhesmdalrcqsoym62p5c/bafkreica3mpb55g75xvqrumuu32jk2gduwlwschun5czrxt65tin7ijhom@jpeg,did:plc:5cykkhesmdalrcqsoym62p5c,NA,0
cc42.bsky.social,Chris,https://cdn.bsky.app/img/avatar/plain/did:plc:2niyblt7yhgmidf5z3gjsrv7/bafkreiebyh2z4oo7faftd34mh3buun3pl6dheltxb4iushzvnhhi6eoovi@jpeg,did:plc:2niyblt7yhgmidf5z3gjsrv7,NA,0
bryanwithnoi.bsky.social,Bryan with no i,https://cdn.bsky.app/img/avatar/plain/did:plc:wmyxku3bd3oytyrew4ea7sa3/bafkreicxs75pi526em4xtldtit4fobjtu2uk5xtxlfts3gio2gknhar4xy@jpeg,did:plc:wmyxku3bd3oytyrew4ea7sa3,NA,0
bobajohnson.bsky.social,Rob A. Johnson SPQR  - Mahalo🤙,https://cdn.bsky.app/img/avatar/plain/did:plc:mtkqnsuxyuzpobgltpfcahwd/bafkreigf36ueefipvyimkcbq2p5wvyqxmhfgx6tryvki24gb7aj64dgk6y@jpeg,did:plc:mtkqnsuxyuzpobgltpfcahwd,NA,0
icyvr.bsky.social,Ian Crook,https://cdn.bsky.app/img/avatar/plain/did:plc:e4ksd45nrer7meqyobckwfhj/bafkreiczbawkwoqhbdzhtkxwvhb4juyb7iglshrw6j4nw6vezucumxkfxa@jpeg,did:plc:e4ksd45nrer7meqyobckwfhj,NA,0
sonofthewolf.bsky.social,Son of the Wolf,https://cdn.bsky.app/img/avatar/plain/did:plc:3yw6q5l5ehvf2v4czatrz4ci/bafkreihfgggnsjv7epbraedgved4lu2v2i4z6fijdlcrxs2pmfbzlctb44@jpeg,did:plc:3yw6q5l5ehvf2v4czatrz4ci,NA,0
conormolloy.bsky.social,Conor Molloy | 🇮🇪 🇪🇺 🇺🇦 🇨🇦 🇬🇱,https://cdn.bsky.app/img/avatar/plain/did:plc:3mynxmaherbxeaun744qzgmy/bafkreifu2ziz5jfdjz7tcd7mavhnbrthbi4basuavpmouixtupr5t6c4ei@jpeg,did:plc:3mynxmaherbxeaun744qzgmy,NA,1
sophiagrene.bsky.social,Sophia Grene,https://cdn.bsky.app/img/avatar/plain/did:plc:z7x56h6lil5ltpssyc4jlgw5/bafkreiextlnft5ndj6zzapmsqll5prbqzzaxtygbw4wvif7s7fuo5cau3e@jpeg,did:plc:z7x56h6lil5ltpssyc4jlgw5,NA,0
valondar.bsky.social,Val 🏳️‍⚧️,https://cdn.bsky.app/img/avatar/plain/did:plc:vjf3wt7n5lffpcby73hw2pub/bafkreicnf2zfnocogfqhmarru4emhdstrkgges277jjm7zpg5clfoklgj4@jpeg,did:plc:vjf3wt7n5lffpcby73hw2pub,NA,0
beanmanegan.bsky.social,,https://cdn.bsky.app/img/avatar/plain/did:plc:biv4cj56eaa3w2cyypl5do4s/bafkreidebk7vqgqdm4bcxfaj3jdnsiqk2hqxruny2jptejfjvv4y6rcugm@jpeg,did:plc:biv4cj56eaa3w2cyypl5do4s,NA,0
blondie013.bsky.social,,https://cdn.bsky.app/img/avatar/plain/did:plc:4lnvtj6qnejz2c5zozksisld/bafkreib7pjtqdbt5dtk5t7gwfxzxdmmjf3duilbfr7ied24frf5wp7bcbm@jpeg,did:plc:4lnvtj6qnejz2c5zozksisld,NA,0
eslsys.bsky.social,Kieran,https://cdn.bsky.app/img/avatar/plain/did:plc:dnvpi77gppcosuglhn7nngk3/bafkreif5ejj6zi3t3rb2d2aktk3vjlyrjfufzzkteykje47p6nqoua22gi@jpeg,did:plc:dnvpi77gppcosuglhn7nngk3,NA,33
paulodonovan.bsky.social,Paul O'Donovan,https://cdn.bsky.app/img/avatar/plain/did:plc:yy7oss4jcgom5qpg6fkjpkwy/bafkreibls4jnejpecc6efiwslqyq3h6rvz525zpqppp7mckksmccpmzshi@jpeg,did:plc:yy7oss4jcgom5qpg6fkjpkwy,NA,0
norbut.bsky.social,Noreen Buttimer,https://cdn.bsky.app/img/avatar/plain/did:plc:o4bkrddnefb5fbizu73o3gfy/bafkreidn4bml74amedncurf4vslxoa7myyd3o73uknw6hqu3qjwvp3gciq@jpeg,did:plc:o4bkrddnefb5fbizu73o3gfy,NA,0
mickmuldoon.bsky.social,Mick Muldoon,https://cdn.bsky.app/img/avatar/plain/did:plc:ij6rbqwauifk5zvbnrri6iqz/bafkreib7x6m4owwokzhd3igpg3z6z25xkq5e7ytpb527wmndr6meyvkpju@jpeg,did:plc:ij6rbqwauifk5zvbnrri6iqz,NA,0
claireissimo.bsky.social,Claire Iníon BouliSneachta,https://cdn.bsky.app/img/avatar/plain/did:plc:il65euvovepysgitnnxtyghe/bafkreifuhr3u6hb43oskzpckrfut4mdmlmhpwbi2glyfy3q2x2htsflnwq@jpeg,did:plc:il65euvovepysgitnnxtyghe,NA,5
bloomsandbarnacles.bsky.social,Blooms & Barnacles Podcast,https://cdn.bsky.app/img/avatar/plain/did:plc:akq63dz7gcn7q5b2h4z7y5fn/bafkreiahoedw4vgyc3j3247dq4eyn6gafxlvsy2rkcfteaun4u7dgfd2fa@jpeg,did:plc:akq63dz7gcn7q5b2h4z7y5fn,NA,1
sweetpeabalcony.bsky.social,,https://cdn.bsky.app/img/avatar/plain/did:plc:z73zkvuymh5cyeuct7jbo453/bafkreia6l3tkyhpvemkhq22aoh337u4famjps2dhljrvmz7lcobvqopzxm@jpeg,did:plc:z73zkvuymh5cyeuct7jbo453,NA,0
davidmurphay.bsky.social,David Murphy,https://cdn.bsky.app/img/avatar/plain/did:plc:ozksq4bomserl35gekvxsr2d/bafkreif7k3s7szoeswkegnx662ujjk5w37xjwhk2rydpxqw3qpwevzomn4@jpeg,did:plc:ozksq4bomserl35gekvxsr2d,NA,0
chasman1888.bsky.social,Chasman1888,https://cdn.bsky.app/img/avatar/plain/did:plc:kil2wjajdonrpmz5awypplbh/bafkreiab3phbdultftwgfpfjjgm3woyr6urebsfjppq5s5kp4xi4y5fyd4@jpeg,did:plc:kil2wjajdonrpmz5awypplbh,NA,0
hamletwasanincel.bsky.social,Immeasurable Disappointment,https://cdn.bsky.app/img/avatar/plain/did:plc:bxy5hmoaiofkczzmogc4mdgn/bafkreia55dbttp4ei6ptxhk2o37yk3ncxxkbg7ucthjjzg6qx75dip3kum@jpeg,did:plc:bxy5hmoaiofkczzmogc4mdgn,NA,0
cudbeorht.bsky.social,Cuðbeorht,https://cdn.bsky.app/img/avatar/plain/did:plc:bxfluatlhx5pmkpwz2roaau5/bafkreicdeo33smrm4xycmltguwdfvyfg3iqmaqsgb7nvd7u67r45gifsau@jpeg,did:plc:bxfluatlhx5pmkpwz2roaau5,NA,0
kaid3n.bsky.social,Littleknownirish,https://cdn.bsky.app/img/avatar/plain/did:plc:47pjxqzg2dksznbzvimfwkno/bafkreigzhxffgcrlgk37uwxzaqfz4gf53rrtfgepdxscscgkx3zbhdbhsq@jpeg,did:plc:47pjxqzg2dksznbzvimfwkno,NA,0
werslabber.bsky.social,Aodhán Ó'Coileáin,https://cdn.bsky.app/img/avatar/plain/did:plc:qiyeq5scnwt6oxk6vjkrfg25/bafkreibnycrnc6u63tfrgxzgcx4j73s6shogk4xxn2wwp4fajz62ov75iu@jpeg,did:plc:qiyeq5scnwt6oxk6vjkrfg25,NA,0
lesleyhustler.bsky.social,Pickwick The Dodo,https://cdn.bsky.app/img/avatar/plain/did:plc:3crxgbbfnordpghvy6g6okrs/bafkreidltr45jskemojihgqezdaftq452ttedrpwgd4l4hlqmjwxizmram@jpeg,did:plc:3crxgbbfnordpghvy6g6okrs,NA,0
roisinmoriarty.com,Róisín Moriarty,https://cdn.bsky.app/img/avatar/plain/did:plc:23glch3vcy2rgopad54lz7gd/bafkreidri2z3fhgrdcihjp4do5x3bxzci366smejiokdbb77a3zdfwubzm@jpeg,did:plc:23glch3vcy2rgopad54lz7gd,NA,0
bridgeenmckenna.bsky.social,,https://cdn.bsky.app/img/avatar/plain/did:plc:7tw2buavrtz2bp2suiifzni4/bafkreidkyhrrj7fnvtc62coze5erumfhfe737wqytrhjy34sxntobxk7bu@jpeg,did:plc:7tw2buavrtz2bp2suiifzni4,NA,0
gardeningwell.ie,Ciaran De Buitlear | Gardeningwell,https://cdn.bsky.app/img/avatar/plain/did:plc:zdxzpya4k5b4dguidkh3zajh/bafkreidzz45sls65eykqucbbil2lrnt55im5qaloeguufkfnxjfx7cogpu@jpeg,did:plc:zdxzpya4k5b4dguidkh3zajh,NA,20
derekbrauders.bsky.social,Derek Brauders,https://cdn.bsky.app/img/avatar/plain/did:plc:2haw4tub7pkovhsmiogjbyaa/bafkreih54xck6fbs3wkqk72esw56xwqjqiyollj2nsfvgrnjm2442rd5xq@jpeg,did:plc:2haw4tub7pkovhsmiogjbyaa,NA,1
clodaghtait.bsky.social,Clodagh Tait,https://cdn.bsky.app/img/avatar/plain/did:plc:yqxckahyveyyuk2vvuhdxsks/bafkreidjtkaxmz6xlclvqrez33oy6en2ksfmooluxplyzs2gyfrxtyuhke@jpeg,did:plc:yqxckahyveyyuk2vvuhdxsks,NA,0
radiobeartime.com,Mark O’Neill 🐻,https://cdn.bsky.app/img/avatar/plain/did:plc:vogd52ezdb5jqrw33e4tjg6b/bafkreifvjmwexlsqwryquilflvyqbpnhpgni4vautdn4hrw73t6u7t4bpm@jpeg,did:plc:vogd52ezdb5jqrw33e4tjg6b,NA,0
seano32.bsky.social,,https://cdn.bsky.app/img/avatar/plain/did:plc:ttxzw653bxxmsg4kgjuovu32/bafkreig5bag5myvy2gssyt34wxxrx5crwmamqvjp2yhq4dffxyrzvefqee@jpeg,did:plc:ttxzw653bxxmsg4kgjuovu32,NA,0
maniagnosis.bsky.social,maniagnosis ,https://cdn.bsky.app/img/avatar/plain/did:plc:lkicuossg2grpom7sp3pnls6/bafkreidsg47ffw4qd2ydndrgcsbidrpmhrgjd2d2nth4g7neg6ic6frihy@jpeg,did:plc:lkicuossg2grpom7sp3pnls6,NA,0
paulcarroll15.bsky.social,Paul Carroll,https://cdn.bsky.app/img/avatar/plain/did:plc:fsfroyphlxegvvknh5vkdllq/bafkreided4r2zooet4rl62zgysv64syybwoldmst4aibgqw4ekacwqdafu@jpeg,did:plc:fsfroyphlxegvvknh5vkdllq,NA,0
emilymcminn-ms.bsky.social,Emily Hamilton,https://cdn.bsky.app/img/avatar/plain/did:plc:duyiyspfqq4rfy2r7i5cxquh/bafkreihoj6ebzzveu7gwjwe2gi7jk3fizqic5madgbbmjtymy6psr7hpqy@jpeg,did:plc:duyiyspfqq4rfy2r7i5cxquh,NA,0
swalesrecordsoc.bsky.social,South Wales Record Society,https://cdn.bsky.app/img/avatar/plain/did:plc:65vyrjqvobvz7cbqempduu6i/bafkreieroglkbgknrj2swfdwmrnqsbpzjzbrczi3c775ec5xusznnjyowe@jpeg,did:plc:65vyrjqvobvz7cbqempduu6i,NA,0
rippersspot.bsky.social,Benjamin Hall,https://cdn.bsky.app/img/avatar/plain/did:plc:4cmqw5tuxnoxvmcwzesg4ugl/bafkreiec5mzomoi2h2gowxluzvgsu3exs3lxml5wl7kdvaskq3qlwhvo3q@jpeg,did:plc:4cmqw5tuxnoxvmcwzesg4ugl,NA,0
jackiemo.bsky.social,Jackie Morris,https://cdn.bsky.app/img/avatar/plain/did:plc:277tcpgddm6bqekacqjrf3zl/bafkreif43rjmsxcx5xr6sdhsuuzkeaxh2veym23ddnc5qjgy76foml6ibq@jpeg,did:plc:277tcpgddm6bqekacqjrf3zl,NA,0
ainedonnghaile.bsky.social,Áine ní Donnghaile 🍃🌳 ⚾ 🫖 💙☘ 🍷💉🌊 ,https://cdn.bsky.app/img/avatar/plain/did:plc:hm6aqocyg2hc56fp4f7marzu/bafkreidykavj7jylzaxjxruh3hw6qnfzy76pbxbfsvhhdiytjgyulv6zgu@jpeg,did:plc:hm6aqocyg2hc56fp4f7marzu,NA,0
lolaruizberdun.bsky.social,Lola Ruiz-Berdun,https://cdn.bsky.app/img/avatar/plain/did:plc:glytkkmbj4qcwjt5bf7vfgmj/bafkreid5bkt6u5hlrntuq6t76l2nquk3et5dpw64cm2nxvccmhv5fuhovy@jpeg,did:plc:glytkkmbj4qcwjt5bf7vfgmj,NA,0
iaphistorians.bsky.social,Irish Association of Professional Historians #IAPH #Skystorians,https://cdn.bsky.app/img/avatar/plain/did:plc:cs5x5xn666pqm7z76s63rerc/bafkreig6cjlyx4oedcxalyzcsk36mq5aldv3ubvwleejfjd4l4wfem37fa@jpeg,did:plc:cs5x5xn666pqm7z76s63rerc,NA,3
eimearmb.bsky.social,Eimear Byrne,https://cdn.bsky.app/img/avatar/plain/did:plc:xnlxpbwh4i2dod4ahoqm6io3/bafkreigph6iv6oqeadzcwigbk32mtt3zr7zttft2g2wp3ziho3oiwss5ji@jpeg,did:plc:xnlxpbwh4i2dod4ahoqm6io3,NA,0
spillanemike.com,Mike Spillane,https://cdn.bsky.app/img/avatar/plain/did:plc:wxo5kyy2uno2lm2sty2kva6e/bafkreia5hlfxhuunkqmiyrxupxufwj66fljakiotpopqitz362vrq4qkni@jpeg,did:plc:wxo5kyy2uno2lm2sty2kva6e,NA,1
siobhanmoloney.bsky.social,Siobhan Moloney ,https://cdn.bsky.app/img/avatar/plain/did:plc:vpcwdkwjbup4l6t4iybke6nd/bafkreib3jngcres33232g5h47wsyqaihgypfjncrekwod4h52j5q6ukxfm@jpeg,did:plc:vpcwdkwjbup4l6t4iybke6nd,NA,0
imbibecoffee.bsky.social,Imbibe Coffee Roasters,https://cdn.bsky.app/img/avatar/plain/did:plc:uoenkmbrkyfqvvbwxdjsean5/bafkreih7mitva6oooznzrz5jegtzyvrva7pwc2cp6cf64b7r3djibkir5q@jpeg,did:plc:uoenkmbrkyfqvvbwxdjsean5,NA,33
beebsymca.bsky.social,Brónagh 🇮🇪🇵🇸,https://cdn.bsky.app/img/avatar/plain/did:plc:uikhh4ytkn7hivripzltye7z/bafkreig6qsjtsut4u3qkg22ynhuoeoaqxfhy6gbxbezvmgvhmjoh6yqr7e@jpeg,did:plc:uikhh4ytkn7hivripzltye7z,NA,5
johanndoorley.bsky.social,Johann Doorley,https://cdn.bsky.app/img/avatar/plain/did:plc:t6q4uwczx7p4776hb5s3wluk/bafkreiccg4dj24bu5vxmkbrdsg6azltxlsg2anhu6hv3voy3m4wl52764q@jpeg,did:plc:t6q4uwczx7p4776hb5s3wluk,NA,0
cocojan15.bsky.social,Jane Barnes 🇨🇦🐩👠🍀,https://cdn.bsky.app/img/avatar/plain/did:plc:t2js5vyysxuaeloak5gbhiy5/bafkreiaon2iaztspek44fzn3prhwxc4aszwpjkclzq6y4shnbfzwzenpyi@jpeg,did:plc:t2js5vyysxuaeloak5gbhiy5,NA,0
exiledincork.bsky.social,@exiledirishman,https://cdn.bsky.app/img/avatar/plain/did:plc:sg7q2a3gyzmkcviudgmkhemb/bafkreiclkkdy5rvrlcaadlblwsmlzxlnyz6rxsuaddxyjhczmusoctpkdy@jpeg,did:plc:sg7q2a3gyzmkcviudgmkhemb,NA,0
dalkeydave.bsky.social,Deilginis D,https://cdn.bsky.app/img/avatar/plain/did:plc:rrsa3d47e7yptqzwtoyau63a/bafkreicvhg24vn4ohhi2vli3h7uactkxdqvinebsv635zoan6mxbl4oi3e@jpeg,did:plc:rrsa3d47e7yptqzwtoyau63a,NA,0
neiljackman.bsky.social,Neil Jackman,https://cdn.bsky.app/img/avatar/plain/did:plc:r2rs3onb5q4wq2flo6whxwmj/bafkreid7nzb3gbhd5jnac2mlb6lcwo46vsfvhkbfzincry5yjtglajb4cm@jpeg,did:plc:r2rs3onb5q4wq2flo6whxwmj,NA,0
veronm78.bsky.social,,https://cdn.bsky.app/img/avatar/plain/did:plc:q6xp3tg6ihjq2ywv4q4jgg5o/bafkreif52iagri5vb7sd4h52nhnyyr6qad3iu25mo5nrllpwye4dsiaf6q@jpeg,did:plc:q6xp3tg6ihjq2ywv4q4jgg5o,NA,0
brianhonan.bsky.social,Brian Honan,https://cdn.bsky.app/img/avatar/plain/did:plc:n3t54gz6pastzesohxtpt6gh/bafkreigr4xryuqydkl7y2sjetpdotedplu43j3qmv5jxkdjsenqhehlosq@jpeg,did:plc:n3t54gz6pastzesohxtpt6gh,NA,0
libertiesbelle.bsky.social,Edna Dowling,https://cdn.bsky.app/img/avatar/plain/did:plc:ld2vd37jefwcaw6dmx6raaqt/bafkreibvq2v4vr4twwrjxe2q2a6bzlhrozbsgqwrd536g2ni7xhxorckqe@jpeg,did:plc:ld2vd37jefwcaw6dmx6raaqt,NA,18
blonay.bsky.social,Úna,https://cdn.bsky.app/img/avatar/plain/did:plc:kyatwzopmewbsn6sx4zcmby3/bafkreieamempheu7f25qrrbo3bgs5dfvigv3d6epzn4x2kkbf4eczrf4b4@jpeg,did:plc:kyatwzopmewbsn6sx4zcmby3,NA,0
tigger1962.bsky.social,Liam of the Jungle,https://cdn.bsky.app/img/avatar/plain/did:plc:jcf23ciks7v2yt5hfy2hf64m/bafkreigtamlg44lrk2mppzpc5xayxwwb3jdz5tnb7nivktbr6vu4rdqbja@jpeg,did:plc:jcf23ciks7v2yt5hfy2hf64m,NA,0
nessymon.bsky.social,Nessy 🏳️‍🌈,https://cdn.bsky.app/img/avatar/plain/did:plc:gpdb3nywaxzntbn6ikxwn7em/bafkreictvndzlkzsioflra7cc3phmmoa667d6i5rkzzohsjmxp3q2vogeu@jpeg,did:plc:gpdb3nywaxzntbn6ikxwn7em,NA,0
patchotoole.bsky.social,Patchotoole,https://cdn.bsky.app/img/avatar/plain/did:plc:dui7zffzvyy7fhoms4c6jzz3/bafkreibbdam4r34olra3ymppuwgcx2wwb6h7sfi37rkdlhzue3wycodipu@jpeg,did:plc:dui7zffzvyy7fhoms4c6jzz3,NA,0
rebelalliance77.bsky.social,David 🏳️‍🌈🇮🇪,https://cdn.bsky.app/img/avatar/plain/did:plc:bzjctancupmf6cbk3eazuenz/bafkreighapvyujietktgvkr3nvf3hfcgtwfijcojudypny2jonco7cxcei@jpeg,did:plc:bzjctancupmf6cbk3eazuenz,NA,11
regcoppinger.bsky.social,Reg Coppinger,https://cdn.bsky.app/img/avatar/plain/did:plc:bfgylvtnfvzomjbpv7wetcq3/bafkreico3zg2pl2lshqwdhiejqlz7htgdrzqhkp3ffye6lkhvdk7tlakqm@jpeg,did:plc:bfgylvtnfvzomjbpv7wetcq3,NA,17
diarmuidslattery.bsky.social,Diarmuid Slattery,https://cdn.bsky.app/img/avatar/plain/did:plc:a27zctm3vithf5pfpnhly53r/bafkreicvbkwj6yxx3x22slxmeadcn4e4koj6mdf6vhzcvhoixyzf4nhrka@jpeg,did:plc:a27zctm3vithf5pfpnhly53r,NA,0
hurleybiy.bsky.social,Alan Hurley,https://cdn.bsky.app/img/avatar/plain/did:plc:7py7byplezg4ycaero6dll4j/bafkreieyaiohovmpnuief23637r24ndqynppnhpncrbwzpz6wg7mffwnc4@jpeg,did:plc:7py7byplezg4ycaero6dll4j,NA,0
theskinnydoll.bsky.social,,https://cdn.bsky.app/img/avatar/plain/did:plc:4s6cokwxeffbkidk7vcgqi4j/bafkreiaytbvzybd4ag5ksn2kueeyeb3rqxsxwc7yxevlr6az2wf7zbrxfe@jpeg,did:plc:4s6cokwxeffbkidk7vcgqi4j,NA,0
annapr.bsky.social,Anna Pringle,https://cdn.bsky.app/img/avatar/plain/did:plc:4gnebpoe7wljgw3pf3y35do3/bafkreicip3lkelqwkjqi4zk47kwwgdfhkcde7rw2ut2e6i2mmzwvknzq5y@jpeg,did:plc:4gnebpoe7wljgw3pf3y35do3,NA,10
philipoconnor.bsky.social,Philip O'Connor,https://cdn.bsky.app/img/avatar/plain/did:plc:36hqooiwcmgr3vfc4ovmi2bd/bafkreiauzq6hi5pjskrwcyzly2adxm5lylfuxist7pkwxebglrlvp25qxe@jpeg,did:plc:36hqooiwcmgr3vfc4ovmi2bd,NA,39
corcaighgodeo.bsky.social,Bríd Uí Mh,https://cdn.bsky.app/img/avatar/plain/did:plc:2lhp2uaza4wxynu24mosjp6g/bafkreidabhmuqm3tcetqvy3oasnlkro7ydkxntt4blmapopo66lnsjzpau@jpeg,did:plc:2lhp2uaza4wxynu24mosjp6g,NA,0
roserosey.bsky.social,Rose Young,https://cdn.bsky.app/img/avatar/plain/did:plc:26pzwwqvqq5ew7llscug4zir/bafkreiegaj2gnf5ucnutrczo4fhyzbqjzv6yyshsmshlvxbuonyvqjwtma@jpeg,did:plc:26pzwwqvqq5ew7llscug4zir,NA,0
mokeeffee.bsky.social,Máirtin Ó’Caoiṁ (O’Keeffe),https://cdn.bsky.app/img/avatar/plain/did:plc:h3yltktumapdlsazgp2fmygm/bafkreid3ao6oc7umqnh7egb7d3y3tjsfraxhinm4o5a7ayspd56z6gwvdi@jpeg,did:plc:h3yltktumapdlsazgp2fmygm,NA,0
seannorthridge.bsky.social,Sean Northridge,https://cdn.bsky.app/img/avatar/plain/did:plc:d7watnxo4apjerfac3jg2hky/bafkreierosa5jx3tx4jnt23hkvgauinzb33xv7afi2tzxnh6wqp5mssobi@jpeg,did:plc:d7watnxo4apjerfac3jg2hky,NA,0
sarahwhite682.bsky.social,,https://cdn.bsky.app/img/avatar/plain/did:plc:zuusxy3uaxhtbn3rpzv7aa6g/bafkreieqkdq52xxwgjcnosin5whkeiwjbrxl44wjbuujrh5bekfhgt7hoe@jpeg,did:plc:zuusxy3uaxhtbn3rpzv7aa6g,NA,0
pamw143.bsky.social,Pam Wilson,https://cdn.bsky.app/img/avatar/plain/did:plc:zu2swqvoqvdbdkcxlal5ci46/bafkreig6uhbzdnaeih6xas2lzb4hzczccnxvxutjcecdqsdme6tsqpquue@jpeg,did:plc:zu2swqvoqvdbdkcxlal5ci46,NA,0
freereed59.net,Ali Messer,https://cdn.bsky.app/img/avatar/plain/did:plc:zpyjp5kggl7dfsnx4oqtgazo/bafkreigsmy4x4ixpaq3hl455bzabd3pna2h6pkz73a6wvxshvk6r2uuoae@jpeg,did:plc:zpyjp5kggl7dfsnx4oqtgazo,NA,0
olamilekan06.bsky.social,Linda Smith,https://cdn.bsky.app/img/avatar/plain/did:plc:ytcwsswsy2ues33dsyvqxtqf/bafkreic2hvrsxp4opyvdqls5zuntxktd6r6lyqiopckyyyt4btlgyqogki@jpeg,did:plc:ytcwsswsy2ues33dsyvqxtqf,NA,0
judeobsc17.bsky.social,Laura 🫘,https://cdn.bsky.app/img/avatar/plain/did:plc:xc6k4agoolf4k7kzru72tu4m/bafkreiahr2cpcudhgqvqkz4vtzuqxlxmmuqnzsw6zvpoqu5jhh6rrd6xgm@jpeg,did:plc:xc6k4agoolf4k7kzru72tu4m,NA,0
annabanana1307.bsky.social,,https://cdn.bsky.app/img/avatar/plain/did:plc:x4rswp7zlehyytco5saxwim6/bafkreigpsfffqlgfj4zrfcczjscob2bhdwplvpi3v7vwqf2st3iiohd6zm@jpeg,did:plc:x4rswp7zlehyytco5saxwim6,NA,0
peecemaker.bsky.social,Peacemaker,https://cdn.bsky.app/img/avatar/plain/did:plc:wyo7bug55dyyldcynp5tjz5n/bafkreib7oweodt235kvq35wcc6wkp5t7kvbmimlwvy536si5g3kpkhr3cm@jpeg,did:plc:wyo7bug55dyyldcynp5tjz5n,NA,0
htina.bsky.social,Tina H she/her🇺🇸🇨🇦🇲🇽🇪🇺 🇿🇦 🇬🇱 🇮🇹 🇫🇷 🇩🇰🏴󠁧󠁢󠁳󠁣󠁴󠁿,https://cdn.bsky.app/img/avatar/plain/did:plc:wizbbtrjbhytf6uxrbbezb33/bafkreiey7d66dsczzkq365k4smmtxe4tm6hhxf4zts5j5guc6vxngyn6z4@jpeg,did:plc:wizbbtrjbhytf6uxrbbezb33,NA,0
chiveonocm.bsky.social,ChiveOnOCM,https://cdn.bsky.app/img/avatar/plain/did:plc:wfocsyxo6zmmxdw5ikg2rsvf/bafkreicmkaq2j5ls5zgtli5po6r7jv25mm2wbcorrazum655vhvhd5ryqe@jpeg,did:plc:wfocsyxo6zmmxdw5ikg2rsvf,NA,0
alex-hardy.bsky.social,Alex Hardy,https://cdn.bsky.app/img/avatar/plain/did:plc:w74bfuxbetwjkp2trhlixooq/bafkreifyicjgfaj5rroj26no2dktyub7i6ee7vzt7ddf2xhhwqr45esu5u@jpeg,did:plc:w74bfuxbetwjkp2trhlixooq,NA,0
survivalste04.bsky.social,Steven Kelly survival,https://cdn.bsky.app/img/avatar/plain/did:plc:vo4liv6smc6hyqyi7uv7pq65/bafkreih7ubd6ihs2qf6t2o3dxbrw2tahdzlwzelgi256fzyjgt2cgmy6tm@jpeg,did:plc:vo4liv6smc6hyqyi7uv7pq65,NA,0
nancapetown.bsky.social,Nan,https://cdn.bsky.app/img/avatar/plain/did:plc:vlxjrb5qokr6ntxusrh4ky3k/bafkreieh2tq6dxhjd4mi5tbyin6dflsjtsv5wuhfpqd5udri5c254i3j6a@jpeg,did:plc:vlxjrb5qokr6ntxusrh4ky3k,NA,0
memyselfalone.bsky.social,Myself,NA,did:plc:v3dc5jqiwwlvh7zzy2tnlre6,NA,0
i-hold-grudges.bsky.social,Cest La Vie,https://cdn.bsky.app/img/avatar/plain/did:plc:v2p6ccv533vw2xyrbvr3ls7j/bafkreie7rabgphrwmvmbk3pxgbvfcpbmb3l55avthvpb4ntqpmrrnnrw3i@jpeg,did:plc:v2p6ccv533vw2xyrbvr3ls7j,NA,0
idenise.bsky.social,Denise,https://cdn.bsky.app/img/avatar/plain/did:plc:ugmvmg2f2bgloea5jzbjuafd/bafkreidkbtihjbyt6zmlacfx6i3luvqvrjck2uqgy2fgtjmthab3cjyntu@jpeg,did:plc:ugmvmg2f2bgloea5jzbjuafd,NA,0
lesley999.bsky.social,Lesley Cox,https://cdn.bsky.app/img/avatar/plain/did:plc:u4pzxaajlefs3xdl3vlxdhee/bafkreig4uao3wfhfriplevjmlzjqbimv4r3gm4iwsp3gy7xhxu77txyqgu@jpeg,did:plc:u4pzxaajlefs3xdl3vlxdhee,NA,0
creativedynamix.bsky.social,Roisin Markham,https://cdn.bsky.app/img/avatar/plain/did:plc:tlnguhs2pkkplm3zhyi63lms/bafkreiheij2frfjplujmirfhidxg7pcgb24sdg4dsbukxlb5zdmlit7xp4@jpeg,did:plc:tlnguhs2pkkplm3zhyi63lms,NA,2
heatherartworks.bsky.social,Heather is a midnight writer,https://cdn.bsky.app/img/avatar/plain/did:plc:tib6lzmz5g5yunf2se6aknbc/bafkreigeiie3avuziywfph74qgp5vwv6zg5plljyr5muxtypq3jhca76kq@jpeg,did:plc:tib6lzmz5g5yunf2se6aknbc,NA,0
hsmiff.bsky.social,H Smiff,https://cdn.bsky.app/img/avatar/plain/did:plc:tcweltcua24s5ou2fzay4nka/bafkreicz5m7p4mw5j6mskh56iblt2rpor3n3stdwfequut3xdohkf3tm2q@jpeg,did:plc:tcweltcua24s5ou2fzay4nka,NA,0
mrfluff22.bsky.social,RolandP,https://cdn.bsky.app/img/avatar/plain/did:plc:tctv75bclwlc5ima7dc23qy3/bafkreic2hwejt66n5fpwssk7kecyftn3do3c4lcyqg6cnvwcxskdd4syzy@jpeg,did:plc:tctv75bclwlc5ima7dc23qy3,NA,0
nicholasrowland.bsky.social,Nick Rowland ,https://cdn.bsky.app/img/avatar/plain/did:plc:t5gwnbtesbfnpqibb56joigh/bafkreib777dehlcvhai6elbewvm7oziymw2ropcf3izks4x6pxy7ahy7bm@jpeg,did:plc:t5gwnbtesbfnpqibb56joigh,NA,0
spaghettiarchitect.bsky.social,,https://cdn.bsky.app/img/avatar/plain/did:plc:swxyg2vknvm5a5emduthxhdy/bafkreicyppzmom3xbkpsenn6725uyixvtjp6dopioyci4dlgltm56csmce@jpeg,did:plc:swxyg2vknvm5a5emduthxhdy,NA,0
prismtism.bsky.social,PrismTism 🌈 Heather ✨AuDHD,https://cdn.bsky.app/img/avatar/plain/did:plc:svfd56z6qq77s6d43dsk7ysi/bafkreibiagn2nvrumqsc35inqzzktp5f7ogxkax4h3ni56zwxix7kdc3jy@jpeg,did:plc:svfd56z6qq77s6d43dsk7ysi,NA,0
sarahbouchentouf.bsky.social,,https://cdn.bsky.app/img/avatar/plain/did:plc:ssurzwxtmqho2fxlhaetbrvr/bafkreicc556twbdfgs2ou5cks5tpqbjcczndmktbde6xe3nuupajzdy54i@jpeg,did:plc:ssurzwxtmqho2fxlhaetbrvr,NA,0
rudefulk.bsky.social,Rude 8647 Fulk,https://cdn.bsky.app/img/avatar/plain/did:plc:rvjvkedakazwnh6n7d7rhy3m/bafkreia3afxtn4v6vcrbn64o6eq44z2b6quf2qybvqlnugvoy6u7dqq3um@jpeg,did:plc:rvjvkedakazwnh6n7d7rhy3m,NA,0
drandrew73.bsky.social,,https://cdn.bsky.app/img/avatar/plain/did:plc:rclorj4w6llocfaifoosi56r/bafkreiheipgu34scfxrnxhlwaoajxvl356qnabqte4nsi6na5vtgrzloqu@jpeg,did:plc:rclorj4w6llocfaifoosi56r,NA,0
miaqcarchive.ca,Mia Blais-Côté (MiaQc),https://cdn.bsky.app/img/avatar/plain/did:plc:r7ywu4mkg6vvalazs5nkeoqt/bafkreig5cmknmvz6xhvhz5aitovd32ayi6u6vsoxi6p4fvoysstirf7fjm@jpeg,did:plc:r7ywu4mkg6vvalazs5nkeoqt,NA,0
kristekline.bsky.social,Kriste Kline ,https://cdn.bsky.app/img/avatar/plain/did:plc:qw55ym7axdmmzuw4q2qyxpq7/bafkreibnxlqs5apr6nsfoqcvmiw5l3tpgvcajsu3gnawls34hxollee3ki@jpeg,did:plc:qw55ym7axdmmzuw4q2qyxpq7,NA,0
carolinazblue.bsky.social,Susan N Carolina,https://cdn.bsky.app/img/avatar/plain/did:plc:qoeqx263vfpkgdnam6ao5wke/bafkreifwvdxdzhuhmu3rbwnxan2bl6w2ajw3xzh2euabhxznlfg25bo25q@jpeg,did:plc:qoeqx263vfpkgdnam6ao5wke,NA,0
moniquebouchard.bsky.social,,https://cdn.bsky.app/img/avatar/plain/did:plc:qklhfxvb7bzsq5ozq2scj5lw/bafkreics7rwlm23k4d272mve3cnspqfifihh4b5ghgpcvc3j6iy64hvdwa@jpeg,did:plc:qklhfxvb7bzsq5ozq2scj5lw,NA,0
lottamalarkyfree.bsky.social,T 🇺🇸🇺🇦🇨🇦🇲🇽🌻,https://cdn.bsky.app/img/avatar/plain/did:plc:pa3oj2xzsawoa73p6eseo3zg/bafkreigsavurtpv3mba2ftfs3aucatp5k6kfp55nij37owbks2g5fbcpce@jpeg,did:plc:pa3oj2xzsawoa73p6eseo3zg,NA,0
liteheart.bsky.social,,NA,did:plc:ot7jcfwc7o6e5tw53iqpitwo,NA,0
catsbetterthanmen.bsky.social,Cats Are Better Than Men Because,https://cdn.bsky.app/img/avatar/plain/did:plc:ogzpmjbimlzfafkkbmxkebhv/bafkreia4rqnsylkvrtywprweww5qd3lb3qhrfazmy2bqtketfyhomyz2tu@jpeg,did:plc:ogzpmjbimlzfafkkbmxkebhv,NA,0
eccentriclombax.bsky.social,,https://cdn.bsky.app/img/avatar/plain/did:plc:ogsx5ltyqgcay6n6zamuszlk/bafkreidbv37ovqwpvvlz5dmuhx6z7m6tzxa4qacy3d5qzqgwrkuv25dp2e@jpeg,did:plc:ogsx5ltyqgcay6n6zamuszlk,NA,0
standingmountain.bsky.social,Standing Mountain,https://cdn.bsky.app/img/avatar/plain/did:plc:od4kq2fmyc6262r6nwg2ulc4/bafkreihnxeqdfcorwuep7iyotqgutkafa37m4kgxxd2iqfkvw3ah3batfy@jpeg,did:plc:od4kq2fmyc6262r6nwg2ulc4,NA,0
cjsmithwalker.bsky.social,Chloe Walker,https://cdn.bsky.app/img/avatar/plain/did:plc:nyxqgq5egb3jzgepafnhwkmo/bafkreibxi37rf67dn5ieeon7b3n3rznl4mhljroi2s6uy4qjtcwb7urbyu@jpeg,did:plc:nyxqgq5egb3jzgepafnhwkmo,NA,0
catomama.bsky.social,Catomama 🇨🇦,https://cdn.bsky.app/img/avatar/plain/did:plc:n2wur2dh2s2zkqjy3aq423lt/bafkreicmlrpikq6voek25oygehje5loeiip6ikbtgcddw6kkqgx4fed5ba@jpeg,did:plc:n2wur2dh2s2zkqjy3aq423lt,NA,0
georgieyoda.bsky.social,Georgie Yoda,https://cdn.bsky.app/img/avatar/plain/did:plc:ljrejw7fixgp5e362dpicgat/bafkreigizosqu4rv7dkc7mqicujvnlat3r3yaofeiastzhxmkijkscfd4m@jpeg,did:plc:ljrejw7fixgp5e362dpicgat,NA,0
oneplacestudies.bsky.social,Society for One-Place Studies,https://cdn.bsky.app/img/avatar/plain/did:plc:kcwaxe5ruvtv6kdnwfy6b4j6/bafkreibk37qxuvwo5ggdjjfdjntz7cen6w6b352fh3pawqor2hgvomvp6y@jpeg,did:plc:kcwaxe5ruvtv6kdnwfy6b4j6,NA,0
eliredman.bsky.social,Eli Redman,https://cdn.bsky.app/img/avatar/plain/did:plc:k5fz4463iqacjf6oi6ff7wl3/bafkreib5dvcrfmy2mux6bku4gaay62ohaf5tcqggl3mqgylyycvmz46bei@jpeg,did:plc:k5fz4463iqacjf6oi6ff7wl3,NA,0
sharondcreations.bsky.social,,https://cdn.bsky.app/img/avatar/plain/did:plc:k3s6slkhz6mja3bmgrs4hdnk/bafkreicq7ooulylvf3jrolih3o7wnzmqtdhhjwne3bhg6gxumpbj4uza34@jpeg,did:plc:k3s6slkhz6mja3bmgrs4hdnk,NA,0
harold48.bsky.social,Harold Brannan,https://cdn.bsky.app/img/avatar/plain/did:plc:j247j55gq4b2dvvzekmdie44/bafkreid6nkig6yr5zexrkngwwjtbxgcanbijp2pydqk246wuo3nai75jzq@jpeg,did:plc:j247j55gq4b2dvvzekmdie44,NA,0
kurtfillm.bsky.social,,https://cdn.bsky.app/img/avatar/plain/did:plc:hugyv3pz24z4yc76yx3z2yio/bafkreih2g6vkq6avxnlwrr4277t2x5p7xefiwb6gb6rovjmdcnrcow4tcu@jpeg,did:plc:hugyv3pz24z4yc76yx3z2yio,NA,0
khegler2024.bsky.social,Kathy,https://cdn.bsky.app/img/avatar/plain/did:plc:htc6w5nbd4dy73st7uqmuwm3/bafkreigtdp2xzdaselaau634njvvuhkbhysm4rxrkudnpj2azw22buixue@jpeg,did:plc:htc6w5nbd4dy73st7uqmuwm3,NA,0
rantycat.bsky.social,,https://cdn.bsky.app/img/avatar/plain/did:plc:h23px73bq3qumvb4mhs72zpx/bafkreih5nunoigwpwh6sbra4ufh4if2krshiklmh2jfqlp4nxkm4g5mm3m@jpeg,did:plc:h23px73bq3qumvb4mhs72zpx,NA,0
msgrammy25.bsky.social,Ms Grammy,https://cdn.bsky.app/img/avatar/plain/did:plc:gsvn6vd4pbopw57d5q3n22th/bafkreihcqbpjg4oititttc5dbg7xn2msv6t3viaravmvr6nuedzwofez7u@jpeg,did:plc:gsvn6vd4pbopw57d5q3n22th,NA,0
floellaella.bsky.social,kim moore,https://cdn.bsky.app/img/avatar/plain/did:plc:fxznzyrhqcqvgvj77j2e4nsq/bafkreifr57cl7jkomfidddprovysxif4oyio5sbrtc5dgmjvdttgxiols4@jpeg,did:plc:fxznzyrhqcqvgvj77j2e4nsq,NA,0
stevewillson.bsky.social,Steve,https://cdn.bsky.app/img/avatar/plain/did:plc:frtpuzgfdxk6dpxsvxzclpof/bafkreiah2co3xaphedi3nx2mbtl2uqyl66mintb52yrqx6n4mvveqj3bny@jpeg,did:plc:frtpuzgfdxk6dpxsvxzclpof,NA,0
arthur1974.bsky.social,,https://cdn.bsky.app/img/avatar/plain/did:plc:f67znygzm4l4n4ysdex4mplk/bafkreigat2qjtoksawqd2xf2bmpjneipueyhodd5hdjdg73up3adop4cwy@jpeg,did:plc:f67znygzm4l4n4ysdex4mplk,NA,0
avildsen.bsky.social,peter ⓥ,https://cdn.bsky.app/img/avatar/plain/did:plc:em2xjje6qmgurjbjl3snm2s5/bafkreictdqefmqurt5cjfgvydoyltggykmmka3b5npxmh4cdrxcu3za2cq@jpeg,did:plc:em2xjje6qmgurjbjl3snm2s5,NA,0
lesieurmare.bsky.social,,https://cdn.bsky.app/img/avatar/plain/did:plc:daas66wdp5kkecexw4xeg4n3/bafkreibru7lia3pt2cole7ktfmdmzdlenkizw4cbusapvmd5r63yx5hmtu@jpeg,did:plc:daas66wdp5kkecexw4xeg4n3,NA,0
morganalafee.bsky.social,,https://cdn.bsky.app/img/avatar/plain/did:plc:d33iw6kegb2llcycwub3vc2t/bafkreiheqpxe4i6jf34ugvsxzkbmvbbk34ptmjv3jxvsywqh3tpeeohvk4@jpeg,did:plc:d33iw6kegb2llcycwub3vc2t,NA,0
quizzila.bsky.social,,https://cdn.bsky.app/img/avatar/plain/did:plc:d2d7fin4hz4mz2kn3k27hdtv/bafkreifeaqlrndy6bevl24txbe2xp5tlk4xirtbakmghzhntmprfar5c5i@jpeg,did:plc:d2d7fin4hz4mz2kn3k27hdtv,NA,0
jonysake6.bsky.social,,https://cdn.bsky.app/img/avatar/plain/did:plc:c6pc2sugcovdx2qiltujiyfv/bafkreibbojiqy2q6ff2tmurm4yd35gupbzaz3a6vg6xjopnw4cnqgdm44a@jpeg,did:plc:c6pc2sugcovdx2qiltujiyfv,NA,0
mar-flo-ele.bsky.social,Marie,https://cdn.bsky.app/img/avatar/plain/did:plc:c3s6ciprjglo4nutj5hyznlm/bafkreic6tzvnywecxukjdjbjtnuhzbh3dneyzaeuxy4ccrvpmvveqekkze@jpeg,did:plc:c3s6ciprjglo4nutj5hyznlm,NA,0
anti-imperialist.bsky.social,SpeedFella The Anti-imperialist 🇺🇦🇬🇪🇲🇩,https://cdn.bsky.app/img/avatar/plain/did:plc:bhwy5r7v56jiepfraizee3c4/bafkreibsmgkt6pipulton566tx2j52m6vltgyqkdscgn6kp24cq55y6l3a@jpeg,did:plc:bhwy5r7v56jiepfraizee3c4,NA,0
emlady.bsky.social,,https://cdn.bsky.app/img/avatar/plain/did:plc:bhp4y5uyzxwgln23x6tcaqbe/bafkreih4nd7f4m67b3ollhllvpid3nrv2wghamq2yuisjnab5uwjubjaxe@jpeg,did:plc:bhp4y5uyzxwgln23x6tcaqbe,NA,0
mcnejames.bsky.social,Christine James McNeill ,https://cdn.bsky.app/img/avatar/plain/did:plc:7enou3zzpw6xct3a3ztimbas/bafkreibhwzzaknolpsxhrj4wo2cppmr7zclckd2j6iglsu5cvscbetjfzm@jpeg,did:plc:7enou3zzpw6xct3a3ztimbas,NA,0
bigx-1.bsky.social,Erwin Rommel,https://cdn.bsky.app/img/avatar/plain/did:plc:5dyehhk2wjrw5xg4jl6khxmz/bafkreibzwrzhjf2krmxecbbp7flahnukz5b6mro75pa45yg4imppatwlei@jpeg,did:plc:5dyehhk2wjrw5xg4jl6khxmz,NA,0
betterworld3.bsky.social,CJ.,https://cdn.bsky.app/img/avatar/plain/did:plc:3lnk6oxrp25qzhc3ixvu3mkz/bafkreicjw3yx76j5s4wtlllllty4sc6ptwsqscjhojlwg7yu533gfm64zy@jpeg,did:plc:3lnk6oxrp25qzhc3ixvu3mkz,NA,0
mercutiax.bsky.social,meth-fueled attack squirrel,https://cdn.bsky.app/img/avatar/plain/did:plc:3l2bwvivdwhdjac7gc2sgnyj/bafkreieebsbbqkabtsdihvvm4iq72youlsqm63owsttoc6et44n3j6ja5q@jpeg,did:plc:3l2bwvivdwhdjac7gc2sgnyj,NA,0
lindadoran.bsky.social,,https://cdn.bsky.app/img/avatar/plain/did:plc:3bhrewx32mrketbhvrrkww5b/bafkreia6kho3wlmyx5j4hjjtstunqt73lall2vquddatkdirl6s2rutlm4@jpeg,did:plc:3bhrewx32mrketbhvrrkww5b,NA,0
techguy54.bsky.social,,https://cdn.bsky.app/img/avatar/plain/did:plc:342w4we6dhybmleaqe56sdad/bafkreifqytczzahfh6oz7u4web75xkkhiou24h3yqeu6ln3gnlz3yytlvm@jpeg,did:plc:342w4we6dhybmleaqe56sdad,NA,0
azgecko.bsky.social,Lisa Engelage,https://cdn.bsky.app/img/avatar/plain/did:plc:2py2e75ipbtte4f7sg3e5kmu/bafkreiarfb5rsecy4qcsyem2oqtd3yek235xgigrkn37irnfqoswuasifi@jpeg,did:plc:2py2e75ipbtte4f7sg3e5kmu,NA,0
caverteresa.bsky.social,Irises N Wrens,https://cdn.bsky.app/img/avatar/plain/did:plc:2glmlt5lxwe3bcgivhbc5r4v/bafkreidypplboehs3m5gmiee2x72d6l73mb7pwno74ux6to5qrwkywhfzy@jpeg,did:plc:2glmlt5lxwe3bcgivhbc5r4v,NA,0
thesnark.bsky.social,The Snark was a Boojum,https://cdn.bsky.app/img/avatar/plain/did:plc:2dnkjfvyvchrhe6f4wydnv54/bafkreihsyqhhbzvyqlzfpvm752s6amd3k7vgia37jfd5pyta5vaae4g7sq@jpeg,did:plc:2dnkjfvyvchrhe6f4wydnv54,NA,0
eileenmhunt.bsky.social,𝕰𝔦𝖑𝔢𝖊𝔫 𝔐. 𝕳𝔲𝖓𝔱,https://cdn.bsky.app/img/avatar/plain/did:plc:yl2tlawf6dvvlt3myttuygjn/bafkreic5cigahxkyc2fukhclyl6crkwaryix47cl4e6mmatmxumermbipm@jpeg,did:plc:yl2tlawf6dvvlt3myttuygjn,NA,0
liz-le.bsky.social,,https://cdn.bsky.app/img/avatar/plain/did:plc:wyiecx2dowjhhbjtu3khck2s/bafkreiae76ermxkan7lkucyt2qv4cfuzqik7hbemaeala3ud4xit2c5vlm@jpeg,did:plc:wyiecx2dowjhhbjtu3khck2s,NA,0
sophiefranklin.bsky.social,Sophie Franklin,https://cdn.bsky.app/img/avatar/plain/did:plc:wsiwzctfxycxwfarsazna4bo/bafkreic4w2ccdcxhhgacv33rpo52fz5t2uwqibwinqdcqjmbdtjxf2zl4q@jpeg,did:plc:wsiwzctfxycxwfarsazna4bo,NA,0
pauamma.bsky.social,Pau Amma,https://cdn.bsky.app/img/avatar/plain/did:plc:w7cnsiz2vzirjyvamrfnc6cy/bafkreic3pos53oisrlohfizv5zcune4hy4vf3vhmbnjbqy4qh6xqzqp25e@jpeg,did:plc:w7cnsiz2vzirjyvamrfnc6cy,NA,0
lynnok.bsky.social,Lynn O'K,https://cdn.bsky.app/img/avatar/plain/did:plc:uglmkabammvs7mnukqjyhrkv/bafkreicwig5v5vw75jz7jlxca2w3qwh3szyejvd4rgb2dw5ljvopnkiety@jpeg,did:plc:uglmkabammvs7mnukqjyhrkv,NA,0
cielbleuheidi.bsky.social,,https://cdn.bsky.app/img/avatar/plain/did:plc:tv2pdjafcujolclxrotke33w/bafkreianvrkum2vcuypwmju4vlrrnuz27sdpk7dxahc4phfw2xea2ob4t4@jpeg,did:plc:tv2pdjafcujolclxrotke33w,NA,0
nicholasyenson.bsky.social,Nicholas Yenson 朱偉仲,https://cdn.bsky.app/img/avatar/plain/did:plc:svwlvgpi3vxx7y5omaewzt64/bafkreifufhwrleeocrf57qg2wcv3kvragfhtz4ham4nykv4iyt5mdehohu@jpeg,did:plc:svwlvgpi3vxx7y5omaewzt64,NA,0
ravnica11.bsky.social,gozion,https://cdn.bsky.app/img/avatar/plain/did:plc:scf3pwhlcmbna4upot36mhyk/bafkreiforekmlgwz4ivnl3zlfagukchniqtqjrfwo34sseodcgnjmg4eke@jpeg,did:plc:scf3pwhlcmbna4upot36mhyk,NA,0
shirleybar.bsky.social,Shirley Temple Bar,https://cdn.bsky.app/img/avatar/plain/did:plc:s3jj56wb5vsaz2krlahath5q/bafkreif2qb5o2blskjpvj6cftjkkur2yxef5svjpsvfngcngiqgxymt27a@jpeg,did:plc:s3jj56wb5vsaz2krlahath5q,NA,0
kunstdfp.bsky.social,Kunst_dfp,https://cdn.bsky.app/img/avatar/plain/did:plc:rwg73qafh4vvmhfoakdluwll/bafkreigyhg7xiarvdlqmwgnj7y5bfyj7ddv6etpc55vzvgnwlodfbe2yem@jpeg,did:plc:rwg73qafh4vvmhfoakdluwll,NA,0
franwald.bsky.social,Franwald,https://cdn.bsky.app/img/avatar/plain/did:plc:qxtoighfotxdyueewv3xewvv/bafkreiaskjiptt33sdy2mnhnhtfextq2nd6u5dvvmutxji6twhzpxt4dju@jpeg,did:plc:qxtoighfotxdyueewv3xewvv,NA,0
bs42tikkunolam.bsky.social,Monika - an admirer of Barbra Streisand forever,https://cdn.bsky.app/img/avatar/plain/did:plc:qxrn7we2joboga2ey4d5b6ei/bafkreiftw65zoddjgdcrzg2nianclbkgcuvyklciatcvq5hx7aiwdzh3sq@jpeg,did:plc:qxrn7we2joboga2ey4d5b6ei,NA,0
khodmon.bsky.social,,https://cdn.bsky.app/img/avatar/plain/did:plc:q5dbzu2i6txvizdeanb6zne4/bafkreihsjwpjv2uexttlw5djymrfol4s3fenu3xfheouwmcokbtqhber7e@jpeg,did:plc:q5dbzu2i6txvizdeanb6zne4,NA,0
djrgrey.bsky.social,Daniel Grey,https://cdn.bsky.app/img/avatar/plain/did:plc:pcej6bzolen6mltyvqhecoo4/bafkreiatvtdwjbwehghsxa6ymwzz42zzhkctcoselt43dj2cdl34xifawa@jpeg,did:plc:pcej6bzolen6mltyvqhecoo4,NA,0
kcar.me,kcarruthers,https://cdn.bsky.app/img/avatar/plain/did:plc:pbpiqkyng4ab6p5b6v22wack/bafkreietiivryo7qnp7jofz2k7j75vvj3vdtv44gxnxcycx7zbzaojpmgm@jpeg,did:plc:pbpiqkyng4ab6p5b6v22wack,NA,0
ritawild.bsky.social,Rita Wild,https://cdn.bsky.app/img/avatar/plain/did:plc:nkgh3rvwovyoveqco6xr5zdz/bafkreib5ijkqvf7qc7v7xpvhstoighwahmrk5rebyi3nxjy57pjixykyei@jpeg,did:plc:nkgh3rvwovyoveqco6xr5zdz,NA,0
irrealismood.bsky.social,_irrealis mood_,https://cdn.bsky.app/img/avatar/plain/did:plc:mxklcz6ccjxl6hwxpg4wwe5m/bafkreibxrodypw7f37acpysli7lrs3n5feuvjw4f23dj5jn6xwhwiix7bm@jpeg,did:plc:mxklcz6ccjxl6hwxpg4wwe5m,NA,0
lalegault.bsky.social,LA Legault ⚜️,https://cdn.bsky.app/img/avatar/plain/did:plc:mwagtmvsxuqlgte5iqk3fndm/bafkreig4ech2pjvr3xalnumqo75odypohleokspkf23vwrw2l4c4z56cuq@jpeg,did:plc:mwagtmvsxuqlgte5iqk3fndm,NA,0
rkbinj.bsky.social,,https://cdn.bsky.app/img/avatar/plain/did:plc:kwv4ff5meairibcbubrod4bj/bafkreid2keanwcvs6ycb7izbsdcrgi27lpt56xtf7p5reohrxpqsh66aui@jpeg,did:plc:kwv4ff5meairibcbubrod4bj,NA,0
marg50.bsky.social,Margaret Ward,https://cdn.bsky.app/img/avatar/plain/did:plc:ko6mmf6zqecma6bvb35dd52x/bafkreif5wfql3ew3h37pgv5iankvdsae3hdmwvc2x6mfw7xvh53cytjfbq@jpeg,did:plc:ko6mmf6zqecma6bvb35dd52x,NA,0
algae-x.bsky.social,Algae - any/all,https://cdn.bsky.app/img/avatar/plain/did:plc:kglvmrdpbtiu7pqddihgtjjg/bafkreigrpr5ru6xvqzzafsqmvmxl7bliqbe4r7nhfkj7oqxmu6h3sgbdu4@jpeg,did:plc:kglvmrdpbtiu7pqddihgtjjg,NA,0
nicolasantimili.bsky.social,Alfredo Nicolás Rodríguez Páez,https://cdn.bsky.app/img/avatar/plain/did:plc:jka5bn35hdn6upuihpleiull/bafkreibps6s6hjgmmdkfbpyybvlcbfd5wbqnvisjmhofsxexcbxjwf6dtm@jpeg,did:plc:jka5bn35hdn6upuihpleiull,NA,0
brenda-bailey-86.bsky.social,,https://cdn.bsky.app/img/avatar/plain/did:plc:izxt5sjqw7aocd3ggnq4x3hj/bafkreiagjpbxuwfjph5x7htfessgpqvu4a2hzga7fwbxtgx5smdvkziqiq@jpeg,did:plc:izxt5sjqw7aocd3ggnq4x3hj,NA,0
kmmcc.bsky.social,KM MC CORMACK 🇪🇺🇫🇷🇮🇪,https://cdn.bsky.app/img/avatar/plain/did:plc:ipbslti7sbvo3lkxjq43a46x/bafkreidkpl4npgrldkkz5m4ivshqbakviuonmjrooiwu5w4arekluai2a4@jpeg,did:plc:ipbslti7sbvo3lkxjq43a46x,NA,0
kazuya316.bsky.social,Keith🌈🎮 Slitterhead/Hundred Line,https://cdn.bsky.app/img/avatar/plain/did:plc:icebx4y2b4tl2nfyp3lrlqlc/bafkreiaropvmyd7ff2cyog4dvvvz6nmp5d4db6qntxlyydifjylfxkg7sy@jpeg,did:plc:icebx4y2b4tl2nfyp3lrlqlc,NA,0
groovygrannie.bsky.social,Jill ~ still.,https://cdn.bsky.app/img/avatar/plain/did:plc:hygbwjp52smppdjzx5qoky6n/bafkreiexzyxshqjxjm2na6xkybt762u6tqjqkm7ytvjqmgulqxem7ge3l4@jpeg,did:plc:hygbwjp52smppdjzx5qoky6n,NA,0
ailbhe.ossifrage.net,Ailbhe ,https://cdn.bsky.app/img/avatar/plain/did:plc:h3wqhw4qo6cl5p35bsag7jom/bafkreihvyn6j7unq7o2tmkkrjs74j6aep2tr2bdpb22xy7ahwtsobwh5wa@jpeg,did:plc:h3wqhw4qo6cl5p35bsag7jom,NA,0
saimanasar.bsky.social,Saima Nasar,https://cdn.bsky.app/img/avatar/plain/did:plc:ebaznn56gvahpqlum52o5g5v/bafkreihaftjnlw5klvautnkdo5v24ot5kzjalmirhu2wjgu5dq57b3g7d4@jpeg,did:plc:ebaznn56gvahpqlum52o5g5v,NA,0
cianginty.bsky.social,Cian Ginty,https://cdn.bsky.app/img/avatar/plain/did:plc:dzq4t7v2jju5q3y6xqdaoeiz/bafkreia2nks4t2r45vvai6bkzatclgndf6nn7nmlbwghvi6enx6gsejwqm@jpeg,did:plc:dzq4t7v2jju5q3y6xqdaoeiz,NA,0
shivgaffney.bsky.social,🇮🇪🇵🇸ShivGaffney,https://cdn.bsky.app/img/avatar/plain/did:plc:dulhtxhxzjxs4htyuagmrs4h/bafkreiac7jaqtvu6vt5e7ifiupedymob4r2b2cbmbtzfnjx7bgeiijihyy@jpeg,did:plc:dulhtxhxzjxs4htyuagmrs4h,NA,0
sherylgervais.bsky.social,Sheryl Gervais,https://cdn.bsky.app/img/avatar/plain/did:plc:agzj5ykthlszajr5fb4js6cu/bafkreicdgcaqp7c63t23tqy2cco6nhsv2pjrcbimoqbwnp54ypxtdt3un4@jpeg,did:plc:agzj5ykthlszajr5fb4js6cu,NA,0
wewereright.org,We Were Right,https://cdn.bsky.app/img/avatar/plain/did:plc:7vqd4urdf6ezpkcpopuit7ds/bafkreifcj5l7zo4zk63e3vwumhue6r5szjqyxztyuq4isz6ijzc6idlo4a@jpeg,did:plc:7vqd4urdf6ezpkcpopuit7ds,NA,0
lyndseystonebri.bsky.social,Lyndsey Stonebridge,https://cdn.bsky.app/img/avatar/plain/did:plc:6zpwk73aadky66seoajhmnez/bafkreifdof24ldgxf7egmq6faoz4l3vxeabybmrzgdums7zqiy6ee3yyei@jpeg,did:plc:6zpwk73aadky66seoajhmnez,NA,0
lucydelap.bsky.social,Lucy Delap,https://cdn.bsky.app/img/avatar/plain/did:plc:6wxbzuc7p34la3eyvfqlzeva/bafkreibtnsb7zgz35fuxhch62efaoss4zzrgmqazld64cdrzawnecxcoxa@jpeg,did:plc:6wxbzuc7p34la3eyvfqlzeva,NA,0
chloehstewart.bsky.social,Sparkling Abject,https://cdn.bsky.app/img/avatar/plain/did:plc:2gci6tfqfxltdf2emxvvs2le/bafkreifcpa5qutfoxezhobtxrvpkdymmrrc75j3thcigcwjtmegk2by2sa@jpeg,did:plc:2gci6tfqfxltdf2emxvvs2le,NA,0
utsiktens.bsky.social,Esther Hansen/ UtsiktenS,https://cdn.bsky.app/img/avatar/plain/did:plc:xh3prcgmgyh6a2i3rlzq5ru7/bafkreib3cfclyxphmwldq2rpsrgjdnp5sv4mouvrysswiffuza6f3zc6gm@jpeg,did:plc:xh3prcgmgyh6a2i3rlzq5ru7,NA,0
photoblair.bsky.social,photoblair.bsky.social,https://cdn.bsky.app/img/avatar/plain/did:plc:wep4ljsx6jb5xy24xfuyrcz4/bafkreic2jre5zlnsleduzh46ptonjzoogl42letj7zsvoutzk54katuu4a@jpeg,did:plc:wep4ljsx6jb5xy24xfuyrcz4,NA,0
vegypower.bsky.social,vegy🍁power,https://cdn.bsky.app/img/avatar/plain/did:plc:uej2uruzitpbxrjdui2vpjw5/bafkreihcx7hyfrt2nlnalkumix6ceugxt52o6sweou5w5vh5z7p7wczzhu@jpeg,did:plc:uej2uruzitpbxrjdui2vpjw5,NA,0
punchnazisitsokay.bsky.social,Justin Case,https://cdn.bsky.app/img/avatar/plain/did:plc:pl6eutx2h3lkfkq2kzgrpouq/bafkreidkzt5q3i6r6ywbno4fhpqcxhpwjpnu3oqx5u6fyb6n55mrzy5yiq@jpeg,did:plc:pl6eutx2h3lkfkq2kzgrpouq,NA,0
d-lione.bsky.social,maowr,https://cdn.bsky.app/img/avatar/plain/did:plc:m2rce75eufr2vtesplq62mul/bafkreidv5kkcit32jdwjyaliszwee32fa4h3dr4hucy4ej37c626wpz6lq@jpeg,did:plc:m2rce75eufr2vtesplq62mul,NA,0
beneteau31.bsky.social,CHAREF ✨,https://cdn.bsky.app/img/avatar/plain/did:plc:jufbxkmq7fnvomlwttmw7ctx/bafkreihgcfpwuubbehjyqoevek5mzrp75g4t2pz5rpjp3igjkhatcd5msu@jpeg,did:plc:jufbxkmq7fnvomlwttmw7ctx,NA,0
deanbarker.bsky.social,Dean Barker,https://cdn.bsky.app/img/avatar/plain/did:plc:edl4azol4o2bdncuutqknzod/bafkreidbgfxke35pf655tyenaiopyjnqnca5nw2eekayh6cmkbvd7t67vq@jpeg,did:plc:edl4azol4o2bdncuutqknzod,NA,0
roshn.me,RR📷,https://cdn.bsky.app/img/avatar/plain/did:plc:chhhmvy33f7zjq3djej5vy2w/bafkreifg2accxnmemwctyfe4r3enitu7ethlk7ptfjiw6hfh2bipxat4z4@jpeg,did:plc:chhhmvy33f7zjq3djej5vy2w,NA,0
gelika.bsky.social,AngelikaMarx,https://cdn.bsky.app/img/avatar/plain/did:plc:aw4wv37w2scexy3l3aiob4rj/bafkreiefoyut4quapjk6z5vz4wg2zqkr5a2frfmpl5iusslvwe5ih3dch4@jpeg,did:plc:aw4wv37w2scexy3l3aiob4rj,NA,0
slowdriver25.bsky.social,,https://cdn.bsky.app/img/avatar/plain/did:plc:6woviduoptqixt5jkprudfh7/bafkreia3q3duojo67c3bilbziblk6xlh5oaoy63rt4csrb7orjzq256iri@jpeg,did:plc:6woviduoptqixt5jkprudfh7,NA,0
ellegough93.bsky.social,Ellen Gough,https://cdn.bsky.app/img/avatar/plain/did:plc:5uf64hxes4qqrl54wdyf24tk/bafkreidlvm5yilvjvknxef4apt6s3vrbnhe573qtixfnp6t23xg3sp3tdq@jpeg,did:plc:5uf64hxes4qqrl54wdyf24tk,NA,0
bi99le5.bsky.social,Alan Rodgers,https://cdn.bsky.app/img/avatar/plain/did:plc:wc3wlp6no7wvh553kec5vc2g/bafkreibr2s34yxj4k42cl2z73rcepjdl6pe4xn2yivholvbdfr4xaowci4@jpeg,did:plc:wc3wlp6no7wvh553kec5vc2g,NA,0
ceesteevee.bsky.social,Chris 🏳️‍🌈,https://cdn.bsky.app/img/avatar/plain/did:plc:w73ivgeuzkuhn7u6r36bzkgl/bafkreib3g7jjacnb5xxov6lvr5zqyeqsyi4uqpsmxaup4adjhwazswknla@jpeg,did:plc:w73ivgeuzkuhn7u6r36bzkgl,NA,0
diarmaidcoffey.bsky.social,Diarmaid Coffey,https://cdn.bsky.app/img/avatar/plain/did:plc:sprtxiujyj2doj7mfsxip6op/bafkreifnc2voboygomaywofe3dqc4e4ahq43r2cpte52dzclpvpihc23wi@jpeg,did:plc:sprtxiujyj2doj7mfsxip6op,NA,0
ivanobrien.bsky.social,,https://cdn.bsky.app/img/avatar/plain/did:plc:pxxnv2pdndym53hnlkzo4pvf/bafkreifx2o7hber3holpv52oq2cemit2upn5jnajlr3uqrdbjndeti4x7m@jpeg,did:plc:pxxnv2pdndym53hnlkzo4pvf,NA,0
blairjedwards.bsky.social,Blair Ó hÉamoinn,https://cdn.bsky.app/img/avatar/plain/did:plc:px33vdlnyw7qc7a24pwrjmce/bafkreigars7k7yd5pnpothx5mr2guupx2f2oncisfsetdziv3sxyqlbsse@jpeg,did:plc:px33vdlnyw7qc7a24pwrjmce,NA,0
seanmk1.bsky.social,Seán Keating,https://cdn.bsky.app/img/avatar/plain/did:plc:ketz3eebdefbwkcd4ql72oka/bafkreif375q6z5xxjf55bp6ffhuldkqpurzquhfqvfs3owcxmnpstjxane@jpeg,did:plc:ketz3eebdefbwkcd4ql72oka,NA,0
aleccoakley.bsky.social,Alec Coakley,https://cdn.bsky.app/img/avatar/plain/did:plc:4pflfge55lfib5mzy6szdjrr/bafkreicc72nmpw27biy54w5tzfcs5f72yxcxofppc7ew5pmdtqm2m426vu@jpeg,did:plc:4pflfge55lfib5mzy6szdjrr,NA,0
brianmaxhouston.bsky.social,,https://cdn.bsky.app/img/avatar/plain/did:plc:4eaogd4gv4elvbjthnk46lvu/bafkreihvdb5jespgnp6jqs32s3y65qkumxmw76ps57nbrap3p3zyzjh3ci@jpeg,did:plc:4eaogd4gv4elvbjthnk46lvu,NA,0
bombastic.bsky.social,,https://cdn.bsky.app/img/avatar/plain/did:plc:3rzsinfi3tu2zakeyxedpa5v/bafkreicerhotf52jh4pprlm2byp7hd4ojvxecpqybqjfuys2ymq7rky3pi@jpeg,did:plc:3rzsinfi3tu2zakeyxedpa5v,NA,0
craigbreathnach.bsky.social,Craig Breathnach - Writer,https://cdn.bsky.app/img/avatar/plain/did:plc:sjeemmrxw46kr3d2755boiie/bafkreif6dud2bwndgyfffai2qzpnyzigddfcjpzsqst2l7z6c3wquonjeq@jpeg,did:plc:sjeemmrxw46kr3d2755boiie,NA,29
hedgeknightgd.bsky.social,Felix | Hedge Knight Games,https://cdn.bsky.app/img/avatar/plain/did:plc:sinqf3do7t7sb4bo6xysn7sb/bafkreigr4mairo4wce7vy37ln4rmjogeso4zuwpv4k5sq7emywuyoaemim@jpeg,did:plc:sinqf3do7t7sb4bo6xysn7sb,NA,0
cliffagames.bsky.social,Cliffa Games,https://cdn.bsky.app/img/avatar/plain/did:plc:s2dh77gsdwo5w4psmuhc7cwo/bafkreihoi42prdzxndtnodvd3tsf4uvfnd46vunuilssbfurjwjpdarmzu@jpeg,did:plc:s2dh77gsdwo5w4psmuhc7cwo,NA,0
wingedlioness.bsky.social,bunny | LFW,https://cdn.bsky.app/img/avatar/plain/did:plc:njspldqoeflqd32heuj44prn/bafkreiekuwevlsb5emsxcx5oisisoxz4kjjkncqn3g2kotbjc57q3a2dvm@jpeg,did:plc:njspldqoeflqd32heuj44prn,NA,0
indiedevbot.bsky.social,Indie Dev Bot,https://cdn.bsky.app/img/avatar/plain/did:plc:mxpuaozhcvmu2fazmn2lyjnj/bafkreibmfwlz7zro24z2674iglbgfa77pxxjdjuvytim6h5svquyx4kqf4@jpeg,did:plc:mxpuaozhcvmu2fazmn2lyjnj,NA,0
dqstudio.bsky.social,Dark Quixote Studio,https://cdn.bsky.app/img/avatar/plain/did:plc:mt2kh6tzvjgv23obdti2bb6b/bafkreihiorbaphve2cbldpg3sftpojnom4tovfabbyemlzh4j7kmzypthu@jpeg,did:plc:mt2kh6tzvjgv23obdti2bb6b,NA,0
latestgaming.buzz,🎮 Latest Gaming Buzz 🎮,https://cdn.bsky.app/img/avatar/plain/did:plc:ft66zqd74muzccqmlvgcc2im/bafkreigupou63ox7nc6pqa6hgshojwe7smzxvf7o7vz6elea27ahhz73ri@jpeg,did:plc:ft66zqd74muzccqmlvgcc2im,NA,0
legendgerry.bsky.social,Legendgerry,https://cdn.bsky.app/img/avatar/plain/did:plc:bzl6kdij4rbqs7sa76cvo6ze/bafkreiaqqnvqslm2e7jpro5klu4emob6nzqfdnte4p5of3bsdq5hohwyge@jpeg,did:plc:bzl6kdij4rbqs7sa76cvo6ze,NA,0
wuxiawerewolf.bsky.social,Official Wuxia Werewolf,https://cdn.bsky.app/img/avatar/plain/did:plc:awyry3wqtrzhu6sjwey4ul5x/bafkreidsos6tssrm2pc3hul5u6dewt6c5h64tbvqi5lyxxjhdea4muuoea@jpeg,did:plc:awyry3wqtrzhu6sjwey4ul5x,NA,0
indiegameswtf.bsky.social,INDIEGAMES 🏴‍☠️ WTF,https://cdn.bsky.app/img/avatar/plain/did:plc:3mvwwv4q3aehb46yk7zgrzsh/bafkreig2z43u5yek2io4lkpkk2crc3ybzihnki6siba6pgq4n2e3ppk54q@jpeg,did:plc:3mvwwv4q3aehb46yk7zgrzsh,NA,0
castlebridge-chief.bsky.social,Daragh @ Castlebridge,https://cdn.bsky.app/img/avatar/plain/did:plc:ynqlbhmpcg46eifwikqpfkcb/bafkreig3x5vlcyx3pkwjkied33we65ihrjdiwo34bntemie6rjaxc5kixm@jpeg,did:plc:ynqlbhmpcg46eifwikqpfkcb,NA,0
anton49.bsky.social,Anton49,https://cdn.bsky.app/img/avatar/plain/did:plc:xbhczoqd6zji7wuksfdd3iby/bafkreibjeqypz4w6q4cgxv24vrmzjqlj6kl2vx73cvpsmhpupbsugsqm4y@jpeg,did:plc:xbhczoqd6zji7wuksfdd3iby,NA,0
stevesparshott.bsky.social,<Primary Salutation>,https://cdn.bsky.app/img/avatar/plain/did:plc:x7o7ouub63na4vakm4fcvg5r/bafkreigt6wzrquemr6fhb4rsjbjvf7jgsicry6ixvylh7rpal6yichex34@jpeg,did:plc:x7o7ouub63na4vakm4fcvg5r,NA,0
thrillpool.bsky.social,Gráinne 🍉,https://cdn.bsky.app/img/avatar/plain/did:plc:x745akprkj32sztxktuxfbbz/bafkreibse7lnt6xrlmj2qfrl4obidacgkkjxor7plvxukuvvcl2n4n7fce@jpeg,did:plc:x745akprkj32sztxktuxfbbz,NA,0
trishyb.bsky.social,Trish Byrne,https://cdn.bsky.app/img/avatar/plain/did:plc:wpubivd7py76vfokqhjywlds/bafkreidz7iwapwaezp4vsof2tepbtoqbg6spvhnuunv3mxvafoytwngtmq@jpeg,did:plc:wpubivd7py76vfokqhjywlds,NA,0
ianchrisgray.bsky.social,Chris Gray,https://cdn.bsky.app/img/avatar/plain/did:plc:vwb4ys3cilu7eqdrhcvyikxg/bafkreigzfu3fbhpp7lvfywzbzckbvoi3s5kr5ovheubrzna4lgmgo7zbvq@jpeg,did:plc:vwb4ys3cilu7eqdrhcvyikxg,NA,0
rachelrek.bsky.social,,https://cdn.bsky.app/img/avatar/plain/did:plc:q4jtfjojet37znwfdags5b6v/bafkreibm363z22wkvuzwo7g3g4p5nmibuxmftphuhxwpg6kbtwyq46adh4@jpeg,did:plc:q4jtfjojet37znwfdags5b6v,NA,0
suzybie.bsky.social,Suzy Byrne,https://cdn.bsky.app/img/avatar/plain/did:plc:pnteletb5cua52im2ucbnayv/bafkreifmo2z3rvwfvfnbpt6dytdww4igknlu6ak2neiq5u7hyv3xwtdqda@jpeg,did:plc:pnteletb5cua52im2ucbnayv,NA,0
cianormo.bsky.social,Cian Ormond,https://cdn.bsky.app/img/avatar/plain/did:plc:khzhatochnxp3yaslgjmdvne/bafkreiaodqj2gl426peq3rj3m7rz6zbgjsfgt2dl2ln32iqb5lopgzyqpe@jpeg,did:plc:khzhatochnxp3yaslgjmdvne,NA,0
amypwoods.bsky.social,Amy Woods,https://cdn.bsky.app/img/avatar/plain/did:plc:kdymbx5rc7g5fkbmhmq3bsbw/bafkreiaq7wnyzkqrakrlxbsun4fypprhkkn2zyqpkrrdjfjobkszew52t4@jpeg,did:plc:kdymbx5rc7g5fkbmhmq3bsbw,NA,0
stephanenny.bsky.social,Steph,https://cdn.bsky.app/img/avatar/plain/did:plc:igzgowozphvcnlbun32hibk3/bafkreicaituncbaielm6hz5bqzvglrdmylfu3bfobjcddj7pi24tnjzmcy@jpeg,did:plc:igzgowozphvcnlbun32hibk3,NA,0
arseblog.com,arseblog,https://cdn.bsky.app/img/avatar/plain/did:plc:hywxcsmymu4fvoi46hpbzmmq/bafkreihtnoqxvvobwzcjlpqq3dhutdyfgjg2bjh4scyivx4ob23nawl5fm@jpeg,did:plc:hywxcsmymu4fvoi46hpbzmmq,NA,0
ldowling56.bsky.social,,https://cdn.bsky.app/img/avatar/plain/did:plc:gkoxozbqy36ts4vrebyl76c7/bafkreie75hxyjrfcrfnqdrkztenisvls6itzsu7igmqr2h7dphvwtiqv4a@jpeg,did:plc:gkoxozbqy36ts4vrebyl76c7,NA,0
scollanl.bsky.social,Luke,https://cdn.bsky.app/img/avatar/plain/did:plc:euixgzoxs5otcpdxfdtn63hc/bafkreifwqmn342xze7rdy5asjr2x2g5qxasw73gyycakzij4x4doagwhpa@jpeg,did:plc:euixgzoxs5otcpdxfdtn63hc,NA,0
sandracarioca.bsky.social,,https://cdn.bsky.app/img/avatar/plain/did:plc:b2o4vvb3fkexvl7v7bdbk2gg/bafkreid5o6k265a6lgz4rpblz4gzfmrabjhvmg6bgx5vp6qvj6kbuccgku@jpeg,did:plc:b2o4vvb3fkexvl7v7bdbk2gg,NA,0
arrivalists.bsky.social,Patrick Michael Barrett,https://cdn.bsky.app/img/avatar/plain/did:plc:6u6oqu5tl6humrkym2wvvd73/bafkreid23rkqwpvqn5f24nieix3xmexoxcgpobwo72fojtw5iwclkkehg4@jpeg,did:plc:6u6oqu5tl6humrkym2wvvd73,NA,0
cyclingman.bsky.social,Bill Garrett,https://cdn.bsky.app/img/avatar/plain/did:plc:5u5haet5xxbt33wrcnpihmt3/bafkreici2kw7n6konbwkozqngpwodee67ubkff2e5kqibiqqfv7fao2424@jpeg,did:plc:5u5haet5xxbt33wrcnpihmt3,NA,0
morselya.bsky.social,Lynne Ann Morse,https://cdn.bsky.app/img/avatar/plain/did:plc:y3ziw3m5vt6vcnfumlfjyuwp/bafkreic5meo7fapu6uwbqgkp7hgyhgkkvyu6kr3x2ejsb42ojdeu4injvi@jpeg,did:plc:y3ziw3m5vt6vcnfumlfjyuwp,NA,0
tararoonies.bsky.social,TaraNicRóibín,https://cdn.bsky.app/img/avatar/plain/did:plc:n6yvrp7h45vdrm72nrldcbzq/bafkreid4jxgztztdfyjycvyaxed5ji3s5lwnpfthac3azzmot5nzxydxle@jpeg,did:plc:n6yvrp7h45vdrm72nrldcbzq,NA,3
tinamur.bsky.social,Lady Tina Murphy,https://cdn.bsky.app/img/avatar/plain/did:plc:cvxmycmkbwz6rwi3rhecti26/bafkreib5yjjqahlilaod26nviqwmr62we724alsa3hmd36ppikbijlyooa@jpeg,did:plc:cvxmycmkbwz6rwi3rhecti26,NA,0
saintyboy66.bsky.social,Seán (Release the Epstein Files),https://cdn.bsky.app/img/avatar/plain/did:plc:6opdzzlwfsgxork2c5rxq76g/bafkreiba7qpmjf7kjyzoehsjeewagbykhdbk53rtr3mkv4bqnikwkb5toe@jpeg,did:plc:6opdzzlwfsgxork2c5rxq76g,NA,0
maggsheyoka.bsky.social,MaggsMac,https://cdn.bsky.app/img/avatar/plain/did:plc:poww5qkuhaaci3zprd3p5in6/bafkreiaj3hr2burjafcub6xeoebulvnp6hmlpnkenma2pjsagxm56r5zem@jpeg,did:plc:poww5qkuhaaci3zprd3p5in6,NA,0
roepstorff.bsky.social,Andreas Roepstorff,NA,did:plc:tfr3b3duyhdru53hj7w2sl3e,NA,0
msleedy.bsky.social,Lisa Carey,https://cdn.bsky.app/img/avatar/plain/did:plc:moct5hi7hdotq35wj5jjudo6/bafkreicywpdk6bccgspcay6tc5urrcvirfqnlzvqdiewa46e7f5fqudvpa@jpeg,did:plc:moct5hi7hdotq35wj5jjudo6,NA,0
stane.bsky.social,Stan Ó hOireachtaigh 🍉,https://cdn.bsky.app/img/avatar/plain/did:plc:l7f2e33nig4z6t2o3gzsd2vf/bafkreic52okw2mj62eulp7xtsdphkta5fmyvljlankbdartrygvkkl2p6i@jpeg,did:plc:l7f2e33nig4z6t2o3gzsd2vf,NA,0
kevinkosullivan.bsky.social,Kevin O'Sullivan,https://cdn.bsky.app/img/avatar/plain/did:plc:kwtucfvy3bpc24xyam2ilqc2/bafkreiasnhutgqodfuty3kj32mkg5kplwzeq4it2j3xsx3pme4si3aiah4@jpeg,did:plc:kwtucfvy3bpc24xyam2ilqc2,NA,13
maoltuile.bsky.social,David Flood,https://cdn.bsky.app/img/avatar/plain/did:plc:jflzsngi6ftgswg74povqpu2/bafkreid7wfxbfki264xjvf45nptq75xku5clsxdgmdhbz7g2uo62trbwdi@jpeg,did:plc:jflzsngi6ftgswg74povqpu2,NA,0
cwallacedublin.bsky.social,Ciarán Wallace,https://cdn.bsky.app/img/avatar/plain/did:plc:gxtlnu5ftxhtp7y4rxw6h34p/bafkreia5y24yws2xq3s42e7wmnldvlkt7fzrcdiiuzaefkayp6ust77djy@jpeg,did:plc:gxtlnu5ftxhtp7y4rxw6h34p,NA,0
marcscully.bsky.social,Marc Scully,https://cdn.bsky.app/img/avatar/plain/did:plc:fq2cyen7tq6aedzpsd3yb4b7/bafkreiel5lk35jamrplmovf5bfq6ojvilnwfanqj5gxfzke6skjp2pw7ku@jpeg,did:plc:fq2cyen7tq6aedzpsd3yb4b7,NA,0
cmcg123.bsky.social,Collette,https://cdn.bsky.app/img/avatar/plain/did:plc:epkodz766kyxibozjcayep5z/bafkreienuydjwss34t4ktskqqvpk7yxc3x2yivwzx6hkhy25wjrzqhv3sq@jpeg,did:plc:epkodz766kyxibozjcayep5z,NA,0
sophcocooper.bsky.social,Sophie Cooper,https://cdn.bsky.app/img/avatar/plain/did:plc:btqouwboz5cd55dblcogcvkd/bafkreibahvvkl2pey4rrorocber24ubn5ktum27wlesxtdis2tibpq2nqy@jpeg,did:plc:btqouwboz5cd55dblcogcvkd,NA,0
margaretcahillbsky.bsky.social,Margaret Cahill,https://cdn.bsky.app/img/avatar/plain/did:plc:blx5fqdxejbblbtluecnnwnd/bafkreih25xgjhpgjuadqpkcbssghbwnuir55527vhtgnra2qqwnzl5ksja@jpeg,did:plc:blx5fqdxejbblbtluecnnwnd,NA,0
writetodelight.bsky.social,WritetoDelight,https://cdn.bsky.app/img/avatar/plain/did:plc:beuo4q6evvt7dzo4vc4hrpxf/bafkreif7ythc5emz5ts5mgg6icdugaqk6m3tzqoa3xlnq2hoifae7j3c3i@jpeg,did:plc:beuo4q6evvt7dzo4vc4hrpxf,NA,0
transaurusrx.bsky.social,Alex,https://cdn.bsky.app/img/avatar/plain/did:plc:acuwg2zneyjrj5ise6z6zron/bafkreief7mwlvn6uyvy6ysv4kozvrvrlainlkhsturvizmgftyqckzdxui@jpeg,did:plc:acuwg2zneyjrj5ise6z6zron,NA,0
wendylyon.bsky.social,Wendy Lyon,https://cdn.bsky.app/img/avatar/plain/did:plc:a24ofrxvrd5xb3agrna2pp6h/bafkreigkxbx67uqx655a5bcfydwntqncttult7k7wnlveslmw7uphlsuve@jpeg,did:plc:a24ofrxvrd5xb3agrna2pp6h,NA,0
rogerokeeffe.bsky.social,Roger O'Keeffe,https://cdn.bsky.app/img/avatar/plain/did:plc:56aoxjem4pjvtqsscuhq223t/bafkreiheahxcw5q52kcm7ttrjh4bsxhg3g77m6vidl3o3dngimm3l6moga@jpeg,did:plc:56aoxjem4pjvtqsscuhq223t,NA,4
keithwilson.eu,Keith Wischmann Wilson,https://cdn.bsky.app/img/avatar/plain/did:plc:3bybp6nqszlhuan2ch2cmv66/bafkreiby3vi5okphbfmytyaz7aexudaksocael4zhut2ck5doasfchnyly@jpeg,did:plc:3bybp6nqszlhuan2ch2cmv66,NA,1
gerardelwood.bsky.social,Gerard Elwood,https://cdn.bsky.app/img/avatar/plain/did:plc:2qmih3koz433ajeaebppmgr6/bafkreignzsku7hrbzoi5dmuqdhhjh4l6pyhex4d7p6kgrgdz4ot67g543m@jpeg,did:plc:2qmih3koz433ajeaebppmgr6,NA,0
petermcguire.bsky.social,Peter McGuire,https://cdn.bsky.app/img/avatar/plain/did:plc:2kaf7l472spuag4fgv2mw2tt/bafkreifa3mbzlm3calob2jfl7mgygpsznccywxtoqizy7ongw4bncheody@jpeg,did:plc:2kaf7l472spuag4fgv2mw2tt,NA,0
thepaulhoey.bsky.social,Paul Hoey,https://cdn.bsky.app/img/avatar/plain/did:plc:yn3rsc67mulyzkrqfrgisoy2/bafkreid4yr5sliwoeng5ep6vgmc5lda3xespp73fep65n5glb4kblf4224@jpeg,did:plc:yn3rsc67mulyzkrqfrgisoy2,NA,3
euclidianboxes.bsky.social,John Edwards ,https://cdn.bsky.app/img/avatar/plain/did:plc:s6pdtikdwolnueu2e33eiqyl/bafkreiboablsaxcyjrerp5bvlticjknqhyrnch2uckfxiupbwgxjueguim@jpeg,did:plc:s6pdtikdwolnueu2e33eiqyl,NA,0
craggar.bsky.social,Craig,https://cdn.bsky.app/img/avatar/plain/did:plc:7tqjusfzbxkuh7hscsdh4mru/bafkreicxkgm22c3zqq322mch22x6uc72ld2fqwq5rlqywjkmovbgmg2z6e@jpeg,did:plc:7tqjusfzbxkuh7hscsdh4mru,NA,0
davegildedalm.bsky.social,Dave O'Grady,https://cdn.bsky.app/img/avatar/plain/did:plc:qj2uyiugobaynuuqvzjp2v4l/bafkreib5pd72opxh6qaefe6reevcsjmo4ot5xcmngwdjiiczil6tmgm4tu@jpeg,did:plc:qj2uyiugobaynuuqvzjp2v4l,NA,7
gildedalm.com,Gilded ALM,https://cdn.bsky.app/img/avatar/plain/did:plc:b25fw5q6tr2faqdy52du276g/bafkreiacvqomcsfv2ztoiobiuvhv7ivjv2n3hz7wsgg2kliv6cyjzmtyqy@jpeg,did:plc:b25fw5q6tr2faqdy52du276g,NA,15
litterygeniarse.bsky.social,His Royal Huwness 🏴󠁧󠁢󠁷󠁬󠁳󠁿🐸🇵🇸🇪🇺,https://cdn.bsky.app/img/avatar/plain/did:plc:ykm4prl42wqwnsy4r2nko3ij/bafkreie2o2yeipaw5vrpouhpnik7tv2evlmh4mhoibu6ygc5jjfxfxzox4@jpeg,did:plc:ykm4prl42wqwnsy4r2nko3ij,NA,0
jaegershund.bsky.social,Jaegershund,https://cdn.bsky.app/img/avatar/plain/did:plc:cve56yjol23l53tu6gaf2ni2/bafkreif4wzpnwapg52i6fsmatouaspj75kblbq3gbybcrfvs7fsef26woq@jpeg,did:plc:cve56yjol23l53tu6gaf2ni2,NA,0
zealerous.bsky.social,cool calm and collected,https://cdn.bsky.app/img/avatar/plain/did:plc:ai7yyv7xazpls25p7kvm7boq/bafkreiel6kmniag2hg6iieywgnfpkb6qxxjd5dkzhk5s53wu6xi6z23zzi@jpeg,did:plc:ai7yyv7xazpls25p7kvm7boq,NA,0
jozebwrites.bsky.social,Jo Zebedee@TheSecretBookshelf,https://cdn.bsky.app/img/avatar/plain/did:plc:72he2hcrpy4prk3crmjcpffr/bafkreigyh6tvpaujbffzydnxtxestsgi7bten3mvrclr4tqcdyxursn63e@jpeg,did:plc:72he2hcrpy4prk3crmjcpffr,NA,0
wazzock.bsky.social,Annie Di Piombo,https://cdn.bsky.app/img/avatar/plain/did:plc:pa2k42urrbdh7odk6eebdb2j/bafkreiexj3brh5uony5e77k2zjhwlee3hstq2q5jw7awmqnef3q7nitr3m@jpeg,did:plc:pa2k42urrbdh7odk6eebdb2j,NA,0
robertwoolley.bsky.social,Robert Woolley 🇬🇧🇮🇪,https://cdn.bsky.app/img/avatar/plain/did:plc:36eow7va63cfa7lfh3chadb7/bafkreigjmtpxpavwg2oo6hnx3c42hynzlsrzigxmjneaeeexdiaultnrsq@jpeg,did:plc:36eow7va63cfa7lfh3chadb7,NA,0
aoifeb.bsky.social,Aoife Bhreatnach,https://cdn.bsky.app/img/avatar/plain/did:plc:27jd6epq7of5kodforfyhh45/bafkreichpbhyythl7dtp2rsdsfii63orz6awvpnv2perpzvqi5ql2sldsm@jpeg,did:plc:27jd6epq7of5kodforfyhh45,NA,68
leahnicaodha.bsky.social,Leah Nic Aodha,https://cdn.bsky.app/img/avatar/plain/did:plc:45maqrstnrv4qaemnf5odndt/bafkreicf5uwi4mmumthbndbllsyaocvt3ukedtbffqjxcaqrxjl3a2bh7m@jpeg,did:plc:45maqrstnrv4qaemnf5odndt,NA,0
coccodrillo21.bsky.social,Monica 🐊🥄🥄,https://cdn.bsky.app/img/avatar/plain/did:plc:xchw2leydovk4nlqwi3bz6ti/bafkreifhdlndfufcucb5vhlesgdwces6pjvrfkuyf5dbz3cwty6ov6cb7q@jpeg,did:plc:xchw2leydovk4nlqwi3bz6ti,NA,0
winterpapers.bsky.social,Winter Papers,https://cdn.bsky.app/img/avatar/plain/did:plc:7qfzn7ji7zd5qvwnidix5nzb/bafkreihiaquy4y4jibbelvn67vgubua5n3e2x7fla3dfxqsacq774dwmp4@jpeg,did:plc:7qfzn7ji7zd5qvwnidix5nzb,NA,0
denisebreen.bsky.social,Denise Breen 🖖,https://cdn.bsky.app/img/avatar/plain/did:plc:zafddu7hlte5wpjsszydrsmk/bafkreie72la2qakeqbt4frywfh7aea3emy2c6vcnve62u2rxwneeorel5u@jpeg,did:plc:zafddu7hlte5wpjsszydrsmk,NA,0
vortimerjorts.bsky.social,vortimer,https://cdn.bsky.app/img/avatar/plain/did:plc:ydifn3vhkj5evubkiulgto2t/bafkreic5asrmq2oa4mlaan4e5nkewrjy7pddagvojzz2hnhdw3azs3nznq@jpeg,did:plc:ydifn3vhkj5evubkiulgto2t,NA,0
colinomahoney.bsky.social,Colin O' Mahoney,https://cdn.bsky.app/img/avatar/plain/did:plc:vyi5fe425scf44dpudso7lmg/bafkreibhdvsafwuoyra6vqrwfl2jk47y2omtt37tesg3v6u6nxzlwyxkrm@jpeg,did:plc:vyi5fe425scf44dpudso7lmg,NA,0
wiringthebrain.bsky.social,Kevin Mitchell,https://cdn.bsky.app/img/avatar/plain/did:plc:ubgit6dc7iwrk2wyqdmhbqqz/bafkreidg7qvcw5vjkwrzrzfvuacbja7pqwmo4bxysqtu4egba3b77edwwe@jpeg,did:plc:ubgit6dc7iwrk2wyqdmhbqqz,NA,0
alfiegallagher.bsky.social,Alfie Gallagher,https://cdn.bsky.app/img/avatar/plain/did:plc:tkps2brmx64xkg57jxsyofjo/bafkreid2cx5iqfrjagoykod2yivx4kettqqzvcabkffqqdwpvzlgqdtas4@jpeg,did:plc:tkps2brmx64xkg57jxsyofjo,NA,0
loreandordure.com,Kate Watson,https://cdn.bsky.app/img/avatar/plain/did:plc:rd4lmw2zthdkmj2ifdg5hrqa/bafkreifyepqw6jku2u76bowzdc5t4m36uqtcxlw2ypxnzsiczdmp4bjxcu@jpeg,did:plc:rd4lmw2zthdkmj2ifdg5hrqa,NA,0
bergkatse.myatproto.social,Berg Katse,https://cdn.bsky.app/img/avatar/plain/did:plc:q36utfrjv2d6bbnk4tegvhiy/bafkreiclsskdxtjzyywj3bseceeg574wkgq23pgtmvumgyfngwxkzi3b6a@jpeg,did:plc:q36utfrjv2d6bbnk4tegvhiy,NA,0
editor.scot,Leona,https://cdn.bsky.app/img/avatar/plain/did:plc:pic4lf74siehnbkh4l5vsugj/bafkreibbcuy46crpifbpyvad74inu6ozhtvjf4o2hbrmsdrlnfwy4v7nxa@jpeg,did:plc:pic4lf74siehnbkh4l5vsugj,NA,0
krady.bsky.social,Keith Brady,https://cdn.bsky.app/img/avatar/plain/did:plc:nlme4yvstavzivi7ylexvt56/bafkreibpj5ikziazzas25mw4sxfghaurqyzph44exrplvczoqzxmewkalq@jpeg,did:plc:nlme4yvstavzivi7ylexvt56,NA,0
rovert.bsky.social,,https://cdn.bsky.app/img/avatar/plain/did:plc:n2wmfogdt6fcpsn6nbdhifbj/bafkreih4hvzgqngnf5p4zxplrxxmnvspkbowgkwrmjfbd54ds5mkm2xpiy@jpeg,did:plc:n2wmfogdt6fcpsn6nbdhifbj,NA,0
jfennellauthor.bsky.social,Jack Fennell,https://cdn.bsky.app/img/avatar/plain/did:plc:mny4xywxqowruu3xh6jwqbrg/bafkreie4m2azdyhd35we266lerj3krx6bwkwu7bhoyh5rvmo4tdxzg2l2q@jpeg,did:plc:mny4xywxqowruu3xh6jwqbrg,NA,0
pompompastel.bsky.social,Harley - PomPomPastel 🏳️‍⚧️,https://cdn.bsky.app/img/avatar/plain/did:plc:mixsgqlgn6s4jn7a63omuytr/bafkreiggd7s3ko2mnb2e3a4m2gftwh5igs3pradcwcomddevrwipgr4bea@jpeg,did:plc:mixsgqlgn6s4jn7a63omuytr,NA,0
biaroza.bsky.social,Mendel,https://cdn.bsky.app/img/avatar/plain/did:plc:m7kgvlfl7h4kpd6w4v2tfkjg/bafkreibvldndyfbz42mouovb2yzrpko5jitmi7kqryhm4p2muvwec7gaky@jpeg,did:plc:m7kgvlfl7h4kpd6w4v2tfkjg,NA,0
caoimhetiernan.bsky.social,Caoimhe ,https://cdn.bsky.app/img/avatar/plain/did:plc:m2xx6hjc5my4hzbphrq7nwes/bafkreidk2iiy7slvugo4ny7ti446e5u65i6rueoyzzjlemxyvdzhtzyvgu@jpeg,did:plc:m2xx6hjc5my4hzbphrq7nwes,NA,0
irishwol.bsky.social,Sam,https://cdn.bsky.app/img/avatar/plain/did:plc:kwqp2tmpdjed5kottxbagsql/bafkreihfww5axhp5cdzc45qaaenjn6z2qv7v5rxkqezc5vygrd4bzj7wqi@jpeg,did:plc:kwqp2tmpdjed5kottxbagsql,NA,1
thumped.com,thumped.com,https://cdn.bsky.app/img/avatar/plain/did:plc:ijiixg3k6fbnvu4pxyay33ez/bafkreib3tvldblyixbeb7ydxm3mfp35mrjjkzzdgobasi53umajwn7bbbi@jpeg,did:plc:ijiixg3k6fbnvu4pxyay33ez,NA,0
stevieburns.bsky.social,Stevie Burns,https://cdn.bsky.app/img/avatar/plain/did:plc:hp44sekur3hgitz4zuwyerc3/bafkreihhlcxvqn7gd7lwgeahpvjngpggs2wxpusqt25bfrmpijlnakvnuy@jpeg,did:plc:hp44sekur3hgitz4zuwyerc3,NA,0
allanartist.bsky.social,Allan,https://cdn.bsky.app/img/avatar/plain/did:plc:har4i535fc7jres2p3oqsyay/bafkreia4ekzfabfmgeqsp7mfdpgzjn5zq3snt4dec6kwueb5yueufu2o4a@jpeg,did:plc:har4i535fc7jres2p3oqsyay,NA,13
rothaiocht.bsky.social,Rothaí,https://cdn.bsky.app/img/avatar/plain/did:plc:g3qwwppbtonxsjajgk2pwajh/bafkreihkiubikgxwfemx7o6s7eaq4z7b7uovfjwz6ksggzf24x7fwoyzuy@jpeg,did:plc:g3qwwppbtonxsjajgk2pwajh,NA,0
leifb73.bsky.social,Leif Боднарчук 🍁 🇺🇦,https://cdn.bsky.app/img/avatar/plain/did:plc:bh6nkwdxncpecyl7j5axiy7i/bafkreia72ikqrzncigfpnjbpqhilo62dcadfohqkdkt7v2vftefekepmqi@jpeg,did:plc:bh6nkwdxncpecyl7j5axiy7i,NA,0
sinead1988.bsky.social,Sinéad Collins,https://cdn.bsky.app/img/avatar/plain/did:plc:7ctm6o76wcduyywr3bkpckpd/bafkreifdkfr335camezg22xyph44u4jtcbruuvy6nrjti7gtfxycl4qcqi@jpeg,did:plc:7ctm6o76wcduyywr3bkpckpd,NA,0
charlielynch.bsky.social,Charlie Lynch,https://cdn.bsky.app/img/avatar/plain/did:plc:6w7kahyxmrsytesq6nhhl33t/bafkreieh7szvxolopryn4ga46esu3bnszpxv4yyngji3eynpr5luhyy2eu@jpeg,did:plc:6w7kahyxmrsytesq6nhhl33t,NA,0
odubhda.bsky.social,odubhda,https://cdn.bsky.app/img/avatar/plain/did:plc:5yxx3gkimrlsmw6howqsfmog/bafkreifq2qtmugn4hdbokscytq2e3ozagukqkl2o3pkw3ytro3relenvqa@jpeg,did:plc:5yxx3gkimrlsmw6howqsfmog,NA,0
aurelia120.bsky.social,Aurelia,https://cdn.bsky.app/img/avatar/plain/did:plc:5eopnf7ipbqnepmjzp24qeji/bafkreiaknk2d2eund4mbdcppb4easv6m7sdrgxsloddgl2qmeqwkdp22ui@jpeg,did:plc:5eopnf7ipbqnepmjzp24qeji,NA,0
dowdalln.bsky.social,Niamh Dowdall,https://cdn.bsky.app/img/avatar/plain/did:plc:4shsojimcwgem5ofjtssz6xc/bafkreic5bemvpbc6e3ux67pnnnl6skicmb74nze45nm7xxnlhaekknxlse@jpeg,did:plc:4shsojimcwgem5ofjtssz6xc,NA,0
suchmayer.bsky.social,So Mayer,https://cdn.bsky.app/img/avatar/plain/did:plc:3ypcijohrisg6prkgfs4hi6v/bafkreig4qyygucvuyfothsmqy3f6mhwl3a2ysvov6m5vpmzol3lmqufvoq@jpeg,did:plc:3ypcijohrisg6prkgfs4hi6v,NA,0
duineuasal.bsky.social,ᚃᚓᚏᚌᚐᚂ ᚋᚐᚉᚉᚒ ᚌᚐᚇᚆᚏᚐ,https://cdn.bsky.app/img/avatar/plain/did:plc:3uqsn25iv4bj6ywg6s7ldcox/bafkreibkmvy4ahd3ld4fbllggnoyftbjtoxmlygpy2dbrp6kv4icacy2ou@jpeg,did:plc:3uqsn25iv4bj6ywg6s7ldcox,NA,0
barryodonovan.bsky.social,Candybaz,https://cdn.bsky.app/img/avatar/plain/did:plc:3htet3hmybicu3rmousjxuew/bafkreidfbvausy75di3rytzi6xqz7xeiw3tmlp2s3hb55vzddx7ot3qeym@jpeg,did:plc:3htet3hmybicu3rmousjxuew,NA,1
janusxuk.bsky.social,A Valiant Tart,https://cdn.bsky.app/img/avatar/plain/did:plc:2p653vugue7uiss2zu7wkrvm/bafkreib6dn3tvhj3hpbw5qd6kd4oiserf35bt6x7qub5ztilhytwho6qea@jpeg,did:plc:2p653vugue7uiss2zu7wkrvm,NA,0
mistygaltees.bsky.social,Anne-So,https://cdn.bsky.app/img/avatar/plain/did:plc:jj4rhwfxq452cow7ofouwyi5/bafkreidlo567gxe7oq7asukuxv64zsuhsel3hsznlbg36nczmzwmdqkdsm@jpeg,did:plc:jj4rhwfxq452cow7ofouwyi5,NA,0
seamusflynnj.bsky.social,,https://cdn.bsky.app/img/avatar/plain/did:plc:6yraqmxei4qgngtlhqc6qtwu/bafkreih4hswzpvgcm5tnqwb5bsxdnun2mik2rytu5vhltstm74dbmwv5la@jpeg,did:plc:6yraqmxei4qgngtlhqc6qtwu,NA,0
fcemurphy.bsky.social,Fiona Murphy,https://cdn.bsky.app/img/avatar/plain/did:plc:6nsn4i44ao5n74hprn6xbkru/bafkreihnpjr5wp4xdtfbh25ze5wt3lpoqjgnnl7zoslfj5htsimrepadru@jpeg,did:plc:6nsn4i44ao5n74hprn6xbkru,NA,6
barbarabyar.bsky.social,Barbara Byar,https://cdn.bsky.app/img/avatar/plain/did:plc:435jow34epbqkortnomalzgb/bafkreidqg7wmkuythjqmxxouhrfjjhliayjczozq5v2vv4ajcoy6hb2gim@jpeg,did:plc:435jow34epbqkortnomalzgb,NA,0
sweetoblivion.bsky.social,Aoife Barry,https://cdn.bsky.app/img/avatar/plain/did:plc:7rcnh6epntuv6hdjeb4gecqp/bafkreiez7gxustk73wy2o4sl746s2y7u2wfuhw7ndv2hgzw5lmanybpw5e@jpeg,did:plc:7rcnh6epntuv6hdjeb4gecqp,NA,0
thesilvervoice.bsky.social,,https://cdn.bsky.app/img/avatar/plain/did:plc:cvhbh4zclg2sjdrouajgonwu/bafkreid6dkappeqhsetzf3kagxwjpbdgbkdxeo52es3k3tt7f3aojzwkzu@jpeg,did:plc:cvhbh4zclg2sjdrouajgonwu,NA,0
patcoleman.bsky.social,Pat Coleman ,https://cdn.bsky.app/img/avatar/plain/did:plc:vuddvyd663svxzt5vh6jicek/bafkreiahy2t6dndy6gtjela57noghv57kwn7nq3jnfcodwkymbnylabfdm@jpeg,did:plc:vuddvyd663svxzt5vh6jicek,NA,0
tregallery.com,⋆｡˚☆⋆Tré⋆☆˚｡⋆,https://cdn.bsky.app/img/avatar/plain/did:plc:3kp2ycgl77fpry5hwc6mcdu6/bafkreib3qihz6tjunksououecwvfk5qrgixsjfp4tvi77jvwfrz56qhixe@jpeg,did:plc:3kp2ycgl77fpry5hwc6mcdu6,NA,0
tupped.bsky.social,Simon McGarr,https://cdn.bsky.app/img/avatar/plain/did:plc:zdduilknsuqlql34lkbf5ge5/bafkreiaqzkb62pbqdpgjqt6tppkpl55bv3v34wwjkvrtrxaon7cz5jqk4i@jpeg,did:plc:zdduilknsuqlql34lkbf5ge5,NA,0
gra246.bsky.social,Grá 🧡,https://cdn.bsky.app/img/avatar/plain/did:plc:gsnlxqxhl3fmacrzlk2jycma/bafkreiakekvgqn7wmmnfuhur52s55qcl5x5yguj3q6owmzdzwx5mhyxkke@jpeg,did:plc:gsnlxqxhl3fmacrzlk2jycma,NA,0
susangriff.bsky.social,Susan G,https://cdn.bsky.app/img/avatar/plain/did:plc:fs625ovzqs2tosutroj2lfvz/bafkreie7bjzvgpoa7x5y6m4dc7irau2e4rqrngfdj2nmalsugxsadzhk44@jpeg,did:plc:fs625ovzqs2tosutroj2lfvz,NA,3
iamreddave.bsky.social,The museum of unconditional surrender,https://cdn.bsky.app/img/avatar/plain/did:plc:cyze5hq3swlnimevx2vg5kst/bafkreidzh2t6eyfj27bhnzxye5ryk3qzsvepnk4dedzvhr6t7ohgt2eid4@jpeg,did:plc:cyze5hq3swlnimevx2vg5kst,NA,0
dermotcasey.bsky.social,Dermot Casey,https://cdn.bsky.app/img/avatar/plain/did:plc:ouza3jsycl2aszfc3xtodbfe/bafkreiawbtyipxdfigig2pybmntgae2ezfgtrkvtro54rnaovdbiozdpr4@jpeg,did:plc:ouza3jsycl2aszfc3xtodbfe,NA,0
lostexpectation.bsky.social,,https://cdn.bsky.app/img/avatar/plain/did:plc:ajw2t3pfisrtb7vqj7fml7y4/bafkreicz4hhfy6v22qsqo7hb4ja2ztd7focnr6htozq73miobjonrewxsu@jpeg,did:plc:ajw2t3pfisrtb7vqj7fml7y4,NA,2
duncanjonesmerrion.bsky.social,Duncan Jones (aka Merrion) (he/him),https://cdn.bsky.app/img/avatar/plain/did:plc:sgbe5chhemjurynvlymfkeji/bafkreihadppf46anmpv37zc3c5fjwcf63tqnlfskjucjcaqh7rcwsm67vm@jpeg,did:plc:sgbe5chhemjurynvlymfkeji,NA,4
joymakesmonsters.bsky.social,Joy Makes Monsters - General Art Goblin!,https://cdn.bsky.app/img/avatar/plain/did:plc:bf5g3vsuojkaoqahozxtpxmp/bafkreihoxjnxjiy7v4o7xzoyxbmpic3pl6vnkczmqafu26uptq2qz5hdra@jpeg,did:plc:bf5g3vsuojkaoqahozxtpxmp,NA,0
gravadersdagar.bsky.social,Sofia Engvall,https://cdn.bsky.app/img/avatar/plain/did:plc:6yj5pt6u7jhnqhddqqee27gq/bafkreigznfleyczsd25bghawmallj4mwqjthazruw5jzl6hv5ii4vpjhgm@jpeg,did:plc:6yj5pt6u7jhnqhddqqee27gq,NA,0
lordloophole.bsky.social,John Connor,https://cdn.bsky.app/img/avatar/plain/did:plc:466wmz4ya5ctib3dxjiatzaf/bafkreiavvcbxizugkhaz345waw4d75ox5ayrdgfdh7lkcl3ecgea2x6koq@jpeg,did:plc:466wmz4ya5ctib3dxjiatzaf,NA,0
scopedesigner.bsky.social,ꛤꛎꚶꚳ 𖦪ꚲꛎꛘ,https://cdn.bsky.app/img/avatar/plain/did:plc:zq2rgiqukr2xw75c5agplcbo/bafkreiflhh5g2lic24bhumjgyn5skzfnbtzn2abtmicycwleqgrx4kuti4@jpeg,did:plc:zq2rgiqukr2xw75c5agplcbo,NA,0
jamesmcshane.bsky.social,James McShane,https://cdn.bsky.app/img/avatar/plain/did:plc:wvr4evyapyvb5h6ilzpuiaj7/bafkreienmzmnfrk5wymztf2hae2bzv3vzjat644sewlzng4ov42vtpsxwa@jpeg,did:plc:wvr4evyapyvb5h6ilzpuiaj7,NA,0
johnbarrington.bsky.social,John Barrington,https://cdn.bsky.app/img/avatar/plain/did:plc:trjaqvpxbhcheqnr5fv6tkpm/bafkreidhpenlyki7lefdn7vd4trnmjsywhcgdxfhg7mns3lqdrpchthblq@jpeg,did:plc:trjaqvpxbhcheqnr5fv6tkpm,NA,3
susanlanigan.bsky.social,Susan Lanigan,https://cdn.bsky.app/img/avatar/plain/did:plc:jatl3q74eqefwsbwwzuh7mx6/bafkreiht3si37276xasp34tz5ciqh5ifrcqu3wrlvpqwi2xvf6ecf2iovu@jpeg,did:plc:jatl3q74eqefwsbwwzuh7mx6,NA,0
fiercemilder.com,Śéáń,https://cdn.bsky.app/img/avatar/plain/did:plc:hfty7y3ybvhulvdsnygpqy5q/bafkreihgppxl6lamn2se5e67ls3akhmdnhik5geq2zpo2qeh6mnp2bvrhy@jpeg,did:plc:hfty7y3ybvhulvdsnygpqy5q,NA,2
mmdc.bsky.social,Michael,https://cdn.bsky.app/img/avatar/plain/did:plc:6dnpwemduovd6rzfburfqbrt/bafkreihq7tveko6i7ku45yyhkzgc4l5glsgt5o4x7g747lrrrtivpjkx5a@jpeg,did:plc:6dnpwemduovd6rzfburfqbrt,NA,7
bohsnews.bsky.social,bohsnews,https://cdn.bsky.app/img/avatar/plain/did:plc:xmwmpu65ds2kfwqjzhhbn5op/bafkreigjsge6zb5uiyzslkgf2efttlc2cgkbjvszluhwpp6c4hgi2xpnfu@jpeg,did:plc:xmwmpu65ds2kfwqjzhhbn5op,NA,0
clearyb.bsky.social,Clearyb,https://cdn.bsky.app/img/avatar/plain/did:plc:urzqdzhh6lj5ahewb6qzv37u/bafkreigpaiare3dk55jranyczelhjyuu5wuxtrrufdkts3xiwjcu3qjshq@jpeg,did:plc:urzqdzhh6lj5ahewb6qzv37u,NA,0
mcgurkb.bsky.social,,https://cdn.bsky.app/img/avatar/plain/did:plc:po46h7ibdacoespigjhlchuu/bafkreihvavpr7nbn5kgf3rltz4nzofge4wd4xa76rany4yky3hyej2o4ti@jpeg,did:plc:po46h7ibdacoespigjhlchuu,NA,0
mahoganygaspipes.bsky.social,Mahoganygaspipes,https://cdn.bsky.app/img/avatar/plain/did:plc:4mdsjq6pq6usrtfyjf4smbed/bafkreifsxcmanqrepgumv6cjaidwe5sq7cekohr2a5qrctuvjocns447k4@jpeg,did:plc:4mdsjq6pq6usrtfyjf4smbed,NA,0
carolor.bsky.social,Carol O’Riordan,https://cdn.bsky.app/img/avatar/plain/did:plc:lrd2qxgcwbkj4vndb2rt67tp/bafkreibwu3zhsucihavl7bz374a2pn6vzhqb64up4hnozf2i72chbsa754@jpeg,did:plc:lrd2qxgcwbkj4vndb2rt67tp,NA,0
lynbw.bsky.social,lynbw,https://cdn.bsky.app/img/avatar/plain/did:plc:bzqnlmgnlanvenu2hxsrgze6/bafkreigmow7yiovw63asdc3kg5bo2ks7j44pjasezqzyvgjlthxch6we4m@jpeg,did:plc:bzqnlmgnlanvenu2hxsrgze6,NA,0
tourguidejohn.bsky.social,,https://cdn.bsky.app/img/avatar/plain/did:plc:bpfcr2xnherpom5m5lrbgaei/bafkreihpdkqyrsw2c7geogrunzcxl7qevyut65mwc4gfuhxn4cghg5zchy@jpeg,did:plc:bpfcr2xnherpom5m5lrbgaei,NA,0
amberkeating.net,"Amber Keating, LCSW",https://cdn.bsky.app/img/avatar/plain/did:plc:4lh7odxyd2sxeoas2os5l2wo/bafkreiac6edgw7wjuk22x5tlq2zs52r7cri2mottnyu4xl5bfablgvc6gu@jpeg,did:plc:4lh7odxyd2sxeoas2os5l2wo,NA,0
mrmulligan.bsky.social,Terrance Z.,https://cdn.bsky.app/img/avatar/plain/did:plc:tshb4hywwiuz4vn3bdefnzvg/bafkreig4hbdxlrndrllxlglyvyuqgr64a7yyqlt3suvtwvzpcnnmpsmj6u@jpeg,did:plc:tshb4hywwiuz4vn3bdefnzvg,NA,0
dirtycitybird.trann.ie,Eilís 'pidge' Ní Fhlannagáin,https://cdn.bsky.app/img/avatar/plain/did:plc:ivgmjfyldnydcz66omgtpyqm/bafkreiftt2a433vobhfegaothgepfxdb6xtoviyufwba244kjgilc3yxpe@jpeg,did:plc:ivgmjfyldnydcz66omgtpyqm,NA,0
drmarymcauliffe.bsky.social,Dr Mary McAuliffe,https://cdn.bsky.app/img/avatar/plain/did:plc:wzelpzmv2b3oudwhkcpr2s6n/bafkreiesjn36gaqnm5yrjj7mvpzjxgpoincp5fn3hu2e6q5v6wujntuon4@jpeg,did:plc:wzelpzmv2b3oudwhkcpr2s6n,NA,209
amflynn.bsky.social,Anne-Marie,https://cdn.bsky.app/img/avatar/plain/did:plc:y4m2fu2kg5w5e6y4io5qn3rv/bafkreifxeksk7ubefb3iirxr67otmfgaoxff52c5kir7kxyoijze2m22fm@jpeg,did:plc:y4m2fu2kg5w5e6y4io5qn3rv,NA,3
amockingbird.bsky.social,"Mockingbird, MPH, CHES",https://cdn.bsky.app/img/avatar/plain/did:plc:upogmzimjos5wbp4y5dkzt7x/bafkreihqkn222rz7goltibfnafkai6iqbevoy7jwwozli6u6lum6epxwie@jpeg,did:plc:upogmzimjos5wbp4y5dkzt7x,NA,0
deadlocked.org,Dermo,https://cdn.bsky.app/img/avatar/plain/did:plc:pfr4x4yifrrqhfvlz7lrficp/bafkreig24wguxc7qrm5rg53xpajrgnnbide7jfufc2ae4marzdyokhmgke@jpeg,did:plc:pfr4x4yifrrqhfvlz7lrficp,NA,0
uilliammac.bsky.social,Uilliam Mac G ᚒᚔᚂᚂᚔᚐᚋ,https://cdn.bsky.app/img/avatar/plain/did:plc:mtotuew3ngc2gtmqocg6uadl/bafkreiekizn7f7chlq7cawcln3s4ehaizyngtjcq2iocwq47gv3mozght4@jpeg,did:plc:mtotuew3ngc2gtmqocg6uadl,NA,0
mooregroup.bsky.social,Declan Moore,https://cdn.bsky.app/img/avatar/plain/did:plc:7z7vjaco2rsh5yepqnycw7z6/bafkreihqhtzl352kcgywmpf46lpgbc3lmt5bc6xmm6qazwulpvl36vwyqm@jpeg,did:plc:7z7vjaco2rsh5yepqnycw7z6,NA,0
lachategris.bsky.social,Lachategris,https://cdn.bsky.app/img/avatar/plain/did:plc:6grsbwkv44lnfagjvt2b3rc2/bafkreial6abmaedl7d5rxiysqrsmy3wb2ge7m6cmpkmppt3iqortmhgh5a@jpeg,did:plc:6grsbwkv44lnfagjvt2b3rc2,NA,0
culturalfatwa.bsky.social,Tracking 🛸,https://cdn.bsky.app/img/avatar/plain/did:plc:t3prxplcibafrt4gpm7tz7uf/bafkreic7pmepvo43fux2kgxm65rdeh4lxdvyzrrkb7aj2pfdy3s53oiea4@jpeg,did:plc:t3prxplcibafrt4gpm7tz7uf,NA,0
endofthelane.bsky.social,RosieM,https://cdn.bsky.app/img/avatar/plain/did:plc:p2jc5x5max7wglilszs6i6tp/bafkreifdgypxfw2jk46x2teppnaqssjkubxucrj2edq5p7yxyyqyr5dwx4@jpeg,did:plc:p2jc5x5max7wglilszs6i6tp,NA,0
karlusss.bsky.social,Karl McDonald,https://cdn.bsky.app/img/avatar/plain/did:plc:4jp7um777eo5ppa2okxmyoya/bafkreicxw2sekrytcuikumnch67a5nuud3ef6medgps4qdv73lh4t2rb34@jpeg,did:plc:4jp7um777eo5ppa2okxmyoya,NA,0
shaneir.bsky.social,Shane McKee,https://cdn.bsky.app/img/avatar/plain/did:plc:3xxfwkjzamgauancdzwts57d/bafkreift63dckx2kghli6ucvf5g3wmleuvj6o62hpqt4r4ft3zivxurwqu@jpeg,did:plc:3xxfwkjzamgauancdzwts57d,NA,0
eatyourflag.bsky.social,eatyourflag,https://cdn.bsky.app/img/avatar/plain/did:plc:zw7wfdm4djig4ny2eanljscz/bafkreif2qs22n5c3ew5dgrwub56r7ovgwfzefai2ay3bzijym4qj3mgtum@jpeg,did:plc:zw7wfdm4djig4ny2eanljscz,NA,0
zenbuffy.bsky.social,Jen Keane,https://cdn.bsky.app/img/avatar/plain/did:plc:vjpmfpknpnfuxej2bv6af3aq/bafkreifeyisyfm25cpcmve3ftn25bqnkw6j55icnavlqhxrv4rvbp44n7a@jpeg,did:plc:vjpmfpknpnfuxej2bv6af3aq,NA,0
geraldineishere.bsky.social,G,https://cdn.bsky.app/img/avatar/plain/did:plc:sp6yooz77ckr32j7dqxjt5fr/bafkreigntv3prpgckujaa64buayobgsmy3sfduuy24z7cdrohcpwbr5nci@jpeg,did:plc:sp6yooz77ckr32j7dqxjt5fr,NA,13
jenny75.bsky.social,Jenny,https://cdn.bsky.app/img/avatar/plain/did:plc:qkt7p7ora5wampudhwp3blwd/bafkreidevelxnrijqenzaauzacvrczd37qfffobd5wczoycrp3rsq6covi@jpeg,did:plc:qkt7p7ora5wampudhwp3blwd,NA,0
myqueerheart.bsky.social,,https://cdn.bsky.app/img/avatar/plain/did:plc:mjaaokco5rf7sznptvztkmo4/bafkreid6mkv6ws5ksodwq5n2rrt2uipfe4huezzec4hg3y2u4qaqxu74de@jpeg,did:plc:mjaaokco5rf7sznptvztkmo4,NA,0
nameless-weevil.bsky.social,Micheál,https://cdn.bsky.app/img/avatar/plain/did:plc:maje6k6yowpu7smm3f3vx4uw/bafkreih3cjc6cvjzt27wumduxnciqsga5gilcvrhgiowz6mw3rv4zngxjy@jpeg,did:plc:maje6k6yowpu7smm3f3vx4uw,NA,0
ian64.bsky.social,Ian Hall,https://cdn.bsky.app/img/avatar/plain/did:plc:k6dhyy5gm6twiybqwbh7yamo/bafkreieynltxduobs6z7djjeftrpcjxr5q2vlhki7hmubwdnmqswyj2j5e@jpeg,did:plc:k6dhyy5gm6twiybqwbh7yamo,NA,0
irishbigmac.bsky.social,Irish Big Mac,https://cdn.bsky.app/img/avatar/plain/did:plc:jvf3r4lh4txq6bfy7dasgyxs/bafkreiardf3ruuxmsqvlacjwzq2wi5n6gvqx6vuz7wes7dhvnnzq7ghg2m@jpeg,did:plc:jvf3r4lh4txq6bfy7dasgyxs,NA,0
hugofitz.bsky.social,Hugo Fitzpatrick,https://cdn.bsky.app/img/avatar/plain/did:plc:6nwlj23tzjjopj6sviq6e3qf/bafkreihllg7cbwtef7jcgassc6ljbeigmu7bthek4js2s6qddg2gucekvi@jpeg,did:plc:6nwlj23tzjjopj6sviq6e3qf,NA,0
pattyngng.bsky.social,Please Don’t Call Her The Black Lady You Condescending Twits,https://cdn.bsky.app/img/avatar/plain/did:plc:qesrmdrvuhcuqco2pckkzl3x/bafkreia5u3rqq7g5kwgopbrot3ehcnchkjebqmez2jdr3yqxl3zt467xhq@jpeg,did:plc:qesrmdrvuhcuqco2pckkzl3x,NA,0
tsaiya.bsky.social,,https://cdn.bsky.app/img/avatar/plain/did:plc:grwbmomagkqzjflaa5jnybgh/bafkreidye5vhmaggtok7j4a4gkastim6yh7n7f253trxe5vfshnau4sdke@jpeg,did:plc:grwbmomagkqzjflaa5jnybgh,NA,0
raindancer451.bsky.social,Raindancer451,https://cdn.bsky.app/img/avatar/plain/did:plc:6gxhiedcpb5zd55ifssuhcou/bafkreihmz7bdzdhoqqx3e6oyw7kpy3bvypfvapzokzb4pc7a6a5qhlwgvi@jpeg,did:plc:6gxhiedcpb5zd55ifssuhcou,NA,0
robertbohan.bsky.social,Dr Robert Bohan,https://cdn.bsky.app/img/avatar/plain/did:plc:z6phioqd5wrigle4t4jbveif/bafkreidassbbrqnn2d2tpnqxjggn4g5ibbzu4fsbmhbtxkyjz3y3j755ze@jpeg,did:plc:z6phioqd5wrigle4t4jbveif,NA,2
grainneblair.bsky.social,Gráinne Blair,https://cdn.bsky.app/img/avatar/plain/did:plc:htzrfp3q6p3ht3x7knog6mdd/bafkreian6lx6zxxtsxbuz72zwjvgowi5ngldz6t34pm3ghfln5ammghy5i@jpeg,did:plc:htzrfp3q6p3ht3x7knog6mdd,NA,12
jhshelley.bsky.social,James,https://cdn.bsky.app/img/avatar/plain/did:plc:vjfdasv4ih34nmfxkit4obeo/bafkreib2gfkgul6md4umqketatkppyl3vcioxa4dgirf47obk4b544xqfu@jpeg,did:plc:vjfdasv4ih34nmfxkit4obeo,NA,1
cfmotpony.bsky.social,Kejokl3ls0ms,https://cdn.bsky.app/img/avatar/plain/did:plc:tuf7ulbwnkpbe3j2qafgdbra/bafkreidyl6fyg5i7onwzjhriuyiq6vq4kwyxfjge5hydxlx5c5kwirwqru@jpeg,did:plc:tuf7ulbwnkpbe3j2qafgdbra,NA,0
sareen.bsky.social,Slíbhín 🇵🇸,https://cdn.bsky.app/img/avatar/plain/did:plc:mry4i5hi4kgreegijpf6j3x3/bafkreidwagrn6nynmkw5qliyurkat7cavpub2xzqnk6zycplmkaxmoppsy@jpeg,did:plc:mry4i5hi4kgreegijpf6j3x3,NA,0
brunswick.bsky.social,Ian Brunswick,https://cdn.bsky.app/img/avatar/plain/did:plc:h6arviqzx2y5oncrkzzhaow5/bafkreiewveww4gzgid25wcteentzfq3nunbx4unrdivg4ikgqoo3d5yd3u@jpeg,did:plc:h6arviqzx2y5oncrkzzhaow5,NA,0
karlstanley.bsky.social,Karl Stanley,https://cdn.bsky.app/img/avatar/plain/did:plc:ght3uub7kpjobedtjycijk45/bafkreihqo55ufrp4uvjccborozsuvfwrnsmnogpyflzvda27tfxzftetti@jpeg,did:plc:ght3uub7kpjobedtjycijk45,NA,32
jjdebenedictis.bsky.social,JJ DeBenedictis,https://cdn.bsky.app/img/avatar/plain/did:plc:erbecsslzgwbidsaanfnnp7b/bafkreifkdqtsbvp7we45dsngdiqf5intymgdrtz55mwo25jv3sfhyrrnfa@jpeg,did:plc:erbecsslzgwbidsaanfnnp7b,NA,0
mudwiggler.bsky.social,The Occupier,https://cdn.bsky.app/img/avatar/plain/did:plc:cmiz7sb4nmulc6ufapbwczi2/bafkreibxjbctidac3accpjsxufd47raamwxmcyqndjfdphkbrve7vemrzq@jpeg,did:plc:cmiz7sb4nmulc6ufapbwczi2,NA,0
jwomack.bsky.social,Jack Womack,https://cdn.bsky.app/img/avatar/plain/did:plc:aleaeewi2hkid6ff55gxc3j6/bafkreihflzflvfjgrpwshcucoqqjmmireprd6kxa72nryxbykiqurewewq@jpeg,did:plc:aleaeewi2hkid6ff55gxc3j6,NA,0
soolahhoops.com,Soolahhoops.com,https://cdn.bsky.app/img/avatar/plain/did:plc:slpcusmlwp2cu4y6elhhwsce/bafkreifbzfmlyg6s5yr2u755em4ysceb3gy2wwwo26gxseoko3tvpm6e4y@jpeg,did:plc:slpcusmlwp2cu4y6elhhwsce,NA,4
sellybeth.bsky.social,Liselle ᚂᚔᚄᚓᚂᚂᚓ,https://cdn.bsky.app/img/avatar/plain/did:plc:rd67s5mrnrwg5bqhvzft2kgv/bafkreifw75lpccynvrxy5kvmxlfntg3svgr5bdalsi55zudtzkcgxwhwwa@jpeg,did:plc:rd67s5mrnrwg5bqhvzft2kgv,NA,34
tinydonkey.bsky.social,Aoḋán Ó Conġaile,https://cdn.bsky.app/img/avatar/plain/did:plc:pr5a52hz23d7vkoceeph4ecc/bafkreibeihcn7oqv4r6zd6yt2x2zlsajwhhdffqov5555ztwlt7gu6gwuu@jpeg,did:plc:pr5a52hz23d7vkoceeph4ecc,NA,0
nasheridan.bsky.social,Nathalie Sheridan,https://cdn.bsky.app/img/avatar/plain/did:plc:4fvbj22iiebaiwenpj2piyah/bafkreibpdtv6jzh7xnftmtai37tskqndss2i3eackldg6ukyufsawdohia@jpeg,did:plc:4fvbj22iiebaiwenpj2piyah,NA,0
dean-tane.bsky.social,🇵🇸 Dean Tāne 🇵🇸,https://cdn.bsky.app/img/avatar/plain/did:plc:nrz4eyh4uc4sbgmysyket7wg/bafkreifuy5mbq4qts2wrkv3d47o6b3qqcoheb66vs5src7iu4aywmwz7p4@jpeg,did:plc:nrz4eyh4uc4sbgmysyket7wg,NA,0
paddypadman.bsky.social,paddypadman,https://cdn.bsky.app/img/avatar/plain/did:plc:mp5cwi7rndnx4ekfsjvk53yf/bafkreihedv5yp2rikcg2ezyubj33bgb4lr2pihlteo6yfv7s7krpamon4e@jpeg,did:plc:mp5cwi7rndnx4ekfsjvk53yf,NA,0
bleatssinodai.bsky.social,Bleats⛧Sinodai ›»⧽⧼«‹ Conduit,https://cdn.bsky.app/img/avatar/plain/did:plc:5i7f5z5b5ppxyk6ikrpup4gc/bafkreic5jtdqrswnpl4v7qcaf5w3wqatcxhtb7fa322nfrutqraheglmqe@jpeg,did:plc:5i7f5z5b5ppxyk6ikrpup4gc,NA,0
plumfigged.bsky.social,Danielle PrairieDog Evans,https://cdn.bsky.app/img/avatar/plain/did:plc:hun54x4n34at5wz22bqb4e4c/bafkreif2rbl6upgbt6tc5sy3dusgkpdg34hoofbmus4xqwpg4e5rtc7hta@jpeg,did:plc:hun54x4n34at5wz22bqb4e4c,NA,0
marie1202.bsky.social,Marie,https://cdn.bsky.app/img/avatar/plain/did:plc:dmrti4jl27u33pjvgn2darf4/bafkreiad6hzavomcmxiahvprklirqpzxu46smyou3eu35wj4y5twcoxvwm@jpeg,did:plc:dmrti4jl27u33pjvgn2darf4,NA,0
jimmyjo12-2.bsky.social,,https://cdn.bsky.app/img/avatar/plain/did:plc:4djcbfizsfh2ioqxhurpeq4p/bafkreice3manllbxi3nwqmchwvwhahss27lqjts77qgyy3eesgyu6gzkou@jpeg,did:plc:4djcbfizsfh2ioqxhurpeq4p,NA,0
dashulya7.bsky.social,Darya NeStErEnKo 🧿,https://cdn.bsky.app/img/avatar/plain/did:plc:xgsatvshsnisyw42v5g4jjvk/bafkreidsphar3mdfitt2yit2uhfcquk777hhcy2hxz42nrgn6ff2cbifyy@jpeg,did:plc:xgsatvshsnisyw42v5g4jjvk,NA,0
dawphin.bsky.social,RRose,https://cdn.bsky.app/img/avatar/plain/did:plc:w425xggjbuarfuix4afg7o53/bafkreie4vbkjricubmos5bp5b23eewlwupdsojeycyrl7z2xzfm7nlnv64@jpeg,did:plc:w425xggjbuarfuix4afg7o53,NA,0
thecontraire.bsky.social,Derek S,https://cdn.bsky.app/img/avatar/plain/did:plc:vwyvvgjr5ifqyucmqc622lfe/bafkreicymf2o3n4xbaxtygm3geg5tvrtdwnj6m5kyov57exmijj7pqpqiq@jpeg,did:plc:vwyvvgjr5ifqyucmqc622lfe,NA,0
paradox789.bsky.social,⭐️Mel⭐️,https://cdn.bsky.app/img/avatar/plain/did:plc:lxe2vhjemjyuefyromy27sbq/bafkreia727ergjgk5nuyys4hb5yqxto7wienajgycntssqwzeqe6ynwtnq@jpeg,did:plc:lxe2vhjemjyuefyromy27sbq,NA,0
samhanna1791.bsky.social,Sam Hanna (Beyond my Fence),https://cdn.bsky.app/img/avatar/plain/did:plc:ki2eiluwpjfcqccvbdgzeats/bafkreic5msoxskgqilnuoiicbdhirtjjoq5gx3dn4tpaubv6d5ypsxvxwi@jpeg,did:plc:ki2eiluwpjfcqccvbdgzeats,NA,0
bdoucette.bsky.social,Bernard Doucette,https://cdn.bsky.app/img/avatar/plain/did:plc:6didct4zs2klfpanpbtujn7d/bafkreibcvgzmxxtoouosvnzhkdigsese4eru2rr3ce4frqvwlhii76ntxm@jpeg,did:plc:6didct4zs2klfpanpbtujn7d,NA,0
masilvers.bsky.social,Margaret Silvers,https://cdn.bsky.app/img/avatar/plain/did:plc:rquh56yf3uk3ntsrmej4a46e/bafkreiaprnsax2xt73mx2jtlevs4r35qnz7erubre6b7h2vi6emevibz7y@jpeg,did:plc:rquh56yf3uk3ntsrmej4a46e,NA,0
caponatacommie.bsky.social,Rivoluzionario della melanzana,https://cdn.bsky.app/img/avatar/plain/did:plc:oriuegh63suyxr6u4272wdqv/bafkreifsaktnovwhl7oujpzs2crm3eqtx3aiq4shvenwvu3cbpxh4guhvu@jpeg,did:plc:oriuegh63suyxr6u4272wdqv,NA,0
raportelli.bsky.social,Raechel Portelli,https://cdn.bsky.app/img/avatar/plain/did:plc:qct6vtdbgri35oxf4muwni5r/bafkreier5aiavhu4jebvzsalssj3bjvn3l4kdfs2zq7yd3oi7qrsca6nou@jpeg,did:plc:qct6vtdbgri35oxf4muwni5r,NA,0
geraldkainz.bsky.social,gerald kainz,https://cdn.bsky.app/img/avatar/plain/did:plc:e24v4erqhdin7njyqwip2izo/bafkreicdclu4kb7irya4thewxpuo7mwsbnqvpfbhljtm3gatcgbpf4iyki@jpeg,did:plc:e24v4erqhdin7njyqwip2izo,NA,0
rhonda44.bsky.social,Rhonda44,https://cdn.bsky.app/img/avatar/plain/did:plc:3qlmgcx5vcxayj3yvets3dtv/bafkreifwqmkqexu4qvxe4b7rqy7t35opvzujnwd5l7uchaiz3cva3wh5ym@jpeg,did:plc:3qlmgcx5vcxayj3yvets3dtv,NA,0
erikamcgann.bsky.social,Erika McGann,https://cdn.bsky.app/img/avatar/plain/did:plc:zsrbyqnw64qzdhvpmnnste5r/bafkreic2vrpgudw34c2qpuo3rsa56uqtvrmrh5a5isfsdxtl2yys64ztye@jpeg,did:plc:zsrbyqnw64qzdhvpmnnste5r,NA,0
alexanderhay.myatproto.social,Alexander Hay,https://cdn.bsky.app/img/avatar/plain/did:plc:7wkxedboqzysjzsgetugxq6l/bafkreibvopju5crlejehnbc63mktpy736moq52sqxiymuh6d7e3fso4peq@jpeg,did:plc:7wkxedboqzysjzsgetugxq6l,NA,0
peternimmo.bsky.social,Rev Peter W Nimmo,https://cdn.bsky.app/img/avatar/plain/did:plc:j3ya4kgw5u764z2bxtfiyvd6/bafkreiejdcyk4ye4z3cn2luraaxisrt6etvpuubbotlqj6smkct27w5wua@jpeg,did:plc:j3ya4kgw5u764z2bxtfiyvd6,NA,0
radbradley.bsky.social, @radbradley.bsky.social,https://cdn.bsky.app/img/avatar/plain/did:plc:m3wmrgrovlaeegswemkysaox/bafkreicnniqer4wqcgkhdesnxl4sh7s75bdw6d4vt3zgigqm3maq77fi2e@jpeg,did:plc:m3wmrgrovlaeegswemkysaox,NA,0
channah23.bsky.social,"Kitty, Kitka, Resista",https://cdn.bsky.app/img/avatar/plain/did:plc:36ysyshgmnuppo5o7ks2c4rb/bafkreiflzpfp6lpcvrfkny3wi4qhfpk2ydr7jhttpe5asjnek2wt65l64u@jpeg,did:plc:36ysyshgmnuppo5o7ks2c4rb,NA,0
arik-2.bsky.social,Åv Rik,https://cdn.bsky.app/img/avatar/plain/did:plc:tewlm4af77yzk4fe4nkrlgst/bafkreibsmyhhbig56eosdj4cn7wdknrvtbqcikrwajmpv2sjopwi6hg2za@jpeg,did:plc:tewlm4af77yzk4fe4nkrlgst,NA,0
monikamazick.bsky.social,Mo🦋,https://cdn.bsky.app/img/avatar/plain/did:plc:hpambpmyhg4o35xmti6zis2j/bafkreifareb4xvoayyp2b3lwpnkakzg3isjjunufvhopgnzclzpowzkfdm@jpeg,did:plc:hpambpmyhg4o35xmti6zis2j,NA,0
pelzerb.bsky.social,Pelzerb,https://cdn.bsky.app/img/avatar/plain/did:plc:coyi3khf45ebamhz7mf34n3f/bafkreifcg7tbwrnzeisf5orxua5cxaw4yw5icwibou7jpip34edwsoq23a@jpeg,did:plc:coyi3khf45ebamhz7mf34n3f,NA,0
foggynotions.bsky.social,Foggy Notions,https://cdn.bsky.app/img/avatar/plain/did:plc:l7ot64dqoggct4beiyaxdggo/bafkreifyzxdl5orivmy5iwaf2xserylcztr2csqirz6dwyqzp5vi4h2vam@jpeg,did:plc:l7ot64dqoggct4beiyaxdggo,NA,0
lorcantwomey.bsky.social,Lorcan Twomey,https://cdn.bsky.app/img/avatar/plain/did:plc:kmx5xymznvblgyevdgqfq6us/bafkreib2qd6rg3upl3yplim5shx4jn2i2rcmge7h42iaoa34d2vr5m3upm@jpeg,did:plc:kmx5xymznvblgyevdgqfq6us,NA,0
bloodysundaytrust.bsky.social,The Bloody Sunday Trust,https://cdn.bsky.app/img/avatar/plain/did:plc:e2zwuheqfmxackitjja3ybso/bafkreie4chuuaxeaknvvsl73p7dh6c2hv3xhxhvnhas2cszt5vbqwhrhuu@jpeg,did:plc:e2zwuheqfmxackitjja3ybso,NA,0
museumfreederry.bsky.social,Museum of Free Derry,https://cdn.bsky.app/img/avatar/plain/did:plc:a64uqwfeab43gdlsg6px3jg5/bafkreifacg3vf2sb7gz7kwucujqlw2jipybonyn4jyxinayo4ttmddxp6a@jpeg,did:plc:a64uqwfeab43gdlsg6px3jg5,NA,0
saavikford.bsky.social,Saavik Pie Ford 🥧,https://cdn.bsky.app/img/avatar/plain/did:plc:ziwnhhnjgsqhm5ceflvi4dmn/bafkreifrb4zssueitwrcu7z34qg5ywu6lmim657wu6po4xlgfsck7xpsve@jpeg,did:plc:ziwnhhnjgsqhm5ceflvi4dmn,NA,0
deckanb.bsky.social,,https://cdn.bsky.app/img/avatar/plain/did:plc:yobszqlhqptbyiqia7dnwxu3/bafkreig47ankj4w5xd4whclsx5ln2n3jc23ixa5zzpk4kxpebexup2r3a4@jpeg,did:plc:yobszqlhqptbyiqia7dnwxu3,NA,0
robruaryan.bsky.social,RobRuaRyan,https://cdn.bsky.app/img/avatar/plain/did:plc:umv3lag4qykxgxcn353gelza/bafkreiarot7utgyamgw2vtgm3malid5k6mcmjzhtltvvpydsn7bscl5jee@jpeg,did:plc:umv3lag4qykxgxcn353gelza,NA,0
bobbafett.bsky.social,Besus,https://cdn.bsky.app/img/avatar/plain/did:plc:qdaiqoaatqasgcdjvxiv5ina/bafkreihlht5weu45sfkf2hazhpf3exn7ok7fs6bwc4rk6zq5zwpwtiqpb4@jpeg,did:plc:qdaiqoaatqasgcdjvxiv5ina,NA,0
alanlawlor.bsky.social,Alan Lawlor,https://cdn.bsky.app/img/avatar/plain/did:plc:l7lv6er6rifmgewmgqhkkiqf/bafkreiamy5sova272ecifyly4zfxqybpb7b2ggkwlufnfldnpcr3ro2uzi@jpeg,did:plc:l7lv6er6rifmgewmgqhkkiqf,NA,1
trinakc.bsky.social,Trina Casey,https://cdn.bsky.app/img/avatar/plain/did:plc:jt7t7mifjnt6kmeu3oohmi3s/bafkreice3r53cbfqriq7ntg5aive6o6wt4mffpbucirhwfcr44figwdp4y@jpeg,did:plc:jt7t7mifjnt6kmeu3oohmi3s,NA,0
maureen46.bsky.social,Mo,https://cdn.bsky.app/img/avatar/plain/did:plc:j7o4ms2yntqc73oqcmwylqae/bafkreihuuitrcy5dkot3meyegxgbzfioxlzgpl5jn6xa63hp7raoqwciay@jpeg,did:plc:j7o4ms2yntqc73oqcmwylqae,NA,0
jk001-ie.bsky.social,John Brophy,https://cdn.bsky.app/img/avatar/plain/did:plc:bo3doqfdxapdna7boactg3pn/bafkreibkat2osndvxsenlg6gnxouuadjm5igrokq4h6yuk6peoxdb4al2y@jpeg,did:plc:bo3doqfdxapdna7boactg3pn,NA,0
paultighe.bsky.social,Paul Tighe,https://cdn.bsky.app/img/avatar/plain/did:plc:alu4ajrtvd3bcgup4ldhl756/bafkreidhoer32mym4jujujxazqfhiaeyuykmhznodn5s3vso34czd64xz4@jpeg,did:plc:alu4ajrtvd3bcgup4ldhl756,NA,0
blacksmithpro.bsky.social,M.L.Farrier,https://cdn.bsky.app/img/avatar/plain/did:plc:bca7zn2ppzt7mg2idt7uwbct/bafkreibmctnpt6vcyskbivzgidobytfifgin36hhplr2pycjuihb6kunfy@jpeg,did:plc:bca7zn2ppzt7mg2idt7uwbct,NA,0
ghostflaneur.bsky.social,Gavin B,https://cdn.bsky.app/img/avatar/plain/did:plc:5jvhvnxe2lthajgk3zlsbvaj/bafkreibu5r6vnspae2r4ki4ixcgog4uwr5xl2aodpktxe6o2qn44rgplh4@jpeg,did:plc:5jvhvnxe2lthajgk3zlsbvaj,NA,0
desertcactus621.bsky.social,Kerri A,https://cdn.bsky.app/img/avatar/plain/did:plc:jc2pzh7fpqwql3tuj456bmaj/bafkreifbddtbiamjrotmomijmurd3ljjrjjkjgg7agb3atl5qnlixowp4a@jpeg,did:plc:jc2pzh7fpqwql3tuj456bmaj,NA,0
crredwards.bsky.social,crredwards,https://cdn.bsky.app/img/avatar/plain/did:plc:mtdfogcwl264nt6isg5ccuvl/bafkreiehu44ns7xrkalah6cqgh3p6vumbb3plf6sek7nbixdrvjgk3kofu@jpeg,did:plc:mtdfogcwl264nt6isg5ccuvl,NA,0
niamhjay.bsky.social,Niamh,https://cdn.bsky.app/img/avatar/plain/did:plc:klezzgmgt6hvhj6rnvbmbjpt/bafkreiblvzthzjusgsflungcfhq2ksf3gj6o2blgaogtarj7xptmiu2pui@jpeg,did:plc:klezzgmgt6hvhj6rnvbmbjpt,NA,0
padraigmcevoy.bsky.social,Pádraig McEvoy,https://cdn.bsky.app/img/avatar/plain/did:plc:tzty7vby2nqntpgjfanzlgn7/bafkreig4olg4rykae4tsgv6c3r7fjatlyovsh2efbq4ydzq65mwruq3y4y@jpeg,did:plc:tzty7vby2nqntpgjfanzlgn7,NA,0
maireadenright.bsky.social,Máiréad Enright,https://cdn.bsky.app/img/avatar/plain/did:plc:oz56hbavg5bqypi445zrdylb/bafkreidy42e5yd4ogkijppdejns7pbuzpeoixl7llcl3brk3bqny6ixnli@jpeg,did:plc:oz56hbavg5bqypi445zrdylb,NA,0
fplogue.bsky.social,Fred Logue ,https://cdn.bsky.app/img/avatar/plain/did:plc:gzt5icnmgoeefvzgzsehybje/bafkreihe54wsbuko55hyag4f7bd3p4dgemtwjgwfwryeliztsebpiid7eq@jpeg,did:plc:gzt5icnmgoeefvzgzsehybje,NA,0
elainemcgoff.bsky.social,Elaine McGoff ,https://cdn.bsky.app/img/avatar/plain/did:plc:gpqcghk4thhkymwoetjunvo2/bafkreiau2zfqccn7cbtcbijdfgqv47tg7kxoy3glylzzut7ejfmz5fpt6u@jpeg,did:plc:gpqcghk4thhkymwoetjunvo2,NA,0
donalorathaille.bsky.social,Dónal Ó Rathaille,https://cdn.bsky.app/img/avatar/plain/did:plc:dda5ragj7d7cer6mqkmcp6ap/bafkreieyn6rlhuhb7zma75cwdsqpancstopg4xxzblftzciiqsrxh2ya5m@jpeg,did:plc:dda5ragj7d7cer6mqkmcp6ap,NA,0
kate-eviva.bsky.social,Kate-Eviva,https://cdn.bsky.app/img/avatar/plain/did:plc:d7uxufy3xx4hn37dzyexqrgz/bafkreih4rvcltgq74lrjmzudpe4oirw6cxa7hkd2cd2d2a4tqwdlqq7rem@jpeg,did:plc:d7uxufy3xx4hn37dzyexqrgz,NA,0
fionnbharr.bsky.social,Fionnbharr,https://cdn.bsky.app/img/avatar/plain/did:plc:cbpcxfm7j4rybd7gwsuia34m/bafkreidu7inwq6pta42ybsmyitsruomjc5labddtlwqsaonokfh5ter3aa@jpeg,did:plc:cbpcxfm7j4rybd7gwsuia34m,NA,0
cityintersect.bsky.social,Madeleine Lyes,https://cdn.bsky.app/img/avatar/plain/did:plc:b44iwb5bonjfj5gkk4qxm2gt/bafkreicjz5d6btdvvjyq63l5vg5pngtbk52ivp4agxow7blhvsgpf2zyvy@jpeg,did:plc:b44iwb5bonjfj5gkk4qxm2gt,NA,0
midearthling.bsky.social,Laura Mabingi (Laz),https://cdn.bsky.app/img/avatar/plain/did:plc:a2kcb5ls6tmjkbuzpkikfs4e/bafkreifgh53n4grkopllwxzlyakjllenwzp6y44i75k6s3hq7kj3tjtow4@jpeg,did:plc:a2kcb5ls6tmjkbuzpkikfs4e,NA,0
sgelliott.net,Gavin Elliott,https://cdn.bsky.app/img/avatar/plain/did:plc:6zs5dzbj465nby4rnixpzims/bafkreieb2o2ivq6qu7pmlegjkrsreozyddpi7s33i6recqzcv7hpmxs7xq@jpeg,did:plc:6zs5dzbj465nby4rnixpzims,NA,0
alexpigotireland.bsky.social,Alex Pigot,https://cdn.bsky.app/img/avatar/plain/did:plc:2en5pfoeeltri6m6ldonapej/bafkreignfitknwkcpswazeqf2d7m7bnk2r3qqixbzgnivjk4tr4fvlpqzu@jpeg,did:plc:2en5pfoeeltri6m6ldonapej,NA,0
antisabotage.bsky.social,Anti-Sabotage Operations Group,https://cdn.bsky.app/img/avatar/plain/did:plc:jxpzyel4jnw3m7eblld6k5wk/bafkreicwalgnnhiqbhmfza7sahx6kkljnang23e7qkucsll5zhjp6zgo2q@jpeg,did:plc:jxpzyel4jnw3m7eblld6k5wk,NA,0
monalisazelf.bsky.social,Mona Smitte,https://cdn.bsky.app/img/avatar/plain/did:plc:3xbusn6qwgakkgay4xv5p3d2/bafkreidc3kqopnmftifvkrxrglqxfocmpdow4ri6wzyjk5bbkhvml7x52i@jpeg,did:plc:3xbusn6qwgakkgay4xv5p3d2,NA,0
flowerpot13.bsky.social,,https://cdn.bsky.app/img/avatar/plain/did:plc:wvycoc24emgo6trl25vru3r7/bafkreigkfw2dwbszxqfbr3puwmucfvjzmwxc724f65pjz3oode32qedy2u@jpeg,did:plc:wvycoc24emgo6trl25vru3r7,NA,0
barbarascully.bsky.social,Barbara Scully,https://cdn.bsky.app/img/avatar/plain/did:plc:ktfawhelctnofifxasyz3lzi/bafkreia53a54nz3mwhuyhvli7srqfvk3vimznpwmahk24nawdgal5noq4a@jpeg,did:plc:ktfawhelctnofifxasyz3lzi,NA,0
mofette.bsky.social,Aileen E,https://cdn.bsky.app/img/avatar/plain/did:plc:zfuy6aokgaxubbyoegsexjw2/bafkreietkhy46lw2yrsvcxutkyqo2ig4af3isuqqemuyqs5i2637c2rdfe@jpeg,did:plc:zfuy6aokgaxubbyoegsexjw2,NA,0
nelsonrarebooks.com,Nelson Rare Books,https://cdn.bsky.app/img/avatar/plain/did:plc:ezf5g63lhhm4yvb3onebpjk2/bafkreid7c3aqgisyskqhp6ervuqmkfx67jb7idbhcjyjpmjgr5yqcswzmm@jpeg,did:plc:ezf5g63lhhm4yvb3onebpjk2,NA,0
drink.irish,Drink Irish,https://cdn.bsky.app/img/avatar/plain/did:plc:3pmvkvi67egnfpaofiocehyr/bafkreiffmektqnps3oh6jeqpzlovtz3csghampb7ids6brhlheomawyvgi@jpeg,did:plc:3pmvkvi67egnfpaofiocehyr,NA,0
plaintanjane.bsky.social,Nancy,https://cdn.bsky.app/img/avatar/plain/did:plc:epx5kbkcyr53y5egrh7hitld/bafkreifldqdi3su4jcptccqs74r4hivq2gil24e4k5uj3nesgoq5ewknsm@jpeg,did:plc:epx5kbkcyr53y5egrh7hitld,NA,0
lukedaly.bsky.social,Luke Daly,https://cdn.bsky.app/img/avatar/plain/did:plc:stnvk37xl6qf52drqeqieejf/bafkreigbbet5oc6d74iy77rvzwuf3ljbpvlckuebz6x4twycgpacv3rh74@jpeg,did:plc:stnvk37xl6qf52drqeqieejf,NA,3
miridescent.bsky.social,,https://cdn.bsky.app/img/avatar/plain/did:plc:7lfw3svfogx7kpq3skegsfvz/bafkreigk5fsjwjtnn76hr7wwazgrzjnz526khga2nqgnwucmc7vql72cou@jpeg,did:plc:7lfw3svfogx7kpq3skegsfvz,NA,0
hawkwinglb.bsky.social,Liz Bourke,https://cdn.bsky.app/img/avatar/plain/did:plc:4iohgbfmc5hj76kbeov6r23r/bafkreifvlbr7rbfdnimqzzzzpy6jsv4wdkd5c4ksm5atd66zottqbjyvby@jpeg,did:plc:4iohgbfmc5hj76kbeov6r23r,NA,0
kev85.bsky.social,Kevin,https://cdn.bsky.app/img/avatar/plain/did:plc:vjyqvxqtehz3jxu4hvrakxau/bafkreibdvqfiohrjrpamwm2h3adbu2p4feq6vthoogchwpg72lcwo53s7u@jpeg,did:plc:vjyqvxqtehz3jxu4hvrakxau,NA,0
greally.bsky.social,John Greally,https://cdn.bsky.app/img/avatar/plain/did:plc:tgxlyeez3pqlw2k4xd6rphd6/bafkreidl72wsitfbcxjbdzy3zm5ev2wirjky73sgtnannrsgfe2cidbgvm@jpeg,did:plc:tgxlyeez3pqlw2k4xd6rphd6,NA,0
fitzgeralddes.bsky.social,Des FitzGerald,https://cdn.bsky.app/img/avatar/plain/did:plc:ehwvtkdkue2escd6iiw7hjrw/bafkreidgmeek3yotta6qtfqdzbhffuctqzozxush5pikrais5trp3xwmte@jpeg,did:plc:ehwvtkdkue2escd6iiw7hjrw,NA,0
nigelmonaghan-nh.bsky.social,Nigel Monaghan,https://cdn.bsky.app/img/avatar/plain/did:plc:2megf4wm4zbyel5soyu7u7xk/bafkreiaajacoazxp4hmnyoehstzhdxrdrotymvxctzyyurxoqmdoerlyo4@jpeg,did:plc:2megf4wm4zbyel5soyu7u7xk,NA,7
teagmhail.bsky.social,,https://cdn.bsky.app/img/avatar/plain/did:plc:p2kfdelersn4qhc3purrjssm/bafkreieismivss2giqzogmsyymyukhpim2qttvdhcmfmeoxkpusjepkzvi@jpeg,did:plc:p2kfdelersn4qhc3purrjssm,NA,0
rflong.bsky.social,Ruth Frances Long / Jessica Thorne,https://cdn.bsky.app/img/avatar/plain/did:plc:uxplcqjq4hnmqjsljnq4lv5x/bafkreiev73k6q3v5y6bgptq53oouf5fh4dyetapsqoajx3b5scyye5lkmy@jpeg,did:plc:uxplcqjq4hnmqjsljnq4lv5x,NA,5
tweetinggoddess.bsky.social,Samantha Kelly ,https://cdn.bsky.app/img/avatar/plain/did:plc:wivivwbfobbaljwpgrkndm2x/bafkreiazrbycws2yymjk6oeulf25o4bmoshyjsforzjvh3dbcxvguy3fcu@jpeg,did:plc:wivivwbfobbaljwpgrkndm2x,NA,0
bullivant.bsky.social,Bullivant,https://cdn.bsky.app/img/avatar/plain/did:plc:32awx47pm4zod5w2pqxhvixl/bafkreig6lx3gps6cus3nwdqzt5hckq2hydzpg2gkytyjulpqlaktsyhxpa@jpeg,did:plc:32awx47pm4zod5w2pqxhvixl,NA,0
moniquedhooghe.bsky.social,monique d'hooghe ♿ they/she,https://cdn.bsky.app/img/avatar/plain/did:plc:iu32pd4oj6bch6krla3untob/bafkreiau36nu4ztleuqqilo7twagqgj6jdbedencuz7ku5j7h3mxckmrqy@jpeg,did:plc:iu32pd4oj6bch6krla3untob,NA,0
fidaisyg.bsky.social,Fi Daisy G,https://cdn.bsky.app/img/avatar/plain/did:plc:fejrohqiuqt74rova2vp45of/bafkreihvuzi4vscvhyfymdzfyg6vytchertokx5lua56pcx2qalwzd6lti@jpeg,did:plc:fejrohqiuqt74rova2vp45of,NA,0
johnraftery.bsky.social,John Raftery,https://cdn.bsky.app/img/avatar/plain/did:plc:zo4wwupyfxttu5iaat6y34dl/bafkreiew4q7a5s3724q4jcnzgeazm7dfspf4ps7uznuhf32z7l5ube3sd4@jpeg,did:plc:zo4wwupyfxttu5iaat6y34dl,NA,0
mickmca32.bsky.social,Mick,https://cdn.bsky.app/img/avatar/plain/did:plc:5inemczkhapmat5gixkdsqgw/bafkreiayrzsvpb52kyfibpu2pn6la2coicril3d7fts3sl3ukrbwseajta@jpeg,did:plc:5inemczkhapmat5gixkdsqgw,NA,0
ucdpress.bsky.social,UCD Press,https://cdn.bsky.app/img/avatar/plain/did:plc:xpxjaveaqx3qwzzh4i5yjahh/bafkreietrnr54uuyeedzzrj744227qzwq3cs6ev3yevfq5euf2r3spjb2m@jpeg,did:plc:xpxjaveaqx3qwzzh4i5yjahh,NA,0
redwalker.bsky.social,Andy Walker,https://cdn.bsky.app/img/avatar/plain/did:plc:xfm6ra4wym2y53w3nuvv4ldf/bafkreiaybkhrf25tins3hmh6le3rqmp762wduyi74yucyhatyz3yijxrua@jpeg,did:plc:xfm6ra4wym2y53w3nuvv4ldf,NA,0
junec.bsky.social,June Caldwell,https://cdn.bsky.app/img/avatar/plain/did:plc:sh6rd5zgvwl5ucb2c7sz6atn/bafkreihbjuv47kkf5pfo646pdcmucmvkmwjtyboglo6k7gwmyjvfh7lcwa@jpeg,did:plc:sh6rd5zgvwl5ucb2c7sz6atn,NA,0
thriveabetes.bsky.social,Thriveabetes,https://cdn.bsky.app/img/avatar/plain/did:plc:qywcmx577hlrhttfeurxgqp4/bafkreigxz3n5wrt6x3au3j3dvnag47xvzhosnhhihdutcyb7ggibpvmkou@jpeg,did:plc:qywcmx577hlrhttfeurxgqp4,NA,2
owenoshea.bsky.social,Dr. Owen O'Shea,https://cdn.bsky.app/img/avatar/plain/did:plc:og2pmvvyp4hht7hq5qcrisjv/bafkreia6dl4seu2fjaum7xuojkhdodtp5i6e7dtxg2bl3w5k3dxvqlitqa@jpeg,did:plc:og2pmvvyp4hht7hq5qcrisjv,NA,0
earley.bsky.social,kelly,https://cdn.bsky.app/img/avatar/plain/did:plc:lx777vd2wfdelbdggmkn7tia/bafkreigxixo3slain5qzcszrqxo3cy3lolczwlekbk7gpalgjn3bk4rwsi@jpeg,did:plc:lx777vd2wfdelbdggmkn7tia,NA,0
orlaegan1.bsky.social,Orla Egan she/her,https://cdn.bsky.app/img/avatar/plain/did:plc:ek6kvqen34uiu3ctdfyutjcw/bafkreibiqt22pks3wcuyjnz6tjs75dgvt7p6x2g4kode6ph2zunt6jsp4i@jpeg,did:plc:ek6kvqen34uiu3ctdfyutjcw,NA,34
emilycross.bsky.social,☔️⚡️Emily Cross 💜🌛,https://cdn.bsky.app/img/avatar/plain/did:plc:b5s2fg5mkl7mxkilrptl4sz6/bafkreialn2zuoe7r5etwao67staubh7mgc7f3swj4hyaptvl4famm4pf4e@jpeg,did:plc:b5s2fg5mkl7mxkilrptl4sz6,NA,0
aminasamee.bsky.social,Amina Samee,https://cdn.bsky.app/img/avatar/plain/did:plc:ah2fjmjoocoo3udnfubitrfn/bafkreihunrommdldw2a75qv7psiaxdbilia2hjturdr52l7jdq26he2ma4@jpeg,did:plc:ah2fjmjoocoo3udnfubitrfn,NA,0
clairemullaly.bsky.social,Claire Mullaly,https://cdn.bsky.app/img/avatar/plain/did:plc:a2hpmitghxyqkwy4ljhs3bhl/bafkreiacfjlpav3mnsx6g6cbkfxjbtuaw3bpk7cnrerh7g5yoi5srteqma@jpeg,did:plc:a2hpmitghxyqkwy4ljhs3bhl,NA,0
clareogw.bsky.social,Clare O'Grady Walshe,https://cdn.bsky.app/img/avatar/plain/did:plc:4ojysl4iny3nr2nh2yyuizjh/bafkreifl4yaa5pjhzzfph5j5icozc3brfoabrhdk7zn3o6xq6vacctujpy@jpeg,did:plc:4ojysl4iny3nr2nh2yyuizjh,NA,0
gnielsenart.com,G Nielsen,https://cdn.bsky.app/img/avatar/plain/did:plc:u3tbvzcmvqlvqkij3clcrugr/bafkreib3xdwlrxvgryki3ips2n6sh7ievzqxdzy67yntq5bkspzr6onoma@jpeg,did:plc:u3tbvzcmvqlvqkij3clcrugr,NA,0
declander.bsky.social,Declan Reilly,https://cdn.bsky.app/img/avatar/plain/did:plc:thuu4p4lr7wixoxeoyhtiyl4/bafkreib762y546af3mzfzp7uv6aqkrflv63swejcxdykgnhvko6cnpvqce@jpeg,did:plc:thuu4p4lr7wixoxeoyhtiyl4,NA,0
keithadams.bsky.social,Keith Adams,https://cdn.bsky.app/img/avatar/plain/did:plc:biigqh7qghkxsyfkat5gpjsh/bafkreieurrlbleakgngtvxg32v6nt7gichpzpqke5y4zmvgfdgdrzuolqe@jpeg,did:plc:biigqh7qghkxsyfkat5gpjsh,NA,0
ernekid.bsky.social,Conor,https://cdn.bsky.app/img/avatar/plain/did:plc:aokun7ktw65zn7esn3o4tikm/bafkreifebv54yx63sabrwgyvzkaozbapyzqpumbsmbwi6pvaga377w5ll4@jpeg,did:plc:aokun7ktw65zn7esn3o4tikm,NA,0
evegoldenwoods.bsky.social,Eve,https://cdn.bsky.app/img/avatar/plain/did:plc:5ndv3nwkgbmzgaz3br56s4la/bafkreibuj3dpdgcwclrwujm3ak5zbevlv5yofmm2wh6xbta4ebsjfyaxoe@jpeg,did:plc:5ndv3nwkgbmzgaz3br56s4la,NA,0
kevinhargaden.bsky.social,Kevin Hargaden ,https://cdn.bsky.app/img/avatar/plain/did:plc:4mfnimq46zx52nisnap56vr6/bafkreigm75izygzmle55i763nl4htyji6osrzyyctmdaixtlwup7ufd52i@jpeg,did:plc:4mfnimq46zx52nisnap56vr6,NA,0
tashabovain.bsky.social,Tasha Bovain,https://cdn.bsky.app/img/avatar/plain/did:plc:wdkpfxft3cjhrmi3z77hlila/bafkreibf45sog2sbbsmjfctfqdst5mzoaui2t3vasxofk6m56mdmc7h6m4@jpeg,did:plc:wdkpfxft3cjhrmi3z77hlila,NA,0
phantasm26.bsky.social,Phantasm,https://cdn.bsky.app/img/avatar/plain/did:plc:vvhdobud7eq5jmcfpxid3xcf/bafkreibfnrf2tsg3zicevmsmhzs36iavxuusbea5kzdnyrpguamr4xpwea@jpeg,did:plc:vvhdobud7eq5jmcfpxid3xcf,NA,0
hyperionpsn.bsky.social,Hyperion 🧡🕷️🕯️🦇💙,https://cdn.bsky.app/img/avatar/plain/did:plc:vqngsumzpmvsbyfkxemquym4/bafkreibt7rij6jyxi4np4irfnkosh2ob2m22mm7s6tcudpe2mtdyzz7aca@jpeg,did:plc:vqngsumzpmvsbyfkxemquym4,NA,0
saraflacci.bsky.social,🩷🕊 Sara Flacci,https://cdn.bsky.app/img/avatar/plain/did:plc:tcsmnoyxr4tbr2qbia3kd7nd/bafkreid6g4szwcv5p65w3s2kbgs6jyxnqeeay4oysb2q2xc2izpmoj4p5u@jpeg,did:plc:tcsmnoyxr4tbr2qbia3kd7nd,NA,0
mikybartoli.bsky.social,Carlo Reggiani ,https://cdn.bsky.app/img/avatar/plain/did:plc:rujxi45dfld57cr7hl5qmeng/bafkreigm77g3mtq2pom2u75obwfdmbi6w34smmc7eaoffxs6pimmm2czdy@jpeg,did:plc:rujxi45dfld57cr7hl5qmeng,NA,0
jameshut.bsky.social,James Hutchinson,https://cdn.bsky.app/img/avatar/plain/did:plc:ktghhke5jffkaykzwojv453p/bafkreigwrf7tsvl6d6jid6dwome55dsfxpnfbbrrqqfa7xza2ifna66kea@jpeg,did:plc:ktghhke5jffkaykzwojv453p,NA,0
loveaspurpose.bsky.social,,https://cdn.bsky.app/img/avatar/plain/did:plc:jntd2rdkursdk6leldfxkvk4/bafkreia5mkhvdckevm4q7dkdw65fcowpk5tpwuzpcnhiuiyytkl7hceshi@jpeg,did:plc:jntd2rdkursdk6leldfxkvk4,NA,0
potetan87.bsky.social,緋色＠あっそう,https://cdn.bsky.app/img/avatar/plain/did:plc:jn7xip75b5rlawk7e66ker32/bafkreifugopxeviwm5w5qu6orbzpytm6xqs5i24wryktk5hkwfi6t2e53e@jpeg,did:plc:jn7xip75b5rlawk7e66ker32,NA,0
marietteg.bsky.social,Mariette 🇧🇪 💙 Liège,https://cdn.bsky.app/img/avatar/plain/did:plc:hktoouk5q7mce3npbt6czsnr/bafkreiewsfd55q62lcz33whjzwhirpyujan7gwmlpkm5t44sv6nx7s3s34@jpeg,did:plc:hktoouk5q7mce3npbt6czsnr,NA,0
pennanbrae.bsky.social,Pennan Brae,https://cdn.bsky.app/img/avatar/plain/did:plc:cslt2ikr7sc23hp3xkijhhmp/bafkreiaksg22owur4uw4rhxs3ms7gjl4ehnyxvefrsuidhkc3nmy7jr36q@jpeg,did:plc:cslt2ikr7sc23hp3xkijhhmp,NA,0
pathwaymoments.bsky.social,Meandering M🌿,https://cdn.bsky.app/img/avatar/plain/did:plc:cr2op5vm5yjr2c6qrwkcvgvc/bafkreigs7vjoniqf2road2snf6osqgpa3xffbjh7xlzjmffeyjffanvn4a@jpeg,did:plc:cr2op5vm5yjr2c6qrwkcvgvc,NA,0
jaycee-visionlogic.bsky.social,Jaycee Crawford / Vision Logic Images,https://cdn.bsky.app/img/avatar/plain/did:plc:a5z3jfnztow5x7zdeuwdavd5/bafkreib3zb35wttcbkcygi45bsiakwoobmav2z2snh5rqa63kfsqpxhkxm@jpeg,did:plc:a5z3jfnztow5x7zdeuwdavd5,NA,0
paulwelsh89.bsky.social,Paul Welsh,https://cdn.bsky.app/img/avatar/plain/did:plc:7dk5eo6znnaq2uobwpxvkpoi/bafkreigd2nhvodkhe5uii42et3jcgucpbigdzznjxadtzb6vb5o5lrxagy@jpeg,did:plc:7dk5eo6znnaq2uobwpxvkpoi,NA,0
skriley.bsky.social,S. K. Riley,https://cdn.bsky.app/img/avatar/plain/did:plc:6shp5azrbrc56pibibg2n7ti/bafkreiaa3z7ja5plhfya4aulgw5adbudxbqzxmecouzn6iqbzyhozxqiwq@jpeg,did:plc:6shp5azrbrc56pibibg2n7ti,NA,0
ajdaugaard.bsky.social,Annette J Daugaard,https://cdn.bsky.app/img/avatar/plain/did:plc:5agcaqeja4gr3hllehtexb2d/bafkreifj4eociwss3otfohhgcrcieixjkv3y5qo7b6kkf3tvownwvwztv4@jpeg,did:plc:5agcaqeja4gr3hllehtexb2d,NA,0
bearysweet.bsky.social,Acid Rain,https://cdn.bsky.app/img/avatar/plain/did:plc:52grrl7l5wicetkuhvkjafjd/bafkreiaqhmziy5qzegeq2x2sxg6cg4ngr64h66lpsrwjcxm2sllylx34da@jpeg,did:plc:52grrl7l5wicetkuhvkjafjd,NA,0
janephuong.bsky.social,jane phượng (she/her) Ngunnawal Country,https://cdn.bsky.app/img/avatar/plain/did:plc:2rctdzxtvbl3wbdmnqvzccxb/bafkreid5dm4ejldinflufwq6dnymyjcrxob7265653ooj6qmrvs3p3a2om@jpeg,did:plc:2rctdzxtvbl3wbdmnqvzccxb,NA,0
wendybohtkhamsin.bsky.social,Wendy Böht-Khamsin,https://cdn.bsky.app/img/avatar/plain/did:plc:2f5rdubq3sj2rduxfmh4qcxi/bafkreidn33gpqufjvzpkq3he5bv6f65frjqp5rrklwupi7rlbm4s4jxdke@jpeg,did:plc:2f5rdubq3sj2rduxfmh4qcxi,NA,0
acefromouterspace.bsky.social,Secret Third Thing ,https://cdn.bsky.app/img/avatar/plain/did:plc:i7ehf27tvt3bucjcxommpmpu/bafkreibg74cstyuqe4dqi36ncm3fcnrddawq3tjx5xx4ezc6wi4eerazb4@jpeg,did:plc:i7ehf27tvt3bucjcxommpmpu,NA,0
heleneblanchard.bsky.social,⚜️ Helene Blanchard 🇨🇦🇫🇷🇦🇺,https://cdn.bsky.app/img/avatar/plain/did:plc:z5bvtbqfe33jsie4hubxwuaw/bafkreianc3xacolwialvh2prxm7cyc7zzj2heutbpywcriofor7kk5c7oe@jpeg,did:plc:z5bvtbqfe33jsie4hubxwuaw,NA,0
tommythepirate.bsky.social,Tommy O'Malley 💙,https://cdn.bsky.app/img/avatar/plain/did:plc:vceedpk4uzpgxi4mkccymi2u/bafkreibrexrb344ro7opt3mt52dxzzohg6xj6ojpg4sb5lln5kixf3nasq@jpeg,did:plc:vceedpk4uzpgxi4mkccymi2u,NA,0
nonlinearbotanist.bsky.social,George,https://cdn.bsky.app/img/avatar/plain/did:plc:uo2dxxsotdgksnnobtewwaqp/bafkreia5im7mqtczxouhx747zfkscg4vjur6q7b7smkr47xcekaffejzze@jpeg,did:plc:uo2dxxsotdgksnnobtewwaqp,NA,0
tardley.bsky.social,tardley,https://cdn.bsky.app/img/avatar/plain/did:plc:po2u5fhvwvgrjzqwbrk2zyst/bafkreib567ola3bu7sjdy7qwtjzzwwc64p4dtvdpkt7nyukgug6vxfxyzu@jpeg,did:plc:po2u5fhvwvgrjzqwbrk2zyst,NA,0
staceylscott.bsky.social,Stacey L. Scott 🌹,https://cdn.bsky.app/img/avatar/plain/did:plc:ojjm24bltwuaxgk43w2cqoy2/bafkreibkjvhuzhcmq4ele4vikxakawpbbmdvdeyr3kugsposjs6zf7v5oe@jpeg,did:plc:ojjm24bltwuaxgk43w2cqoy2,NA,0
carolinablueskies.bsky.social,Ron,https://cdn.bsky.app/img/avatar/plain/did:plc:hyuufs2bcnmzldwhl24u6qcq/bafkreibkrfs5bmwyko7l5kaxbvqxysbermv2hhszvb44v7sktsykb2tcfm@jpeg,did:plc:hyuufs2bcnmzldwhl24u6qcq,NA,0
spilledbeanss.bsky.social,Spilledbeans 💜🇧🇬,https://cdn.bsky.app/img/avatar/plain/did:plc:gorvgyq2jo4un5nhdjhzszvj/bafkreibfrv4wcewwji6rcg44xriz4tme7xycia5x75g5nky4s7tz77e3om@jpeg,did:plc:gorvgyq2jo4un5nhdjhzszvj,NA,0
mdclifford.bsky.social,BlueYankeeClifford,NA,did:plc:byhnvd6efdrr2a6qb6rvlr54,NA,0
freshwaterdeity.bsky.social,Dew Droppin' Deity,https://cdn.bsky.app/img/avatar/plain/did:plc:audtk2l3shkzwtxmmi6qmav5/bafkreic2hbjob2pswwqpsyq4ursge4jtuglkcyghzykcscc4ppknqrzbyy@jpeg,did:plc:audtk2l3shkzwtxmmi6qmav5,NA,0
gabrielstravels.bsky.social,The relentless traveller,https://cdn.bsky.app/img/avatar/plain/did:plc:7w7yqlfftxsorp4uzlv5mwoy/bafkreib3n2enydnezl7rthhchemzha7o34gya5s7c5ckxxkgyb7dcose2y@jpeg,did:plc:7w7yqlfftxsorp4uzlv5mwoy,NA,0
kj2025.bsky.social,KateJ Blue Refugee,https://cdn.bsky.app/img/avatar/plain/did:plc:7gjwegnpjc4n52zxumcxe77f/bafkreih2mbsaimxfxysm3vgsb6kqm6qpbnbst4uimc5uvmre3guexk7p5a@jpeg,did:plc:7gjwegnpjc4n52zxumcxe77f,NA,0
sunshineevh59.bsky.social,Sunshine,https://cdn.bsky.app/img/avatar/plain/did:plc:5qqvwmmvr4spdouktxt3sxy3/bafkreieqgmy6tuxxhtskvggmzjhdsxrst7ehi7txiohfnlxs2rqqpzagve@jpeg,did:plc:5qqvwmmvr4spdouktxt3sxy3,NA,0
norulebysecrecy.bsky.social,No Rule By Secrecy,https://cdn.bsky.app/img/avatar/plain/did:plc:32f2lgeqdou37vhhltr75ch4/bafkreifyh3rg2gfw3cbms4sw2ao44aslkchakdrirmdvr7bj4otgzpehje@jpeg,did:plc:32f2lgeqdou37vhhltr75ch4,NA,0
laury24.bsky.social,granaudy,https://cdn.bsky.app/img/avatar/plain/did:plc:2tvsdiqugektofpj4w2cxvov/bafkreigrzlsfgq5qpgmzokjzxpxas5conxomnbml5cdo2dzwhreijas2re@jpeg,did:plc:2tvsdiqugektofpj4w2cxvov,NA,0
elyagtreip.bsky.social,RespectfulLimeyinCanada,https://cdn.bsky.app/img/avatar/plain/did:plc:2r4wnpzrmz2j27cwexxvjivz/bafkreidubf6hcwkiqh3ncxsiwjbhrssjluiwcbzhdodngzgotur4bv7oay@jpeg,did:plc:2r4wnpzrmz2j27cwexxvjivz,NA,0
elacatstan.bsky.social,Ela 🏴,https://cdn.bsky.app/img/avatar/plain/did:plc:uvdkj65ewl23i5eni3sn5krt/bafkreiayznnu3uz3p3oihq2edoyway7zlkbrfjoneswtm445jhwhrqbfle@jpeg,did:plc:uvdkj65ewl23i5eni3sn5krt,NA,1
come-oon-man.bsky.social,Latté Liberal💫,https://cdn.bsky.app/img/avatar/plain/did:plc:oglll2fnayqptie5c6l53qck/bafkreibbdd4c5kenog5b34fqitwri2jylwhg2ihe2hqmx7743ix37hwqri@jpeg,did:plc:oglll2fnayqptie5c6l53qck,NA,0
marekmcgann.bsky.social,Marek,https://cdn.bsky.app/img/avatar/plain/did:plc:yuw3zcl23n3n6cjlbx7dgo55/bafkreigjrkjtgdjlfeqnditrmhqsqh6ciucm5lsv4gnqnkwm4fcdodv4ai@jpeg,did:plc:yuw3zcl23n3n6cjlbx7dgo55,NA,0
ickletayto.bsky.social,Ickletayto,https://cdn.bsky.app/img/avatar/plain/did:plc:vb4uebzk5oj7efjov6tkc67m/bafkreidamhcgqvdx64gsnk6qyjwd76scb3t4ljt73ipcmpzl4xoyp7efsi@jpeg,did:plc:vb4uebzk5oj7efjov6tkc67m,NA,0
antiqueight.bsky.social,Antiqueight,https://cdn.bsky.app/img/avatar/plain/did:plc:prbumauwxd6ekd7hmldryry6/bafkreiehs54h6m5x7d4oetkxrogov6z4g4h7kqqrpt4ypwiafwigvy32ia@jpeg,did:plc:prbumauwxd6ekd7hmldryry6,NA,0
julietemckenna.bsky.social,Juliet E McKenna,https://cdn.bsky.app/img/avatar/plain/did:plc:hpqq4ke7r4q4nbd3lifqxyfu/bafkreiadk3xp45tczaiwemu7ebe4xdfchno6wik62ckj6qcs4hgrwghn6u@jpeg,did:plc:hpqq4ke7r4q4nbd3lifqxyfu,NA,0
irishwriterscentre.bsky.social,Irish Writers Centre,https://cdn.bsky.app/img/avatar/plain/did:plc:fqwrbhfiwr22karmdbee3nz7/bafkreiaoy75iv2yee33ogrli27viadxrh2uy2rohk6upyg6my3edcvnstu@jpeg,did:plc:fqwrbhfiwr22karmdbee3nz7,NA,0
orchardvillian.bsky.social,OrchardVillian,https://cdn.bsky.app/img/avatar/plain/did:plc:f75vp6memdclfhfblo5hurjg/bafkreie7wiwplc7ongewepn5s5hvnuqymn24rghqwrfggvp67jlj2v2gnq@jpeg,did:plc:f75vp6memdclfhfblo5hurjg,NA,0
westwaterfordag.bsky.social,West Waterford Arts Group,https://cdn.bsky.app/img/avatar/plain/did:plc:e5fgsmuxol432zicd2fbyzck/bafkreiele2mzfeykptnvcj5scgy3n2ybdtbxxs4gztnmc7zbigg3sy6eai@jpeg,did:plc:e5fgsmuxol432zicd2fbyzck,NA,0
ajorgensen.bsky.social,Annette Jorgensen,https://cdn.bsky.app/img/avatar/plain/did:plc:habbzrlf5qwkegoxgwk6urcf/bafkreidh42p7ztwbsp56ryn67ddwwpflu44t2vbhueq4e7bk2t6olnutne@jpeg,did:plc:habbzrlf5qwkegoxgwk6urcf,NA,6
rdisc0mb0bulate.bsky.social,Rosie Posie 🏳️‍🌈 (Róisín) (Ro) (RoRo),https://cdn.bsky.app/img/avatar/plain/did:plc:v6y63c54iecyzlxp3vrxvwv2/bafkreia6ric4hpuaxsolcpzvkuev6vxexjdxuexf3yxf7yy6boxrziz3si@jpeg,did:plc:v6y63c54iecyzlxp3vrxvwv2,NA,81
billcorbett.bsky.social,Bill Corbett,https://cdn.bsky.app/img/avatar/plain/did:plc:yfyg7lj7atao6krdbaqaci35/bafkreiauqgjv2awby5eazcvsa5nrjlkkapkac7bn646egnrjswhqfj3dn4@jpeg,did:plc:yfyg7lj7atao6krdbaqaci35,NA,0
theomegageek.bsky.social,Dr. Omega 🦞,https://cdn.bsky.app/img/avatar/plain/did:plc:xnikw2pdacgfkbwingsppgdj/bafkreicz73icgzfa5rjd4qotbgzijsvqstobwyzoxd27y2q2eqtrlxpn34@jpeg,did:plc:xnikw2pdacgfkbwingsppgdj,NA,0
cascaolas.bsky.social,Cascaolas,https://cdn.bsky.app/img/avatar/plain/did:plc:xmjagovulhrayoqkflbz242v/bafkreifnzxcb63jd6d6er5mtghd376dh5rlymk3ckmdjxckwyyxflwxgdm@jpeg,did:plc:xmjagovulhrayoqkflbz242v,NA,0
darkxaur.bsky.social,Darkxaur,https://cdn.bsky.app/img/avatar/plain/did:plc:smioif3h2j52vldevdj77fsa/bafkreieqcfeddn7entjvwb7qfaq32nzvakk7ka2jviolulv5nz3b7jomwi@jpeg,did:plc:smioif3h2j52vldevdj77fsa,NA,0
scratchbomb.bsky.social,Gravy Yacht,https://cdn.bsky.app/img/avatar/plain/did:plc:ptlgu62knciqxeb2iljcyt5n/bafkreietb4rduuc4ndykkb426vq6clfeidyeivmklupmbw5kb3arvk2jla@jpeg,did:plc:ptlgu62knciqxeb2iljcyt5n,NA,0
actualnames.bsky.social,Actual names,https://cdn.bsky.app/img/avatar/plain/did:plc:pbp3athxw7d6d34od4vkeqcf/bafkreidmtkqgmoyajm4yqxi4eq5yssgktwwl6hivkiazla4ysv2jf46pna@jpeg,did:plc:pbp3athxw7d6d34od4vkeqcf,NA,0
semiapies.bsky.social,Eric the .5b,https://cdn.bsky.app/img/avatar/plain/did:plc:or274yvcujjqsf6q7b5hqcsf/bafkreihyazxd6cabmxoyohm3y7fs6li66vm5nndb75vqymg7flz36bkbw4@jpeg,did:plc:or274yvcujjqsf6q7b5hqcsf,NA,0
trav333.bsky.social,TraV333 🎨🛠 he/him,https://cdn.bsky.app/img/avatar/plain/did:plc:lubfsequ3zji2yxemyflvmsx/bafkreicdrqg7fkoorcptefmev2pqgx22mm3ldmdzgt7kh7htfgbiijauau@jpeg,did:plc:lubfsequ3zji2yxemyflvmsx,NA,0
msnap.bsky.social,MSnap,https://cdn.bsky.app/img/avatar/plain/did:plc:iqmewxvzvksohcilj2zukh4w/bafkreibc5g4zua36dgkwq54bzbxhbj45coeopv2qbmv6zetekjgbtdwyu4@jpeg,did:plc:iqmewxvzvksohcilj2zukh4w,NA,0
hollia.bsky.social,Angela 🐱💙 💛🌻,https://cdn.bsky.app/img/avatar/plain/did:plc:ejfegxb476k37h5sbggvsqiz/bafkreibalcf6piptaqdiq53a2x3cgeh7ddkthgu5pvo4hw7d6tzqhzidba@jpeg,did:plc:ejfegxb476k37h5sbggvsqiz,NA,0
bassjunkiiiie.bsky.social,bassjunkiiiie,https://cdn.bsky.app/img/avatar/plain/did:plc:e6vri4wmhquwemrroespmsur/bafkreicaxq35ckquvuedx4jaaklelf6dgils4uptmoyax2wwprubddwpom@jpeg,did:plc:e6vri4wmhquwemrroespmsur,NA,0
roisin.gobirds.online,@roisin@jorts.horse on mastodon,https://cdn.bsky.app/img/avatar/plain/did:plc:e2uc7mg4wld3v47lsz3a3nrl/bafkreifh7ujz2fsev7bvpzafivmwku3ncktazb6zfse4ch2ha6pwiexhzy@jpeg,did:plc:e2uc7mg4wld3v47lsz3a3nrl,NA,0
happybunny.bsky.social,we can have nice things,https://cdn.bsky.app/img/avatar/plain/did:plc:dva3iyqu6drjywx5n5obfsjd/bafkreibpnwsqm6dmlmamcd3vzbqxo5i7ziw7y5x2alqblixhpqei73rizm@jpeg,did:plc:dva3iyqu6drjywx5n5obfsjd,NA,0
elphaba.bsky.social,Elphaba Trollop,https://cdn.bsky.app/img/avatar/plain/did:plc:b6aej2c22fmxsepxznkjmyoo/bafkreibn5fg6nsyme3p45u6mclepzekrzijf4lyand2467psdd6la5nhde@jpeg,did:plc:b6aej2c22fmxsepxznkjmyoo,NA,0
joannatheiss.com,Joanna Theiss,https://cdn.bsky.app/img/avatar/plain/did:plc:acwhmjras54rknn5m5eha3zv/bafkreidfl7glqsijwlk4ae3h22g4na4q2oimmfd46hluyzxd2ay24yy7qa@jpeg,did:plc:acwhmjras54rknn5m5eha3zv,NA,0
serisothikos.bsky.social,A Quaint Duck,https://cdn.bsky.app/img/avatar/plain/did:plc:7v6j4uh5szsddod5ys23osqw/bafkreib5pm7s7gz4qycbkd4fpmqu23ture32eamqhq2jvin6ff7sdnvnmu@jpeg,did:plc:7v6j4uh5szsddod5ys23osqw,NA,0
reginasrand.bsky.social,"Ill, Mooned By Triple Labubus",https://cdn.bsky.app/img/avatar/plain/did:plc:2t6sx4aemskos53deaqd6qcl/bafkreihivctimn2vmfkjfmrlb42znxelesnrtf5gevrbn6ctq4vwesbii4@jpeg,did:plc:2t6sx4aemskos53deaqd6qcl,NA,0
jamreads.com,Jamedi,https://cdn.bsky.app/img/avatar/plain/did:plc:erjqyfh5crmnbqezbtewdn5u/bafkreid2f354hrijt2gqg7nzpw7epwflrkt4epk77yuaezgfvqawned7qi@jpeg,did:plc:erjqyfh5crmnbqezbtewdn5u,NA,0
nemone7.bsky.social,Nemone7,https://cdn.bsky.app/img/avatar/plain/did:plc:cayddwsyjvlslmruaebt2xf5/bafkreienhjxpzsmx5mrx7pyxuuktgj4ituwv2rxah4aimbrjz4prnoc2ce@jpeg,did:plc:cayddwsyjvlslmruaebt2xf5,NA,0
diggles.bsky.social,🍂🍁🌻Diggles (she/her)🍂🍁🌻,https://cdn.bsky.app/img/avatar/plain/did:plc:z6wwta7lz7dxzrq3o7x5apcz/bafkreidfpvdsaglkmaotbyukq7imr7t4itgokl7qfnrjaxkqh7d54ff7j4@jpeg,did:plc:z6wwta7lz7dxzrq3o7x5apcz,NA,0
glider.bsky.social,Helen McCarthy,https://cdn.bsky.app/img/avatar/plain/did:plc:n7bdmwpmk6wuynm4yam76nen/bafkreiacygfb6pbu74hmukbwltxss5nzlb76ojetzcow3zsbuuye452iju@jpeg,did:plc:n7bdmwpmk6wuynm4yam76nen,NA,0
kernow.bsky.social,Kernow 〓〓,https://cdn.bsky.app/img/avatar/plain/did:plc:kdudp4ugzqw2jma5nuyb2yy3/bafkreibnott3rvyjcztrxs5dacgby7nyjxzxlmm6zhy777fysw2ox4z4qq@jpeg,did:plc:kdudp4ugzqw2jma5nuyb2yy3,NA,0
profingrid.bsky.social,Ingrid Sharp ,https://cdn.bsky.app/img/avatar/plain/did:plc:awlzh2q6o6cy2p3wl3xs7ltj/bafkreihf3esoo4mq3s4e75vgqw6aic4gxiw6hs2vyjmqbpiiybr4xpwkyi@jpeg,did:plc:awlzh2q6o6cy2p3wl3xs7ltj,NA,0
capallfada.bsky.social,Martin,https://cdn.bsky.app/img/avatar/plain/did:plc:6wkgrhecmbohjw2mqbzkqrd2/bafkreigl6uxe4usm2tmte7ioemeqg2ozzdzlx5zkmjkripfo2bb54rapj4@jpeg,did:plc:6wkgrhecmbohjw2mqbzkqrd2,NA,0
irishbeefcakes.bsky.social,Michael Redmond,https://cdn.bsky.app/img/avatar/plain/did:plc:p2gz5tjnevobidns4w3guzxm/bafkreidxlixc76l6knwxfnwrlh3bbxl7rrropwrwlvfimlmxd6vbbc6r2e@jpeg,did:plc:p2gz5tjnevobidns4w3guzxm,NA,0
oceanclub.bsky.social,Dr Neutopia,https://cdn.bsky.app/img/avatar/plain/did:plc:fowxeimonpawlp4owiv24zjm/bafkreiarg5rjd2xuc2kcdoclefqklp6t3zrcy67c47mykos3tibo5c4anm@jpeg,did:plc:fowxeimonpawlp4owiv24zjm,NA,0
elaineactivism.bsky.social,Elaine Baker,https://cdn.bsky.app/img/avatar/plain/did:plc:cmjbcsjqdvupg7houb6yebdq/bafkreicqtoy6ynbpf4nbxmlmt4cnid4a55nire6w6bkwd2wdmnumlavbgy@jpeg,did:plc:cmjbcsjqdvupg7houb6yebdq,NA,0
neverlost.bsky.social,Neverlost,https://cdn.bsky.app/img/avatar/plain/did:plc:byogdud45ubnauhlnpkxhsy4/bafkreih2ogemkhtec23xjl6xbj4smxbuqsu33keystnqp7ar3wqp67btcm@jpeg,did:plc:byogdud45ubnauhlnpkxhsy4,NA,0
eibhear.gibiris.org,Éibhear Ó hAnluain,https://cdn.bsky.app/img/avatar/plain/did:plc:23mysztmt7dh3l5lzhinzafi/bafkreigefc5fjofn5g6bt74nzt2ekqv2udkbmpuqp7raoq2qopohphjxba@jpeg,did:plc:23mysztmt7dh3l5lzhinzafi,NA,1
mickb290.bsky.social,Micheál Bennett,https://cdn.bsky.app/img/avatar/plain/did:plc:7l2ta3wudg4sfnbkyrwiwqr3/bafkreib2k7jwtk2es65lt4yqitnakodpos5n4i7sddfhhh2jdbjvqqmz2y@jpeg,did:plc:7l2ta3wudg4sfnbkyrwiwqr3,NA,0
drandrewboswell.bsky.social,Dr Andrew Boswell #ClimateLitigation,https://cdn.bsky.app/img/avatar/plain/did:plc:ptqsmvmjxpzupiuch6sx6xey/bafkreif7fdold3y66woalelqn2kl3ujczymjacpydmpy54jywcvrfaeol4@jpeg,did:plc:ptqsmvmjxpzupiuch6sx6xey,NA,0
byhedge.bsky.social,Mark Robins,https://cdn.bsky.app/img/avatar/plain/did:plc:j34fhqzasiakqgap2qfiw5vx/bafkreiadu55bfigwo7yxg7vvuvt7iv4ii3wtpplhkubzu5pyoqmao4dzwe@jpeg,did:plc:j34fhqzasiakqgap2qfiw5vx,NA,0
wperiodbperiod.bsky.social,W.B.,https://cdn.bsky.app/img/avatar/plain/did:plc:usps5zkapsntve4pnj3tu7lw/bafkreid2clzl57dbdpjdpouy25gx5ieenlstqryc7iawfeng4buyjzkrq4@jpeg,did:plc:usps5zkapsntve4pnj3tu7lw,NA,0
lcodonnell.bsky.social,Laura Christine Ó Donnell,https://cdn.bsky.app/img/avatar/plain/did:plc:q5uflcxop6hvo5qsmzlxwkgo/bafkreicwhic4kssmrfdktlepeuqzi45ypk44tnwlynh47vch6or5r7owky@jpeg,did:plc:q5uflcxop6hvo5qsmzlxwkgo,NA,0
mindheartinsoul.bsky.social,Poet,https://cdn.bsky.app/img/avatar/plain/did:plc:fr5wcdvp5y3wll3umkczdce3/bafkreid6a3nxdux5l3evxk525zfk53qruzxa3vfs67law5cny35fscvitm@jpeg,did:plc:fr5wcdvp5y3wll3umkczdce3,NA,0
pavlou.bsky.social,Pablo,https://cdn.bsky.app/img/avatar/plain/did:plc:2usdvxcwp6cdawcmkwnfklsq/bafkreibndrdwxo5aitucgelmwqjqn3lmejy2fsgj5bumyrag4h5tj4wzyy@jpeg,did:plc:2usdvxcwp6cdawcmkwnfklsq,NA,0
johnwfarrell.bsky.social,John W Farrell,https://cdn.bsky.app/img/avatar/plain/did:plc:nvac37xmynmm7ainvd7qgp4v/bafkreibkzp32aoqlft2onnod7g53qztov3tw2n3kpppfvaxyrc7rzykzyy@jpeg,did:plc:nvac37xmynmm7ainvd7qgp4v,NA,0
paddyzemia.bsky.social,Paddy Hillyard,https://cdn.bsky.app/img/avatar/plain/did:plc:56racxsosc7yhoow45zi6qtt/bafkreiagxsj747zvjtmpbj57irgcym2grxng66fjojp33tgaipfuzdrvdi@jpeg,did:plc:56racxsosc7yhoow45zi6qtt,NA,0
maccrespo.bsky.social,,https://cdn.bsky.app/img/avatar/plain/did:plc:wipda6urpreyslatlhsktb5m/bafkreiameo6fcts7d5uipkmjx2z6ov6hbxqky756zqnngbbzah263djara@jpeg,did:plc:wipda6urpreyslatlhsktb5m,NA,0
rockyroader.bsky.social,Fiach Mac Aodha,https://cdn.bsky.app/img/avatar/plain/did:plc:n7fcksjsljwyxguh5mjsbl5s/bafkreigpfuzoenpvjesnliklr4jz65dgcbzeyo3rptnrqcseqpajeflpqy@jpeg,did:plc:n7fcksjsljwyxguh5mjsbl5s,NA,2
bioniclaura.bsky.social,Bionic Laura,https://cdn.bsky.app/img/avatar/plain/did:plc:lxunyynpoereucpo7v2h4knc/bafkreihbiibcjpmg452pbdxsd64qgbq5awn47lmy5wlqqnyvjw6cxx3hvy@jpeg,did:plc:lxunyynpoereucpo7v2h4knc,NA,0
bearaboi.bsky.social,Ciarán O' Driscoll / Ó Drisceoil,https://cdn.bsky.app/img/avatar/plain/did:plc:hgfstz6lzefiohlp74igv3ri/bafkreih3zlqxyy3gz6artaayllh53cbyepz2e2mp6tbbfp6zs6j6eavjue@jpeg,did:plc:hgfstz6lzefiohlp74igv3ri,NA,0
kennyekn.bsky.social,Kenny,https://cdn.bsky.app/img/avatar/plain/did:plc:gs6nwtdye2mifgk3k6quo6gw/bafkreihagw5titl63tduke5tj2bzaky2go4hrjxqh5yr3owc2f77vv6y24@jpeg,did:plc:gs6nwtdye2mifgk3k6quo6gw,NA,0
arleneharris.bsky.social,Arlene Harris,https://cdn.bsky.app/img/avatar/plain/did:plc:ug43zaqa5f5bpmzlku2nbley/bafkreidb2ifimsjqmkv3bpn4z33ynbhryijca25apzstxhjkhoyhj2gwda@jpeg,did:plc:ug43zaqa5f5bpmzlku2nbley,NA,0
protestmusica.bsky.social,Protest & Musica 🌎🇺🇦🎶,https://cdn.bsky.app/img/avatar/plain/did:plc:wjswtzcbfczkp4jqsauedd5d/bafkreicctysu3mgdpmoqvmewl3mplojlyry3mq5hs3kzbgbbwzj5nmlo5a@jpeg,did:plc:wjswtzcbfczkp4jqsauedd5d,NA,0
leedsbookclub.bsky.social,LeedsBookClub aka Drneevil,https://cdn.bsky.app/img/avatar/plain/did:plc:nawtxm36nqm5umnjvtwdqbbn/bafkreihqgxxonuhkixvllq6chtpoxlpdqkiwjq6wuvpgfv3dk4qznfm5ze@jpeg,did:plc:nawtxm36nqm5umnjvtwdqbbn,NA,0
kazzdee.bsky.social,KD,https://cdn.bsky.app/img/avatar/plain/did:plc:fmhlxiuztanstfxc6ce55aq2/bafkreig5gbsm2pxwynp4intkqh4bpvkulx3t6h6mem67ds4esn7ie3qfle@jpeg,did:plc:fmhlxiuztanstfxc6ce55aq2,NA,0
thebookshopie.bsky.social,TheBookshop.ie,https://cdn.bsky.app/img/avatar/plain/did:plc:aq2f6q2flkiygiiahebfm6cp/bafkreidxnxwrdm5fp4u244lfduj6zznzdvukqp3b4koxlo4dfildfk3w2e@jpeg,did:plc:aq2f6q2flkiygiiahebfm6cp,NA,2
doctorwhofan1.bsky.social,CK Genealogy,https://cdn.bsky.app/img/avatar/plain/did:plc:2gvxx24h3klrvqrk4ajihblc/bafkreibxrtj7fxcbcxsjramf5qpbg6o2t2wo3uutnnye4it672limlwqsm@jpeg,did:plc:2gvxx24h3klrvqrk4ajihblc,NA,0
mairenimhordha.bsky.social,Máire Ní Mhórdha,https://cdn.bsky.app/img/avatar/plain/did:plc:367j7vu5r3gmfjoecplnrhvb/bafkreieapkkuxbyeyj4cf5jyfi63l25gckb6qurg5ijb64ni6erxxgnm6a@jpeg,did:plc:367j7vu5r3gmfjoecplnrhvb,NA,4
alanbraddish.bsky.social,Alan Braddish,https://cdn.bsky.app/img/avatar/plain/did:plc:bmx5lqf5l3j34clclkltr5ms/bafkreigrlnzffn3uxhh572r63v53nsslzssg6k2pkr2r6u47vh6yihwdja@jpeg,did:plc:bmx5lqf5l3j34clclkltr5ms,NA,0
practicalreason.net,Dermot O'Halloran,https://cdn.bsky.app/img/avatar/plain/did:plc:ujojy6zizzimrxrfb3vn2lnj/bafkreicmgw53pppeis7xb4eaamip5shxysjdkp4a6wm43ezezgh7aovyz4@jpeg,did:plc:ujojy6zizzimrxrfb3vn2lnj,NA,0
paattrriicckk.bsky.social,Pa2rick,https://cdn.bsky.app/img/avatar/plain/did:plc:zmvamkmlpcs2as7fsz3pylpz/bafkreieyxr44r4yv6vsrsxy5lif3x7jkkt4fpjca5oka6yqikytknqzqdi@jpeg,did:plc:zmvamkmlpcs2as7fsz3pylpz,NA,0
metaphysiology.bsky.social,Christopher J Stevens,https://cdn.bsky.app/img/avatar/plain/did:plc:wwf3cqh3bolnpooqayufkmlh/bafkreicgtioakyxxjcefmoijah2mk2p7wtc3uzllndghmlnqmduibow6ey@jpeg,did:plc:wwf3cqh3bolnpooqayufkmlh,NA,0
patrickhen.bsky.social,,https://cdn.bsky.app/img/avatar/plain/did:plc:mvc77u7zmuredg5753hvxfxj/bafkreievkkw4vc6jfketirkohxiuyf6hr6qdwbbeeoupzjiltuyb6oucqa@jpeg,did:plc:mvc77u7zmuredg5753hvxfxj,NA,0
grace8ming.bsky.social,kimberly grace,https://cdn.bsky.app/img/avatar/plain/did:plc:kcaed6g32y2hmuhsdcbfeyqx/bafkreifuzr3islrqsuxeqskenhythii7evajonhg3fvpjfcmorchdrerpe@jpeg,did:plc:kcaed6g32y2hmuhsdcbfeyqx,NA,0
cahirokane.bsky.social,Cahir O'Kane,https://cdn.bsky.app/img/avatar/plain/did:plc:ithwuewhyrlnzs3aatlae6i5/bafkreibxs2ddkfhziyubw43j2g5qufkft7eqikk2eizvvluuhk4zvtg3sm@jpeg,did:plc:ithwuewhyrlnzs3aatlae6i5,NA,0
navalairhistory.com,Matthew Willis (Naval Air History),https://cdn.bsky.app/img/avatar/plain/did:plc:id5oeevpihw5uloig2texu4j/bafkreia5er2ve63iq6ufu2emlwrqo7j55axmtzjeznqccxbtiryux5bdpa@jpeg,did:plc:id5oeevpihw5uloig2texu4j,NA,0
johnhyphen.bsky.social,🌎🐎John Hyphen🎮🤠,https://cdn.bsky.app/img/avatar/plain/did:plc:gbuvnml7dyzncqikqq7wq2kn/bafkreic3yb65br3qpfqhbtaxbnqqsvsobo7ovzf2khrhbhd7zj5j7zlns4@jpeg,did:plc:gbuvnml7dyzncqikqq7wq2kn,NA,0
catvincent.bsky.social,"Cat Vincent, (he/him, Useless Eater)",https://cdn.bsky.app/img/avatar/plain/did:plc:eak2q2abwc6iab4tt4s72rtr/bafkreihtwhbh7rsa3zhtjhgk67rgxof7rzyfyopbw3ovk37xf2p64asarq@jpeg,did:plc:eak2q2abwc6iab4tt4s72rtr,NA,0
joenoonan.bsky.social,Joe Noonan,https://cdn.bsky.app/img/avatar/plain/did:plc:b7ou2gv5kwbbcxdacxrfjbtd/bafkreif2auferfydyfj5ci4nfuxuvhea65gmx6hkr3zvq3gl2bo2okxej4@jpeg,did:plc:b7ou2gv5kwbbcxdacxrfjbtd,NA,0
fergallenehan.bsky.social,Fergal Lenehan,https://cdn.bsky.app/img/avatar/plain/did:plc:o5urnmudpe6ss6l2j3xjl2r6/bafkreie2xgxqg6sunwdfzbuieuokkcm4uc3yy6shxgoascei3g24qlivoi@jpeg,did:plc:o5urnmudpe6ss6l2j3xjl2r6,NA,0
sensisoccer.bsky.social,John Lee,https://cdn.bsky.app/img/avatar/plain/did:plc:uaegjtmhpvwfu7mtjko7hdol/bafkreihycjhpcshzhcfkwl62hjhghlj3njlkykxwppip7wf6dxarchibxe@jpeg,did:plc:uaegjtmhpvwfu7mtjko7hdol,NA,0
renebatt.bsky.social,Paul Murray,https://cdn.bsky.app/img/avatar/plain/did:plc:fgaquljigtpyauomks26gjgk/bafkreihxrmvwtbynnbpbcoyflmqqhyzesax2ox6v3uhvzweepposjftqli@jpeg,did:plc:fgaquljigtpyauomks26gjgk,NA,0
grouchymarx.bsky.social,Grouchy Marx (aka Rupert),https://cdn.bsky.app/img/avatar/plain/did:plc:hhr4n4avbxo56dbbfxbsjlst/bafkreies2j4uos7pirlrzomvyr4zijbycvopq75sgtwwyup6ia2675swzm@jpeg,did:plc:hhr4n4avbxo56dbbfxbsjlst,NA,0
michblack1.bsky.social,MichB🇪🇸🇬🇧❤️💛💜,https://cdn.bsky.app/img/avatar/plain/did:plc:6qqzeexlmx25jjb64j27otwq/bafkreia2t3eqxkrlnh7u5hzsg66xxhhj73etsakkcvbzoliyjvgfkmsdra@jpeg,did:plc:6qqzeexlmx25jjb64j27otwq,NA,0
bigsizey.bsky.social,,https://cdn.bsky.app/img/avatar/plain/did:plc:jeja2kunm2efg5r6x4m3shpn/bafkreicjulylblvt6f7h46kluzv2hondouzgq3apxakgt4sdkyrlojpbha@jpeg,did:plc:jeja2kunm2efg5r6x4m3shpn,NA,0
julietsmom.bsky.social,,https://cdn.bsky.app/img/avatar/plain/did:plc:jsapxxejlddnennm6774jycz/bafkreig7qnfk4j2bfh35cwg33gukyd4sjj3usp73nj2rmn3qo7c2lzadg4@jpeg,did:plc:jsapxxejlddnennm6774jycz,NA,0
seanronayne.bsky.social,Seán Ronayne,https://cdn.bsky.app/img/avatar/plain/did:plc:cpk3fmtgs6gvspndqrdqfqjm/bafkreigwb3gvlttlet6rvasvwrf5tjhjpuccgdbxypxkoszxtpg67yfloq@jpeg,did:plc:cpk3fmtgs6gvspndqrdqfqjm,NA,0
brendannadnerb.bsky.social,Brendan C 🇮🇪🏳️‍🌈,https://cdn.bsky.app/img/avatar/plain/did:plc:hlm37p4z44fo5k4te2ofxeik/bafkreihpllyphc2o5xbt6i3f7jd5sw2jhguquj4z3fktxqixzwolgn66ga@jpeg,did:plc:hlm37p4z44fo5k4te2ofxeik,NA,0
colin-blackart.bsky.social,Colin-Blackart,https://cdn.bsky.app/img/avatar/plain/did:plc:jpfpftig2hxysesykv6nngro/bafkreid3qpqfstlrisygrafd7hcawzntrg7t6tyyrmsalpxclt7xuglxxy@jpeg,did:plc:jpfpftig2hxysesykv6nngro,NA,0
nitat.bsky.social,,https://cdn.bsky.app/img/avatar/plain/did:plc:gjrs3rf3npsro2es5lystkem/bafkreifbk2aomuwrp6wh7kcxycvxqqxnm4kx3pgtxqyykq5ah5y5vba63u@jpeg,did:plc:gjrs3rf3npsro2es5lystkem,NA,0
beccathorne.bsky.social,Becca Thorne,https://cdn.bsky.app/img/avatar/plain/did:plc:2hl4dxihqeuylbhlqd4mqfow/bafkreih5ks32aboj776zbjkexrhcck46bntwl5uyiekwcydhrskswieb6y@jpeg,did:plc:2hl4dxihqeuylbhlqd4mqfow,NA,0
krismeana.bsky.social,Post Punk-y Brewster,https://cdn.bsky.app/img/avatar/plain/did:plc:5w6wsgreba7j77zfbiuikqut/bafkreierasqwhjldp5wcklnqpw374ng3myrzynswdfcnu5cm6nic5avmyi@jpeg,did:plc:5w6wsgreba7j77zfbiuikqut,NA,0
macko-99.bsky.social,The Mackrel of Knowledge,https://cdn.bsky.app/img/avatar/plain/did:plc:q2rqvvnxqbutfuh4o6s3thsj/bafkreibsgdhjq4kxtvortkt4shyocxvt4o6c3mruzogxv34xd4ligicey4@jpeg,did:plc:q2rqvvnxqbutfuh4o6s3thsj,NA,0
dochasisgra.bsky.social,dóchas is grá,https://cdn.bsky.app/img/avatar/plain/did:plc:j2wnnsrxlcesmgggtmpfou7c/bafkreidt7dqh4ad6tl2vidweb6co3gqopvelfeebhfb6cjcxduq3e6tj5m@jpeg,did:plc:j2wnnsrxlcesmgggtmpfou7c,NA,10
moragfriel.bsky.social,Morag Friel,https://cdn.bsky.app/img/avatar/plain/did:plc:tfm2zttwrmatbaq2m5sofg6t/bafkreiewj4ejgl35vh47x2bd2slww4stk52upuhqeilwb6lfrnbonp7jnq@jpeg,did:plc:tfm2zttwrmatbaq2m5sofg6t,NA,4
nicolegratton.bsky.social,Nicole Gratton 🎨🖌️📷🇨🇦,https://cdn.bsky.app/img/avatar/plain/did:plc:vtt7sj2ssimz5ebsxbvkdxxt/bafkreiedwvztd7ctmdisenlqx7k4y2ghhsn56d5h7wa6wrb6zx7sgoborm@jpeg,did:plc:vtt7sj2ssimz5ebsxbvkdxxt,NA,0
earthlingnoreally.bsky.social,"Rebecca, House of Ogg",https://cdn.bsky.app/img/avatar/plain/did:plc:izwp7wkeoobcqnnbcm7yzfbp/bafkreigcy34jrek6vkzfp4d54rufv7szjmafxqxyzmys36vyfrqr2hkyaq@jpeg,did:plc:izwp7wkeoobcqnnbcm7yzfbp,NA,0
sparkes66.bsky.social,SueP,https://cdn.bsky.app/img/avatar/plain/did:plc:6hehw57avcziskg2ttd2nz2s/bafkreifaix46drh2txlq6vm53raemzvtkuabw7o2ay4k2gntsstdhascku@jpeg,did:plc:6hehw57avcziskg2ttd2nz2s,NA,0
hmrhoward.bsky.social,HRath,https://cdn.bsky.app/img/avatar/plain/did:plc:uccxmlymq52scctjdcf5nzws/bafkreie2jgmcp4unfbwrakbrq72a3bswvvjeiz6udzpy2zzi5slhthebn4@jpeg,did:plc:uccxmlymq52scctjdcf5nzws,NA,0
ginad.bsky.social,Gina de M,https://cdn.bsky.app/img/avatar/plain/did:plc:mz7wq6rd4gsl3y42ign6fgnb/bafkreickwvjecljwqb7xbboizl5bexg22wfimj6pb6dezwiwyfws3qzxke@jpeg,did:plc:mz7wq6rd4gsl3y42ign6fgnb,NA,0
robin47.bsky.social,Robin,https://cdn.bsky.app/img/avatar/plain/did:plc:2evriq4njbzgpdk2sh5l4tgp/bafkreihhsk437jxffz5l24zz4bpevrazidufszlkedd6dq42m7v6rpt2de@jpeg,did:plc:2evriq4njbzgpdk2sh5l4tgp,NA,0
djfrancois.bsky.social,DJ Francois,https://cdn.bsky.app/img/avatar/plain/did:plc:yruwccrtl2yyd72vvmztvnjr/bafkreia5uoikkc73isdlpsujnvvzzzwlhw3njqh3ajtoxohbzitfkrzoqq@jpeg,did:plc:yruwccrtl2yyd72vvmztvnjr,NA,0
ianmoore3000.bsky.social,IanMoore3000,https://cdn.bsky.app/img/avatar/plain/did:plc:we47pphtanwwzq75uk5j7ipz/bafkreida2txal4qely6eodnhni6adgotar3cf3leamonhztoh2rszwh2ny@jpeg,did:plc:we47pphtanwwzq75uk5j7ipz,NA,0
the-crackdown.bsky.social,The Crackdown Cat,https://cdn.bsky.app/img/avatar/plain/did:plc:56wyc2axgzlsvmh73dd5dexu/bafkreicypwv3tl5ib3rykk3othunmdfae52kbx3bnzowknrfc36uifcfum@jpeg,did:plc:56wyc2axgzlsvmh73dd5dexu,NA,13
marybuckley.bsky.social,Marybuckley,https://cdn.bsky.app/img/avatar/plain/did:plc:kth4h5y73rfkdwngd4prxcgs/bafkreids4j372hi77clutznsrtbnmnqpjfdxa5aq2wumqu6yxrr7utpa6u@jpeg,did:plc:kth4h5y73rfkdwngd4prxcgs,NA,0
ianmaclochlainn.bsky.social,Ian Mac Lochlainn,https://cdn.bsky.app/img/avatar/plain/did:plc:tmvc4dgepnbgafix4ih2tkzk/bafkreifqlnnyfnxrtkqgsqx25h3bfyrw4exsdbeqoyrsvh4bpbox2q6j5a@jpeg,did:plc:tmvc4dgepnbgafix4ih2tkzk,NA,0
cloudsteph.bsky.social,Stephie Graphics,https://cdn.bsky.app/img/avatar/plain/did:plc:ag24hj5s36vpdbuucomgzidp/bafkreifm4scegdlwsqaruutlgfnzhcqcaycqc4ylggzw2mngm5ctb463ka@jpeg,did:plc:ag24hj5s36vpdbuucomgzidp,NA,0
ljon.bsky.social,Harmonious Bosch,https://cdn.bsky.app/img/avatar/plain/did:plc:af633rpddi4mfadgh4sbohlw/bafkreifzxjxmtatafxygiopnlpfduzahyqrnblkckxovivbvpsjcgeavmq@jpeg,did:plc:af633rpddi4mfadgh4sbohlw,NA,0
filawless.bsky.social,Fiona Lawless,https://cdn.bsky.app/img/avatar/plain/did:plc:4pob7mteyt5pjqqn5nzayp25/bafkreiem6kdtxqxwt3kzleoyirlvxkvvgmuinmnjnw6sy5pwz5r3kcwjpa@jpeg,did:plc:4pob7mteyt5pjqqn5nzayp25,NA,0
emmetkirwan.bsky.social,Emmet Kirwan,https://cdn.bsky.app/img/avatar/plain/did:plc:v4k26gau2f2mft64ocpf2aqx/bafkreigkajtzc2msnjjur7fq7ci6x6rlhoczhtvyw73qxapdm334hwv5ey@jpeg,did:plc:v4k26gau2f2mft64ocpf2aqx,NA,0
willderham.bsky.social,Will Derham,https://cdn.bsky.app/img/avatar/plain/did:plc:ormhxazxaw2427xkhsieulgr/bafkreihx6mpck46tmuuxkyqjwbruxmzpnxt2kz2hsy3h4y35ggfda3sd5a@jpeg,did:plc:ormhxazxaw2427xkhsieulgr,NA,0
yorkshirepaddy.bsky.social,Yorkshire Paddy,https://cdn.bsky.app/img/avatar/plain/did:plc:vxqq5waok4tmkuwpm54vmzbt/bafkreihholmt766jfwgz6opbajf2fzvafrdqasxdvzaixqtrlczxiywudi@jpeg,did:plc:vxqq5waok4tmkuwpm54vmzbt,NA,0
theapplefarmer.bsky.social,Cornelius (aka Con) Traas,https://cdn.bsky.app/img/avatar/plain/did:plc:lahtipioamgkb6ajxbb4anb6/bafkreieshuoxnyp7uojcqffua3guzxyzmpwcxkxxhg7goqkcd5sgqw5bna@jpeg,did:plc:lahtipioamgkb6ajxbb4anb6,NA,0
miukouno.bsky.social,まじっく,https://cdn.bsky.app/img/avatar/plain/did:plc:y44l4audvqopn2trshilcn2a/bafkreicnsr2rx3dq6ajsaa5vxfn4ddwplwzyd46ko4p24qgbr2ztrgzupy@jpeg,did:plc:y44l4audvqopn2trshilcn2a,NA,0
lampjaded.bsky.social,Jadey Character,https://cdn.bsky.app/img/avatar/plain/did:plc:utkr2nekmhmg6xmtv3ohvy42/bafkreigzkkhznebgi2dmglrfpr3wdeugtades34ofg4wwtlisebouaa4cm@jpeg,did:plc:utkr2nekmhmg6xmtv3ohvy42,NA,0
niteghoul.bsky.social,.𖥔 ݁ Niteghoul ˖.𖥔 ݁ ˖,https://cdn.bsky.app/img/avatar/plain/did:plc:il4ugxgsupyqagqvrggl7tld/bafkreifs5kqctrob3mtnjgd2k5hl2tw42orgtkfcnxvqvjc2ki5doiks2q@jpeg,did:plc:il4ugxgsupyqagqvrggl7tld,NA,0
rangedan.bsky.social,range dan,https://cdn.bsky.app/img/avatar/plain/did:plc:eyxr6iqlbtka6z5ll2c3g7n5/bafkreiaojpx7occyrscfium5477zcgjs3jpza4q663qdm3wt5rudmukqqu@jpeg,did:plc:eyxr6iqlbtka6z5ll2c3g7n5,NA,0
allismotion.bsky.social,,https://cdn.bsky.app/img/avatar/plain/did:plc:cvac4bdgv7zmbkydu5comhwa/bafkreieibamaoyitv3s4c43idcgy2qqljl2fngfhk3ojul6kaxmros22xi@jpeg,did:plc:cvac4bdgv7zmbkydu5comhwa,NA,0
cccoko.bsky.social,Coko,https://cdn.bsky.app/img/avatar/plain/did:plc:clpywuxgxwsxrymm7ix5zaou/bafkreig4orvkq44dg433r7hrfconx6fy2gqleqdzc7kmvvx6txlpq4kyk4@jpeg,did:plc:clpywuxgxwsxrymm7ix5zaou,NA,0
llarisah.bsky.social,Larisa Aitch,https://cdn.bsky.app/img/avatar/plain/did:plc:bba66nmxjigejfew6m2upuhg/bafkreiae2fyz2oitlglhbn474hegqoowrbedcdgg25hrjkiuv6m6ejlyja@jpeg,did:plc:bba66nmxjigejfew6m2upuhg,NA,0
profjohnbarry.bsky.social,John Barry,https://cdn.bsky.app/img/avatar/plain/did:plc:ztd253prtlv5sgtlvxtmpmx2/bafkreihqnhjg3dhzuouu2jbpanmd74vaw4pqxw3jie7wiz2r2pk5qwhb3i@jpeg,did:plc:ztd253prtlv5sgtlvxtmpmx2,NA,0
lucymails.bsky.social,Lucymails,https://cdn.bsky.app/img/avatar/plain/did:plc:xjpcxmlvtwcgy7cyji2jkzyc/bafkreiff4iquifg4ope6ekkuqghbvouqf767cu5gvjaszdqthbzpaoyqbq@jpeg,did:plc:xjpcxmlvtwcgy7cyji2jkzyc,NA,0
ciaradaly.bsky.social,Ciara Daly,https://cdn.bsky.app/img/avatar/plain/did:plc:s42bolj2guxfdsq7aq4iy32h/bafkreihnevzgevhrvbrnig6prjhlxqny37thda75p5qcsr3bnpbhipqw7i@jpeg,did:plc:s42bolj2guxfdsq7aq4iy32h,NA,0
hanspan.bsky.social,Han van Spanje,https://cdn.bsky.app/img/avatar/plain/did:plc:ddfludc5zpd5b4d5dfg7ncgl/bafkreihkjeytt73ewsnob552zj5izexl4flndxbeqdg6yvfylo4kvudl7a@jpeg,did:plc:ddfludc5zpd5b4d5dfg7ncgl,NA,0
philokelly.bsky.social,,https://cdn.bsky.app/img/avatar/plain/did:plc:dcdjtuorw7dvbiooignlmfp5/bafkreiblrhaftzkqkyphikd3cz7j5fcmssfm2cx7k5q67xgsbkvr6stocu@jpeg,did:plc:dcdjtuorw7dvbiooignlmfp5,NA,0
eoinmcunningham.bsky.social,Eóin Cunningham,https://cdn.bsky.app/img/avatar/plain/did:plc:culqpcpwzgdmcpwdfwmul34h/bafkreidex5ykozgog6f7okvl3nfk6ccpje3vucti2axye7vsriacvadf3u@jpeg,did:plc:culqpcpwzgdmcpwdfwmul34h,NA,10
blobbystc.bsky.social,STC,https://cdn.bsky.app/img/avatar/plain/did:plc:kkcqojrtuigckovqvvyg2xva/bafkreiez7secoodlxoopbfn2zxoxn7gkfwfipy3szgcl665ol4u27rjt54@jpeg,did:plc:kkcqojrtuigckovqvvyg2xva,NA,0
talesace.bsky.social,Ace of Tales - COMMISSIONS ARE OPEN!!!😈😇,https://cdn.bsky.app/img/avatar/plain/did:plc:grsicc7pp4u46ucxypsq2bwj/bafkreihh3g7soxkwfwbo6trklwybchtbi5zeasfkgii33clafsbvjdffcy@jpeg,did:plc:grsicc7pp4u46ucxypsq2bwj,NA,0
aveteresa.bsky.social,AveTeresa,https://cdn.bsky.app/img/avatar/plain/did:plc:ctogwg3i3lglm35matp5hl5r/bafkreidtkgcgqiahcaqu6aj2ddx6uw4wkaaj3th5intr3cc64e52sj6fki@jpeg,did:plc:ctogwg3i3lglm35matp5hl5r,NA,0
anliathanach.bsky.social,,https://cdn.bsky.app/img/avatar/plain/did:plc:cku3pt2garimgakjsahy4kno/bafkreie3sybmk3dlhxi6qhjd46ci4oegwe4srvem2jo4aaxrbtmyiiwwwy@jpeg,did:plc:cku3pt2garimgakjsahy4kno,NA,0
enigmameetssambol.bsky.social,Mitra,https://cdn.bsky.app/img/avatar/plain/did:plc:yb6c2c5cy22ev47oo72zte5n/bafkreiffnd26ypsmh4eufjwzrnwefcoyb6dygnm2nux3ooqhpjvnk63i5u@jpeg,did:plc:yb6c2c5cy22ev47oo72zte5n,NA,0
craftycarver.bsky.social,,https://cdn.bsky.app/img/avatar/plain/did:plc:4iglc2evc3kefiybgqpqbdyu/bafkreiffqesdlxevrcud2fa7xvmvvpjkhsp6ykmvvuxweqf7mxgqij6k7q@jpeg,did:plc:4iglc2evc3kefiybgqpqbdyu,NA,0
lewevin.bsky.social,,https://cdn.bsky.app/img/avatar/plain/did:plc:qy26vuizoh2gpsha4uqsszxr/bafkreicj6jwg7txpbicnpu643xaqg4aaslgvpgrrbycmvshqzikdvtft4m@jpeg,did:plc:qy26vuizoh2gpsha4uqsszxr,NA,0
bethbpoet.bsky.social,Beth Brooke,https://cdn.bsky.app/img/avatar/plain/did:plc:nnv7xmczns2eg3hzs5q4ixjm/bafkreiask3jr5k7ulxjdnz6rlgnxdaeqypve4odgaxwopqetrbt3qhquoe@jpeg,did:plc:nnv7xmczns2eg3hzs5q4ixjm,NA,0
athenamediaie.bsky.social,Helen Shaw    -   Athena Media,https://cdn.bsky.app/img/avatar/plain/did:plc:hhvpr4ste3zhfcdd2hg7pp2g/bafkreiehkbm7zgo3h4ba7y3nqwj57du2k4yh2ns45jmi423eubo6dnmz2q@jpeg,did:plc:hhvpr4ste3zhfcdd2hg7pp2g,NA,0
hoganddice.bsky.social,Hog And Dice 🇮🇪🏳️‍🌈🏳️‍⚧️,https://cdn.bsky.app/img/avatar/plain/did:plc:frvpck3dvlm6rnufsolk3zjn/bafkreibbg6ws74523bf7fmwg5ipfcslk2ioag2ci2mbfi3smg7meoxy56q@jpeg,did:plc:frvpck3dvlm6rnufsolk3zjn,NA,0
ursulabyrne.bsky.social,,https://cdn.bsky.app/img/avatar/plain/did:plc:wfxz2cef66vyaqwjygrxxnng/bafkreicbdodny4ue26oogjk63gyqixomn2sx3qdkeig5l6wmhmnzxzaa3e@jpeg,did:plc:wfxz2cef66vyaqwjygrxxnng,NA,0
taryndevere.bsky.social,Taryn de Vere,https://cdn.bsky.app/img/avatar/plain/did:plc:u46kbaz5nkittv2dkk2haq2v/bafkreialgttxrx4adpo2xpiypqqase4g4hylfgzazlxuwet5zmculnxbki@jpeg,did:plc:u46kbaz5nkittv2dkk2haq2v,NA,0
seafoamghost.bsky.social,merman hellville,https://cdn.bsky.app/img/avatar/plain/did:plc:qyo32cesxht5yqhb3bbi5nd6/bafkreicaphedqidgamc67bn2lpufigetevstmhyzuimnb5s3zmh5lwyepq@jpeg,did:plc:qyo32cesxht5yqhb3bbi5nd6,NA,0
mairebro.bsky.social,Máire,https://cdn.bsky.app/img/avatar/plain/did:plc:q6i2ugco5btbtlksgai3zywj/bafkreia34funm4y7ciwmupv27l6xc67jsksan2nqaphki2ufzz6l2ngxke@jpeg,did:plc:q6i2ugco5btbtlksgai3zywj,NA,0
permaconfused.bsky.social,PermaConfused ,https://cdn.bsky.app/img/avatar/plain/did:plc:pootppjy7gglhnpo3lpvajje/bafkreigbmr5by2b4h3o7ovrqae4wwki2sdcajz5uoe2nfqz734b3jx44ly@jpeg,did:plc:pootppjy7gglhnpo3lpvajje,NA,0
elliegamgee.bsky.social,,https://cdn.bsky.app/img/avatar/plain/did:plc:myhiufqyuwwkhg2rdnfiufyl/bafkreifeaqzzx3rtgosss2dyehzlbnpykr4mnc2gmh2qgrq3o7eqoihhga@jpeg,did:plc:myhiufqyuwwkhg2rdnfiufyl,NA,0
bubblenoma.bsky.social,Hey! It's Bubblenoma Linda ,https://cdn.bsky.app/img/avatar/plain/did:plc:du3vwjfnqydkc2ttllwwhfef/bafkreiarigb44tdctuptodacug7ptesvnp3xm4l3bacye6xeewhvxqs4pi@jpeg,did:plc:du3vwjfnqydkc2ttllwwhfef,NA,0
treeandfieldlady.bsky.social,Marie Reinke Gray,https://cdn.bsky.app/img/avatar/plain/did:plc:64r7bcthr4oiswtcehir4n6y/bafkreidkpiuyllb6msr4xeqjafpds3y5jowcxnuore7ocvmd4ri7al5vju@jpeg,did:plc:64r7bcthr4oiswtcehir4n6y,NA,0
rudyhellzapop.bsky.social,Rudy Hellzapoppin',https://cdn.bsky.app/img/avatar/plain/did:plc:4x6lvfbs43rbdklalvjhyuf3/bafkreian5ebq527qouwmu4p7dheceelnmr7dxdz4wbvxhgdo4caeh2jpmm@jpeg,did:plc:4x6lvfbs43rbdklalvjhyuf3,NA,0
drkevguitar.bsky.social,Kevin Kretsch,https://cdn.bsky.app/img/avatar/plain/did:plc:44tv6cw6m646fqaxhgnys437/bafkreigjkpr5o73u2jplc6ehcokpezvsz6ofp4hzta5jrdgxc4udc5gej4@jpeg,did:plc:44tv6cw6m646fqaxhgnys437,NA,0
barrowof.gay,Hayley Question-Mark,https://cdn.bsky.app/img/avatar/plain/did:plc:xkjhxdzrr24qopinqtcqxwwv/bafkreibotz6ycvltocjv5zigzonfcwjcvopott6huylwsoq7aozlvpkpwa@jpeg,did:plc:xkjhxdzrr24qopinqtcqxwwv,NA,0
aoifeoregan.bsky.social,Aoife O’Regan,https://cdn.bsky.app/img/avatar/plain/did:plc:xiclwgirf7nkr6zgjhlmmrlq/bafkreieqb67dllfgcvj3yuqw6barm2capxj6uazrmvtcsuq6nxoxwxkubm@jpeg,did:plc:xiclwgirf7nkr6zgjhlmmrlq,NA,0
arrhenius.bsky.social,Arrhenius (Out now on itch.io!),https://cdn.bsky.app/img/avatar/plain/did:plc:kryjooq3sr2kxavqvbugv3zs/bafkreie4apyo7lc4n224s3ihxrcor7zmfro3w2ictjghhlc42cnvcd7wlu@jpeg,did:plc:kryjooq3sr2kxavqvbugv3zs,NA,0
racheburn.bsky.social,Rachel,https://cdn.bsky.app/img/avatar/plain/did:plc:3un4cdhq66kjt7vw2xsktpg7/bafkreib7xvw7hxuoleunlw4yct2vdivrpegx3zz7ml63bhuenhblikgn6q@jpeg,did:plc:3un4cdhq66kjt7vw2xsktpg7,NA,0
downmydirtroad.bsky.social,Anna,https://cdn.bsky.app/img/avatar/plain/did:plc:z4kqifgbhguhibgi4qtatmuo/bafkreicewkvba7gczttkcwj7s34cx3txzlmjgth3l5opjzayw2jk2d4fqi@jpeg,did:plc:z4kqifgbhguhibgi4qtatmuo,NA,0
dukejr.bsky.social,Julian Duke Fernandez,https://cdn.bsky.app/img/avatar/plain/did:plc:mtlwhaqhspijdwkeblnbubxs/bafkreifxtcmfyxsk6vy3zoynuzt3pxmvicgszvxctcqsp5qzhqwguf4b5a@jpeg,did:plc:mtlwhaqhspijdwkeblnbubxs,NA,0
adoolan.bsky.social,,https://cdn.bsky.app/img/avatar/plain/did:plc:ihi5obulute3lyy6c7uymgeg/bafkreicm3pndc4wqcexcvhd3hgqducmsqzn7ntkociclca74sc3oej7g6u@jpeg,did:plc:ihi5obulute3lyy6c7uymgeg,NA,0
teflondub.bsky.social,Antóin Ó Floinn,https://cdn.bsky.app/img/avatar/plain/did:plc:xozk6a2il3wwimvkzuuhchnk/bafkreichnxpciyza24ml3ttmh6prf2u5p3sgnm2i6m7k7fs5xsguaeqfti@jpeg,did:plc:xozk6a2il3wwimvkzuuhchnk,NA,0
cheekyian.bsky.social,Creekyosaurus,https://cdn.bsky.app/img/avatar/plain/did:plc:ke7k4in7gtv3dhfyxsjkizll/bafkreigczkk4zcakktoeni6psigymhd3vjavh4mb5w7xeonk5gdv4jayuu@jpeg,did:plc:ke7k4in7gtv3dhfyxsjkizll,NA,0
sarahmay1.bsky.social,Sarah May,https://cdn.bsky.app/img/avatar/plain/did:plc:ekxy7poagajkdk5sl3ywa7zv/bafkreiaw3uwjkssw6wxqrwl6erv4kf33lplngkxlzartx3lzvtezwsh4di@jpeg,did:plc:ekxy7poagajkdk5sl3ywa7zv,NA,0
anarchoshanties.bsky.social,sea shanty stan account ⛵️,https://cdn.bsky.app/img/avatar/plain/did:plc:aohq6g4pn4njqioimsxtvghu/bafkreiatycadtde4pasieldpp3nyfb7svsnaj5sqvlilwgcgqen5aqtyyu@jpeg,did:plc:aohq6g4pn4njqioimsxtvghu,NA,0
madmichael1961.bsky.social,Mad Michael,https://cdn.bsky.app/img/avatar/plain/did:plc:jhkqnatmqwjslgeomz4rfz7x/bafkreifvftbm2bhnmt7cwsuhrnwlipxeld3gbg4tf7fswrqy57sthewwiq@jpeg,did:plc:jhkqnatmqwjslgeomz4rfz7x,NA,0
eimearmio.bsky.social,Eimear O'Sullivan,https://cdn.bsky.app/img/avatar/plain/did:plc:ercdg7ofqee2bz5j272dzpdf/bafkreidaeuzdg2vbhsep5az5laqm6pmft6xwuhbmgpozzfrixktohhtinq@jpeg,did:plc:ercdg7ofqee2bz5j272dzpdf,NA,0
javiermt.bsky.social,Sons of Coachella,https://cdn.bsky.app/img/avatar/plain/did:plc:s4x7ktrzoghqujsmm3rvkyz2/bafkreihobxk42r7gvjsx3p3ipsigejj7w574irf5lqzg6plx6fb2pagm74@jpeg,did:plc:s4x7ktrzoghqujsmm3rvkyz2,NA,0
flyfella.bsky.social,,https://cdn.bsky.app/img/avatar/plain/did:plc:q3ktatds55uce3n2xthhkdkc/bafkreid6lrhsiuu7d5pscwbo6vcyoutsswqbfgv3bjw4uasvuh3don3kd4@jpeg,did:plc:q3ktatds55uce3n2xthhkdkc,NA,0
c-schneid68.bsky.social,,https://cdn.bsky.app/img/avatar/plain/did:plc:oxzxfellsdc6jdf43ssri7a2/bafkreier6ooh65m5cfkmueogubhpko64jwwe2gjc7yay7vuqjfjoxiamiq@jpeg,did:plc:oxzxfellsdc6jdf43ssri7a2,NA,0
ggilmore43.bsky.social,,https://cdn.bsky.app/img/avatar/plain/did:plc:nn3gpxi7z4fwimy2ystgey3j/bafkreiaepra4fuci7gxwepmycyntmsdsjo5drhb6y7lvunxzymsapa3gqe@jpeg,did:plc:nn3gpxi7z4fwimy2ystgey3j,NA,0
rosser-gooner.bsky.social,Rosser,https://cdn.bsky.app/img/avatar/plain/did:plc:dqx6tvls7zxuvlbbl4ousmih/bafkreibgcjeat42qybz5rz7pop4s5zugfcjkkpkogh2yjon3tzfu2wqq7q@jpeg,did:plc:dqx6tvls7zxuvlbbl4ousmih,NA,0
roxanalucy.bsky.social,Roxana Sato,https://cdn.bsky.app/img/avatar/plain/did:plc:amxq2khc6aztx24hjownovnj/bafkreia4abzr4zwqeujlatc36b7utgininqbh7biphjkq746eq4appaafa@jpeg,did:plc:amxq2khc6aztx24hjownovnj,NA,0
obrienpmark.bsky.social,Mark O’Brien,https://cdn.bsky.app/img/avatar/plain/did:plc:5lhoxk335wwo3ay7vdzkxnjg/bafkreifh3qozjhtdjrybwhzsrlq7mwijt6nnihoqk7x43yp3gctcjjkytq@jpeg,did:plc:5lhoxk335wwo3ay7vdzkxnjg,NA,23
chinatownbranch.bsky.social,Brendan,https://cdn.bsky.app/img/avatar/plain/did:plc:4asnmqzk45o47d7veztnx546/bafkreifmw42fi7lotuzmqyx63cawz3pme5kobs7hjswazbuex3uj2koyc4@jpeg,did:plc:4asnmqzk45o47d7veztnx546,NA,0
dr-lauaracan.bsky.social,Laura Canciamilla,https://cdn.bsky.app/img/avatar/plain/did:plc:3blszrzmpzytxwvfp4mwokwr/bafkreihw6tfzlnaqsnlto7hc6qsswrx6a35jymucqpm7naffez4r3dub7q@jpeg,did:plc:3blszrzmpzytxwvfp4mwokwr,NA,0
jea209.bsky.social,Julie,https://cdn.bsky.app/img/avatar/plain/did:plc:wsz5azs6v2h2zzda6v3a3ui7/bafkreie5smsx7wwd3ecvrfjgmsahh26577voyxgpqfonqepc3g2c3oegt4@jpeg,did:plc:wsz5azs6v2h2zzda6v3a3ui7,NA,0
kekken.bsky.social,Jussi Kekki,https://cdn.bsky.app/img/avatar/plain/did:plc:uc4j62vmskomb6bjveejrrva/bafkreigw7z5lmcv4mg6janq23xrfuxw6lya73rhffevq7qw5bj3pp35nj4@jpeg,did:plc:uc4j62vmskomb6bjveejrrva,NA,0
bookwitchery.bsky.social,BookWitch 📚,https://cdn.bsky.app/img/avatar/plain/did:plc:qysc6ptblf4ejxugwuz7ihel/bafkreicbndgprmbu24tbvuqpw6sh3t6clv2qq6bqfikrrazxmlgzypxxry@jpeg,did:plc:qysc6ptblf4ejxugwuz7ihel,NA,0
ht4ecosocialism.bsky.social,HT4Ecosocialism,https://cdn.bsky.app/img/avatar/plain/did:plc:qpwr32zgeihbhzabwzgnqklw/bafkreigj2cunalh6m3vrh4bkv2qaqrxy44ck3z3jzbhi5byqnsbyvsvq5a@jpeg,did:plc:qpwr32zgeihbhzabwzgnqklw,NA,0
tuckerwalker.bsky.social,,https://cdn.bsky.app/img/avatar/plain/did:plc:o3ufnhddcdewinytbebkrp7l/bafkreibxzkucrgves7afdv6663nv3el3nlurdnxhh2qwwxke5xhsog72ye@jpeg,did:plc:o3ufnhddcdewinytbebkrp7l,NA,0
amynevermisses.bsky.social,Amy Hit The Atmosphere ,https://cdn.bsky.app/img/avatar/plain/did:plc:mnrwfwaxtye7cxk65pmczzut/bafkreicqlg5wqkizfh2b37m663lxltnj74xwf6irakltqdrx7m2dpzv3je@jpeg,did:plc:mnrwfwaxtye7cxk65pmczzut,NA,0
actual-intell.bsky.social,Alan Turing's Lovelace Child,https://cdn.bsky.app/img/avatar/plain/did:plc:i7bzgalgvz25cxhizjy6fcmm/bafkreif3oyic52rdbzj4gvbr4payykqhumyhkvmvqguikzlwb44wuk5hxe@jpeg,did:plc:i7bzgalgvz25cxhizjy6fcmm,NA,0
platogue.bsky.social,💙💙💙🗽 Be Kind 💙 #Bluecrew 💙💙🇺🇦🫘🦋🐿🍀🌈💕,https://cdn.bsky.app/img/avatar/plain/did:plc:h6kjad43g4tontif5dvjcnbj/bafkreifewv6bkfhjyyo6v4mxq5ai7j4stipyl4a4m6nobtodq5vxis4gu4@jpeg,did:plc:h6kjad43g4tontif5dvjcnbj,NA,0
alannahr.bsky.social,Alannah Rooney ♾️,https://cdn.bsky.app/img/avatar/plain/did:plc:ebd2ccgsnkfj4mqhbfklbizw/bafkreifkomxnxmodfsyba2v76u6svhihvb5ow7xj5klctspg3xdsk3seve@jpeg,did:plc:ebd2ccgsnkfj4mqhbfklbizw,NA,2
vsaarenketo.bsky.social,Ville Saarenkéto,https://cdn.bsky.app/img/avatar/plain/did:plc:d5g55yaaxavily4hujzr7yuq/bafkreihzgyvdijpi4p5bzrhj6l2rprrfpagaur3db4ytodz56hj4n3bea4@jpeg,did:plc:d5g55yaaxavily4hujzr7yuq,NA,0
neighitsck.bsky.social,"🐴Neigh, it's CK🌾🇨🇦",https://cdn.bsky.app/img/avatar/plain/did:plc:bhulcz7cduht53udsztgdrqq/bafkreid6vh7ytdf6hpo6wknfvuzkxxidnylxlwhbbffpisis6ssiz6hlxi@jpeg,did:plc:bhulcz7cduht53udsztgdrqq,NA,0
jimmacmillan.com,Jim MacMillan (he/him) ☘️,https://cdn.bsky.app/img/avatar/plain/did:plc:6wvdpuu73fgcm2hxbhhc7zlt/bafkreidnxhhg2tpg6dhocxrelagqm5nzrayj27azhpua6sszdls4tyveqe@jpeg,did:plc:6wvdpuu73fgcm2hxbhhc7zlt,NA,0
mrmcq5.bsky.social,Mrmcq5,https://cdn.bsky.app/img/avatar/plain/did:plc:y3y75zr6zjjn2dd4d7igkuzn/bafkreia3zaeo5qdau6y7onsdypo5tfdeokpnzxhvn5jp5fhdaggzhab2py@jpeg,did:plc:y3y75zr6zjjn2dd4d7igkuzn,NA,0
sportyjtb.bsky.social,Tim Bak,https://cdn.bsky.app/img/avatar/plain/did:plc:wdys44fo4ryogwd5cwo3xzec/bafkreifpss25fda6d2yrabzbtzolmjqhqef5jocffyp7k46bvigoq47bai@jpeg,did:plc:wdys44fo4ryogwd5cwo3xzec,NA,0
richardgallagher.bsky.social,Richard Gallagher,https://cdn.bsky.app/img/avatar/plain/did:plc:rr3dnciexywdxajox4o2y5wz/bafkreifiaw7f5qpgh3vbd27xcy6znm5ne7h4pe26e6jkiswiu3r5fdbzde@jpeg,did:plc:rr3dnciexywdxajox4o2y5wz,NA,0
shuggybhoy.bsky.social,Shug,https://cdn.bsky.app/img/avatar/plain/did:plc:ml5hbi7723nblippn3h6c2ns/bafkreidlxluiodc32lwwm5psztocmdg4sfdbfxa2omusx2sdudkfekasue@jpeg,did:plc:ml5hbi7723nblippn3h6c2ns,NA,0
mickboss.bsky.social,Mick ☘️,https://cdn.bsky.app/img/avatar/plain/did:plc:jdhcp5qqkca5z67jwrnevnsf/bafkreihhlxcs6gdai4xznam4l7jn6rsvoshk7m76pfmu2vtlxeqzh42nny@jpeg,did:plc:jdhcp5qqkca5z67jwrnevnsf,NA,0
secondcaptains.bsky.social,Second Captains,https://cdn.bsky.app/img/avatar/plain/did:plc:grroigjcbtkoje2dltccy6ms/bafkreiayzs66phzeopqgdmnyxp5bd5xz4d6ghdkmjykixswlfxeq6u5fci@jpeg,did:plc:grroigjcbtkoje2dltccy6ms,NA,0
docrevan.bsky.social,Doc Revan,https://cdn.bsky.app/img/avatar/plain/did:plc:oe5k5kgdudinkw6jpzzfcw4q/bafkreiht5eh26vcakaf3dpitmeeflhjkk3vxayvnr4waz47enrwwn4arb4@jpeg,did:plc:oe5k5kgdudinkw6jpzzfcw4q,NA,0
deecf.bsky.social,,https://cdn.bsky.app/img/avatar/plain/did:plc:m32jo5kgaftvir3hmz5m6pjz/bafkreifdbx35nkbvuhszcfvwlmmutrafvdoodtwchddgdtrpeas7m4j4ma@jpeg,did:plc:m32jo5kgaftvir3hmz5m6pjz,NA,0
kenmcdonagh.bsky.social,Ken McDonagh,https://cdn.bsky.app/img/avatar/plain/did:plc:lpdynnibpsdp77zy3can25y6/bafkreia4uoxv4whqnq2d23ffukkli66uuo3tazxpbprixku2q2as754wsq@jpeg,did:plc:lpdynnibpsdp77zy3can25y6,NA,0
trionac.bsky.social,Dr.Tríona Cunnane,https://cdn.bsky.app/img/avatar/plain/did:plc:5izxyvmjl7awzjfptv6d6ane/bafkreifinpmis2zgdeejdlygh75cgozz6ahcza4xv6yihausfe7ddhstt4@jpeg,did:plc:5izxyvmjl7awzjfptv6d6ane,NA,2
kimbivega.bsky.social,Kimbi Vega,https://cdn.bsky.app/img/avatar/plain/did:plc:k7sq4q23hskbqu5ryheyunif/bafkreibsgrfapmnpwbrxwro7lqj423jqzrvocxfgzsksi5hxqsnng7cwmq@jpeg,did:plc:k7sq4q23hskbqu5ryheyunif,NA,0
sportponies.bsky.social,Sport Ponies🐎🍁,https://cdn.bsky.app/img/avatar/plain/did:plc:iopoxpxuveipyhammgrl6wsb/bafkreiejynrvpr6ull2mt5qgktbqovro7t5bdc22r4m6lrfecxwj4vi5fq@jpeg,did:plc:iopoxpxuveipyhammgrl6wsb,NA,0
ttm71010-alphamale.bsky.social,Tarek-Tim,https://cdn.bsky.app/img/avatar/plain/did:plc:35t5d6bmqzvjgokxfwdgqg7k/bafkreie5ghsvkuduxc474kpn7pu74ld323bb2ho65huusslcz23vizaoty@jpeg,did:plc:35t5d6bmqzvjgokxfwdgqg7k,NA,0
comanfullard.bsky.social,Coman Fullard,https://cdn.bsky.app/img/avatar/plain/did:plc:pkafsgmpm34mv7upeoabrorf/bafkreiashhl6lpjy2uvews4vjvkoldp6g5yie5iwovzrchfvqtvlof3k7m@jpeg,did:plc:pkafsgmpm34mv7upeoabrorf,NA,0
bchpmn.bsky.social,Barry Chapman,https://cdn.bsky.app/img/avatar/plain/did:plc:b3mguxmavntn6lnx3ze6zfcm/bafkreibrbwc5gevxesssqfktww7a6pgpmlzn7efeij7rje2pea33vbl2wy@jpeg,did:plc:b3mguxmavntn6lnx3ze6zfcm,NA,0
lglly.bsky.social,LLLwry,https://cdn.bsky.app/img/avatar/plain/did:plc:xdj4ryikydfzxxufcahrklsu/bafkreib6vqhnel62v5yopbtl6d43lqnn2ghfsav3edi24dedmjwajbaxom@jpeg,did:plc:xdj4ryikydfzxxufcahrklsu,NA,0
jazzrat2000.bsky.social,jazzrat2000 AKA Bonsai anonymous,https://cdn.bsky.app/img/avatar/plain/did:plc:wj5koqhqdfs67j5hanfxqyd3/bafkreigmhaql7y2xowj45udvvspci4nzyayqew2kbf4kfkfrqewknyh5ja@jpeg,did:plc:wj5koqhqdfs67j5hanfxqyd3,NA,0
upine.bsky.social,"Julie H. Hotard Ph.D., Disinfo expert",https://cdn.bsky.app/img/avatar/plain/did:plc:vopkx5otca4cq7e27ejqv2id/bafkreibhnuzy23to3t2mr2qy5qfq55tdjmo4adgrxu3r7ltw7inar223hm@jpeg,did:plc:vopkx5otca4cq7e27ejqv2id,NA,0
cjaxon.bsky.social,,https://cdn.bsky.app/img/avatar/plain/did:plc:vh3eojgz5f366zi52b4mr3z4/bafkreidjflfjaympzjfsg4jvftlwmvclw5zygflv7aqrji3rur3o2q6jxq@jpeg,did:plc:vh3eojgz5f366zi52b4mr3z4,NA,0
jshov1.bsky.social,,https://cdn.bsky.app/img/avatar/plain/did:plc:ukzxzxfcxg4ghwldyautqcl7/bafkreidpuyzw7ezoitljrp5tg6x756zmhknqwkxm3waognt5jcvmuehdgy@jpeg,did:plc:ukzxzxfcxg4ghwldyautqcl7,NA,0
jessicaperthwa.bsky.social,Jessica D. M. 🇺🇦 🇦🇺 🇨🇦 🇵🇦 🇬🇱 🪃 🟧,https://cdn.bsky.app/img/avatar/plain/did:plc:q5qu5sjtn44e7mpyri2qyugv/bafkreib6ubebww2yyxdlx4rfs4a5oaqua63vetrb623a2a4ritfguwfbrq@jpeg,did:plc:q5qu5sjtn44e7mpyri2qyugv,NA,0
cab5.bsky.social,Cab5,https://cdn.bsky.app/img/avatar/plain/did:plc:q2ev7hz7mmuo4tggtvdudny3/bafkreiak7eaknki3ulkp4zqudfq2zymfnklchqam3leapdv4zxbrbavz7u@jpeg,did:plc:q2ev7hz7mmuo4tggtvdudny3,NA,0
joannygm.bsky.social,🫘joanygm.@sky.social,https://cdn.bsky.app/img/avatar/plain/did:plc:okx4pxdl3gbac2gi2dzwrzi5/bafkreifwqmn342xze7rdy5asjr2x2g5qxasw73gyycakzij4x4doagwhpa@jpeg,did:plc:okx4pxdl3gbac2gi2dzwrzi5,NA,0
chaos0s.bsky.social,chaøs,https://cdn.bsky.app/img/avatar/plain/did:plc:jgtv6qlzmpf2ayp2c4warwyz/bafkreifwmn26c7mgt4yudgxdhhvdtn6dmghppl5mkkqzmpvnweeyof3xem@jpeg,did:plc:jgtv6qlzmpf2ayp2c4warwyz,NA,0
bluedemkim65.bsky.social,Kimberly,https://cdn.bsky.app/img/avatar/plain/did:plc:irgbgygcnuidhyaka7sztvnp/bafkreie2apwjtf6w6gmzfqzsnvrrsjaizr6h2xo5ujuac5kebpwouu33tm@jpeg,did:plc:irgbgygcnuidhyaka7sztvnp,NA,0
francynt.bsky.social,Fran Hawes,https://cdn.bsky.app/img/avatar/plain/did:plc:hjr6ydglg6vvenfkwimf34jj/bafkreifo76jjix5aeisxbkwpjuqajtincdbusncpd6r4xvc4ofdz73w7lm@jpeg,did:plc:hjr6ydglg6vvenfkwimf34jj,NA,0
caille53.bsky.social,Caille,https://cdn.bsky.app/img/avatar/plain/did:plc:ewajr2zjibvffdlqh23u7bon/bafkreibx2ax3wy6bbwmuqxmiqjxkshhtmcbjjxekxteoqezv5mqgjhvmpe@jpeg,did:plc:ewajr2zjibvffdlqh23u7bon,NA,0
engageddemo.bsky.social,,https://cdn.bsky.app/img/avatar/plain/did:plc:d5tla4fzndqkohtjgdkh3ksd/bafkreigzwqrgj2lrnn6wtt4kgsbyjtrlwkkewkeeceyimwamri2vnerwk4@jpeg,did:plc:d5tla4fzndqkohtjgdkh3ksd,NA,0
rogermccarthy.bsky.social,Roger McCarthy,https://cdn.bsky.app/img/avatar/plain/did:plc:cf2d7cesgthy73vc2hu6seft/bafkreied7wv3xncvomn5waasgvclz3snggojbtxjs5n2ioirzp56pwmhfu@jpeg,did:plc:cf2d7cesgthy73vc2hu6seft,NA,0
timetrekkerten.bsky.social,,https://cdn.bsky.app/img/avatar/plain/did:plc:bu7f6s3jettrsizzoenn3yz7/bafkreid4ac5y7t6pzcprzdp35l7ydntliyc3e72jq5iyfoyq3vb5lioc44@jpeg,did:plc:bu7f6s3jettrsizzoenn3yz7,NA,0
progressinginsc.bsky.social,Resisting in Paradise,https://cdn.bsky.app/img/avatar/plain/did:plc:awcdavrlppzuuier77seiswj/bafkreidpvi4dpe66hjcgbnnnj2xjayw3loctga2hwrdaag6frlaygypo6m@jpeg,did:plc:awcdavrlppzuuier77seiswj,NA,0
jr-placitas.bsky.social,John Roche,https://cdn.bsky.app/img/avatar/plain/did:plc:5h3h4w3bit226m3a2vzdtvtx/bafkreihyunqxa35kmtbpp7bsuf6vk653zfuen4pimffxsx6qu3jvq3hyre@jpeg,did:plc:5h3h4w3bit226m3a2vzdtvtx,NA,0
gandkev.bsky.social,,https://cdn.bsky.app/img/avatar/plain/did:plc:2ioreeuirkvnzsanuk3by3kk/bafkreighyxt7ffjdeu46p5h5yateyfiorfqjbnh2vdh4z54ndlvq4vh4au@jpeg,did:plc:2ioreeuirkvnzsanuk3by3kk,NA,0
karenoc.bsky.social,Karen O’Connell,https://cdn.bsky.app/img/avatar/plain/did:plc:6hkl7fbyzvr6nb7xw3n4k3ks/bafkreiejb2fhqbnxhx477mlan3sie4nzian5ywkf6mv7qzwqtevhsqdiqm@jpeg,did:plc:6hkl7fbyzvr6nb7xw3n4k3ks,NA,1
trish-roe.bsky.social,Trish Roe,https://cdn.bsky.app/img/avatar/plain/did:plc:3knasliftb6kwttor3caezrb/bafkreietkwqxlgwwq3hzpijk2slrmjtpkv5eaztodzxe6xfcsuovqsefay@jpeg,did:plc:3knasliftb6kwttor3caezrb,NA,0
kellyfincham.bsky.social,Kelly Fincham,https://cdn.bsky.app/img/avatar/plain/did:plc:f7rk36dvn7sgwlmjixho6mx2/bafkreif6ms37pwn4kderyz5grmgdaqz6gt2tsaucorbq37ri7bzzjn5goe@jpeg,did:plc:f7rk36dvn7sgwlmjixho6mx2,NA,0
prettyhatmachine.bsky.social,Head Like A Hat,https://cdn.bsky.app/img/avatar/plain/did:plc:ef5d3i3gml75xfjss2g2oixm/bafkreibi4hroinkkody7dmuvprrn2hrehepjgv2hz6lby3jhutswtx6vgy@jpeg,did:plc:ef5d3i3gml75xfjss2g2oixm,NA,0
mbtwomey.bsky.social,Bernie Twomey,https://cdn.bsky.app/img/avatar/plain/did:plc:pnshexfvdldvl3mzl5vjbyod/bafkreiawkx3mvewqzkv2y6ovwgzbv2lmtyvizhm747xje7sbejjxggutfm@jpeg,did:plc:pnshexfvdldvl3mzl5vjbyod,NA,0
dusted.bsky.social,,https://cdn.bsky.app/img/avatar/plain/did:plc:3ogndkni6zr4d4xi4mltx2r7/bafkreigdmqtnv752euupzwrafj7zhf5aaiob3otov5awt557qwupufxcya@jpeg,did:plc:3ogndkni6zr4d4xi4mltx2r7,NA,0
niamhroisin.bsky.social,Niamh NicGhabhann Coleman,https://cdn.bsky.app/img/avatar/plain/did:plc:dwzlhfisxytmrluhpl2dvypt/bafkreiaoe4hjtxlp5mdxt7mh2e7fikydwmjxcwvjxy4j4oxrfgjdrneur4@jpeg,did:plc:dwzlhfisxytmrluhpl2dvypt,NA,6
normacasey.bsky.social,Norma Casey NCY,https://cdn.bsky.app/img/avatar/plain/did:plc:pruegz5ypj6mrclpgpxrfuah/bafkreifvc374qcedihxbqk7q2flbislxhxmpz4f6kcz4rqih3pyr2fcjte@jpeg,did:plc:pruegz5ypj6mrclpgpxrfuah,NA,0
ginnyinfl.bsky.social,GinnyInFL,https://cdn.bsky.app/img/avatar/plain/did:plc:orrtjkwq6yr3sajnbcrzfayi/bafkreiddwongy2yhq2sxqknwhrput36uivgwlrxiyhgimnhn6ph3joqi44@jpeg,did:plc:orrtjkwq6yr3sajnbcrzfayi,NA,0
monetpainter.bsky.social,Merry Miller,https://cdn.bsky.app/img/avatar/plain/did:plc:x25qwr2t66qorjqcs5k2phg6/bafkreifyv4nhqmkmo2gi5s7u3j6kq43qk6vmrdr7727mk35xxcxleuguly@jpeg,did:plc:x25qwr2t66qorjqcs5k2phg6,NA,0
lisafellaantifa.bsky.social,LisaFellarina🇨🇦Against Fascism📎,https://cdn.bsky.app/img/avatar/plain/did:plc:wjekbgxnpdvs7jz6d6mbye43/bafkreid6eyyumb3ovtg6ex4rntsr663mh5hyctp3thuzvcaa6kaewgaotu@jpeg,did:plc:wjekbgxnpdvs7jz6d6mbye43,NA,0
cloutetcetera.bsky.social,Jude Gorgopa,https://cdn.bsky.app/img/avatar/plain/did:plc:qbtctw2eimtgt5tva4phtjw6/bafkreieysf4obpsqcf4azy64xgx4ooadizbe6xjnipvfhx4k6mhu2vgfnq@jpeg,did:plc:qbtctw2eimtgt5tva4phtjw6,NA,0
theneoluddite.bsky.social,The Neo Luddite,https://cdn.bsky.app/img/avatar/plain/did:plc:gqyh33vmf3qo7qt77mu2u5cq/bafkreifsan5iltztip6cqujacqpqazqf4rmzdxoqggrd56b65bjsi3rl2i@jpeg,did:plc:gqyh33vmf3qo7qt77mu2u5cq,NA,0
anburcach.bsky.social,Stephen Bourke,https://cdn.bsky.app/img/avatar/plain/did:plc:lirw5weizh3oghadcgo6q2k4/bafkreih2vqmurvuemyil4uht6q6uufi7tyxsdi76uagrvcp5j4w5b4wzna@jpeg,did:plc:lirw5weizh3oghadcgo6q2k4,NA,0
cdrhbiscuitiii.bsky.social,Disgruntled,https://cdn.bsky.app/img/avatar/plain/did:plc:27dsrirhnki4n47ovr2k26sg/bafkreif5zctcalbup5ee3c32mvqmktuwwgtca57jgwy462sizaghrjg55y@jpeg,did:plc:27dsrirhnki4n47ovr2k26sg,NA,0
machutch.bsky.social,Linda Hutchison,https://cdn.bsky.app/img/avatar/plain/did:plc:4dv3qjdgih2ykqoncggs2d3e/bafkreiewnfnfjzufky4yyalh255axhdl75w6bdyseg5luxyfaulor2tixe@jpeg,did:plc:4dv3qjdgih2ykqoncggs2d3e,NA,0
pixie3.bsky.social,Pixie ✨🧚🏻‍♀️☀️,https://cdn.bsky.app/img/avatar/plain/did:plc:yxlz6aefdjq33foxqppvuob5/bafkreibec5evqxak2tk5mjxo3jk67x2g5dw6sdddfs3q3ysexjknbokssy@jpeg,did:plc:yxlz6aefdjq33foxqppvuob5,NA,0
taicheuk.bsky.social,taiche,https://cdn.bsky.app/img/avatar/plain/did:plc:vrv52krxsvpiueozfq6rbmg5/bafkreihdsfhtvikf35sedtvilvnnrotqiezfzojaj2lduchrw3rxe6mrvy@jpeg,did:plc:vrv52krxsvpiueozfq6rbmg5,NA,0
mitchellsquid.bsky.social,Mitchell Squid,https://cdn.bsky.app/img/avatar/plain/did:plc:vbx7b2kq325r3os36rf6sdq4/bafkreibmhnru4p5fupwz5x3tj54qgnsqbmvrcvsp76ajhybehw3vevojsi@jpeg,did:plc:vbx7b2kq325r3os36rf6sdq4,NA,0
giantkoala.bsky.social,コアラ🐨,https://cdn.bsky.app/img/avatar/plain/did:plc:kfa4qxzhgqi2csrcrfdlfv7w/bafkreicqy3y6araoejqermrysmjgny6taotkuksr5mhj2ao3lqgfnc7agq@jpeg,did:plc:kfa4qxzhgqi2csrcrfdlfv7w,NA,0
gabimccauley.bsky.social,Gabi 雪,https://cdn.bsky.app/img/avatar/plain/did:plc:izxzl34nvikl3l2tg6jdwqff/bafkreiga5mnh3thq5bv33jlb5vroqp2cp5s5aswdq5xoq5csqgpakjkdai@jpeg,did:plc:izxzl34nvikl3l2tg6jdwqff,NA,0
marieartcollection.bsky.social,MarieArtCollection,https://cdn.bsky.app/img/avatar/plain/did:plc:h3hk2cmxuf7ymqyyx3jhkyni/bafkreih3mcixknvkpb56libmatlzz5keesunsfvkfincqhad7nr54iu7va@jpeg,did:plc:h3hk2cmxuf7ymqyyx3jhkyni,NA,0
ste3.bsky.social,Bobinou,https://cdn.bsky.app/img/avatar/plain/did:plc:4pbdzhlm5tcoitw62ep5j7oc/bafkreic2u4hxlj6gyb37kihlxvgdmthqmzvytpbeshxvsote3nryiimlzu@jpeg,did:plc:4pbdzhlm5tcoitw62ep5j7oc,NA,0
junqueiraliv.bsky.social,Liv Junqueira,https://cdn.bsky.app/img/avatar/plain/did:plc:3zgr6zmgvau4vj7nhaf3yl4t/bafkreiev5m6dtgc4ctvmhzip4dd2kdn6u5cmzpgyuxvdy66x5c26cpxvcq@jpeg,did:plc:3zgr6zmgvau4vj7nhaf3yl4t,NA,0
lucidillusions.in,The Doctor (Commissions open),https://cdn.bsky.app/img/avatar/plain/did:plc:36h6ttx2g23zqr4accilbvo7/bafkreicatktq5t4olii7aopijwy2j4y6loknvidc4kkhm5kucjanoltt6i@jpeg,did:plc:36h6ttx2g23zqr4accilbvo7,NA,0
theodonnell.bsky.social,,https://cdn.bsky.app/img/avatar/plain/did:plc:laapn5mwj5oenlnezukis2k5/bafkreiba5utwu6d5r4mgimhtz7rteufnj4b4ft75plkdxwenuyavupwgbi@jpeg,did:plc:laapn5mwj5oenlnezukis2k5,NA,1
armelleskitchen.bsky.social,Armelle’s Kitchen,https://cdn.bsky.app/img/avatar/plain/did:plc:cqrb6o447zt4by2gwc5oxkur/bafkreigumf5lkxpit5v7g3ck3jlh4kp37qvawb4vlrn5tqra73r7cjhzrq@jpeg,did:plc:cqrb6o447zt4by2gwc5oxkur,NA,0
yvieni.bsky.social,Yvie Ní,https://cdn.bsky.app/img/avatar/plain/did:plc:uptcxgoyluakymw2kqcfeu2b/bafkreievzy2ygncolrikgx4ymkcvdbuirlt2fs2rxf464dgbuh4sia67ay@jpeg,did:plc:uptcxgoyluakymw2kqcfeu2b,NA,0
bopeep-burton.bsky.social,Bopeep-Burton 🌎🏴‍☠️🏡🐓🏖 🇺🇦🇨🇦🏳️‍🌈🇫🇷🇵🇸🇺🇸 🏳️‍⚧️💙🗽,https://cdn.bsky.app/img/avatar/plain/did:plc:kpd7y4trtrvvcxr2onop3xte/bafkreihpj7y422ewvbapohe3z2m3hghurja4ts3nshcsr5ehz3rb6mypty@jpeg,did:plc:kpd7y4trtrvvcxr2onop3xte,NA,0
redtawnie.bsky.social,Leonard Leahy,https://cdn.bsky.app/img/avatar/plain/did:plc:7s2xmioevu2jqnv4habmxkys/bafkreidv5vazntyanjb5j6vj3rrm5tck3w7mfevwsojw2vxjjxvhtmyfuq@jpeg,did:plc:7s2xmioevu2jqnv4habmxkys,NA,0
davidbflower.bsky.social,David Blanchflower BSc,https://cdn.bsky.app/img/avatar/plain/did:plc:yh5kl53hwy7rhahgcsuyef5a/bafkreihtyyo62w3nnszgffpmlb6p37nuv6ywnxn3bask7y5bicz7bzpf2y@jpeg,did:plc:yh5kl53hwy7rhahgcsuyef5a,NA,0
tazwalker.bsky.social,Taz Walker 🌻,https://cdn.bsky.app/img/avatar/plain/did:plc:pvbfflcvuvzaufxlaatli5zi/bafkreie5zfswavwibx725qinphzpfbfynbd4mgfjb6lickpwiuvlzkb3n4@jpeg,did:plc:pvbfflcvuvzaufxlaatli5zi,NA,0
serehfas.bsky.social,Angie Adamson,https://cdn.bsky.app/img/avatar/plain/did:plc:pubx7zdaufgftcwftwjxch4r/bafkreihaphl7jebqwanik7pxbegehttqjrigtodnzx5svw7xwraclkrxhm@jpeg,did:plc:pubx7zdaufgftcwftwjxch4r,NA,0
hinekosama.bsky.social,Hineko,https://cdn.bsky.app/img/avatar/plain/did:plc:mq6fkgvjheh3fu57b4zemqe5/bafkreib5dikq6lqctsryhss5wxq77ghefhnv7nhlzcyomhm2j777ebp3gi@jpeg,did:plc:mq6fkgvjheh3fu57b4zemqe5,NA,0
web2filter.bsky.social,web2filter,https://cdn.bsky.app/img/avatar/plain/did:plc:hobo4y6dcpyyvzduuzvbhx6v/bafkreihzxxzdt6inf5crv7nu7gnbysor6ceh62cxgj3uxhdrv7xlsjjksi@jpeg,did:plc:hobo4y6dcpyyvzduuzvbhx6v,NA,0
peter-mugridge.bsky.social,Peter Mugridge,https://cdn.bsky.app/img/avatar/plain/did:plc:hlytsw7enqwdusymlcyce6fs/bafkreickzqgrgowaghjg6nq4slm23cweborevuvni3a45qvpd6zv4k7qfy@jpeg,did:plc:hlytsw7enqwdusymlcyce6fs,NA,0
pingiarcher.bsky.social,Jo,https://cdn.bsky.app/img/avatar/plain/did:plc:fup5xxyyxz44tzg3jdpw66er/bafkreid62trakvd5w2tjl2nredcc74uhqkv2qnv2cgu4ti27w5xis36kiy@jpeg,did:plc:fup5xxyyxz44tzg3jdpw66er,NA,0
deshocks.bsky.social,Deirdre O'Shaughnessy,https://cdn.bsky.app/img/avatar/plain/did:plc:cosw453agrupramynmq55f42/bafkreihqrwepkudadzq2toqcvus7vvbdqq5lvjbjtuj6xjfgb6y5dywzha@jpeg,did:plc:cosw453agrupramynmq55f42,NA,0
cscosmicrose.bsky.social,💜🌹CosmicRose🦋,https://cdn.bsky.app/img/avatar/plain/did:plc:bvq5vsdzswpjuiywpgzxoj4o/bafkreif4yaoy6u232ozfkg3yjgmp7nzcx6wbol6rhh3jgc3xfhstjlzn7i@jpeg,did:plc:bvq5vsdzswpjuiywpgzxoj4o,NA,0
marcusguntherky.bsky.social,Marcus Günther,https://cdn.bsky.app/img/avatar/plain/did:plc:6vbvxqiagwrnginqxmftzg7w/bafkreiclkxp4p5m2bavvtu5xfl27l5nxrsxiym7vrt26na4e3jbsgyumba@jpeg,did:plc:6vbvxqiagwrnginqxmftzg7w,NA,2
yannoehl.bsky.social,Yann Oehl,https://cdn.bsky.app/img/avatar/plain/did:plc:ylniktydmweivveydqegruet/bafkreiare4k6s7r4svr6y2vqascdofugjyctgc7g2xnktu4nbtvjfpqoyy@jpeg,did:plc:ylniktydmweivveydqegruet,NA,0
kate1904.bsky.social,Kate,https://cdn.bsky.app/img/avatar/plain/did:plc:eqa36v4uwkv73salqzxmz3l3/bafkreif3rvfkmyhrq32eglqtixil2ey7gr24ulhhonh4agvqdyim62g734@jpeg,did:plc:eqa36v4uwkv73salqzxmz3l3,NA,0
hmconway.bsky.social,HConway,https://cdn.bsky.app/img/avatar/plain/did:plc:56u63jqxqeorpot5v6wh5y5o/bafkreidhrmignxuuwq65grsflmylmns5yclnjuapijy2widjjrhmqn5g7i@jpeg,did:plc:56u63jqxqeorpot5v6wh5y5o,NA,0
palelilspydr.bsky.social,sept,https://cdn.bsky.app/img/avatar/plain/did:plc:o7ctqaqr5uqivkb5yiehtdw5/bafkreid7jm6y4j36wjv4cbioo4orzwq5na6rc3ryvuud3a2bnkpg3wntwa@jpeg,did:plc:o7ctqaqr5uqivkb5yiehtdw5,NA,0
leoguari.bsky.social,Leonor Guariguata  ,https://cdn.bsky.app/img/avatar/plain/did:plc:lwi47gs5rhfi5dpguo6dgqal/bafkreihvt6m5hv4zcla65amcmsfrcnectintcklyhh6smvgao436vtsviy@jpeg,did:plc:lwi47gs5rhfi5dpguo6dgqal,NA,0
lpcooley.bsky.social,Laurence Cooley,https://cdn.bsky.app/img/avatar/plain/did:plc:hqbfndepid76yrv6nz6pfj67/bafkreiacr3626ooqyxyhsiih5bsom2wj3y7fj2qvun473lixpfap2w6np4@jpeg,did:plc:hqbfndepid76yrv6nz6pfj67,NA,0
kalanderq.bsky.social,Igor Harb,https://cdn.bsky.app/img/avatar/plain/did:plc:hgfvjt5dcaz534j7qzbaufcg/bafkreicucdyr2n4ey2ghnwtxlfph6drzzevt3xdqpxbk4s3opozq73hcea@jpeg,did:plc:hgfvjt5dcaz534j7qzbaufcg,NA,0
timwrite.net,TimurphySmith,https://cdn.bsky.app/img/avatar/plain/did:plc:faeuhoprm5jyjqvnhuty7a2n/bafkreigfxu3nof4pkr344bio4qftcayzfv4pxaewsdkwmc3wofxun6j3r4@jpeg,did:plc:faeuhoprm5jyjqvnhuty7a2n,NA,0
mickbyrne.bsky.social,,https://cdn.bsky.app/img/avatar/plain/did:plc:ostvj5y5rxpddwcmazmktt2k/bafkreifwre5xzqhsoyt2zehzsf2kmfrd6y5mebhucbxiqium66bwpjupsu@jpeg,did:plc:ostvj5y5rxpddwcmazmktt2k,NA,0
stephenstype1.bsky.social,StephenSType1,https://cdn.bsky.app/img/avatar/plain/did:plc:ouuxsn3vxe6kavxaic6a4jte/bafkreif7btxc3fxqyvcmllgdouflojli72gc3zgugonrfkrocucgj4peju@jpeg,did:plc:ouuxsn3vxe6kavxaic6a4jte,NA,0
drmaireaddb.bsky.social,Mairéad,https://cdn.bsky.app/img/avatar/plain/did:plc:ymwv5qx5wcx4dphkvpm2kolq/bafkreiftaankktyfgbih37mm3mt3rwob4wlhprqbpu4rzee4ytx6drikk4@jpeg,did:plc:ymwv5qx5wcx4dphkvpm2kolq,NA,0
daltoki.bsky.social,,https://cdn.bsky.app/img/avatar/plain/did:plc:nkpdq6y2z6woie6vaitaoo2a/bafkreidp7lxbg63of36tgeg4x7qaz4pbuhomxteboyr6ec7heg54odmg2q@jpeg,did:plc:nkpdq6y2z6woie6vaitaoo2a,NA,0
duhallow.bsky.social,Eamonn Noonan,https://cdn.bsky.app/img/avatar/plain/did:plc:jxfjgaeccyzmhzxqys3vyhgv/bafkreigqm6hysfrth7kvbfszogq2x6ggpehcfptojdkwwthy24pqulqzwe@jpeg,did:plc:jxfjgaeccyzmhzxqys3vyhgv,NA,0
sperplexitas.bsky.social,Summa Perplexitas,https://cdn.bsky.app/img/avatar/plain/did:plc:ogp3563ndr5sndv53v7cd2sg/bafkreibkmd6xyfwbx3g4wka4iyqg5qgult62llrhgkvflfvdtp2ocumyfu@jpeg,did:plc:ogp3563ndr5sndv53v7cd2sg,NA,0
lisafight.bsky.social,Lisa,https://cdn.bsky.app/img/avatar/plain/did:plc:epb3slt6qf6qplb3giizmg3j/bafkreig3iunpepnad4dyshzq3y6k3galpy3gjtcdevrujyow4s3tcysqdi@jpeg,did:plc:epb3slt6qf6qplb3giizmg3j,NA,0
ilvestoomas.bsky.social,Toomas Hendrik Ilves,https://cdn.bsky.app/img/avatar/plain/did:plc:ecyerjsjo24auitwlj34hmic/bafkreicv6wmtuiprklnfhyamzncfmwbktluxijd44h5z7ro5voifkjez4a@jpeg,did:plc:ecyerjsjo24auitwlj34hmic,NA,0
erislovesmovies.bsky.social,Novemberis,https://cdn.bsky.app/img/avatar/plain/did:plc:zmc3x74xlmbhydq67wedyu3l/bafkreiffsc3tk2ikixwcuawjdqervf2mjnauieldt2msyuvmpcz67p3mpe@jpeg,did:plc:zmc3x74xlmbhydq67wedyu3l,NA,0
lockdownbookclub.bsky.social,The Lockdown Book Club 🏳️‍⚧️,https://cdn.bsky.app/img/avatar/plain/did:plc:ak6jo3c7nv3pks6tvbwa33um/bafkreifaxwbld6rxm4fmyyv4gcykka62r2nspvofwg7bb55ey5utoa6ehm@jpeg,did:plc:ak6jo3c7nv3pks6tvbwa33um,NA,0
wilhelmusjanus.bsky.social,Wilhelmus Janus,https://cdn.bsky.app/img/avatar/plain/did:plc:f5ihh3hqlsl4kkd5b4a52nqv/bafkreieddyzxgeokooduhqtbiyexjo5fqrh2usqxywygbq3efpvuyox4x4@jpeg,did:plc:f5ihh3hqlsl4kkd5b4a52nqv,NA,0
leafybatter.bsky.social,Leafybatter,https://cdn.bsky.app/img/avatar/plain/did:plc:slkefywqi2szwgfh4qjf6xqx/bafkreibv3f6hrkntpfprxpuuqqnr7usqb5d2zksqbis5idorsldwide4ba@jpeg,did:plc:slkefywqi2szwgfh4qjf6xqx,NA,0
andrimagnason.bsky.social,Andri Snær Magnason,https://cdn.bsky.app/img/avatar/plain/did:plc:kuihxqib4y2gqgahr64wso5s/bafkreibzizv43yq4w4lcbmicjczgcwcinsbosvzqahcse4i5qb74rxmcri@jpeg,did:plc:kuihxqib4y2gqgahr64wso5s,NA,0
snutty.bsky.social,Stiofán Nutty,https://cdn.bsky.app/img/avatar/plain/did:plc:dcyhcnjsi6i5fr4injwoujef/bafkreidsywgdxz5mdayb4yby6c5hhzmbwhzhpyco5qx73xugahr2fuvo3m@jpeg,did:plc:dcyhcnjsi6i5fr4injwoujef,NA,0
cosybatter.bsky.social,Cosybatter,https://cdn.bsky.app/img/avatar/plain/did:plc:aqj2zfzdqomyyqez72nquggu/bafkreihk7jprjgdwq44ft4v75wn67vvgcggilolfmkdj6gszyrxqxd5puu@jpeg,did:plc:aqj2zfzdqomyyqez72nquggu,NA,0
fotoole.bsky.social,Fintan O'Toole,https://cdn.bsky.app/img/avatar/plain/did:plc:fii244urfyyxxwl4fhccw2su/bafkreidxyohgaqctefw4dz4pvfazttit5xy6jzdfzp7cvxqwwnu3c2edsa@jpeg,did:plc:fii244urfyyxxwl4fhccw2su,NA,0
msfrugalone.bsky.social,Tara MsFrugalone,https://cdn.bsky.app/img/avatar/plain/did:plc:6l6m67kcjen456iddfqwpv77/bafkreidb5tmbv4znpmgfvaqzbymm6kqhzfacaka2pvde7tlaf6jjtvzmim@jpeg,did:plc:6l6m67kcjen456iddfqwpv77,NA,0
consumerfrank.bsky.social,Frank Brehany,https://cdn.bsky.app/img/avatar/plain/did:plc:mekr4duwwrovqevav4vdoase/bafkreiarun2sjskoy7pf2l55iwxfwxbeajgi3pljz6ex3bsasvbti5jfvy@jpeg,did:plc:mekr4duwwrovqevav4vdoase,NA,0
niamhie.bsky.social,Niamh Ní Longáin (pronounced ‘Knee-uv’),https://cdn.bsky.app/img/avatar/plain/did:plc:johqgl2ec2fmkllpjdqqhk7u/bafkreihudn664lmhgxohsvr7xwtho3afnask6jotgbp4zg6ja2qr5frdiy@jpeg,did:plc:johqgl2ec2fmkllpjdqqhk7u,NA,0
roberttropper.bsky.social,Robert,https://cdn.bsky.app/img/avatar/plain/did:plc:jcvwdaeydxkop5fzswzr7j3o/bafkreia5y5zgfufddpq7f4kij7bnkjcvbx55jcwn7i3blpwjs7prbm2fsy@jpeg,did:plc:jcvwdaeydxkop5fzswzr7j3o,NA,0
airwiloon.bsky.social,molche polarisieren ungewollt,https://cdn.bsky.app/img/avatar/plain/did:plc:gxcpsn7hy2ug2tr6rl2plauk/bafkreie3q6c3y4prttux4dzxwhgno43hq7m4sn6mk4dndnl6a4trb5dvhm@jpeg,did:plc:gxcpsn7hy2ug2tr6rl2plauk,NA,0
authorstephenson.bsky.social,Author Stephenson,https://cdn.bsky.app/img/avatar/plain/did:plc:5pvuyi3nafuvrs56psco7yzw/bafkreifs5zu3eykq3pkh2xoeh2mtewtiqcaiwh6tmqqnzyvrafd3iiayha@jpeg,did:plc:5pvuyi3nafuvrs56psco7yzw,NA,0
onefinekitty.bsky.social,,https://cdn.bsky.app/img/avatar/plain/did:plc:xx42x5smhqxpia7yrdnonad2/bafkreia2mutuleid5uaisf73qcpghrb2g5ug4xosd3pkk5nvjlmmmwkvry@jpeg,did:plc:xx42x5smhqxpia7yrdnonad2,NA,0
beachbum7777.bsky.social,Another GAY Steven,https://cdn.bsky.app/img/avatar/plain/did:plc:mbqylqyif2gucfd2dy2lpxvw/bafkreihj2mnbcqhvnbcirbosui3whv3o3rt4htifmpzhqbs5pkvugr2mmy@jpeg,did:plc:mbqylqyif2gucfd2dy2lpxvw,NA,0
faduda.bsky.social,Gerard Cunningham,https://cdn.bsky.app/img/avatar/plain/did:plc:kyqtnouty3tjmgccqs2rzipg/bafkreibxpesrupwjqprn4ajlnzlf3u2iklwm4vjrrqwjf2g2hsfmbiumge@jpeg,did:plc:kyqtnouty3tjmgccqs2rzipg,NA,0
fififinx.bsky.social,Felicity,https://cdn.bsky.app/img/avatar/plain/did:plc:e5gqowx26zqxyeguofwgslq7/bafkreiey2f5najhcn2ktlqtrutvvjoypdhv4ss7zd6h3lcsge53mezta3u@jpeg,did:plc:e5gqowx26zqxyeguofwgslq7,NA,0
mrmooshoo.bsky.social,MrSheamus 🇵🇸 🏳️‍⚧️,https://cdn.bsky.app/img/avatar/plain/did:plc:dtstzmucjbeu2wskakxmzibq/bafkreihqy6esrw73wnawjeuly4udxrhrp65o5nqffcrh5uch2ydbkp7hky@jpeg,did:plc:dtstzmucjbeu2wskakxmzibq,NA,0
mcnastyprime.bsky.social,McNastyPrime,https://cdn.bsky.app/img/avatar/plain/did:plc:5anqrqkosukcburrjwsio5nh/bafkreiazrbbyiyqhb5dbgbxv57d6s6u7k2tg7tcsr3cl3id6yvrsdm6oeu@jpeg,did:plc:5anqrqkosukcburrjwsio5nh,NA,0
jessicamgw.bsky.social,,https://cdn.bsky.app/img/avatar/plain/did:plc:4fth6uf6ed3745zj4cthpw3c/bafkreic6tzvnywecxukjdjbjtnuhzbh3dneyzaeuxy4ccrvpmvveqekkze@jpeg,did:plc:4fth6uf6ed3745zj4cthpw3c,NA,0
jakwilde.bsky.social,Jeremy,https://cdn.bsky.app/img/avatar/plain/did:plc:43hywzfbykmrefhsiyu7ul2t/bafkreiczsfnwlgosx7eofjiqd5bypmodu55zh3chcwu5asajhjdb5vr744@jpeg,did:plc:43hywzfbykmrefhsiyu7ul2t,NA,0
jasonlee.ie,Jason Lee,https://cdn.bsky.app/img/avatar/plain/did:plc:eaqrsdxfo4ug6xhaiw673b44/bafkreic7wjifnuwtbewmjrkjptu3mv6lbumisy7aah6cltbyo6jlqjg5he@jpeg,did:plc:eaqrsdxfo4ug6xhaiw673b44,NA,0
pashortt.bsky.social,Paul Anthony Shortt,https://cdn.bsky.app/img/avatar/plain/did:plc:43nquwoxqizq2osm7ai7j32q/bafkreihlwie5tnqfur3til7iptmxgnfp62e4gimbyebfxp434jpgsqsxje@jpeg,did:plc:43nquwoxqizq2osm7ai7j32q,NA,0
biscuitspatinkin.bsky.social,Conchúir,https://cdn.bsky.app/img/avatar/plain/did:plc:jirz5htis5vwanxina6qckkd/bafkreiaobxxpsuvt3uc2yatik4pqgbtqrmomepovnt27qon6b5kqwbx3am@jpeg,did:plc:jirz5htis5vwanxina6qckkd,NA,0
allynh.bsky.social,Allyn H,https://cdn.bsky.app/img/avatar/plain/did:plc:6uodsvmnxo6js45pbo7wuaxr/bafkreibxo4hc3a4hy6skelehsikfnedgk3ajacmy4qldwcvpi2sgc6rit4@jpeg,did:plc:6uodsvmnxo6js45pbo7wuaxr,NA,0
sanguinelinguine.bsky.social,Sanguine,https://cdn.bsky.app/img/avatar/plain/did:plc:r4dunhpwrcckw76x75umtmi3/bafkreigjgrbqyv6zjkqsrgot3ur575qwbdtc5fzcrtfbiralcrnwqx4ume@jpeg,did:plc:r4dunhpwrcckw76x75umtmi3,NA,0
junewanders.bsky.social,Juniper 💜,https://cdn.bsky.app/img/avatar/plain/did:plc:l2i4gobhu6bm7y7opz3qpzjj/bafkreieqs7tq2ysn3dqvuc67ilo7i7g3txrq2nxomihewqdifbv2gv2ura@jpeg,did:plc:l2i4gobhu6bm7y7opz3qpzjj,NA,0
fullmetalducky.bsky.social,radge mcbam 🦆✨️,https://cdn.bsky.app/img/avatar/plain/did:plc:euk3ii6ntytcad7amlbaq5em/bafkreie7ioackkukehoz6zhc2eyulhawlwlgm2tpnhzwnai4e63qruvxta@jpeg,did:plc:euk3ii6ntytcad7amlbaq5em,NA,0
zhugezhehao.bsky.social,Kevin Jones,https://cdn.bsky.app/img/avatar/plain/did:plc:zwntzpnkbmz5ilj4i6yp4ru2/bafkreibjm4kzh742hxrswmxg72q2w4w2dqlotrvyajyf5t5lnjru4l3jl4@jpeg,did:plc:zwntzpnkbmz5ilj4i6yp4ru2,NA,0
dochara.com,Katherine Nolan,https://cdn.bsky.app/img/avatar/plain/did:plc:ulk47zsruw4ycnjrcxixz3cj/bafkreie324oetfidfmwout444utxs2xeyujqbmka3hhjvfmkx2qhhui7kq@jpeg,did:plc:ulk47zsruw4ycnjrcxixz3cj,NA,0
genevievecogman.bsky.social,Genevieve Cogman,https://cdn.bsky.app/img/avatar/plain/did:plc:vxswgbfdgkcoyqj7j2wajvwe/bafkreiazrdeb4isazqt2jeyyw3nz2c2fh5mqxygs3vje6qtfwvi3biolfm@jpeg,did:plc:vxswgbfdgkcoyqj7j2wajvwe,NA,0
suzimagee.bsky.social,Sue,https://cdn.bsky.app/img/avatar/plain/did:plc:qa4r5kjqwd54f6tzn3sdrbgc/bafkreic5dx4kqx6ajdbdoqdkvspva3bsv3qlrw24zcat5rqltv6fazuuza@jpeg,did:plc:qa4r5kjqwd54f6tzn3sdrbgc,NA,0
decervelage.bsky.social,Désespérer,https://cdn.bsky.app/img/avatar/plain/did:plc:pnhdcrfjkupgxlquztiu7r52/bafkreifnisaxhyvk3dcili5seavqtv6awrtjnb4yqj5nrexluqraljot2a@jpeg,did:plc:pnhdcrfjkupgxlquztiu7r52,NA,0
itsmeterip.bsky.social,Teri P,https://cdn.bsky.app/img/avatar/plain/did:plc:m3h7qnirejiijetjzysxgwqk/bafkreih6ut6wq6ln7ou4ekwpay6dgm6yi34bxqpsaxgnq2yjqk2xxi5zcm@jpeg,did:plc:m3h7qnirejiijetjzysxgwqk,NA,0
eta-volantis.bsky.social,Alecto,https://cdn.bsky.app/img/avatar/plain/did:plc:lhf5iqc5svpa4nvvcirvx5nd/bafkreigi7onxcvqaf6xtsc6hgknytohir3rdo4rbut7426thhhzrumcs5u@jpeg,did:plc:lhf5iqc5svpa4nvvcirvx5nd,NA,0
foolhandy.bsky.social,foolhandy 💛,https://cdn.bsky.app/img/avatar/plain/did:plc:lauusp64pyvmkmxjcl6eygpq/bafkreighv7vdeitodxcphnvotjtip6w3lgeyy7pse4nx5qvomwamtuffsi@jpeg,did:plc:lauusp64pyvmkmxjcl6eygpq,NA,0
ffredclegg.bsky.social,Ffred Clegg,https://cdn.bsky.app/img/avatar/plain/did:plc:larcsa4udlr4rz77q46qqxwq/bafkreiejltp6h6f2slu6jthz6ay2hvml24mknh4eugobwoeb2ymzzdgdwu@jpeg,did:plc:larcsa4udlr4rz77q46qqxwq,NA,0
nocontextsiobhan.bsky.social,Siobhán M,https://cdn.bsky.app/img/avatar/plain/did:plc:jwmmnmbjvqvwsttcfkdayiy2/bafkreiagwx7olaeqqk5ws74x4yw5cdu5632sh25ystydwtnmb7d2mchc6m@jpeg,did:plc:jwmmnmbjvqvwsttcfkdayiy2,NA,0
parcival51.bsky.social,Tim Scanlon,https://cdn.bsky.app/img/avatar/plain/did:plc:gz56l25rgmwljhh42l4rhzxw/bafkreiciizqdcbnwfqybc4bwdfccdwxonas7ctsgufb24vbgbu3jaimcou@jpeg,did:plc:gz56l25rgmwljhh42l4rhzxw,NA,0
ronanhession.bsky.social,Rónán Hession,https://cdn.bsky.app/img/avatar/plain/did:plc:gvjjlkvceowxhekyc4fuhx57/bafkreid5hyqpwc72vamvbwsp7rsaevwbcammqfhajq6tqqt4dz2d5o5dre@jpeg,did:plc:gvjjlkvceowxhekyc4fuhx57,NA,0
stivvers.bsky.social,stivvers 🦜🦚,https://cdn.bsky.app/img/avatar/plain/did:plc:cfoygrx4clhglmhy6ted7su2/bafkreicadf5lgh4f5xhuimgxc6fr6lrv7kgnapgz5oc7m552dpiv6p5bwu@jpeg,did:plc:cfoygrx4clhglmhy6ted7su2,NA,0
greyskiesthinking.bsky.social,Declan Gaffney,https://cdn.bsky.app/img/avatar/plain/did:plc:c4g4af2vrhn6nbnoqosmv65j/bafkreiaror2nbnbdehyaum26evvgpbzi2osh3dkotmwszmf5zhspihuagm@jpeg,did:plc:c4g4af2vrhn6nbnoqosmv65j,NA,0
fredorrarci.bsky.social,Fredorrarci,https://cdn.bsky.app/img/avatar/plain/did:plc:agmmlq2axybrqkare7pd52vk/bafkreiasthtuh2q3wks5ph3yezm5nlfthytdkdt3xvs7qtykghdfeglnty@jpeg,did:plc:agmmlq2axybrqkare7pd52vk,NA,0
bettyincork.bsky.social,Bettyincork,https://cdn.bsky.app/img/avatar/plain/did:plc:4fds73zwhinojw6d7uqyme5j/bafkreibqw4rdgh4urhrh2pxr6g75l5vesmqursqci6icu6w5bop35eomru@jpeg,did:plc:4fds73zwhinojw6d7uqyme5j,NA,0
paulsandars.bsky.social,Paul Sandars🏴󠁧󠁢󠁷󠁬󠁳󠁿,https://cdn.bsky.app/img/avatar/plain/did:plc:34s54hy2nc3cu3usmwy336r3/bafkreicnfvkwvvaxjzqaglw2dhjej45soghm34uufhmi7rdc6w7kdbnqrq@jpeg,did:plc:34s54hy2nc3cu3usmwy336r3,NA,0
taram.bsky.social,Tara,https://cdn.bsky.app/img/avatar/plain/did:plc:v5m2hgbsuj7s5a76t26wvuxs/bafkreibfwgpfj4cqssakkee7j2ym6grkslwksdaukhwxkodm6jst2jjppy@jpeg,did:plc:v5m2hgbsuj7s5a76t26wvuxs,NA,0
sociuscriminis.bsky.social,Simon,https://cdn.bsky.app/img/avatar/plain/did:plc:4cpjnhjxkl72bkovqioa5tls/bafkreifjoxbdhwmxep4saz5lmd3uanjspec36ia4vghgajwjtof2x6bhya@jpeg,did:plc:4cpjnhjxkl72bkovqioa5tls,NA,0
dougsloane.bsky.social,Doug Sloane,https://cdn.bsky.app/img/avatar/plain/did:plc:wqcjshuzmwdndl4whfgescxd/bafkreidhcstv5b6wxjj542qgfawp2vg7paqongckjnammhi3zrfv5r6uza@jpeg,did:plc:wqcjshuzmwdndl4whfgescxd,NA,0
niallp23.bsky.social,Niall Phelan,https://cdn.bsky.app/img/avatar/plain/did:plc:cxv7b45pq4row6lqhx346evj/bafkreidt53lt7l6zca7kq4rhs6qtad7kizmwg3ntryks6n6duc7ygaed2e@jpeg,did:plc:cxv7b45pq4row6lqhx346evj,NA,0
thibarg.bsky.social,Thibaud,https://cdn.bsky.app/img/avatar/plain/did:plc:bag6vyamdedulz3hnzqe4ngg/bafkreibqc2n2q3dd3h7pu7lvnd4kbeuhjlyiaurpbtawix4ipfrjumlpae@jpeg,did:plc:bag6vyamdedulz3hnzqe4ngg,NA,0
bainne.bsky.social,,https://cdn.bsky.app/img/avatar/plain/did:plc:256465q3hqqmuwykpgtl6adb/bafkreia2ehj2hiykmblqyktp6w7vgipvzep7kclo7ozpztcrzgjxbd3dnm@jpeg,did:plc:256465q3hqqmuwykpgtl6adb,NA,0
ottoflux.com,jason r. totten,https://cdn.bsky.app/img/avatar/plain/did:plc:o33mz3u6jeghantrtqfe3lsv/bafkreibflj4pryujz5weymfaputb2eod43owiynjpyvtyhiuksh62eyuqa@jpeg,did:plc:o33mz3u6jeghantrtqfe3lsv,NA,0
smidgendublin.bsky.social,SmidgenDublin,https://cdn.bsky.app/img/avatar/plain/did:plc:34xv6f7iv63eqdmgqd7jyws6/bafkreigr6huzfs2h7qezzi4lhcwytmugswrylwe62twwe6huovqofbgpyy@jpeg,did:plc:34xv6f7iv63eqdmgqd7jyws6,NA,3
dundeesat.bsky.social,Dundee Satellite Station Ltd.,https://cdn.bsky.app/img/avatar/plain/did:plc:knl35tztubd7iayvfr2q2nam/bafkreifxdc6472kpikwtxsotm6hyxpiyjagzf7dulked3exxqsvgtu2xca@jpeg,did:plc:knl35tztubd7iayvfr2q2nam,NA,0
ciallmhar.bsky.social,,https://cdn.bsky.app/img/avatar/plain/did:plc:n67mfyvdwzqi3wvccfj5rmff/bafkreicj6b7vumlo2vqtabs3elqegfybsn4zcvbimx75zst266mpq65xje@jpeg,did:plc:n67mfyvdwzqi3wvccfj5rmff,NA,0
super-widget.bsky.social,Joanna,https://cdn.bsky.app/img/avatar/plain/did:plc:kq3bw446lpu5uehxhirtqsl4/bafkreiaptv4odvlj54kildlipp2vlrzn5peyuunu2jma6uvcdsj27nxmwy@jpeg,did:plc:kq3bw446lpu5uehxhirtqsl4,NA,0
liamharkin.bsky.social,Liam Harkin,https://cdn.bsky.app/img/avatar/plain/did:plc:bomdrji5jhn6yyus4hnaalv4/bafkreig4rxhbpas2cppyaay2ufvay6vq327k3hklsdo5iqsdrkuvwfznd4@jpeg,did:plc:bomdrji5jhn6yyus4hnaalv4,NA,0
niamhnicheallaigh.bsky.social,Niamh Ní Cheallaigh 🇮🇪 ♿️ 🇵🇸,https://cdn.bsky.app/img/avatar/plain/did:plc:5cinc2kkxopkaxznsvl7ba5v/bafkreid6jcfqx65kemc53ztqmmqpovzqvftg7qjhmlym4qwxitg2oiqiee@jpeg,did:plc:5cinc2kkxopkaxznsvl7ba5v,NA,7
cathhart.bsky.social,Catherine Hartmann 🇪🇺 🇨🇵 🇧🇪 🇮🇪,https://cdn.bsky.app/img/avatar/plain/did:plc:nmmdjbhofof2ajdfg5aztviu/bafkreidakgqrhkp3ja7fwsynujsda3nyqpeshqie7f3wygd2awbwq4yahe@jpeg,did:plc:nmmdjbhofof2ajdfg5aztviu,NA,0
flannlmacgowan.bsky.social,Ó'Máille,https://cdn.bsky.app/img/avatar/plain/did:plc:bzbgqn7s4vpsalg3pdp6t3vr/bafkreiac7beuvakmdrvjkg6gkpsfkk7q45aizj2cddxcadbl3jgi52k36u@jpeg,did:plc:bzbgqn7s4vpsalg3pdp6t3vr,NA,0
skybrina.org,~sbrina,https://cdn.bsky.app/img/avatar/plain/did:plc:vthnmebshtegjb34gxfdtf7f/bafkreidxwoeso66ux2b7u5kn6waz2r75lvegfo6btox7avqlrsp2pnqzwa@jpeg,did:plc:vthnmebshtegjb34gxfdtf7f,NA,0
dankerins.bsky.social,Dan Kerins,https://cdn.bsky.app/img/avatar/plain/did:plc:s7p26ykajrcazuwxa2vyccjc/bafkreigg5y4jlpzf6h2cno6hiejgppb2lthopned72haeb3pgmwd2y3rii@jpeg,did:plc:s7p26ykajrcazuwxa2vyccjc,NA,0
georgej57.bsky.social,George Johnson,https://cdn.bsky.app/img/avatar/plain/did:plc:rtcavp7q6ygw7uhupya3oa7k/bafkreibnhajwmmqkhszg3uaj2kvmppeinffpcbliqt73h7q3umw5zyqntu@jpeg,did:plc:rtcavp7q6ygw7uhupya3oa7k,NA,0
doublek01.bsky.social,DoubleK,https://cdn.bsky.app/img/avatar/plain/did:plc:prly24cm7uliwpa5khnuxuej/bafkreidnkeb54hqlwputcxemrq3budsgtgui4qyikzwkrnwri2o4njqcda@jpeg,did:plc:prly24cm7uliwpa5khnuxuej,NA,4
mcchouffe.bsky.social,Justin,https://cdn.bsky.app/img/avatar/plain/did:plc:oxwk7kp5ifyd4kxr2maviw5f/bafkreigktg4i5atxwwnkakilrv466kfmirvabxlqjnsa3p6txxuewtvlgu@jpeg,did:plc:oxwk7kp5ifyd4kxr2maviw5f,NA,0
willlawless.bsky.social,Will Corcoran,https://cdn.bsky.app/img/avatar/plain/did:plc:l67jcsg5kyaisyvetlbetsw4/bafkreihp6ncgxxln4i5ivreoejbzrwzijnxph2tzky6fcpvoam7jtiduk4@jpeg,did:plc:l67jcsg5kyaisyvetlbetsw4,NA,0
glibguides.bsky.social,glibgobble 🦃,NA,did:plc:idjsxyqczlcz7sonbgsfib3p,NA,0
spiritof74.bsky.social,Spirit of '74,https://cdn.bsky.app/img/avatar/plain/did:plc:dxvcbmmls2qatcvnfiytfece/bafkreidk2wzfm3u6nefoby4omxic2lf7dk5n4ervl3azup74eyhxdmm4fy@jpeg,did:plc:dxvcbmmls2qatcvnfiytfece,NA,0
dubiousfood.bsky.social,Dubious Food,https://cdn.bsky.app/img/avatar/plain/did:plc:b7ex4fuo66xhs3534lrimoww/bafkreiepp32pgqbf6sg4zdehwbr3e6kxazjkmdbt4m2z5mqkwnc2waurwi@jpeg,did:plc:b7ex4fuo66xhs3534lrimoww,NA,0
emcreative.ie,Ed Moynihan,https://cdn.bsky.app/img/avatar/plain/did:plc:6s2icd7v2hyfmfmvlyh4reh3/bafkreic5ibnep7ufdwayll3gjvliefxdzscwzgkg6wq3f5pm4lfgpl5vyi@jpeg,did:plc:6s2icd7v2hyfmfmvlyh4reh3,NA,0
gavnugent.bsky.social,Gavin Nugent,https://cdn.bsky.app/img/avatar/plain/did:plc:3hxhigan45ugld5i7azapqle/bafkreicpbl3dgbpox3ltnn2mrchwuxp2uo27h6oaujpmd3j7qjbztir7sm@jpeg,did:plc:3hxhigan45ugld5i7azapqle,NA,0
joc1991.bsky.social,James,https://cdn.bsky.app/img/avatar/plain/did:plc:2rjasxhakgstc2qnbqapsdlv/bafkreibbzzbjnezfxnwme4m34biqmpfp2tvviucgn23jzecwzrksjn4i6m@jpeg,did:plc:2rjasxhakgstc2qnbqapsdlv,NA,0
cait.siorc.eu,Caitríona,https://cdn.bsky.app/img/avatar/plain/did:plc:yqijfegimx3dzxtdjwrenh4u/bafkreiggevdtmyczyh4xnlurxen7beqois3blzgqki4tdtfastpcnobfce@jpeg,did:plc:yqijfegimx3dzxtdjwrenh4u,NA,0
michelabarlow.bsky.social,Michela,https://cdn.bsky.app/img/avatar/plain/did:plc:ye2gfg3kuhzzt5xdrurvfarj/bafkreide2kno6wxabfpvabgl6dwwog24jzxfidtfiwxsbwdhjy6p4sgz3y@jpeg,did:plc:ye2gfg3kuhzzt5xdrurvfarj,NA,0
lionesskeeper.bsky.social,Liz (10) (^_^) Ⓥ,https://cdn.bsky.app/img/avatar/plain/did:plc:xuc56m563vnf3f5ermx3ck4h/bafkreibmn3swglnibjszyqx5eeml22uyxusyzsog2mos2kowzstukro7qy@jpeg,did:plc:xuc56m563vnf3f5ermx3ck4h,NA,0
bwalsh.bsky.social,Ben Walsh,https://cdn.bsky.app/img/avatar/plain/did:plc:xkdpocwvwcs2j4qydoicjkg4/bafkreice7ilt4b4xpmya23e2zurtyzmcp5pkgegrhbslcoe2jnl2j3hi44@jpeg,did:plc:xkdpocwvwcs2j4qydoicjkg4,NA,0
brenkinse.bsky.social,Brendan,https://cdn.bsky.app/img/avatar/plain/did:plc:vzqdqkfpwboevqxeabenr7j4/bafkreidueijsx3rr375a4j3ox2w7sicfkwjlseygbf3mrr2in3b4a64mou@jpeg,did:plc:vzqdqkfpwboevqxeabenr7j4,NA,0
cormacos.bsky.social,Cormac,https://cdn.bsky.app/img/avatar/plain/did:plc:vmvfjiq64l4zjxj6omfqalwm/bafkreiaysq6m2oj7xvyjrzlfldzolnzpphpt56cniip7roo76o2bjfur7a@jpeg,did:plc:vmvfjiq64l4zjxj6omfqalwm,NA,9
lydiabigley.bsky.social,Lydia Bigley,https://cdn.bsky.app/img/avatar/plain/did:plc:vjoivdjatvabt2wapzddlpxg/bafkreifgbh7pqrqwi5dxiuqhhfov6e4kq26a5zoozchlzf37gx7s6q52bm@jpeg,did:plc:vjoivdjatvabt2wapzddlpxg,NA,0
quiteclare.bsky.social,Clare Moriarty,https://cdn.bsky.app/img/avatar/plain/did:plc:upap75uizgsqltqsigiqkus4/bafkreihulvkashf236b2irsfoo7oorbfjpxbth5i4wb6hxj3votx2hibzi@jpeg,did:plc:upap75uizgsqltqsigiqkus4,NA,2
vincentbyrne.bsky.social,vincentbyrne.bsky.social,https://cdn.bsky.app/img/avatar/plain/did:plc:tls4kk3zrdqcnvxpgankozkf/bafkreicceap2d7ot2tbj7b5xnddlinwi3utbeq5gqedn2nvsomcyooxs5q@jpeg,did:plc:tls4kk3zrdqcnvxpgankozkf,NA,0
elainecrory.bsky.social,Elaine Crory,https://cdn.bsky.app/img/avatar/plain/did:plc:tklhlmvjmni5s7srgid4hbce/bafkreid2fsdf4zx76fckuxdxg642a7vebl7epaavmacc2dyb7nx7hrlmcm@jpeg,did:plc:tklhlmvjmni5s7srgid4hbce,NA,0
donoghuek.bsky.social,Kevin Donoghue,https://cdn.bsky.app/img/avatar/plain/did:plc:r4nqnwhuvnyehci2rfzmjwnp/bafkreiaungnktrvx5joiu5mq3obxs3ikcj4g57ibpkj25j2s2czacnpsbu@jpeg,did:plc:r4nqnwhuvnyehci2rfzmjwnp,NA,0
alkalinecollective.bsky.social,AL Kaline 🇮🇪 🍉,https://cdn.bsky.app/img/avatar/plain/did:plc:ptzflttudpqcrf44hctiiylw/bafkreick744nf3lzfb6zft7hi266cedmedbprvmq3xfd5f2345m2zojpii@jpeg,did:plc:ptzflttudpqcrf44hctiiylw,NA,2
meltyshirts.com,Melty Shirts,https://cdn.bsky.app/img/avatar/plain/did:plc:pdendcplixw4gxmn7ubv3dnd/bafkreieyypmqyjmonninuoiew45nraulbrzlypugc7q7nuoln3r4w3onm4@jpeg,did:plc:pdendcplixw4gxmn7ubv3dnd,NA,14
mal49.bsky.social,,https://cdn.bsky.app/img/avatar/plain/did:plc:ns6ebxf3dmulzawbxzafzx6v/bafkreigqaola4cassfja3hcm2yraakbzkyfjaja6hhs6mrjccouaasy5s4@jpeg,did:plc:ns6ebxf3dmulzawbxzafzx6v,NA,0
spudman82.bsky.social,"Dáithí, King of Spuds",https://cdn.bsky.app/img/avatar/plain/did:plc:mxjtdgblfoinuxdevnnbe4sq/bafkreifsi6pnyres22ygaaudbyxpi4t3ji3vy55cbjynxewbncvnavwjny@jpeg,did:plc:mxjtdgblfoinuxdevnnbe4sq,NA,0
rugbykino.bsky.social,Cian Ó Muilleoir,https://cdn.bsky.app/img/avatar/plain/did:plc:kkwmvrtjn6x7mcsrbovi4mlw/bafkreidsmjljimjv5o4ij7rvstd6dh3o3k7lrvd53zyeavwrricui2e5hi@jpeg,did:plc:kkwmvrtjn6x7mcsrbovi4mlw,NA,0
coffeeandpolitics.bsky.social,Fiona,https://cdn.bsky.app/img/avatar/plain/did:plc:iqgpf5fn2sphiwsryka6jn7d/bafkreid6ilp6yyujkv2igevlpotp6ekuar7nycurxr3k5fgjpsc5rjywhe@jpeg,did:plc:iqgpf5fn2sphiwsryka6jn7d,NA,0
wojtekborowicz.bsky.social,Wojtek Borowicz,https://cdn.bsky.app/img/avatar/plain/did:plc:iinqcwwqsrf2uc7icpbk3vma/bafkreibtmlryybf2g2mneouejn7g52h2yzzuakuco63s3aoxhzni257the@jpeg,did:plc:iinqcwwqsrf2uc7icpbk3vma,NA,0
brian215.bsky.social,Brian,https://cdn.bsky.app/img/avatar/plain/did:plc:gxiz74dnfudbpdlbqclmqsf3/bafkreicxig65l75rzq2vs3gbqqchubqqbfo6vgs5dptybfryl6ropwh3ou@jpeg,did:plc:gxiz74dnfudbpdlbqclmqsf3,NA,0
sholingdex.bsky.social,Dex,https://cdn.bsky.app/img/avatar/plain/did:plc:ewjmd6c7dmxw7ybjlqiqktjr/bafkreiev5qeq4prbsny7k4k4ldfftsa2e5xkbiricghhqmzum5uzegsmg4@jpeg,did:plc:ewjmd6c7dmxw7ybjlqiqktjr,NA,0
jbwh24.bsky.social,,https://cdn.bsky.app/img/avatar/plain/did:plc:eilya7pn4gac52gvffzqvfzk/bafkreifdvva3wsjhzn7fhfc4v55jce3uzgz6cxclffukn47tajdyuyvgjy@jpeg,did:plc:eilya7pn4gac52gvffzqvfzk,NA,0
eilscan.bsky.social,Eileen Scanlan,https://cdn.bsky.app/img/avatar/plain/did:plc:dx2lah7j3tj3mt4lbiwcpkxr/bafkreiaventnhuumbimdoshl3lkcgpi6justqw3mlouw6qwuzpnqaszvuy@jpeg,did:plc:dx2lah7j3tj3mt4lbiwcpkxr,NA,0
antaoife.bsky.social,Ais Shan,https://cdn.bsky.app/img/avatar/plain/did:plc:dt32y3h7k4lhq6fbl3qgp7oh/bafkreidb3nlrimbts46p4skxyadmimvkk4b5l3jixpb7zmhzo7vhup5444@jpeg,did:plc:dt32y3h7k4lhq6fbl3qgp7oh,NA,0
chrismurphy201.bsky.social,Chris Murphy,https://cdn.bsky.app/img/avatar/plain/did:plc:ca3kbj6lfy3npgtzhbo72wf4/bafkreibgy22y2rhdami3ytt4skv6lzecpwxsnskoro7thpde5dvels6nhq@jpeg,did:plc:ca3kbj6lfy3npgtzhbo72wf4,NA,0
lisagrimm.com,Lisa Grimm,https://cdn.bsky.app/img/avatar/plain/did:plc:bjovrbtmnlckoh6vaalnqjzi/bafkreigmysyoeifkeidfent3oct36qrj36tlrjxhnudkyjtbpvoaddcx5u@jpeg,did:plc:bjovrbtmnlckoh6vaalnqjzi,NA,18
oshaughnessy.social,Bob O'Shaughnessy,https://cdn.bsky.app/img/avatar/plain/did:plc:6ys3gtche7x53mrzdmfclb4j/bafkreihb4oxzhb7ukpqbvblxidcvgrmjehlf7bgl7bjnotjjsqyg6rkcku@jpeg,did:plc:6ys3gtche7x53mrzdmfclb4j,NA,0
xolisaryan.bsky.social,Lisa Ryan,https://cdn.bsky.app/img/avatar/plain/did:plc:6y4rvpx4fpl7wryyiz6uw2lh/bafkreiddvtsxergttraygwir7ww7e6sielyvnq2z77lqe5yh2wijkpaesu@jpeg,did:plc:6y4rvpx4fpl7wryyiz6uw2lh,NA,0
chapkachapka.bsky.social,Chris Hapka,https://cdn.bsky.app/img/avatar/plain/did:plc:6fdzcip22zm3yl2eudfbdql7/bafkreibibz5q67qezlod45iqwzpk5mzl2gqeqnwljxt2bihaxqzexpq7sm@jpeg,did:plc:6fdzcip22zm3yl2eudfbdql7,NA,0
dmleathley.bsky.social,Darren Leathley,https://cdn.bsky.app/img/avatar/plain/did:plc:65lymkauwg7nw7dh5gthkrkm/bafkreiczqbokpy4niqlv5vgi3xzbkhhua5hzxjc4wccr4noi4fyqntpqxq@jpeg,did:plc:65lymkauwg7nw7dh5gthkrkm,NA,0
tinydbass.bsky.social,Dave Mathieson,https://cdn.bsky.app/img/avatar/plain/did:plc:5ebaazqa3ghohwlelj7jmt5o/bafkreifqw47ffskuxpptxwh3s3fldgd5hmh7fhp6g5eqgbjwwmbsfwxyyq@jpeg,did:plc:5ebaazqa3ghohwlelj7jmt5o,NA,0
menaburke.bsky.social,Mena Burke,https://cdn.bsky.app/img/avatar/plain/did:plc:3msz4u75oukqhlw52filz6kp/bafkreidmjgt4jknqd4qzbdg23cueazuf3zedokx6xfnst5r24ceuz6nfye@jpeg,did:plc:3msz4u75oukqhlw52filz6kp,NA,0
alansayscoyh.bsky.social,Alan Baldwin,https://cdn.bsky.app/img/avatar/plain/did:plc:2kxet6eo7fao4bdehzw43bpq/bafkreieothigydm7ijloxdlo5tq26rjpuyr4hdnrkuco75dcns5x4vmv2a@jpeg,did:plc:2kxet6eo7fao4bdehzw43bpq,NA,0
arnofio.bsky.social,Gerry Ó Móraín,https://cdn.bsky.app/img/avatar/plain/did:plc:2gdxhur56ji22esp6ntj6yp7/bafkreieg7dbu6ttpfi3jtloethctzzqrptzx66fkpyme6s34es2rnzd6ya@jpeg,did:plc:2gdxhur56ji22esp6ntj6yp7,NA,0
pnamblath.bsky.social,Joe O’Brien,https://cdn.bsky.app/img/avatar/plain/did:plc:rj54e4tn2c5l6kmuqotuahuv/bafkreif6jnlbmx2d2ud3urgh2geq7nyz5gisf2yvbl4wjtbszo63n63ahy@jpeg,did:plc:rj54e4tn2c5l6kmuqotuahuv,NA,7
katherinemend.bsky.social,Katherine Mendelsohn,https://cdn.bsky.app/img/avatar/plain/did:plc:f6wcm3x2mrhlg5bp2gvi6iuk/bafkreihaqvaptrxs7sa66hp3npgl5joz2izd4acqih3kh6sigt4zrbe7nm@jpeg,did:plc:f6wcm3x2mrhlg5bp2gvi6iuk,NA,0
tkeyesbevan.bsky.social,,https://cdn.bsky.app/img/avatar/plain/did:plc:4rwblkujvuzywdprq6estve4/bafkreiad4moqcgpivqr2e7a5krl4s7ilp7qgsjcqys7eaqbde3lmgvttyu@jpeg,did:plc:4rwblkujvuzywdprq6estve4,NA,0
ronandusty.bsky.social,Ro,https://cdn.bsky.app/img/avatar/plain/did:plc:j2ytonk6hxs3tylxssm34odq/bafkreia5tjz3bg6pvoo7hsdnq3jux6iyhgvenb5acfup6mc2f7v7llmism@jpeg,did:plc:j2ytonk6hxs3tylxssm34odq,NA,0
aurelius.quest,T.C. Aurelius ,https://cdn.bsky.app/img/avatar/plain/did:plc:kxfdlwawqsugj5ezklf4rx2k/bafkreibdotgl2vxiahpvt5lkto37syndwv3rnmglvpobbkf7wrnbvhd3mq@jpeg,did:plc:kxfdlwawqsugj5ezklf4rx2k,NA,0
shamimmalekmian.bsky.social,Shamim Malekmian ,https://cdn.bsky.app/img/avatar/plain/did:plc:mpti336baxu2g4db5eibpbpm/bafkreiaaylbvhdqefhs6wwiu5ge63vqcp5njvhmiirdi4zigj3f4uok36i@jpeg,did:plc:mpti336baxu2g4db5eibpbpm,NA,0
joedee99.bsky.social,Al Kyella,https://cdn.bsky.app/img/avatar/plain/did:plc:fxteevazsjlm2rnuisy2sqn4/bafkreiddv6uf5dkzkdtkaz2lxnybel4gxcoqqzqvn4c6a5zryhqb7wgceq@jpeg,did:plc:fxteevazsjlm2rnuisy2sqn4,NA,0
olddiesel.bsky.social,,https://cdn.bsky.app/img/avatar/plain/did:plc:bq5tygzefwayvco3v2dei66a/bafkreihpxqon2wzname5icqdfxim44dsapffdtec3e5anzud672v2srjwe@jpeg,did:plc:bq5tygzefwayvco3v2dei66a,NA,0
brian-hanley.bsky.social,,https://cdn.bsky.app/img/avatar/plain/did:plc:6ocp7x2ublw4tcsqgedvzdus/bafkreicspsoq3lfqyrsjckfh3pr3ct6fwgbq77i3ksd3umyovyep7doal4@jpeg,did:plc:6ocp7x2ublw4tcsqgedvzdus,NA,0
lalalandiez.bsky.social,Lalaland,https://cdn.bsky.app/img/avatar/plain/did:plc:ytq4tndvcpnnfrnsyhkivrbb/bafkreiaa7uwa2yqym2ntyomnnixpewkmmh6436l2ivn3f27o4wdcddsuou@jpeg,did:plc:ytq4tndvcpnnfrnsyhkivrbb,NA,0
erichanvey.bsky.social,Cllr Eric Hanvey,https://cdn.bsky.app/img/avatar/plain/did:plc:xoyxnk3gzwgov2hbb2x2ggco/bafkreidaxn4xev2h3as6hn6vhrvrhy7rs4q54istmwcdjjjl5zjymhg36q@jpeg,did:plc:xoyxnk3gzwgov2hbb2x2ggco,NA,0
ellenoconnor.bsky.social,,https://cdn.bsky.app/img/avatar/plain/did:plc:tvwscwkzobrev7njturc24hf/bafkreihfrymssprfuipn5v656vosbf32upco5dw63b6l5il6zmyzdcbrza@jpeg,did:plc:tvwscwkzobrev7njturc24hf,NA,0
keitolaigin.bsky.social,,https://cdn.bsky.app/img/avatar/plain/did:plc:qepnikf7fuit7ddblqnu33l2/bafkreig7gjna5rda7qfks4pf7cbmz32jsiepptigwsey36dyuz2bfyq2h4@jpeg,did:plc:qepnikf7fuit7ddblqnu33l2,NA,0
roujiamo1989.bsky.social,Stiofán,https://cdn.bsky.app/img/avatar/plain/did:plc:ls5bsrefptq3ogyo4nroqsit/bafkreiakc6m4wwuo2knn2bah5gzbvadsonuqlws67gfv2rnyzysni2qnim@jpeg,did:plc:ls5bsrefptq3ogyo4nroqsit,NA,0
corrigab.bsky.social,ᚁᚏᚔᚐᚅ,https://cdn.bsky.app/img/avatar/plain/did:plc:ex7jkehjevt3rdrjrsta2tkd/bafkreihtxbujp37g42g4ehai4pkx5oefxei4u2tetuoxtjec54mt47igve@jpeg,did:plc:ex7jkehjevt3rdrjrsta2tkd,NA,0
yayforbicycles.bsky.social,YᗩY ᖴOᖇ ᗷIᑕYᑕᒪEᔕ 🚲,https://cdn.bsky.app/img/avatar/plain/did:plc:eis3rkmjv3fvvrqieb2pqq2t/bafkreiftcejcnt7igk7r5fxwypfmj42octfvfezmtodr2q7y4644githhm@jpeg,did:plc:eis3rkmjv3fvvrqieb2pqq2t,NA,0
aiteall.bsky.social,,https://cdn.bsky.app/img/avatar/plain/did:plc:db3chfqxlrsnjp2lqo4oycls/bafkreib4xwi67yarpxazalqvgpezydehdzlkha23i7qxbhjh7s2svtwy7e@jpeg,did:plc:db3chfqxlrsnjp2lqo4oycls,NA,0
roscaf.bsky.social,somebody,https://cdn.bsky.app/img/avatar/plain/did:plc:ctzpoprmqja6yir7zp3y5hjo/bafkreihhakn3vajwe4yj5ismes4lqjoizdkqxcgfpto5p4b4vrpfzroyb4@jpeg,did:plc:ctzpoprmqja6yir7zp3y5hjo,NA,0
bgormley.bsky.social,Brian Gormley D7,https://cdn.bsky.app/img/avatar/plain/did:plc:223cpcieytdlbmzovhs2ypg2/bafkreifsgtn24b35ubnz76c63fhkm23g2mgzdy4sxqwu3ghcyjogcnslu4@jpeg,did:plc:223cpcieytdlbmzovhs2ypg2,NA,11
baron-of-navan.bsky.social,Chris,https://cdn.bsky.app/img/avatar/plain/did:plc:z5x3cietfiaq6odqex7dqwvj/bafkreiaxjfyodnl6myzu2utm5vuhpyfebtxbk3nm7doc2otomt5yxrnrky@jpeg,did:plc:z5x3cietfiaq6odqex7dqwvj,NA,0
jurajmikurcik.bsky.social,Juraj Mikurcik,https://cdn.bsky.app/img/avatar/plain/did:plc:l7m4xmmcknh4lfhrhwxv4zmv/bafkreietsfjajuhfkymvathicugbtuldordwnm643d5hrwxlk2mz7qzvne@jpeg,did:plc:l7m4xmmcknh4lfhrhwxv4zmv,NA,0
heavenlyrecordings.bsky.social,Heavenly Recordings,https://cdn.bsky.app/img/avatar/plain/did:plc:5svklka7f4ygevq36jauvzwu/bafkreif3ctpudqrbdvypzr6yprbqrgaxq37hgqi2koe2sxtp34524urvdu@jpeg,did:plc:5svklka7f4ygevq36jauvzwu,NA,0
jamesfbrophy.bsky.social,James Brophy,https://cdn.bsky.app/img/avatar/plain/did:plc:yhkkg75tg5lmxlqcdtn6mi2o/bafkreign2n6u6ctep6iect6vkgvxaogqfmehraaoz3c6vqd3xar2gzhbsi@jpeg,did:plc:yhkkg75tg5lmxlqcdtn6mi2o,NA,0
aaronhunter.bsky.social,Aaron Hunter,https://cdn.bsky.app/img/avatar/plain/did:plc:krsojkh6ooxb4fcbqjrmmis3/bafkreiey3wyxduavdighiabaxtmgqdojpz5ytky6vt76djqcff7icjszjm@jpeg,did:plc:krsojkh6ooxb4fcbqjrmmis3,NA,0
dinglelit.bsky.social,Dingle Literary Festival,https://cdn.bsky.app/img/avatar/plain/did:plc:kfw5mglzhnumewc6hbjt2sjn/bafkreid3ypm3pkqi2kohkwvdzq6xjsc3mzegzxx5mn674xalpz2ptzjaye@jpeg,did:plc:kfw5mglzhnumewc6hbjt2sjn,NA,0
mpowereast.bsky.social,mpowereast,https://cdn.bsky.app/img/avatar/plain/did:plc:dento3tgdyb6s34o5iuxomue/bafkreidnzuymi5zjrnq754qj7zogckeam3vsxplhrnzjlqf24auzyjogbi@jpeg,did:plc:dento3tgdyb6s34o5iuxomue,NA,0
cethanleahy.com,Cethan Leahy,https://cdn.bsky.app/img/avatar/plain/did:plc:bjsyop3pfdy3ot7hao4iw4fc/bafkreiffptqu7ktt35ose6o7j6v7fisud3lk5ghpib34b7thbluqxwlcxq@jpeg,did:plc:bjsyop3pfdy3ot7hao4iw4fc,NA,0
ardentarchivist.bsky.social,Ardent Archivist,https://cdn.bsky.app/img/avatar/plain/did:plc:zfteprdsz6zxb32j4zqe4o4d/bafkreiewsthjmhrbsedicj3pehuznbo3w6ebq7wu4b5xfkccjadxlicyjq@jpeg,did:plc:zfteprdsz6zxb32j4zqe4o4d,NA,0
martinamorrow.bsky.social,Martina Morrow,https://cdn.bsky.app/img/avatar/plain/did:plc:owtiovxdlxm4bp4hgnihapfe/bafkreiay6ftsgnst72ebbsqeoycllegkr25h7b55jz5youjjk2huuaixay@jpeg,did:plc:owtiovxdlxm4bp4hgnihapfe,NA,2
thecallya.bsky.social,Peadar Ó Guilín,https://cdn.bsky.app/img/avatar/plain/did:plc:mfelhbixqq5u6rgreelflmoo/bafkreige5haafa2rtbxxofiwlg6i5hs7kilrtpf4uph54xx5f2fscdfcwy@jpeg,did:plc:mfelhbixqq5u6rgreelflmoo,NA,0
bigbyuri.bsky.social,Big Bad Uri #7291 #229,https://cdn.bsky.app/img/avatar/plain/did:plc:idbpoqjtk2pz3g22jzdv66wm/bafkreic2ahlwcwucwtkq7hdu7wqjjoaxticrflmn4ydjhvaylsuuti4i3u@jpeg,did:plc:idbpoqjtk2pz3g22jzdv66wm,NA,0
aisuc.bsky.social,,https://cdn.bsky.app/img/avatar/plain/did:plc:hlmqigtz35uipnidy2fijgcf/bafkreib6tvvu6g2r2lt76mz2b7k2anjdbfscdprgdxmrrvswwzf5phhpmm@jpeg,did:plc:hlmqigtz35uipnidy2fijgcf,NA,0
2patchitup.bsky.social,RobPatch,https://cdn.bsky.app/img/avatar/plain/did:plc:gmgeidhu5gw7c6nsmytb4wo4/bafkreigg5n2l5uvbn4ca7v4odkipq6wcy4eufuea35nixzg3rybmq4zpnm@jpeg,did:plc:gmgeidhu5gw7c6nsmytb4wo4,NA,0
missedmycue.bsky.social,Mr,https://cdn.bsky.app/img/avatar/plain/did:plc:faflqcxfrg3h4ojw5yxs727h/bafkreiazuztjbei5ofsiyfz5cdv3yqvyiatyjkb2nz2updwgo47izux4d4@jpeg,did:plc:faflqcxfrg3h4ojw5yxs727h,NA,0
awedandflawed.bsky.social,Jo,https://cdn.bsky.app/img/avatar/plain/did:plc:f57jaugbq2fyrfoujzegdqdm/bafkreidocpgq44pavazqyphsbfzc6c3a2n4tvnlc4c5crol7oote2tbt3e@jpeg,did:plc:f57jaugbq2fyrfoujzegdqdm,NA,0
chrisohalloran.bsky.social,Chris O’Halloran,https://cdn.bsky.app/img/avatar/plain/did:plc:aoce4ev4ramygswhngarxe4x/bafkreif42hiryde6iydjtjz3u33u4xu337ghullqvnr3kfdcun6crgq2ya@jpeg,did:plc:aoce4ev4ramygswhngarxe4x,NA,0
clairedagger.bsky.social,Claire Dagger,https://cdn.bsky.app/img/avatar/plain/did:plc:aoapbjcqc55ltkot2rebdyaf/bafkreibn7yvcm4ndqgtyvqlzsw3nwfe5ibr5u2rcfar7vzfglqfqiovjjy@jpeg,did:plc:aoapbjcqc55ltkot2rebdyaf,NA,0
olliemastersbskys.bsky.social,ollie masters,https://cdn.bsky.app/img/avatar/plain/did:plc:aectyegux67dot4z5hew7jug/bafkreia73m6j2yqvvzhp2miudnchyh7zc5u6b4f7pb7q24eufxsdoz45oi@jpeg,did:plc:aectyegux67dot4z5hew7jug,NA,0
rizzwizard.bsky.social,✨ Rizz Wizard ✨,https://cdn.bsky.app/img/avatar/plain/did:plc:7y6gahbwm5qdthakbwvs447h/bafkreibxfezts6kx5vhhlnkx3xtts5ib26cfyf3l6mnpkctyuvii6na5kq@jpeg,did:plc:7y6gahbwm5qdthakbwvs447h,NA,0
statsepi.bsky.social,Darren Dahly,https://cdn.bsky.app/img/avatar/plain/did:plc:3zyo4iakhqs47bttjalqgbk7/bafkreieurq6uozhnwby2w3lj3cisd7cbqcficeh3pr2c46feowb2uz7psu@jpeg,did:plc:3zyo4iakhqs47bttjalqgbk7,NA,0
ewacat.bsky.social,Muppet Ewa Island,https://cdn.bsky.app/img/avatar/plain/did:plc:23e6qmug2vwcnsfv2fywuy4b/bafkreiayiqugrpj3kh3p7swf2emqmw5nje23bwmizls3hzjhqomeoxyb2q@jpeg,did:plc:23e6qmug2vwcnsfv2fywuy4b,NA,0
beakmoo.bsky.social,Avian Face-Tool 🦡,https://cdn.bsky.app/img/avatar/plain/did:plc:cfzt3ri66jp7c5omcwyf6dez/bafkreiahngpxsdhc26ugwheebhhr4anna4h7snipq3rhauhuyc6k44wluy@jpeg,did:plc:cfzt3ri66jp7c5omcwyf6dez,NA,0
alan678.bsky.social,Alan H,https://cdn.bsky.app/img/avatar/plain/did:plc:x2j2uqjlrylnhfhtwgousso5/bafkreibjx3uylqhps57n7lyxo37n3rrrpvt3kryesaehmpgioew2wdbmai@jpeg,did:plc:x2j2uqjlrylnhfhtwgousso5,NA,0
clcart.bsky.social,colin,https://cdn.bsky.app/img/avatar/plain/did:plc:de6j2z27efnj55z3w6cbiiup/bafkreihtcz2m66ybsuavxbwp5ydcfyiqkodqfeeb5jzquxya2digajedya@jpeg,did:plc:de6j2z27efnj55z3w6cbiiup,NA,0
jayoneyh.bsky.social,Jayoneyh,https://cdn.bsky.app/img/avatar/plain/did:plc:5wtg3hucigmzxd7djplfvjlf/bafkreiatgxemcwnzxyzuikzh4ijikv4dpyxewfiggipgwt67kz5s37j4uq@jpeg,did:plc:5wtg3hucigmzxd7djplfvjlf,NA,0
khaprice.bsky.social,Khaprice Son,https://cdn.bsky.app/img/avatar/plain/did:plc:zgk5c2y22f24w4kut7vquxuv/bafkreidfe2xigchh4tog4bmbm27g2ynpt23ujeog35zzfg3gksdmvlkcea@jpeg,did:plc:zgk5c2y22f24w4kut7vquxuv,NA,0
jomarieoreilly.bsky.social,Jo O'Reilly,https://cdn.bsky.app/img/avatar/plain/did:plc:yppvmbnkqcqlpqfzzyr5m437/bafkreicvkerflqqmq2ww4ehrcxjpv2bewl2qacwca7why2va2p6xo5s56m@jpeg,did:plc:yppvmbnkqcqlpqfzzyr5m437,NA,0
spawngo.bsky.social,spawngo,https://cdn.bsky.app/img/avatar/plain/did:plc:ynub4yv3iv4xr2avjmwfiphv/bafkreiddedsvyjzjvou2utig74eso6v6ddnage3vfajpxlhtplz4h6awce@jpeg,did:plc:ynub4yv3iv4xr2avjmwfiphv,NA,0
goaterz.bsky.social,CJ Keenan,https://cdn.bsky.app/img/avatar/plain/did:plc:yc7adoxlls43wb3iqtx6wnwk/bafkreicg2ulh7xhyond6q3oknrs7hineaelemi2ts7glueyef247xoce64@jpeg,did:plc:yc7adoxlls43wb3iqtx6wnwk,NA,0
gardenwagon.bsky.social,Marie Something,https://cdn.bsky.app/img/avatar/plain/did:plc:y4nhdm5uqkraqxivzo5yh5iz/bafkreibkx6n4dx7qctungwheniunoflhwjgwoby2dymjawxhsjqoqfxx5a@jpeg,did:plc:y4nhdm5uqkraqxivzo5yh5iz,NA,0
sdgdavid.bsky.social,David Scanlon,https://cdn.bsky.app/img/avatar/plain/did:plc:xh6ojxsvgoyspmvunmhvgq4s/bafkreifakq4f2fm47vaqc7lqk7qvsjzgklts4hz4qoavabhb6ch4s3avje@jpeg,did:plc:xh6ojxsvgoyspmvunmhvgq4s,NA,0
lindalee.bsky.social,Linda ,https://cdn.bsky.app/img/avatar/plain/did:plc:xbrc2v3muhuz3qgesjlxejpn/bafkreid3eqsdl2rsagcjvlof7rydbze3jibb5esv5pddcn2zxtqn7ia2uu@jpeg,did:plc:xbrc2v3muhuz3qgesjlxejpn,NA,0
gorangligovic.bsky.social,𝔾𝕆ℝ𝔸ℕ,https://cdn.bsky.app/img/avatar/plain/did:plc:xakq6slcwkpjuny6i5aq7i35/bafkreidggeujfny2ja5ppikjugd74ecbskaxa6ygvqmzgnax5tgxqvptga@jpeg,did:plc:xakq6slcwkpjuny6i5aq7i35,NA,0
helvetius66.bsky.social,Paul Bowman,https://cdn.bsky.app/img/avatar/plain/did:plc:vsiclog7nyavq5v7rzjymgtw/bafkreibiy3b4tcnuo47mtrimxtbahibdzydk3fpdvwn7kkiqsylvpxg26e@jpeg,did:plc:vsiclog7nyavq5v7rzjymgtw,NA,0
unaminh.bsky.social,Úna-Minh 🔥 Play Eyes of Hellfire!,https://cdn.bsky.app/img/avatar/plain/did:plc:uxoudua47f6lczv3xvxnynsw/bafkreicnydfpgoptg5bobzos6zlq3n2xynp5r6hx6gfhmb25optshj34cy@jpeg,did:plc:uxoudua47f6lczv3xvxnynsw,NA,0
noii.bsky.social,ben,https://cdn.bsky.app/img/avatar/plain/did:plc:pqrv2pu4yw7a3zbgyb54pm64/bafkreidrk2dzrvtcb4e7rui43ewg3mfyjcqax325dyr5k23jxwa6uihj4i@jpeg,did:plc:pqrv2pu4yw7a3zbgyb54pm64,NA,0
ionthetrashbeast.bsky.social,Ion,https://cdn.bsky.app/img/avatar/plain/did:plc:pjei6y7jnymln4rsqrruoptd/bafkreihsa6cuamwhhggkkp3jf76w3yx5tavaaknr3mmwsen7ifrw7vsane@jpeg,did:plc:pjei6y7jnymln4rsqrruoptd,NA,0
marleysdead.bsky.social,MARLEY'S🔪 DEAD [All Souls Season Donothon until 12/13],https://cdn.bsky.app/img/avatar/plain/did:plc:mqzrggy77qxisxrnhutbwm6n/bafkreia2f3iiofpcyhhe7ot3n2z6awoubv2r72tnupthobvv34a56gqwgy@jpeg,did:plc:mqzrggy77qxisxrnhutbwm6n,NA,0
greenfarms.bsky.social,Green Farms,https://cdn.bsky.app/img/avatar/plain/did:plc:mquxydcc5wy73zupncxtwjvl/bafkreibh22d36d3carg2xxzetrjwiratkxpmzxsk6gfc6m3c7dyvnxpcua@jpeg,did:plc:mquxydcc5wy73zupncxtwjvl,NA,0
gypaetus.bsky.social,Don Cornholione,https://cdn.bsky.app/img/avatar/plain/did:plc:lmbavidlksvo6kl6oatpvo57/bafkreib7mqdja7zkrogfggxb3gtd7zd5gl32zwektsj5vywyll5jkvs3gq@jpeg,did:plc:lmbavidlksvo6kl6oatpvo57,NA,0
ainemccaul.bsky.social,AineMcCaul ✍🏼,https://cdn.bsky.app/img/avatar/plain/did:plc:jt3ntq3janvyinlbmwpqamhf/bafkreiathsgwirzitn47h6cnptvi35fsb2zjov7onsfwjplund4bvacxq4@jpeg,did:plc:jt3ntq3janvyinlbmwpqamhf,NA,0
thehappysorceress.bsky.social,The Happy Sorceress is probably baking cookies.  Very slowly.,https://cdn.bsky.app/img/avatar/plain/did:plc:jikldok5rt5ncskunzj3pyho/bafkreidmj5ydt65h73vtsnwidboobhfb6m7u4llyfrxkjwwvg77npxguru@jpeg,did:plc:jikldok5rt5ncskunzj3pyho,NA,0
joeatsandreads.bsky.social,,https://cdn.bsky.app/img/avatar/plain/did:plc:i72wxbeuvarbl7pai6js25jg/bafkreih6t6ac46pwmoxejuubklocy5ea35pzy5ct5m7rdjwt7wm4llez2i@jpeg,did:plc:i72wxbeuvarbl7pai6js25jg,NA,0
tundrataoist.bsky.social,"🧿✨MJ, TundraTaoist✨🧿 aka 🏹 Damsel of DPS 🏹 🌷She/Her🌷 ❄️Alaska❄️ ❌👑",https://cdn.bsky.app/img/avatar/plain/did:plc:hzri77mb2gumga27wv7gf3fm/bafkreidgirejhrqgbx3zaqzlyexc4xermi3vvwwjsrdgkzs6pb7ia6etu4@jpeg,did:plc:hzri77mb2gumga27wv7gf3fm,NA,0
burntcopper.bsky.social,Heather Wallace ,https://cdn.bsky.app/img/avatar/plain/did:plc:ffehalkvyltlclkiwhcbd3gq/bafkreichlrgbvxjko3w3ht6dajzebctecqatgrjyuhurorq3ppgxfu6gr4@jpeg,did:plc:ffehalkvyltlclkiwhcbd3gq,NA,0
leenchen.bsky.social,Leenchen,https://cdn.bsky.app/img/avatar/plain/did:plc:cf2cdebqfzixlxgcgfmxw4na/bafkreiegbken6gq42zvkmbsoe2w73kpftzwzukzrgey736dhnsdaxlecfq@jpeg,did:plc:cf2cdebqfzixlxgcgfmxw4na,NA,0
doktor-avalanche.bsky.social,🦇🩸 Fedelm🩸 🦇,https://cdn.bsky.app/img/avatar/plain/did:plc:awxes2re4ld4juwoeunwkq5f/bafkreicj7sre42xve7rjpczvdu7uvubctnveczveu7w3m2amguk3wizowm@jpeg,did:plc:awxes2re4ld4juwoeunwkq5f,NA,0
glasscanvas.bsky.social,Ger Cos,https://cdn.bsky.app/img/avatar/plain/did:plc:7ymhf5x23y7mo3eh2ei7yrgb/bafkreigqffmrlpbttua75tr6knam34yofzflct7sd7pgjvc5rjmjjxd5ci@jpeg,did:plc:7ymhf5x23y7mo3eh2ei7yrgb,NA,0
kevinteljeur.bsky.social,Kevin Teljeur,https://cdn.bsky.app/img/avatar/plain/did:plc:5jsqulfx6bybb4rdkqcgbq65/bafkreigskmbxf5emtk64clgmnww355dz6rhoycq3s4eprtczzednrjlnoa@jpeg,did:plc:5jsqulfx6bybb4rdkqcgbq65,NA,0
bratapfel.bsky.social,BratApfel,https://cdn.bsky.app/img/avatar/plain/did:plc:556np3h44cul7nxb7dvuxu3o/bafkreiglqk3chj3cgko7pfamw45c5wtezaxucas2rpjpwfomd47pgmnhhy@jpeg,did:plc:556np3h44cul7nxb7dvuxu3o,NA,0
mxfee.bsky.social,Mx. Fee - FREE LINK,https://cdn.bsky.app/img/avatar/plain/did:plc:3awpiioa7f7e4r7r6mlplexf/bafkreiapbhyfg47l3nla7oim4uhok5mpoqaenapedlsxbxk3uuctrgyydi@jpeg,did:plc:3awpiioa7f7e4r7r6mlplexf,NA,0
robinedgar59.bsky.social,Robin Edgar,https://cdn.bsky.app/img/avatar/plain/did:plc:2p7sqa6qmhcjzxyonaiwtwo4/bafkreihy4izbolbpdvnxczw5tponb3x7wqdzgv7yprk5mke7se7kg5t46y@jpeg,did:plc:2p7sqa6qmhcjzxyonaiwtwo4,NA,0
prehistoryrmo.bsky.social,Luc Amkreutz,https://cdn.bsky.app/img/avatar/plain/did:plc:2edqvkfobf6gysvyx6zx244s/bafkreigdd2xdkzbgcjrfahf7256eoaqwhs576wqarb7o2czbduypcyvhae@jpeg,did:plc:2edqvkfobf6gysvyx6zx244s,NA,0
cianoconcubhair.bsky.social,Cian Ó Concubhair,https://cdn.bsky.app/img/avatar/plain/did:plc:x7tjtkwmklpngpyrjifevvkd/bafkreifwqzhoqvin4fz23hp4p4n6iplcb46hqet2dgsspy4tr747tf3sqe@jpeg,did:plc:x7tjtkwmklpngpyrjifevvkd,NA,0
jesstraynor.bsky.social,Jess Traynor,https://cdn.bsky.app/img/avatar/plain/did:plc:fhxhmvg6wzxmb4tw2mh74tj4/bafkreic7wztjcsbex6yo6t5axqvrwite32l2sch76qi6a6mnyg4swhujye@jpeg,did:plc:fhxhmvg6wzxmb4tw2mh74tj4,NA,0
bulawayokid.ing,Bulawayo Kid,https://cdn.bsky.app/img/avatar/plain/did:plc:dtu4o7dd55urq3l5owurdudn/bafkreicfe4z36h2vkx5fjkpcg7aw32hfp5fc5osmzwcazzhc3txmio5bxm@jpeg,did:plc:dtu4o7dd55urq3l5owurdudn,NA,0
itsallgood303.bsky.social,Mr Kindness,https://cdn.bsky.app/img/avatar/plain/did:plc:vufxgucalpnvf6hrgbfpahci/bafkreibddzvbobjciaayqxbakgje34rmwk5x7uorp7vrvnrmtm5rkyxb6e@jpeg,did:plc:vufxgucalpnvf6hrgbfpahci,NA,0
nicolahorgan.bsky.social,Nicola Horgan,https://cdn.bsky.app/img/avatar/plain/did:plc:flpf3rksopl7zx2tbgsyjv7m/bafkreifxhfddkzr6qcyahqvtz4fdeq55jdizduixoycgxdnsui4575hojy@jpeg,did:plc:flpf3rksopl7zx2tbgsyjv7m,NA,6
loveon9.bsky.social,Justice 🇺🇦,https://cdn.bsky.app/img/avatar/plain/did:plc:ppyai4hbtv6iywnxgfqfsf65/bafkreiapuaje6k5hcnfbih2yv5gy5iaok5je4zuyluj2aowdj4cei46icy@jpeg,did:plc:ppyai4hbtv6iywnxgfqfsf65,NA,0
eve-foxhavengarden.bsky.social,Eve,https://cdn.bsky.app/img/avatar/plain/did:plc:2tonx7ffgyqns4kuimksa2wj/bafkreidvzya43krm6dwqmtfxwwrgpl34talao3i45nksct4aida3o2xfqi@jpeg,did:plc:2tonx7ffgyqns4kuimksa2wj,NA,0
roothflud.bsky.social,,https://cdn.bsky.app/img/avatar/plain/did:plc:dq7dgbliwjb7fdhxufuecb44/bafkreih6vgmwrfl2ajpcdxgijsftif7sfl4u5po3vfqqvi4z7odm2essdm@jpeg,did:plc:dq7dgbliwjb7fdhxufuecb44,NA,0
disabledvoices.newsmast.community.ap.brid.gy,Disabled Voices Channel,https://cdn.bsky.app/img/avatar/plain/did:plc:xjeovpghoinz7hxipyeusr2s/bafkreict3tdozyxavplzvcvgg64rbhjtxkypuaxgknw3qx6wyghlyzrhei@jpeg,did:plc:xjeovpghoinz7hxipyeusr2s,NA,0
heratylaw.bsky.social,Heraty Law,https://cdn.bsky.app/img/avatar/plain/did:plc:7biszy5lkd4jceex4x5x2afp/bafkreib4ctnfiwgum3xp6vwtim2esa6bgdffsw3xuj2lw264kecqyqxj3y@jpeg,did:plc:7biszy5lkd4jceex4x5x2afp,NA,0
billylinehan.bsky.social,Billy Linehan 🇪🇺🇮🇪,https://cdn.bsky.app/img/avatar/plain/did:plc:x2apsukog3vg45xrn4jnurkp/bafkreicju3rmrs6al5ql3avmtejmqsz32adjfiwvvpt3tcp3uqqfsujqfq@jpeg,did:plc:x2apsukog3vg45xrn4jnurkp,NA,0
antiggy1998.bsky.social,Antiggy1998,https://cdn.bsky.app/img/avatar/plain/did:plc:okbdl2lfgfikhyvlp4hpfiwm/bafkreiew47pnsdx74tuvtia6ow3fzzmczcz5wu64csutcslgnvd2ez5rya@jpeg,did:plc:okbdl2lfgfikhyvlp4hpfiwm,NA,0
attractaub.bsky.social,Attracta Uí Bhroin,https://cdn.bsky.app/img/avatar/plain/did:plc:fzuqnr3m4id6oypj7mqdbcva/bafkreicsnawq7jfeam26zcwlyiq4f3imm27wpdu7b4s75z6oprrfkwi7wy@jpeg,did:plc:fzuqnr3m4id6oypj7mqdbcva,NA,0
saoirsemc.bsky.social,Saoirse McHugh,https://cdn.bsky.app/img/avatar/plain/did:plc:bmwfkpexbo6wqv6dejm6ed6j/bafkreifn2doljjpudhpo6kglfpinsrgnh43ltsdpd44ao7tyf7fpymwnzu@jpeg,did:plc:bmwfkpexbo6wqv6dejm6ed6j,NA,0
maherniall.bsky.social,,NA,did:plc:b3gqs3hrdbc642bghxqjoery,NA,0
mikemckillen.bsky.social,Mike McKillen,https://cdn.bsky.app/img/avatar/plain/did:plc:37aen5x5ronwswziv7bfk72a/bafkreidlurcf67fzzhaoj3la3kwyfrtzxncjc73hzdrslx6hxi3qt7vbru@jpeg,did:plc:37aen5x5ronwswziv7bfk72a,NA,0
mongo.bsky.social,"Mongo, The Dog Who Was A Whale",https://cdn.bsky.app/img/avatar/plain/did:plc:3jmm6z5w2ljnkhfxhq5yglaj/bafkreicklokydbhdc2uevcowq4vkcggcvk5leheitkrbjh4cprz7lg74xi@jpeg,did:plc:3jmm6z5w2ljnkhfxhq5yglaj,NA,0
maykayf.bsky.social,MayF,https://cdn.bsky.app/img/avatar/plain/did:plc:7isyqxpcfhqylqgn2q4gczxc/bafkreifvo7ap32zoi5byczsufk4r6ntyriu322p7mxkkmw6sk6vje62ox4@jpeg,did:plc:7isyqxpcfhqylqgn2q4gczxc,NA,0
lauradowling.bsky.social,Laura Dowling,https://cdn.bsky.app/img/avatar/plain/did:plc:6keltc34gxfsblhbovuuebu3/bafkreibaqdtfv2gmaaurdgnobln56uutajh2qdv7hv2auzlh7f5bxe4h6i@jpeg,did:plc:6keltc34gxfsblhbovuuebu3,NA,0
robinjohnson.bsky.social,Robin Johnson,https://cdn.bsky.app/img/avatar/plain/did:plc:qakvaly2sy7dqeav7xcebrap/bafkreibcfgltrrqshdpyl7igyrueh3gf3stqdomtmyah7bzlztg7vfmrye@jpeg,did:plc:qakvaly2sy7dqeav7xcebrap,NA,0
roperlou.bsky.social,Lou Roper,https://cdn.bsky.app/img/avatar/plain/did:plc:6ot4sikmpkjq5sfbxk4n24sm/bafkreih6gltyqrpomte56yonm6u5ral7icct7okyygdzzkg5tzvwgmmrpi@jpeg,did:plc:6ot4sikmpkjq5sfbxk4n24sm,NA,0
cephilis.bsky.social,Cephilis,https://cdn.bsky.app/img/avatar/plain/did:plc:6ofsjvfrnsdfvq2bwhdpydbw/bafkreiaybp3ku6yo3qhyzblhbsgyit2bo7oruwm4xjpq6pdr2lnul4jzj4@jpeg,did:plc:6ofsjvfrnsdfvq2bwhdpydbw,NA,5
the17thqueen.bsky.social,🧿kika🧿,https://cdn.bsky.app/img/avatar/plain/did:plc:xjlmxox7j3hup52lerghcc4s/bafkreibhjjygmhdvjxq2ececyj55jqaztnvsahzufmwdwgsezz6e7lc73q@jpeg,did:plc:xjlmxox7j3hup52lerghcc4s,NA,0
undineofthegrotto.bsky.social,Seelie,https://cdn.bsky.app/img/avatar/plain/did:plc:wktz3sn2mdsbzd7jviblq2pw/bafkreic7skvujdkbtqf2ofjt57otvzyekezwa6s4s2ukko67jx6fns6fa4@jpeg,did:plc:wktz3sn2mdsbzd7jviblq2pw,NA,0
heroespeak.bsky.social,Chris @ Heroes Peak,https://cdn.bsky.app/img/avatar/plain/did:plc:o3ijmkqgfnynzkzycaawhwpq/bafkreiglxzqd5iuj7vqk2nfmifjzjhwdylwv7v2kafv2a52j3eq2iugbvy@jpeg,did:plc:o3ijmkqgfnynzkzycaawhwpq,NA,0
stormyisbeloved.bsky.social,stormyBeloved,https://cdn.bsky.app/img/avatar/plain/did:plc:nokjp2os35ocqr4weke6hrqa/bafkreieqdzdet4eldriq4yrtmitzwvq27b4wlzrxmmn5d4b443lb6sjkha@jpeg,did:plc:nokjp2os35ocqr4weke6hrqa,NA,0
wyrdwednesday.bsky.social,Wyrd Wednesday,https://cdn.bsky.app/img/avatar/plain/did:plc:s3lw5wzsx7sjr2rmhraxnkvs/bafkreicbsx4xrxruuso5euupune5o263q7vhs3fjrpsztapmbptqxcdqbq@jpeg,did:plc:s3lw5wzsx7sjr2rmhraxnkvs,NA,0
natsky777.bsky.social,natsky777,https://cdn.bsky.app/img/avatar/plain/did:plc:rtbrahigsm2yywgyhaazjo4u/bafkreigard335yssnyknrg6a2skfscgqcdj25ubsxx2q6gtstydapn4hzu@jpeg,did:plc:rtbrahigsm2yywgyhaazjo4u,NA,0
tetoterri.bsky.social,,https://cdn.bsky.app/img/avatar/plain/did:plc:x6rj5jwy37pp75nfu65b7sbw/bafkreidi6k6gljsoc7t5patmaiycdpuif2yzoglksl6tzn3sg2wgq62jta@jpeg,did:plc:x6rj5jwy37pp75nfu65b7sbw,NA,0
catag.bsky.social,Cathrine,https://cdn.bsky.app/img/avatar/plain/did:plc:dx3mvh3kdoueaswveggovhma/bafkreicu33blgfhn6kap7vp5wppr2slbf5hywwvc5ols34qtqv6wk3gvde@jpeg,did:plc:dx3mvh3kdoueaswveggovhma,NA,0
kettleworks.cuppydog.city,lore ☭ 🏳️‍⚧️🇵🇸🇮🇪,https://cdn.bsky.app/img/avatar/plain/did:plc:3fai5dldzt7vrl3ziqp5bakv/bafkreiaxhmtu326tpnnaetthctcc5x32gsqji4f4idgyfqllfl46vsnwxi@jpeg,did:plc:3fai5dldzt7vrl3ziqp5bakv,NA,0
malcolmwilson01.bsky.social,Malcolm Wilson (they/them),https://cdn.bsky.app/img/avatar/plain/did:plc:m2rny2qe4b7bxn7it7ve5ydx/bafkreig4ybikui6fjefibi25x2sgqzafgnye7aivhdlmjbnh7om5pivdrm@jpeg,did:plc:m2rny2qe4b7bxn7it7ve5ydx,NA,0
daisyh75.bsky.social,,https://cdn.bsky.app/img/avatar/plain/did:plc:qvirnnbwqlqrongofktsx4py/bafkreiaxtbfbzzhfuk3bc4iv5rrwynwcotb7n44swy2bkx764x2asaja4q@jpeg,did:plc:qvirnnbwqlqrongofktsx4py,NA,0
sapphixy.bsky.social,"Serenity ""Season Your Food"" Dee 🍜",https://cdn.bsky.app/img/avatar/plain/did:plc:g3bg7tg75rvqs34gg5finxng/bafkreifhut5s6tyoovuogwqsolryl3e3uekolo4knyyqwswnniwyi36rsm@jpeg,did:plc:g3bg7tg75rvqs34gg5finxng,NA,0
lunsfordpatrick16.bsky.social,Patrick Lunsford,https://cdn.bsky.app/img/avatar/plain/did:plc:xgqdea74rnchs24d3no7nqk6/bafkreih6w4cdl2qwvgoayd7cxu6yuij2cvayc3vwaox5qt6ihsk5rwtfda@jpeg,did:plc:xgqdea74rnchs24d3no7nqk6,NA,0
evalizz.bsky.social,Eva Elisabeth (she/her),https://cdn.bsky.app/img/avatar/plain/did:plc:h6sw5rfwjncese3sx5ghxmvn/bafkreih4d3w3egscue5pnu4m2k6dtqfsu5ahtcmplihf7ehcnp73ygf7qy@jpeg,did:plc:h6sw5rfwjncese3sx5ghxmvn,NA,0
fionnulamac.bsky.social,,https://cdn.bsky.app/img/avatar/plain/did:plc:gtvz76ugid4ycu4ktbyq3zi2/bafkreifrelqy4l534xjhqtvcp2smd3fkf7sasvohgq2abx7twger6asbwu@jpeg,did:plc:gtvz76ugid4ycu4ktbyq3zi2,NA,0
stephaniemac.bsky.social,Stephanie McKenzie,https://cdn.bsky.app/img/avatar/plain/did:plc:e2jlujm77hazlohtjo4avrr5/bafkreih465fjrvgthpupqq3mbbyckexviwhmydxa7lrjfjnh473cp3mxpq@jpeg,did:plc:e2jlujm77hazlohtjo4avrr5,NA,0
punchpattie.bsky.social,pattie,NA,did:plc:3k2wxdiwwe3s4hc5tnltnxhm,NA,0
markets.newsmast.community.ap.brid.gy,Markets & Finance Channel,https://cdn.bsky.app/img/avatar/plain/did:plc:u6t7v3dxuk3ygkcmcls6n2rv/bafkreict3tdozyxavplzvcvgg64rbhjtxkypuaxgknw3qx6wyghlyzrhei@jpeg,did:plc:u6t7v3dxuk3ygkcmcls6n2rv,NA,0
government.newsmast.community.ap.brid.gy,Government & Policy Channel,https://cdn.bsky.app/img/avatar/plain/did:plc:nqxluhr5fbrq3xzq2jspxt5t/bafkreict3tdozyxavplzvcvgg64rbhjtxkypuaxgknw3qx6wyghlyzrhei@jpeg,did:plc:nqxluhr5fbrq3xzq2jspxt5t,NA,0
healthcare.newsmast.community.ap.brid.gy,Healthcare Channel,https://cdn.bsky.app/img/avatar/plain/did:plc:23fsrbxvjdd2ashjnjmmzxad/bafkreict3tdozyxavplzvcvgg64rbhjtxkypuaxgknw3qx6wyghlyzrhei@jpeg,did:plc:23fsrbxvjdd2ashjnjmmzxad,NA,0
ruthwatson.bsky.social,Ruth Watson,https://cdn.bsky.app/img/avatar/plain/did:plc:jevympjajgtd63h67qnko342/bafkreicuqzhjvcfzkawwdxrlk2o5x5jyesy2m2j3cpfrwpo572nj6v7ig4@jpeg,did:plc:jevympjajgtd63h67qnko342,NA,0
bibliotequetress.bsky.social,bibliotequetress,https://cdn.bsky.app/img/avatar/plain/did:plc:cgweblolxzkvwtfttlgfnw4n/bafkreidyxladyixs7mtchbkck62wq6bmjjwjkg2hl3uky3skatv7mwtpba@jpeg,did:plc:cgweblolxzkvwtfttlgfnw4n,NA,0
marbencel1.bsky.social,MarBenCel1,https://cdn.bsky.app/img/avatar/plain/did:plc:c4fkzs7ewvp5wmqkjave5n47/bafkreie2z3nfnusdydzwct7grn62w4ouwjl645ablxl7hrblobsza2uoii@jpeg,did:plc:c4fkzs7ewvp5wmqkjave5n47,NA,0
eltorosolo.bsky.social,Shane Glackin,https://cdn.bsky.app/img/avatar/plain/did:plc:bp7osmkszjgn7imnmtzwegmd/bafkreiccah42mqsrr4lr25iuzg7jdep5ohpdj4mmq67lwnl4pwugqr3gy4@jpeg,did:plc:bp7osmkszjgn7imnmtzwegmd,NA,0
7leaguebootdisk.bsky.social,Death will not release you!𓅽,https://cdn.bsky.app/img/avatar/plain/did:plc:pvesweshaxohxp76h7qdb57a/bafkreigxom7eod32c72snutrhmjg4c5lnu5e3ar3oxuoytu4aolkp3xmha@jpeg,did:plc:pvesweshaxohxp76h7qdb57a,NA,0
aoifeb1.bsky.social,Aoife,https://cdn.bsky.app/img/avatar/plain/did:plc:sqft7y2f7qizv6otzkau2f56/bafkreicw7gx2cgnge6xd47ghgpvjfrupyqd6wkb4h4tno4pptzpppm5sui@jpeg,did:plc:sqft7y2f7qizv6otzkau2f56,NA,0
irishphilosophy.bsky.social,IrishPhilosophy,https://cdn.bsky.app/img/avatar/plain/did:plc:m3al5nnd7psajoaehmpfplvm/bafkreih6undhjchtskvkss65gowijreeocjwicdplzwt7amzol6cjre26u@jpeg,did:plc:m3al5nnd7psajoaehmpfplvm,NA,0
wanderer4ever.bsky.social,Claire,https://cdn.bsky.app/img/avatar/plain/did:plc:bnaiweegspf5fedjsibt5wpi/bafkreifrxlehnjk4dlhfv4t4e3quwsoumvtyiw4wun37ukwqloqvw5ko3e@jpeg,did:plc:bnaiweegspf5fedjsibt5wpi,NA,0
takemusu.bsky.social,"If you can’t be brave, be kind 🚵🏽‍♀️☕️🐕🐾🐸 🥪🥋⚔️☯️👩🏼‍🎨🖋️✏️",https://cdn.bsky.app/img/avatar/plain/did:plc:4bqjodis26tb37orjalefzrj/bafkreifnsflcfkilnwwjy2an2zlqp2zlhqhb3lrx5xy3is4ljfykwam4zq@jpeg,did:plc:4bqjodis26tb37orjalefzrj,NA,0
niamhpuirseil.bsky.social,Niamh,https://cdn.bsky.app/img/avatar/plain/did:plc:twcctwxow52a2smobzwrgbgf/bafkreif3fmc2aulctqldy44fwsn2f3yg6f777e4unmnjdrwrng2xsmz3ra@jpeg,did:plc:twcctwxow52a2smobzwrgbgf,NA,3
corkbeo.bsky.social,CorkBeo.ie,https://cdn.bsky.app/img/avatar/plain/did:plc:mgpinsq3drrgzrqqeiugr2rd/bafkreiheeqigslzmmdrhzs4oebwwob63jfr2mcowerdielbpauxfq2llam@jpeg,did:plc:mgpinsq3drrgzrqqeiugr2rd,NA,0
conormccabe.bsky.social,Conor McCabe,https://cdn.bsky.app/img/avatar/plain/did:plc:iavydrlzou3erthv6q3nitw4/bafkreihfmv7qu5xxak4p4bz7ku5j73xkf4hggioukuci64c4a4diitk5i4@jpeg,did:plc:iavydrlzou3erthv6q3nitw4,NA,0
elaineburke.bsky.social,Elaine Burke,https://cdn.bsky.app/img/avatar/plain/did:plc:6lwkbo3a7zgf42l75njvofnu/bafkreidjqgl5ydqpltj6ajryun3rx7s5wbglvuqdsnw4alylc6fskfqv6e@jpeg,did:plc:6lwkbo3a7zgf42l75njvofnu,NA,0
maryannbolger.bsky.social,Dr Mary Ann Bolger,https://cdn.bsky.app/img/avatar/plain/did:plc:myaqihl5hvn7b2z44irfvhwh/bafkreib7fu4ulupvop6vkddysz4ob5rg25i2r4je52yhrba5vbmtp7g3vu@jpeg,did:plc:myaqihl5hvn7b2z44irfvhwh,NA,0
tomtdowling.bsky.social,Tom Dowling 🇮🇪,https://cdn.bsky.app/img/avatar/plain/did:plc:6tpxmh3rdncqywsx3mnuxlbi/bafkreiadvmgznkqsfzjpkljkbfgqr6cdsbryodfrrrs6k33dbuwhgvmwdi@jpeg,did:plc:6tpxmh3rdncqywsx3mnuxlbi,NA,0
reidangela.bsky.social,New Senior 🇨🇦,https://cdn.bsky.app/img/avatar/plain/did:plc:l2a5knymkadshtmqitpi3lmz/bafkreifnlgte3qktavso3lb4edbaskpgwbkfyekojiojjgjvxjvqtpgfpm@jpeg,did:plc:l2a5knymkadshtmqitpi3lmz,NA,0
lgbtq.newsmast.community.ap.brid.gy,LGBTQ+ Channel,https://cdn.bsky.app/img/avatar/plain/did:plc:lpzharex76xhn24mqtcok7gc/bafkreict3tdozyxavplzvcvgg64rbhjtxkypuaxgknw3qx6wyghlyzrhei@jpeg,did:plc:lpzharex76xhn24mqtcok7gc,NA,0
eratosthingy.bsky.social,Tony Finnegan,https://cdn.bsky.app/img/avatar/plain/did:plc:qwbv5ybj6taags6vhuatz7ej/bafkreicon3fdzqt4cxs6pnfryw6st5krc7ci3ofuof3ds35hqdrzycvhai@jpeg,did:plc:qwbv5ybj6taags6vhuatz7ej,NA,0
paulmara.bsky.social,Paul Mara,https://cdn.bsky.app/img/avatar/plain/did:plc:dda5gmpnle5ohymqiep7mr43/bafkreiau3mhcgez7mn2gflaoendxm5jjov7cw2fmbohq7kxhyjuy7co4ou@jpeg,did:plc:dda5gmpnle5ohymqiep7mr43,NA,0
gleebix.bsky.social,gleebix,https://cdn.bsky.app/img/avatar/plain/did:plc:3fjrbeu3ccegtqjnov4ol7xx/bafkreify6sfaocdti4vnx4alh3yzrmqa2irz5xblssuvrx7ubewaa43eue@jpeg,did:plc:3fjrbeu3ccegtqjnov4ol7xx,NA,0
summeroakes.bsky.social,Summer Oakes- the Witch on the Hill 🇨🇦,https://cdn.bsky.app/img/avatar/plain/did:plc:2b2wrnr6vnakldzgti25dsta/bafkreiehgnfzk3uu5b6e4j4gpil6j44vi75kb22hkjbnudx4wk2z4owrge@jpeg,did:plc:2b2wrnr6vnakldzgti25dsta,NA,0
hilarywollis.bsky.social,Hilary Wollis,https://cdn.bsky.app/img/avatar/plain/did:plc:uy3zusjsujqntpyybctbefgq/bafkreiehvnydunnhptwbkckkd36svbjcupbloghbhhfyrdx6wgckp6lau4@jpeg,did:plc:uy3zusjsujqntpyybctbefgq,NA,0
athen4.bsky.social,Draco93⚔️,https://cdn.bsky.app/img/avatar/plain/did:plc:sh7gxnj2ikq755y2b2bzwelf/bafkreihtn4aqvacmulvypgj54wkthg7i3etjfmtyzxh5jblc7bbffmqgte@jpeg,did:plc:sh7gxnj2ikq755y2b2bzwelf,NA,0
dglaity.bsky.social,DGLaity,https://cdn.bsky.app/img/avatar/plain/did:plc:dv36y4zqxhhkax5lcf5auhij/bafkreic47fgb3axcyvtznwwv3jz7lgvlessvrekbkorrhle3wtfueqfcgq@jpeg,did:plc:dv36y4zqxhhkax5lcf5auhij,NA,0
thedoublev.bsky.social,The Double V,https://cdn.bsky.app/img/avatar/plain/did:plc:oahupguaumjl57ak3tc5t7ni/bafkreian652vb56zwkcm2h24gpiaaqr7dfkx7quh32ahwavuvfof2ukyya@jpeg,did:plc:oahupguaumjl57ak3tc5t7ni,NA,0
johnmacdonagh.bsky.social,,https://cdn.bsky.app/img/avatar/plain/did:plc:65uujbisajr3p3ezd45qsc7x/bafkreidmwngsv73mhms22yjuhaab5ulz6vhjwlbs7linhuon6kryvfboyi@jpeg,did:plc:65uujbisajr3p3ezd45qsc7x,NA,0
malachymckeever.bsky.social,Malachy McKeever,https://cdn.bsky.app/img/avatar/plain/did:plc:4dznvhbcjxmp37k7nfvs4arr/bafkreibc2w7pqhgg6vbsf6ohbphorsuawu2wyjpbc3y3omxin2g3o44smq@jpeg,did:plc:4dznvhbcjxmp37k7nfvs4arr,NA,0
eleanor70912.bsky.social,,https://cdn.bsky.app/img/avatar/plain/did:plc:dnhooe5242g5fidrhpzltokd/bafkreihl6pcyrvubtimipv27yrtvrsriopmj5jbma4cqyc4enao6dfjism@jpeg,did:plc:dnhooe5242g5fidrhpzltokd,NA,0
garrowed.bsky.social,Gearóid | Garrowed,https://cdn.bsky.app/img/avatar/plain/did:plc:sfpjsehb6a2qdtuxezvig3ez/bafkreigj276bc6tyawvybd5xy6qqe24tadavxt3cmrnitr5giphram3yay@jpeg,did:plc:sfpjsehb6a2qdtuxezvig3ez,NA,0
roisinm.bsky.social,Roisin Meaney 💙📚,https://cdn.bsky.app/img/avatar/plain/did:plc:hnbxbhiv6baboisbizvop7ez/bafkreiho2pztoz4fym7uznpreaoyjfbemkabooupxt4lv4nnsrwxr5vjt4@jpeg,did:plc:hnbxbhiv6baboisbizvop7ez,NA,0
viviennesoton.bsky.social,Vivienne,https://cdn.bsky.app/img/avatar/plain/did:plc:qqvgldfybnpugh4ngeedvweh/bafkreiakkhzdxq7fexdznmlvtgu2kth2zekyd4en537y7pxdtpx7a4ed44@jpeg,did:plc:qqvgldfybnpugh4ngeedvweh,NA,0
ruthfletcher.bsky.social,Ruth Fletcher,https://cdn.bsky.app/img/avatar/plain/did:plc:7z7kisgqbyegri7hrfruoh5g/bafkreiepuqbvu3tv2pfjdl6gszu7kh3rs3orq5goahqgxw5rgw3inm56am@jpeg,did:plc:7z7kisgqbyegri7hrfruoh5g,NA,0
mairemccafferty.bsky.social,Dr Máire McCafferty,https://cdn.bsky.app/img/avatar/plain/did:plc:ozzhuo4apsjlu4euwmwarty6/bafkreie5xajv23c4d5lyprg737nv5hfzzom2cjr4zbu5crkoj532y34igi@jpeg,did:plc:ozzhuo4apsjlu4euwmwarty6,NA,0
asduskfalls.bsky.social,"Darragh ""AsDuskFalls""",https://cdn.bsky.app/img/avatar/plain/did:plc:gmd6wzzcufnjdan5osswyhx6/bafkreig2fb2sitqso7y7ymrtbsdobetci3lsoj6m3uilfln34eabe7htf4@jpeg,did:plc:gmd6wzzcufnjdan5osswyhx6,NA,0
studiousgal.bsky.social,Allison MacDuffee,https://cdn.bsky.app/img/avatar/plain/did:plc:5hj576wbuaostpt3aofs3vpy/bafkreiaqg7jeex6a77bpfebks6habzuruas6poi67btdeo2smkwcixcu5m@jpeg,did:plc:5hj576wbuaostpt3aofs3vpy,NA,0
auldjohn-emeritus.bsky.social,John Conrod,https://cdn.bsky.app/img/avatar/plain/did:plc:hpj3amm6yz55q57mqtgybv4s/bafkreihvvrk334yhtpauuo57wtt22jkchfxfstkn7l4mwk4nfklzdwooom@jpeg,did:plc:hpj3amm6yz55q57mqtgybv4s,NA,0
n16breda.bsky.social,N16Breda Corish,https://cdn.bsky.app/img/avatar/plain/did:plc:fobkxbtgv73d5a3jmvl77bkl/bafkreidah3vxn5rcrdjoluaittrfme5l2gyue5uaijrvd5lh4grxwso7oe@jpeg,did:plc:fobkxbtgv73d5a3jmvl77bkl,NA,0
michaelecutaya.bsky.social,Michaële Cutaya,https://cdn.bsky.app/img/avatar/plain/did:plc:fk42zw2ctqjzo4lzkmahv5cw/bafkreick5qlitj743k3gx4ii542wslvyrztvzeq53mbwynlhjonjguwdaa@jpeg,did:plc:fk42zw2ctqjzo4lzkmahv5cw,NA,0
kerryanne123.bsky.social,Anne Horgan,https://cdn.bsky.app/img/avatar/plain/did:plc:zxpoz5zgmanarg4h3rbq5tuq/bafkreihqtvzxkpn3x3il6agg3juuqmk5jlon5ekykhiy244houah3q6kpy@jpeg,did:plc:zxpoz5zgmanarg4h3rbq5tuq,NA,2
gethanialrhiannon.bsky.social,Gethani23 🇺🇦,https://cdn.bsky.app/img/avatar/plain/did:plc:ehjhkvizoa2ajvexbobrbm7n/bafkreihkyyajz5rolmdbm2rgzi5milcffzpmpnzwgqmtbnyvnetaqbbhye@jpeg,did:plc:ehjhkvizoa2ajvexbobrbm7n,NA,0
angiemckeown.bsky.social,Hedge,https://cdn.bsky.app/img/avatar/plain/did:plc:7njtn55yfuqui2nrizpg7hlr/bafkreigjkw3xgv63az5n57xozgcb5tt572vshqhq22q5dhx6veajepxdhi@jpeg,did:plc:7njtn55yfuqui2nrizpg7hlr,NA,0
tlrhub.bsky.social,Trinity Long Room Hub,https://cdn.bsky.app/img/avatar/plain/did:plc:zeanhojtmrtwavavbfnh27e4/bafkreicqofzsrviilxnjedtdpcnpze2amuq5lclbpuoumjlodwao4o5ddu@jpeg,did:plc:zeanhojtmrtwavavbfnh27e4,NA,0
smora.bsky.social,Shannon Mora,https://cdn.bsky.app/img/avatar/plain/did:plc:jckwqhgoco53ta2sesc6ozvi/bafkreicauu3fge5rmdawzkxiecyuzyuvzpfsrwshvrypseu6bcylar4bia@jpeg,did:plc:jckwqhgoco53ta2sesc6ozvi,NA,0
deathstudiespod.bsky.social,The Death Studies Podcast,https://cdn.bsky.app/img/avatar/plain/did:plc:emfyqef2cdbjq6h7plzgsuz2/bafkreiehwjg3hgeci42yyyjv5eqjogatgw5gqcac4mn3qel2n7apfvafha@jpeg,did:plc:emfyqef2cdbjq6h7plzgsuz2,NA,0
pregnancylossie.bsky.social,Pregnancy Loss Research Group,https://cdn.bsky.app/img/avatar/plain/did:plc:dbuobmilufk7lkr3nenjprfx/bafkreidcnghcsq6sqy64oxxtwywp2kaql2kwdujwmydyuhxhznuythouwe@jpeg,did:plc:dbuobmilufk7lkr3nenjprfx,NA,0
thecelticist.bsky.social,Elizabeth Boyle,https://cdn.bsky.app/img/avatar/plain/did:plc:zs5phjxosqakvkslvsvxdhkn/bafkreibqbx2b7izwzwtfnejvy73jq7gzaez6mj32xgdkh3wmj34scjcep4@jpeg,did:plc:zs5phjxosqakvkslvsvxdhkn,NA,0
sanctuaryrunner.bsky.social,Sanctuary Runners Ireland,https://cdn.bsky.app/img/avatar/plain/did:plc:xc2asqcvcq7p5b5b7l7egayq/bafkreibnxnf4lhrrvhhv6ic4slqrfdi77xylw4yux7n5cg72fxrq5smmkq@jpeg,did:plc:xc2asqcvcq7p5b5b7l7egayq,NA,0
briansmith950.bsky.social,,https://cdn.bsky.app/img/avatar/plain/did:plc:k6bgkfmstrmxqee6fyw7rh4v/bafkreidwyxbbxhk6trxrpeorjr2h57fuwdvif3eqsarequkq3cd5s5r7hm@jpeg,did:plc:k6bgkfmstrmxqee6fyw7rh4v,NA,0
clancyny.bsky.social,Eileen Clancy  🧿 ,https://cdn.bsky.app/img/avatar/plain/did:plc:2wyqv44lm72vasmddeqjgy72/bafkreieqw6tr5qtpbrze4sshbch7lv3hpzjhrklf33jajxhfha62d6vk2m@jpeg,did:plc:2wyqv44lm72vasmddeqjgy72,NA,0
blyons.bsky.social,44 Billion dollar bonfire,https://cdn.bsky.app/img/avatar/plain/did:plc:jguamnneizinnqcsbg6vjf6v/bafkreifojcdei2pagh5vfyardjgr2ovpeouj6bijd2aifpd6jvc6tpi3ue@jpeg,did:plc:jguamnneizinnqcsbg6vjf6v,NA,0
devore.bsky.social,"DeVore and 1,573 others",https://cdn.bsky.app/img/avatar/plain/did:plc:hj2ughdkppl4gpopmxfbscaw/bafkreictn5q2bl7fvz4qwtyytoo6qttn7u5yt6jyadbpuze2a5wnkax2oe@jpeg,did:plc:hj2ughdkppl4gpopmxfbscaw,NA,0
dodocurran.bsky.social,Dónal Curran,https://cdn.bsky.app/img/avatar/plain/did:plc:fuvqnsoynouw6oomxzyaeqdj/bafkreiglt2ygjcz2rt3ekfcqo54ky7axzr3jyd5xbbyawybqetjqkgtbza@jpeg,did:plc:fuvqnsoynouw6oomxzyaeqdj,NA,0
miriamkennedy.bsky.social,Miriam,https://cdn.bsky.app/img/avatar/plain/did:plc:folk7q7ua35z5kar5kktkjzf/bafkreiaxg5uozeagjpnrw6kqo3x4lppueditsyl2lctr4mpjvafkvnqf4q@jpeg,did:plc:folk7q7ua35z5kar5kktkjzf,NA,0
klillington.bsky.social,Karlin Lillington,https://cdn.bsky.app/img/avatar/plain/did:plc:xx7rewaiaajr2e2dg4l54bpy/bafkreicvoqphhi7g7qqlph52t4v5tsxc7sqkk7mhgakl22utgntqzb6vhi@jpeg,did:plc:xx7rewaiaajr2e2dg4l54bpy,NA,6
morct1.bsky.social,Maria O,https://cdn.bsky.app/img/avatar/plain/did:plc:qfgmx4curwz2kusjt6yys46p/bafkreifqi5ltmetpchfbsb6gsqwf6a2etyjv6erm5hiljnb3i3ricqfrbq@jpeg,did:plc:qfgmx4curwz2kusjt6yys46p,NA,0
saltyzeek.bsky.social,,https://cdn.bsky.app/img/avatar/plain/did:plc:liljlg55sns6jtjr7b6hized/bafkreic5bpezjlskcvoiw2jakc3kkertzrxw5d3jggngh2dgzrosr3f2a4@jpeg,did:plc:liljlg55sns6jtjr7b6hized,NA,0
boakandbailey.bsky.social,Boak & Bailey (Jess & Ray),https://cdn.bsky.app/img/avatar/plain/did:plc:exhx5q5gbqbxphm6cvga76dr/bafkreicbtswa4iyomruuuepimoqcsvhkogrs245kq34twzigng4loap4ua@jpeg,did:plc:exhx5q5gbqbxphm6cvga76dr,NA,0
mrtaytohead.bsky.social,Sean Murphy,https://cdn.bsky.app/img/avatar/plain/did:plc:3klkiwkasw7lrucqj4dyat4v/bafkreifq5froxjamopfsnbbzpujrjqvgh3a22vu4ulmzenekepfsggqwnu@jpeg,did:plc:3klkiwkasw7lrucqj4dyat4v,NA,0
pmtyrrell.bsky.social,,https://cdn.bsky.app/img/avatar/plain/did:plc:36h4q6fr26rm25mkvtt5nwdq/bafkreidfamqua3cwpf2xkovy6kctqlc6heydthddt7a5a2ue5rcjwgzojm@jpeg,did:plc:36h4q6fr26rm25mkvtt5nwdq,NA,0
antalsma.bsky.social,,https://cdn.bsky.app/img/avatar/plain/did:plc:qog4bs76iyhhtw6jveyxnovn/bafkreidoraujqtdfnyrkcgqq5uqsglc6udf74vtz3kgy5bae7jkywivyfe@jpeg,did:plc:qog4bs76iyhhtw6jveyxnovn,NA,0
fnclln.bsky.social,Fiona,https://cdn.bsky.app/img/avatar/plain/did:plc:76aqw7mdppqno36l2f5tvuzz/bafkreig5au7rgoxasx7xv6d2meceont64lbejnngccru2u6y573ct44x5y@jpeg,did:plc:76aqw7mdppqno36l2f5tvuzz,NA,0
michaelbroussard.myatproto.social,Michael Broussard,https://cdn.bsky.app/img/avatar/plain/did:plc:uwssh6jv3ext5pdk3bsns3uw/bafkreieo77sgxuqiepocjiml64jr63dnppybcramzlejjgnygedhebcdoq@jpeg,did:plc:uwssh6jv3ext5pdk3bsns3uw,NA,0
davemcardle.bsky.social,David McArdle,https://cdn.bsky.app/img/avatar/plain/did:plc:6fnwf6zx2yx4ginvlb22dvn6/bafkreigbx5hk32cogcdz77mlz5vw74bomoc3ot53f3eafcljvjrki22oie@jpeg,did:plc:6fnwf6zx2yx4ginvlb22dvn6,NA,0
ginaspireite.bsky.social,Gina Garratt,https://cdn.bsky.app/img/avatar/plain/did:plc:67p5ieg3jccg7nodfnqenvex/bafkreiept5ard22osdwniy2woii3r4dnvkln6z7tcf5duw4juskenmizyq@jpeg,did:plc:67p5ieg3jccg7nodfnqenvex,NA,0
jamesmgeary.bsky.social,James Geary,https://cdn.bsky.app/img/avatar/plain/did:plc:lrqvi4k24yzkrsn56oa32vm5/bafkreidjdkizm5ytae364cq6dkmbsftupc6a6pc6vtfcl2e3v7euplhj2a@jpeg,did:plc:lrqvi4k24yzkrsn56oa32vm5,NA,0
bobgeldoffans.bsky.social,Bob Geldof fans,https://cdn.bsky.app/img/avatar/plain/did:plc:byrlopj6sumzy7sxa7eqrp7t/bafkreieruhp4gnhzxw6qi5dkmncukcjtb6z6lbjw5bxelloevrd7kmim4q@jpeg,did:plc:byrlopj6sumzy7sxa7eqrp7t,NA,0
robcross247.bsky.social,Rob Cross,https://cdn.bsky.app/img/avatar/plain/did:plc:2owgo4ikuilmg2dtblxifi6e/bafkreicp5coewllz7mclej6xjx6kjrr6asf2si7o4kctpvshoileoo677i@jpeg,did:plc:2owgo4ikuilmg2dtblxifi6e,NA,0
kcgreen.bsky.social,,https://cdn.bsky.app/img/avatar/plain/did:plc:rcd6u7olmd3xvokprnt4o3bt/bafkreiaxh5mj3wy7nf4g6i2yswm3wdecea5fubp3xfr3io7uijmzeovs2y@jpeg,did:plc:rcd6u7olmd3xvokprnt4o3bt,NA,0
tkuhlb.bsky.social,Till Kuhlbrodt,https://cdn.bsky.app/img/avatar/plain/did:plc:dvib2je76hrnr4xajr7br6qg/bafkreiedt4wwfundjy7omoqqjongdngwvbev4zcplvtlgfswjpgqngw2za@jpeg,did:plc:dvib2je76hrnr4xajr7br6qg,NA,0
young-spartacus.bsky.social,Sparty®,https://cdn.bsky.app/img/avatar/plain/did:plc:t4k5ypmx3rhfpfw5owp7rttf/bafkreiaoy24ww2sk3t4younzskh5ugprrommz26urmscisrmyo2rncrp5i@jpeg,did:plc:t4k5ypmx3rhfpfw5owp7rttf,NA,0
rockchaz.bsky.social,,https://cdn.bsky.app/img/avatar/plain/did:plc:lzbhvrnjribwp2mdim7y2ilp/bafkreidvmdvymurb6iajxee3qcfvtjey2ubcydurn7ejwpj3dchyodfhp4@jpeg,did:plc:lzbhvrnjribwp2mdim7y2ilp,NA,0
creativefishdezine.bsky.social,William Hankerson,https://cdn.bsky.app/img/avatar/plain/did:plc:cbuuxxrvgyfgnmiz3dayb3cg/bafkreibhu4pjcrtpv7hntpx5xy7abcvyjec4irtkk55qcvw2tqijpqqpou@jpeg,did:plc:cbuuxxrvgyfgnmiz3dayb3cg,NA,0
aldunne.bsky.social,Alan Dunne,https://cdn.bsky.app/img/avatar/plain/did:plc:wm5b3q2znvnatujmm46yucon/bafkreic54l5zxo23qq27xfhdvrq4bujnx2edgzxfzgvhtvq22s6yl7ndo4@jpeg,did:plc:wm5b3q2znvnatujmm46yucon,NA,3
ihwright.bsky.social,Ian Wright,https://cdn.bsky.app/img/avatar/plain/did:plc:vp7cvtyvjwbc2s2hwuofs5xk/bafkreigpah6x4lzc664indglahcwog7jcfkwcod5zvjgzjq6ablkc2bnda@jpeg,did:plc:vp7cvtyvjwbc2s2hwuofs5xk,NA,0
jonkskearns.bsky.social,Gillian Kearns 🏳️‍⚧️🇦🇪,https://cdn.bsky.app/img/avatar/plain/did:plc:jeo5khrfkhts4nr2xc3rle6c/bafkreiezxpsyylbv2osvxmcgydn5xo2w5d7fem6amrb2vpl64iy7z7c6eu@jpeg,did:plc:jeo5khrfkhts4nr2xc3rle6c,NA,0
155guy.bsky.social,155Guy,https://cdn.bsky.app/img/avatar/plain/did:plc:jnhbb6oilezltyzjaroqepr2/bafkreib5cvznr4odshbtwmplgcejeopvyd4wnu7l3rj4ub34uvnbi6ynyi@jpeg,did:plc:jnhbb6oilezltyzjaroqepr2,NA,0
fiwlsh.bsky.social,,https://cdn.bsky.app/img/avatar/plain/did:plc:fkuleyqwswkzzfsjj6w7jlls/bafkreie3hb6252qp5nyuhxvgtpercshk7hrhqbh33sh6glyzafcbd6jrka@jpeg,did:plc:fkuleyqwswkzzfsjj6w7jlls,NA,0
izzykamikaze.bsky.social,"...the surname ""they.""",https://cdn.bsky.app/img/avatar/plain/did:plc:dun6cfxdrvl6fni2fm4iginp/bafkreiazyqtaxcettnopyrjxkeqhd4icsnpysy3ztrekrfrf2km6typupy@jpeg,did:plc:dun6cfxdrvl6fni2fm4iginp,NA,0
myvirtuallife.bsky.social,Helen ^⁠_⁠^,https://cdn.bsky.app/img/avatar/plain/did:plc:wobxp3z3gk7g2ia4fhmkewm5/bafkreihilkmdy3b7xrjrslu3ueblx3udxvxy6ydgxgv4yyogle6ywlyknq@jpeg,did:plc:wobxp3z3gk7g2ia4fhmkewm5,NA,0
fearbronach.bsky.social,Cathal and Response,https://cdn.bsky.app/img/avatar/plain/did:plc:mma2azdxaw4dnahjjf6bhq6s/bafkreig6fnflt3hodt5hlap2dq3f2vcs2vg77dykv6obi4vdt723mbngxa@jpeg,did:plc:mma2azdxaw4dnahjjf6bhq6s,NA,0
niamhsbluesky.bsky.social,Niamh O’Connor,https://cdn.bsky.app/img/avatar/plain/did:plc:kkgis5ems3xkjdrykirgb7pv/bafkreifzd544gdbj7q72f7qwa6tsum2j7qohslxhgy4frnw7ipr7kalsv4@jpeg,did:plc:kkgis5ems3xkjdrykirgb7pv,NA,0
andyscollick.bsky.social,Andy Scollick,https://cdn.bsky.app/img/avatar/plain/did:plc:jaghk4rwlrciav5aieckiiit/bafkreih5aoiyrc5msynklh7h3gqd3qzsgjzld7nnli2y6bcfufs3y6mw3m@jpeg,did:plc:jaghk4rwlrciav5aieckiiit,NA,6
regrone.bsky.social,Seán,https://cdn.bsky.app/img/avatar/plain/did:plc:igl2ovdsclxzubsp5b6mglrb/bafkreicvkjwbsbmb72ezcgcc6lrnghafepocrvcoazobaro2ti5mztnqrq@jpeg,did:plc:igl2ovdsclxzubsp5b6mglrb,NA,0
brendagough.bsky.social,Brenda Gough,https://cdn.bsky.app/img/avatar/plain/did:plc:huauzpf4kixhegvbp2d7wxwi/bafkreiao32rgurlc3v2lu7i2f3jyvfvzrcwsyl4cgl3bcivtqlqjmbjroi@jpeg,did:plc:huauzpf4kixhegvbp2d7wxwi,NA,0
weecat85.bsky.social,,https://cdn.bsky.app/img/avatar/plain/did:plc:g7dqbyl5nto352wxfbwqcwld/bafkreihnuij5mtjhhlj3gdauapfgzrgjr6h4ug7xydkeddzs3ug3q6bcoe@jpeg,did:plc:g7dqbyl5nto352wxfbwqcwld,NA,0
socialistciaran.bsky.social,Ciarán McKenna,https://cdn.bsky.app/img/avatar/plain/did:plc:dldo62fxtad4cyxftbyukgkg/bafkreigm5bcq3rizbs3dnuxhvrxx6xpb6hz6pzywyawn7dc3tsiu3up2jq@jpeg,did:plc:dldo62fxtad4cyxftbyukgkg,NA,0
lilesosanna.bsky.social,lilesosanna,https://cdn.bsky.app/img/avatar/plain/did:plc:clsbk2dqqtxrpoiyt5zqq6d3/bafkreidbmnuvhvrqswpshdnyjrzsezrft4pnxydyy5s6l67o2qn22m4cz4@jpeg,did:plc:clsbk2dqqtxrpoiyt5zqq6d3,NA,0
fhmediastuff.bsky.social,Gráinne F,https://cdn.bsky.app/img/avatar/plain/did:plc:5uersfxmslxq7j3rt7i3lfyz/bafkreiheazdnvdrmj7ghcd6e6p6t6yzeybr2l73trhhnn3avdzuthbxu6e@jpeg,did:plc:5uersfxmslxq7j3rt7i3lfyz,NA,0
ellenrey.bsky.social,Ellen Reynor,https://cdn.bsky.app/img/avatar/plain/did:plc:54nya2mupquqf4xmt5bduhwn/bafkreich4nqvk3ytv43ul4ril6ytcyf2vhtfnstfmobbio3sgzqt7hm46y@jpeg,did:plc:54nya2mupquqf4xmt5bduhwn,NA,0
ferocepadovana.bsky.social,Feroce Padovana,https://cdn.bsky.app/img/avatar/plain/did:plc:tydav5gm2g2c4t3vazcgadzm/bafkreichkjhbutsvdycer64n6r6z6d3isn3o2cdq2ec42d7h3llqojnfi4@jpeg,did:plc:tydav5gm2g2c4t3vazcgadzm,NA,0
cgonlineart.bsky.social,Cory,https://cdn.bsky.app/img/avatar/plain/did:plc:n55ggayhoosqrfpeknedw7f5/bafkreihyzpn7o6doc46iuy52b4rsrl4dxvtfyx2kf3jhs2h6g74os5ciha@jpeg,did:plc:n55ggayhoosqrfpeknedw7f5,NA,0
techwitch.bsky.social,Tech Witch,https://cdn.bsky.app/img/avatar/plain/did:plc:mjlrzhuhl7t766zhqesy7qlu/bafkreigkhtzdzsm4k4l24w3mrlauvl7iycqzhx2puwx47azdggwuzy7ugq@jpeg,did:plc:mjlrzhuhl7t766zhqesy7qlu,NA,0
eliojakobsen.bsky.social,Eli O. J.,https://cdn.bsky.app/img/avatar/plain/did:plc:xr6uprwd62hsnwfsfeuvueua/bafkreif2fhhuwko4axlyfxzogxnovzlpjgapfp7s4joegyyil4qh2em4hu@jpeg,did:plc:xr6uprwd62hsnwfsfeuvueua,NA,0
tinyteerex.bsky.social,Elegant Sledgehammer FREE LINK,https://cdn.bsky.app/img/avatar/plain/did:plc:462mkz4bspd3k4iuwzngv6eh/bafkreiff4y3xpk2nc3okccry5debnz7phzfm45jhtizsl7zwyetbwrzceq@jpeg,did:plc:462mkz4bspd3k4iuwzngv6eh,NA,0
elysiamacht.bsky.social,Elysia Macht,https://cdn.bsky.app/img/avatar/plain/did:plc:rsaxseqrvalvclrmj7x43coo/bafkreie6l5wp64paj75q2qascogmvjpn6rjg2c3bxso3leot2rlhiuuimi@jpeg,did:plc:rsaxseqrvalvclrmj7x43coo,NA,0
rnascimentos.bsky.social,Rodrigo,https://cdn.bsky.app/img/avatar/plain/did:plc:tlp5j2jz3sxal5w256baywxo/bafkreifd6fs7liedmonb2nd74arhumzyo6l3pbe63x23yjrisszve3jt4a@jpeg,did:plc:tlp5j2jz3sxal5w256baywxo,NA,0
sarahland.bsky.social,Sarah Land 🌱,https://cdn.bsky.app/img/avatar/plain/did:plc:nsw6v55egzrewozop4hqpbzz/bafkreid2nhhsi3ewnhcyavt64gddnsk42ib4pmklls6tso7ysvz6lms3va@jpeg,did:plc:nsw6v55egzrewozop4hqpbzz,NA,0
joyinthegarden.bsky.social,,https://cdn.bsky.app/img/avatar/plain/did:plc:ltoxyi32aciuocx2mlndna3g/bafkreidrpi4ornz2bjde3da6nj724djtfexws6tydddmffnkusyoasyq6e@jpeg,did:plc:ltoxyi32aciuocx2mlndna3g,NA,0
brujablanca.bsky.social,Helen Tucker,https://cdn.bsky.app/img/avatar/plain/did:plc:kuh3rvdikwoqq6ldi3jnxffg/bafkreibhjq3c4hwy3d6qccmt7pgbsz5dn6ryhutlyjytiahi3c4wioo3ga@jpeg,did:plc:kuh3rvdikwoqq6ldi3jnxffg,NA,0
rathmacan.bsky.social,,https://cdn.bsky.app/img/avatar/plain/did:plc:kob3duxvv56upqet27dohlxy/bafkreigzjwfh7zvynacolisxlbe2c7q7l3fsy6kkjkqnxmvt7kscv33bl4@jpeg,did:plc:kob3duxvv56upqet27dohlxy,NA,0
trudyt.bsky.social,Trudy Taylor,https://cdn.bsky.app/img/avatar/plain/did:plc:kjrs6be6g3ddzeopfjy4coma/bafkreif3gudinddftd46y55jhdfwniy3xsmxyd7goaouwliemtefrwhxgq@jpeg,did:plc:kjrs6be6g3ddzeopfjy4coma,NA,0
rone1.bsky.social,RonE,https://cdn.bsky.app/img/avatar/plain/did:plc:gjtie44obihjcgbcpmhlpc5r/bafkreihw3hizbik2adrmxbszrmhe64fmggnjhu77qsapjkzz3woiattsyu@jpeg,did:plc:gjtie44obihjcgbcpmhlpc5r,NA,0
jjjmm.bsky.social,JJ,https://cdn.bsky.app/img/avatar/plain/did:plc:e3jxvdmzzzs4ilsuwijg377t/bafkreicf43rt7mmzd5fzynzbeqdpwg2pesj6f3qv3slc26al5fip7drjua@jpeg,did:plc:e3jxvdmzzzs4ilsuwijg377t,NA,0
egrettt.bsky.social,zero,https://cdn.bsky.app/img/avatar/plain/did:plc:6i3r2asy2y5dvb7pomiqe5in/bafkreihhfx5yxnxad6eroohxeyuidobj7zcm3h66neepmicxsznjjo6gda@jpeg,did:plc:6i3r2asy2y5dvb7pomiqe5in,NA,0
squirrel25.bsky.social,A,https://cdn.bsky.app/img/avatar/plain/did:plc:4gvphd3ahrc4oqtdt6tygltm/bafkreicgr7vce5dtzlj76t7762h573hcwb73nq5oda4nnqzrvvsmoahnxi@jpeg,did:plc:4gvphd3ahrc4oqtdt6tygltm,NA,0
spudsnbutter.bsky.social,Spuds'n'Butter,https://cdn.bsky.app/img/avatar/plain/did:plc:zsqvtwztqcbeqfw3olboimuc/bafkreicbmo2uxzt53devkqq25v4iqd4izbdxx4nlt32cyfn6wjglvu4sau@jpeg,did:plc:zsqvtwztqcbeqfw3olboimuc,NA,0
mariafarrell.bsky.social,Maria Farrell,https://cdn.bsky.app/img/avatar/plain/did:plc:mohietgx33nvutkpomevuxbp/bafkreiewjq2n2e6mqhuzsowtv2jgalhubei32pkrlthqdpy3xgwmn7dr6i@jpeg,did:plc:mohietgx33nvutkpomevuxbp,NA,0
judetheconfused.bsky.social,Judy,https://cdn.bsky.app/img/avatar/plain/did:plc:2vmxrejfahuy2tnxdda2poay/bafkreibf2gv7x6s5c5vr37xzchfxnryelazgrcea46htiwbppg6gdviysq@jpeg,did:plc:2vmxrejfahuy2tnxdda2poay,NA,1
xx2p.com,XX2P.COM,https://cdn.bsky.app/img/avatar/plain/did:plc:p3v656zidkej6acoq3xv5iyd/bafkreifitudgsacanjo4grtorxvvisrkmfgmpkkeebj7pw42ekx4rynhpy@jpeg,did:plc:p3v656zidkej6acoq3xv5iyd,NA,0
savernake.bsky.social,Netta is a weirdo,https://cdn.bsky.app/img/avatar/plain/did:plc:4o5ay7a5mua7lorjgktjc4n5/bafkreiaso3m6x24wszenwszfkfyxtbr5f5hs3pfvuk4kesn7ta2swpqjg4@jpeg,did:plc:4o5ay7a5mua7lorjgktjc4n5,NA,0
matt.giltaji.com,Matt Giltaji,https://cdn.bsky.app/img/avatar/plain/did:plc:uev36eqffqzdge2v35abxo4s/bafkreidoypm7uymwuukjgphdjbazy2eyvldj5zrioiu4r35dfqs3wfqisy@jpeg,did:plc:uev36eqffqzdge2v35abxo4s,NA,0
mpavictoria.bsky.social,Cowboy “Who Keeps the Metric System Down” Socialist,https://cdn.bsky.app/img/avatar/plain/did:plc:re7bzsdvzbgmywsvbyy5atje/bafkreid4hgjrnp245entop4m6iwsp454ld2qq4rkn2dmbiujekipflil3q@jpeg,did:plc:re7bzsdvzbgmywsvbyy5atje,NA,0
aideenmc.bsky.social,NA,NA,did:plc:7u36fedkzhlxjnfdq7v4r5hg,NA,0
ecksteinish.bsky.social,𝕖𝕔𝕜𝕤𝕥𝕖𝕚𝕟,https://cdn.bsky.app/img/avatar/plain/did:plc:xfwexkluc3smsrylpeoul2fa/bafkreif3hbi5raadiiucgzkoubswprr3keqxfsvqy4wdct72ny7k2owcsa@jpeg,did:plc:xfwexkluc3smsrylpeoul2fa,NA,0
juliachilds.bsky.social,Julia Childs,https://cdn.bsky.app/img/avatar/plain/did:plc:2jnfulldka4rgudsghn57ld7/bafkreifmb2lqsguuhtwve4rfef3z2g7hdroquz6z7j4l4cvsqeih2hhaoi@jpeg,did:plc:2jnfulldka4rgudsghn57ld7,NA,0
deborah-c.bsky.social,Deborah,https://cdn.bsky.app/img/avatar/plain/did:plc:wu3o7nu5igwxl35balt6fpwo/bafkreigjjy22mnntwtmjp5tk3lis7obrgdhmjdtyb5dxcpz5s776kkqe3q@jpeg,did:plc:wu3o7nu5igwxl35balt6fpwo,NA,0
daraghobrien.bsky.social,Daragh Ó Briain,https://cdn.bsky.app/img/avatar/plain/did:plc:v56linvxxoso5vf4fnr5ricb/bafkreiamdx3k3qom7vofbpx4clkhwazxhd33jq4fsrp32dy7k372gq6suy@jpeg,did:plc:v56linvxxoso5vf4fnr5ricb,NA,0
flowmeow1812.bsky.social,Hakan Sonok Antalya,https://cdn.bsky.app/img/avatar/plain/did:plc:yvbj7w3lq6bfesy6cxkcurly/bafkreigscgw7nrj6ziw6z55qxp2njc4glnq7aeaomsff5dahermp3ijqme@jpeg,did:plc:yvbj7w3lq6bfesy6cxkcurly,NA,0
bakerdphd.bsky.social,Dominique Baker,https://cdn.bsky.app/img/avatar/plain/did:plc:ozma3timm5c32fa7bimb4zaj/bafkreidiaamqw4us4dppn26fkbwoe3yiacuhvk4jshnufhtt5kvonlcpn4@jpeg,did:plc:ozma3timm5c32fa7bimb4zaj,NA,0
meabhdebrun.bsky.social,Méabh de Brún,https://cdn.bsky.app/img/avatar/plain/did:plc:mpcy4uer6wktejrlzzaclb6m/bafkreib6iw3tvbkwgvr6ylzzmjfr2eaqomqsy2kvmjixewnm7pf5rsdpoa@jpeg,did:plc:mpcy4uer6wktejrlzzaclb6m,NA,0
paultrembath.bsky.social,Paul Trembath 〓〓,https://cdn.bsky.app/img/avatar/plain/did:plc:kws37735w7q2oaexqape3o4x/bafkreibuu4prvi464utnz2pabxx42y3eqm3jeeln6pdfgsdtzyjxzsccra@jpeg,did:plc:kws37735w7q2oaexqape3o4x,NA,0
tertuliabookshop.bsky.social,"Tertulia, a bookshop Like no other www.tertuliabookshop.com",https://cdn.bsky.app/img/avatar/plain/did:plc:reqgwc2s2nb4kwccqsrzehwn/bafkreibkw76rltqdck2b2vrj655vuwfpouvt5avqu5v7sybcm3nw3w3nke@jpeg,did:plc:reqgwc2s2nb4kwccqsrzehwn,NA,0
rachaelm86.bsky.social,Rachael Morris,https://cdn.bsky.app/img/avatar/plain/did:plc:rbhath7vryki772hrhqk2uir/bafkreigbzq3pzoht2ullwc4innn3eshjt7zg5m24dolp2c7ebbo5obmqty@jpeg,did:plc:rbhath7vryki772hrhqk2uir,NA,0
alanmeaney.bsky.social,Alan Meaney,https://cdn.bsky.app/img/avatar/plain/did:plc:ohow2eqn26lmzjijisxsulji/bafkreidwzfjd3vlx32asbvng5t3d26krpbnzhkst67pgxtvgvw55xudwha@jpeg,did:plc:ohow2eqn26lmzjijisxsulji,NA,0
carlkinsella.bsky.social,Carl Kinsella,https://cdn.bsky.app/img/avatar/plain/did:plc:agdqygxmfoi4pnuqyfa7bfv5/bafkreiblqirzhwasahyry6iyu5jhvn55x4nw4fqnwdr7sdjxy25hemoqaq@jpeg,did:plc:agdqygxmfoi4pnuqyfa7bfv5,NA,0
melissabreen.bsky.social,Melissa,https://cdn.bsky.app/img/avatar/plain/did:plc:5o6vh3b4hoiuabr35gfvijvn/bafkreihhnswogpfvowcmk2cb7kazz3ozz3srvunmnsvccvhzxmexw7fwim@jpeg,did:plc:5o6vh3b4hoiuabr35gfvijvn,NA,0
jkhoman.bsky.social,Jack Kavanagh Homan,https://cdn.bsky.app/img/avatar/plain/did:plc:gndqt3yx3lfc242uyxszrr44/bafkreifma4e4ti3dybbffchvj6jqlnrxrkdqvmmtshfz5c5bkqi7l6hpam@jpeg,did:plc:gndqt3yx3lfc242uyxszrr44,NA,0
dredelcaos.bsky.social,🐇🎀 Dre Spooky Season💀🍂,https://cdn.bsky.app/img/avatar/plain/did:plc:v6kylm7wrcupxsbbyesmwup7/bafkreibb6cerjf7m67hzwrxvb6gxwglr35pgebnadqagyqdec4jwvcndvy@jpeg,did:plc:v6kylm7wrcupxsbbyesmwup7,NA,0
psychicsoftware.com,Sam Redfern,https://cdn.bsky.app/img/avatar/plain/did:plc:rmmifzq5oisdl7jdpnwlilh3/bafkreiebxg63ygewilbjbxue2bqnmztw4h3zsr6hyrtxz6ouzpfa4wflue@jpeg,did:plc:rmmifzq5oisdl7jdpnwlilh3,NA,0
danuis.lol,ren,https://cdn.bsky.app/img/avatar/plain/did:plc:o7isgkkukeynklcanpal3qnf/bafkreibolbk47n3v72iopfh6fimvo5cs7tkuj2reqlo7ba6ois4ont5nzu@jpeg,did:plc:o7isgkkukeynklcanpal3qnf,NA,0
caseyexplosion.bsky.social,Casey Explosion,https://cdn.bsky.app/img/avatar/plain/did:plc:lb5dnroqbk4ikw4zmgdd77dd/bafkreifrlbfmoclriuu2thktfpjluqdbhizcehc5li3yp7wp63plloetsq@jpeg,did:plc:lb5dnroqbk4ikw4zmgdd77dd,NA,0
galwaygamejam.bsky.social,Galway Game Jam,https://cdn.bsky.app/img/avatar/plain/did:plc:ju2nyf6vgezohbzlmmohd6cy/bafkreicg7h2ixkefjlrgpt3rkbvbl3vigptnjnnm2sh5skluuevlbufwuq@jpeg,did:plc:ju2nyf6vgezohbzlmmohd6cy,NA,0
parchmentscroll.bsky.social,Jordan is the Huggiest Kaiju,https://cdn.bsky.app/img/avatar/plain/did:plc:inttr5vfg3qpbbxk35gablvj/bafkreihcg34y4j5evwicf3y5x7c6gpzf6wvlpzxbo2or3z4lj45xz62z7q@jpeg,did:plc:inttr5vfg3qpbbxk35gablvj,NA,0
stellamulberry.bsky.social,Stella Mulberry,https://cdn.bsky.app/img/avatar/plain/did:plc:ibfbhhnn743kc4ie2szvdndt/bafkreie6v77hze4bg5vndxqm3zvygdebur3fj5pvw2avndsd67szubfla4@jpeg,did:plc:ibfbhhnn743kc4ie2szvdndt,NA,0
nubegames.bsky.social,Roguetron (Indiegame),https://cdn.bsky.app/img/avatar/plain/did:plc:gosvwosi7gows4zmq6bdhx4b/bafkreicqa3xagbo3axxkra5j6xghnx6jfczaf3ksz5ai3zrxff5iwvfdvy@jpeg,did:plc:gosvwosi7gows4zmq6bdhx4b,NA,0
gamingnews-rt.bsky.social,Gaming News,https://cdn.bsky.app/img/avatar/plain/did:plc:eqvvek25ndbzzz67mkreuqrt/bafkreifesjeqmbsgsummz6z5niswqo2so2xcnhzzxrcupyi6a2445ed3hi@jpeg,did:plc:eqvvek25ndbzzz67mkreuqrt,NA,0
cianrice.dev,𝕮𝖎𝖆𝖓 (key-in),https://cdn.bsky.app/img/avatar/plain/did:plc:3zvz4dnsoulznt3kyrrlmy3p/bafkreignivy6tdvcd7qin43fntie2qmao3g6udaljhtdoybp3awfrxb2pe@jpeg,did:plc:3zvz4dnsoulznt3kyrrlmy3p,NA,0
lightliv.bsky.social,Olivia ⟢,https://cdn.bsky.app/img/avatar/plain/did:plc:jxtcp4gd457edsryxes2knel/bafkreihrr5ddj7mizdpwsctnssidz2b73keobte5aaxzkmaerqggmt2fba@jpeg,did:plc:jxtcp4gd457edsryxes2knel,NA,0
search1wy.bsky.social,"Navy veteran , ODAT",https://cdn.bsky.app/img/avatar/plain/did:plc:f3gt4u54phrrm25aao3oaidp/bafkreidgi2qxnkiefq4pv2dtykijta6btmanvqpyhohzh3yrrd7y6tx5ci@jpeg,did:plc:f3gt4u54phrrm25aao3oaidp,NA,0
lawschoolonline.bsky.social,lawschoolonline,https://cdn.bsky.app/img/avatar/plain/did:plc:6baserbdtyihe7arbcg3ukid/bafkreienvl2vm5g36jzpszzw2g7hgipivc62y63oycocw6h6nrhzc6spk4@jpeg,did:plc:6baserbdtyihe7arbcg3ukid,NA,0
bookjo.bsky.social,Joanna Sholem,https://cdn.bsky.app/img/avatar/plain/did:plc:pyultrffypuj62cwineajokr/bafkreiagmygyu3svlt3l5dm2pnqaususs5gggblkt2zwunv55gu5n6n2k4@jpeg,did:plc:pyultrffypuj62cwineajokr,NA,0
mariannedoherty.bsky.social,Marianne Doherty,https://cdn.bsky.app/img/avatar/plain/did:plc:ljnrocuyeluisrjkf2erjvjm/bafkreidy4sel62brylguoay7vyrjaoi7o7yvz2h3xvnzd3jnx3hgc4isoq@jpeg,did:plc:ljnrocuyeluisrjkf2erjvjm,NA,0
drivensnowmusic.bsky.social,Driven Snow,https://cdn.bsky.app/img/avatar/plain/did:plc:ds3gq45fyfvz3g4n3zy6yuau/bafkreiaenhtmrlq7k45xyd2dkz7xrkdltq4zz7pohvnndbintbxdt6gyqa@jpeg,did:plc:ds3gq45fyfvz3g4n3zy6yuau,NA,0
gregome.bsky.social,Greg,https://cdn.bsky.app/img/avatar/plain/did:plc:knn6gcza6y54s6fzw2dfymft/bafkreifsnxbbes6rdqqotslbf4wmscyy4edzkhwaqxin4hpv4tonsplyde@jpeg,did:plc:knn6gcza6y54s6fzw2dfymft,NA,0
antiwifeequation.bsky.social,Anti-Wife Equation,https://cdn.bsky.app/img/avatar/plain/did:plc:ysiml7emleugkc2rcnsp5ikh/bafkreihe524ihwcqwuv2fxufb32qlafwvynou2dmcgaynpdtdpzskp3t2y@jpeg,did:plc:ysiml7emleugkc2rcnsp5ikh,NA,0
eastlothianhare.bsky.social,Andy,https://cdn.bsky.app/img/avatar/plain/did:plc:os4pe4ryheuqcsaaht7paiho/bafkreicasgzaxoagwnarxlo3u5hx32j6fmkn5vmd23z2aubs4qxl3ggq2a@jpeg,did:plc:os4pe4ryheuqcsaaht7paiho,NA,0
remembrancewatch.bsky.social,RemembranceWatch,https://cdn.bsky.app/img/avatar/plain/did:plc:6nhpbpdp3hjpuhf3mdnycz22/bafkreigz4jtv6fzqfemwdavklr76biuy52qtgoijplxeh4dzymsfclmj5a@jpeg,did:plc:6nhpbpdp3hjpuhf3mdnycz22,NA,0
majorpaul.bsky.social,Paul Waldron,https://cdn.bsky.app/img/avatar/plain/did:plc:rnzrs67vrbtrmwdkaxruy66z/bafkreienchd6ql4uiyojx4nbabwqvqeutz23h5gthm5yvwg4rpec6xy2w4@jpeg,did:plc:rnzrs67vrbtrmwdkaxruy66z,NA,0
marksugrue.com,Mark Sugrue,https://cdn.bsky.app/img/avatar/plain/did:plc:ft33qlpmd3q6dexqteqh2t7v/bafkreiekyzalxbn6firuhan5m3gvusngnkqsmepubntnzpd47nprpxa5cy@jpeg,did:plc:ft33qlpmd3q6dexqteqh2t7v,NA,0
insomniac2024.bsky.social,J.A. Misek,https://cdn.bsky.app/img/avatar/plain/did:plc:dclqoewoqq7f6cx7r6ziyvkz/bafkreifvflli3ld2vslnnhyqryqdu266ugoaock3moqa3ofeiddkhndnoq@jpeg,did:plc:dclqoewoqq7f6cx7r6ziyvkz,NA,0
betaburns.bsky.social,emma q burns,https://cdn.bsky.app/img/avatar/plain/did:plc:fozy5bi774qi5v3cd4wpkwsu/bafkreiavimgh537rvttjffmeitfvfoloukcngvrtlovbx2vyejbmq3j5a4@jpeg,did:plc:fozy5bi774qi5v3cd4wpkwsu,NA,0
orlanimh.bsky.social,NA,NA,NA,"Very proud of my nephew, who's turning 16 next week, who raised 1227 euro with his Halloween lights! Mayo Roscommon Hospice has confirmed his total 👏👏👏 #SpeirGorm #MayoRoscommonHospice",2
roboconnor.bsky.social,NA,NA,NA,Dear @newyorker.com - #Ireland would like to raise on objection #speirgorm,0
nowbreezing.ntw.app,NA,NA,NA,"
Bluesky's Top 10 Trending Words (past 10min):
💨x1* - ukraine 🔓
💨x32 - macy's
💨x29 - thankful
💨x1* - democracy 🔓
💨x29 - afghan
💨x27 - thanksgiving
💨x1* - gaza 🔓
💨x16 - mou
💨x14 - turkey
💨x13 - guardsmen
*🔓 = Unlocked Emergency Words (see img)

#ListenToBlackVoices

(Something not right? Reply!)",5
321kieran.bsky.social,NA,NA,NA,"📢Listen back Now to Paul @pagep195.bsky.social of Whipping Boy on his great new project The Sentimental Tourists!

🎧Also check out great chats with @maykay.bsky.social, @davidsanclair.bsky.social, @asmythmusic.bsky.social, @richiejape.bsky.social & more!

▶️ nova.ie/podcast/the-... #Speirgorm",5
djwalker.bsky.social,NA,NA,NA,"Wishing a calm and peaceful Thanksgiving to all who celebrate. 

Harty’s Quay, Rochestown, Cork 🇮🇪 

#photography
#nature
#landscape
#winter
#reflection
#thanksgiving
#EastCoastKin
#spéirgorm
#PhotoHour

🐕 🚶 📷 📱 📸 ☁️",94
caroleducky.bsky.social,NA,NA,NA,"This is NOT okay. 🤬

No woman should be subjected to inappropriate remarks from a #taxi driver. There is a power imbalance between driver & passenger & a lone female passenger is in a vulnerable position. His comments were frightening. 🚩

#Dublin #SpeirGorm

www.instagram.com/reel/DRjrJ7V...?",34
ciaralynnmurphy.bsky.social,NA,NA,NA,"Just cycled through this down the quays to Connolly. I wouldn’t like to be on anymore than two wheels in town right now. Gridlocked. And considering they’re all beeping all the time, very loud. #Spéirgorm",1
sarahskeeter.bsky.social,NA,NA,NA,"Is it just me or do Irish men politicians favour a blue suit to an unreasonable degree? Is this everywhere or just us?

#spéirgorm",2
ainekeenan.bsky.social,NA,NA,NA,"When you go will you send 
back a letter from America?
Take a look up the rail track 
from Miami to Canada ...

The Proclaimers, 20th century

#Photography #Wisdom #Poetry #SpeirGorm #StreetPhotography #RamanaMaharshi #Ashram #India #ImageAndVerse #ArtOfBlueSky #PhotographersOfBlueSky #EastCoastKin",279
flockdublin.bsky.social,NA,NA,NA,"They’ve been from the shop only for a year or so as I wanted to see people try them on and how they fit different heads but they’re online now.
#irishcraft #irishdesign #wool #naturalwool #beanies #speirgorm",5
ancienteejit.bsky.social,NA,NA,NA,I may only have 50 followers and most of them are bots I'm sure but I highly recommend this book. Read it years ago and really enjoyed it. #spéirgorm #buylocal,1
squeefulraven.bsky.social,NA,NA,NA,"Happy Thanksgiving to all who celebrate!

#Thanksgiving #Turkey #TurkeyDay #SpéirGorm #SpeirGorm #America",11
alanmacseain.bsky.social,NA,NA,NA,"The name Saoirse began appearing in the 1920's after the dust of the War of Indepenence settled.

I'm betting Aontas, as a boy's name, will appear after reunification. 
##spéirgorm",1
pollygaillimh.bsky.social,NA,NA,NA,#speirgorm,0
eoinbuckleylmk.bsky.social,NA,NA,NA,"Details as promised for Merch & Record Fair in The Commercial on Dec 6th
#Limerick #Music #ShopLocal #Christmas #Speirgorm #StickYourBlackFridayShite",0
jayroszman.bsky.social,NA,NA,NA,"Dear #Speirgorm :

I'll be in Dublin Saturday AM for a meeting and won't be taking the train back to Cork till late afternoon. I need xmas gifts for family in US – where would you go for cool artsy, crafty, independent Irish stuff?",2
drsadhbh.bsky.social,NA,NA,NA,I love this poem too - thanks for bringing it over to #speirgorm,3
adrianlegg.bsky.social,NA,NA,NA,"Waiting for the last ferry on the Sherkin Disco Bus.
#SherkinIsland #Disco #Bus 
#speirgorm",2
thenpw.bsky.social,NA,NA,NA,Listened to this today. It was insanely delicious! Please give it a whirl... 🍎 #speirgorm,14
shanerazor.bsky.social,NA,NA,NA,"The National Development Plan 2040 summed up in 15 secs #speirgorm #transport 

youtu.be/cjl8OIZijjY?...",2
despod.bsky.social,NA,NA,NA,Retro train and retro loco in Cork. #Speirgorm,24
drdeiana.bsky.social,NA,NA,NA,This Friday. Join us if you are in Belfast #Speirgorm,0
weirdireland.bsky.social,NA,NA,NA,Thing go boing #speirgorm,4
joetweetsalot.bsky.social,NA,NA,NA,"Went to the #MoulinRouge show on Monday - it was fantastic! 

⭐ ⭐ ⭐ ⭐*

*I would give 5 stars but Satine was a brunette and I won't tolerate ginger-erasure!!

#speirgorm",0
simonb84.bsky.social,NA,NA,NA,"The last 2 days have been an epic failure for the better Public Transport agenda. This government has shat over nearly every project you can think of. 

#SpéirGorm #IrishPolitics",0
yerwannn.bsky.social,NA,NA,NA,"Does anyone else get a little eye twitch when they're tired? I told my boyf that I had the sleepy twitches and he looked at me like I'd 12 heads. I can't be the only slightly-twitchy-sleepy- person?

#speirgorm",1
kevinlally32.bsky.social,NA,NA,NA,"The writing is on the wall 🧱 

- Protect farming and rural communities 👨‍🌾👩‍🌾

- Protect our climate 🌍🌎🌏

- Protect democracy 🗳

- Reject the EU-Mercosur Trade Deal  🛑

#SpéirGorm #EU",1
irelandsedge.bsky.social,NA,NA,NA,"In our age of ever-shorter attention spans, long-form reporting has become an endangered art. But some stories require months and years of investigation and thought to be told properly.

#IrelandsEdge25 #OtherVoices25 #SpeirGorm",0
lovelyhurling.bsky.social,NA,NA,NA,"Great to see these Irish Peacekeepers, arriving home safe & sound. 🇮🇪
#Speirgorm",3
roc83.bsky.social,NA,NA,NA,"Up in Dublin to see Dylan. Only out of the station and 5 different people have tried to pour coddle into my hands. 

Terrifying place.

#speirgorm",1
joyofhazel.bsky.social,NA,NA,NA,"Some lovely sunrises we've been getting in Kerry recently...
#speirgorm #nofilter",9
starrock2.bsky.social,NA,NA,NA,"Interested in #climate and #energy policy in Ireland and/ or how energy systems models can help inform policy? In Dublin & free on Dec 15th? Come along to connect with key stakeholders and hear more about work of UCC Energy Policy & Modelling Group 
www.eventbrite.com/e/ucc-energy... #speirgorm",3
gerrioneillhist.bsky.social,NA,NA,NA,"Why? Why bring party politics into it? There are more than enough Irish writers, artists and poets to choose from. James Joyce? Samuel Beckett? Patrick Kavanagh? W.B. Yeats? Harry Clarke? John Lavery? Or what about naming it after a woman? Radical, eh? #speirgorm",2
dubmac.bsky.social,NA,NA,NA,"I work near #SheriffStreet in Dublin and it's blighted by far right tricolors at half mast.
I've spoken to a few residents who assured me that most locals don't support the action but are intimidated into saying nothing publicly about them.

#Speirgorm",6
bleary.off-the-records.com,NA,NA,NA,Saw them supporting NewDad a few weeks ago. They’re really good. #Speirgorm #UpCork,4
saytheirnamesir.bsky.social,NA,NA,NA,#Belfast friends #speirgorm,5
dfertl.bsky.social,NA,NA,NA,"#Ireland ‘s Justice Minister Jim O’Callaghan has signalled plans to follow Britain in aping #Denmark ‘s  failed #racist #migration policy: ignoring the real crises making #refugees, & risking emboldening the #farright, to deflect from domestic inequality
#SpéirGorm
www.irishtimes.com/opinion/2025...",7
irishplacenames.bsky.social,NA,NA,NA,"Rockabill islands, off the town of Skerries, County Dublin. From the Irish 'Cloch Dábhiolla', meaning 'Two-bill Rock'. 

Home to a lighthouse and the largest colony of roseate terns in Europe. And possibly some stray cats.

#speirgorm",31
cjamcmahon.bsky.social,NA,NA,NA,how in the year of our lord 2025 can I not find a decent kids encyclopaedia app on the iOS app store? any recommendations #speirgorm,13
breathingfire.bsky.social,NA,NA,NA,The return of the time of the Táin Bó. Can berserkers and demigods be far behind? #CúChulainn #speirgorm,0
eointf.bsky.social,NA,NA,NA,@irishcycle.com maybe you could give this warning a boost to the #speirgorm crew. I've seen a good few RadWagons about over last few years. Cheers.,0
seeinstarrs.bsky.social,NA,NA,NA,"It was Glasto 2003, it was 28° & sunny and this man was awesome. 🔥
You've crossed your last river Jimmy, RIP

#glasto ##speirgorm",0
natalieoregan.bsky.social,NA,NA,NA,"Ireland’s drug policy isn’t just failing, it’s harming families.
Kinship carers save the State billions, yet face legal hurdles, poverty, and zero recognition. 

#DrugPolicy #KinshipCare #Ireland #SocialJustice #DrugSky #SpeirGorm

natalieoregan.substack.com/p/kinship-ca...",10
kellieturtle.bsky.social,NA,NA,NA,"My southern friends and comrades: anybody with 3 mobile want to register for a Lily Allen Dublin gig presale code today and share it with me? The partitionism is excluding us nordies and frankly I consider it a breach of the Good Friday Agreement. 
#SpeirGorm",1
desfitzgerald.bsky.social,NA,NA,NA,"If you're in ireland and have kids in primary school or soon to be, please fill out this survey on preferences re religious involvement in schools, and whether people prefer single-sex or co-ed. It takes < 1 minute and will inform future provision. #speirgorm www.gov.ie/en/departmen...",34
menalippe.bsky.social,NA,NA,NA,Wear red if you can #Speirgorm,1
suerussell.bsky.social,NA,NA,NA,Great to see the Pipster out and about and back on form .... even if she insists on rolling round in sheep poo!! #Bestdog #dogsofbluesky #spéirgorm,0
mikduffy.bsky.social,NA,NA,NA,#speirgorm Irish cineastes who can access UK TV might be interested to hear that Talking Pictures are showing The Black Tent - a war film from under-celebrated Belfast director Brian Desmond Hurst.,0
brianofarrell.bsky.social,NA,NA,NA,"Bloody hell that is outrageous

#SpéirGorm",4
claireconnolly.bsky.social,NA,NA,NA,‘Tis the season - thanks @winterpapers.bsky.social and @mgtkell.bsky.social #speirgorm,1
pbp-wexford.bsky.social,NA,NA,NA,#speirgorm,1
garethoconnor.bsky.social,NA,NA,NA,Wisdom of Trees #SpeirGorm,1
lolaclare.bsky.social,NA,NA,NA,"To my Irish Bluesky community interested in environmental hazard & protection. Does anyone know of research or policy documents on Aughinish Alumina & potential harm to community or environment. There is very little data outside of EPA public health report in 90s, newspaper articles etc #speirgorm",1
trasinscneach.bsky.social,NA,NA,NA,I've missed all the discussion is it #SpéirGorm or #SpéirGhorm or #Gormspéir now?,2
brownekelly.bsky.social,NA,NA,NA,#speirgorm #irish #diaspora,0
lori-l.bsky.social,NA,NA,NA,"The Irish on #DuoLingo is way harder than the equivalent levels in the other languages, and with loads of new makey-up words too! 😤 #speirgorm",0
limerick4inarow.bsky.social,NA,NA,NA,"“Watching John with the machine, it was suddenly so clear.The Terminator would never stop.It would never leave him. It would never hurt him,never shout at him,or say it was too busy to spend time with him.It would always be there.And it would die to protect him…”
#dogsofbluesky
#speirgorm",12
orlam90.bsky.social,NA,NA,NA,"To whom it may concern,

Live results from the sharpener/parer/topper debate can be found here: 

finaldraft.maps.arcgis.com/apps/dashboa...

What the feck is going on in Kerry?! 

I want to credit the map-maker/survey owner, but alas they are an anonymous Redditor so I cannot. 

#speirgorm ✏️✏️✏️",25
amynim.bsky.social,NA,NA,NA,Dad informed me the other day he'd signed some form to donate his body to science. Just feels incredibly stupid and narrow minded to not even discuss with us or consider that we wouldn't have a place to visit after he's gone. Does anyone know do they need consent from the family or what? #SpeirGorm,0
katebielinski.bsky.social,NA,NA,NA,Bit of a long shot here but would anyone (Dublin based) have use for these new/almost new junior cycle text books? Seems such  waste to put them into the recycling. #speirgorm,8
lisafitz.bsky.social,NA,NA,NA,Eyeing up my toast.. #speirgorm #Sunday #dogs #furbabies,0
markdryall.bsky.social,NA,NA,NA,Few shitty pics of My Bloody Valentine last night. Colm Ó Cíosóig is a savage. #Speirgorm,1
wasabi-bestie.bsky.social,NA,NA,NA,"This is hard goin’ 

#IREvRSA #QuilterNS #SpeirGorm",0
quiltomancy.bsky.social,NA,NA,NA,Is there an Irish Ken Burns ? I need a good historical documentary . #speirgorm,0
ellecontessa.bsky.social,NA,NA,NA,"If you see this, post your getaway vehicle #speirgorm",0
msmcglencree.bsky.social,NA,NA,NA,"My very dirty #retreiver up before the lark!
#speirgorm #dogs #photography",1
elaineedwards.bsky.social,NA,NA,NA,"Separately, here is some Friday night fluff. #Speirgorm #Cats",2
annumayor.bsky.social,NA,NA,NA,"Tomorrow, 2pm @museumfreederry.bsky.social, @dooleydooley.bsky.social, author of Black and Green @plutopress.bsky.social explores how U.S. & Irish civil rights movements inspired each other on the anniversary of JFK’s assassination. #speirgorm 
@humanrightsfirst.org
@qubelfastofficial.bsky.social",4
greencollective.io,NA,NA,NA,"🚨 Cold weather results in higher electricity demand and we just saw a new high for all-island electricity output of 7774MW.

This beats the previous record of 7712MW set in February.

Wind generation was pretty high at around 3.5GW but a lot of gas being burned too.

#SpeirGorm",2
shinanegans.bsky.social,NA,NA,NA,"If you see this, post your getaway vehicle
#SpeirGorm",0
nordaltsee.bsky.social,NA,NA,NA,"Apple and sloe jelly me thinks
#WestCork #WhiteHills #SpeirGorm",7
hilarylennon.bsky.social,NA,NA,NA,"I don't get your first point. Re the second point, again, I received campaign material with my name and home address on the envelope, and I was informed that anyone could put in a request to buy a copy of the electoral register list. #SpeirGorm",0
uplift.ie,NA,NA,NA,"Eurovision song contest missing the mark. Its not about the voting, its about Israels ongoing genocide of the palestinian people.... Boycott Eurovision ✊️ Ban Israel from participating 

#Speirgorm 

jrnl.ie/6881740",19
gylesnamopaleen.bsky.social,NA,NA,NA,"We have 101+ years of data on how disastrous british rule has been, economically & societally, in NI. It's been a basket case for decades. 

Then, along comes brexit, which accidentally gave us an insight into what an All-Ireland economy might be like. 

GRMA (thanks) Brexit!   #spéirgorm",4
eoghan.bsky.social,NA,NA,NA,"It's occurred to me that Irish English has a clatter of words for referring to a rake of things. There's a whole skite of them, and you can use a lock of different terms and people will know what you mean
#spéirgorm",11
siobhandowling.bsky.social,NA,NA,NA,"It seems I haven't been to ""The Point"" since before the Luas. I remember that long long walk back to civilization (aka bus). I think last time was Underworld in 2000.... 

So... If doors open at 6.30pm when does the band start? 

#SpeirGorm",0
homebrewandhacking.bsky.social,NA,NA,NA,"That is a good trailer...

For fans of the Simpsons.

www.bartkira.com

#speirgorm",0
georginabarrow.bsky.social,NA,NA,NA,"Team ""parer"" all the way, none of this topper nonsense #Speirgorm  #Speirghorm",0
docdok.bsky.social,NA,NA,NA,"#speirgorm Bualadh Bas,!",0
oliviachau.bsky.social,NA,NA,NA,Hope they don’t get rid of change the stairs in the Roches/Debenhams building. Was one of my fav things about the building. #speirgorm #limerick,1
beatingblog.bsky.social,NA,NA,NA,"That's a cold one now. Am huddled by the radiator eating a pot noidle, much as I envision Enoch is, in some basement somewhere. #speirgorm",0
powersflowers.bsky.social,NA,NA,NA,"Well, this was a disappointment. Is there an actually delicious brand, or are they all overhyped? The chocolate on this tasted so-so and the pistachio filling was nice enough, but nothing special.  
#DubaiChocolate 
#speirgorm
#spéirghorm",2
niamhkirk.bsky.social,NA,NA,NA,Drummer says #foxhunting is disgusting and should be banned. #speirgorm,1
fiftywords.bsky.social,NA,NA,NA,"The phrase “a schmozzle in the parallelogram” was immortalised by the legendary Gaelic games commentator Michael O’Hehir. It describes the chaotic, harmless scuffle that sometimes erupts during games. #vss365 #Speirgorm",2
irishinstitute.bsky.social,NA,NA,NA,"Our friends @livirishfest.bsky.social are holding a public consultation on their redesign of the Liverpool Irish Famine Trail to provide:
👉Better accessibility
👉Updated information
👉Digital enhancement
Have your say: www.liverpoolirishfestival.com/help-trail-f... (Deadline: 5.12.2025) 
#speirgorm",0
bridgetmcgann.medsky.social,NA,NA,NA,"People when they learn I speak Irish: Wow so wholesome to be in touch with your heritage! It’s such a beautiful language. 🥹🥰☘️

Me: *raps about crime and drugs*

#SpeirGorm ",0
archivedelver.bsky.social,NA,NA,NA,Why does Irish Rail keep everyone waiting til the last minute for trains at Heuston? #speirgorm,0
carlogianuzzi.bsky.social,NA,NA,NA,"Irlanda — Enoch Burke verso il carcere, per la quarta volta, per oltraggio alla corte.
Ironia della sorte, il giudice parla anche di potenziale rischio per i bambini.
Ne ho parlato in ""Diario d’Irlanda - An Irish Journal"" S1E14.
🎧 Ascolta youtu.be/PViblNIBZl8?...
#19novembre #speirgorm",0
nearfm.ie,NA,NA,NA,"Hang on in there! The weather may be cold 🥶 but we have Roots music at 2.30, Joy and Jargon at 3.30, Stories from Foster Care at 4.30 and Ar Muin na Muice at 5.30. Stay in and listen to the radio #speirgorm  nearfm.ie/livestream",1
jodcork.bsky.social,NA,NA,NA,Tuesday is a hard payback for the glory of Sunday #coybig #speirgorm,0
sighjinks.bsky.social,NA,NA,NA,"The new Crumlin Shopping Centre just started being built and it’s still going to be finished before the Naas Shopping Centre opens, isn’t it? #SpeirGorm #Kildare",1
reicscarlo.bsky.social,NA,NA,NA,The Irish Times reporting that Simon Harris will take over Finance and Helen McEntee will move to Foreign Affairs & Defence. Irelands first ever female FA minister. #irishpolitics #spéirgorm,0
kurleymcd.bsky.social,NA,NA,NA,"Never been so happy to see someone get that big new job as I am to see the end of Donohoe in government.

#speirgorm",0
brianmlucey.bsky.social,NA,NA,NA,"Oh the amount of begrudgery and sniping Will be off the charts. 
#speirgorm hopefully can be moderate and appropriately critical. And you can be critical and admiring",0
roisindubh1.bsky.social,NA,NA,NA,"Maith thú I suppose ? 💪🏼

#SpéirGorm",0
nedkelly.bsky.social,NA,NA,NA,I love this traditional Irish village just off the motorway #speirgorm,0
shutupdaragh.bsky.social,NA,NA,NA,I've been thinking about how Britain's legacy in Ireland is a civic tradition of state cruelty and Jim O'Callaghan is that tradition writ large. #speirgorm,9
conormcnally.bsky.social,NA,NA,NA,"“The national investment will largely be focused on cycle highways connecting rural villages and suburban areas with metropolitan centres, providing access to jobs, healthcare and education.”

Imagine how transformative this approach would be in Ireland. #speirgorm #spéirgorm",3
climatealarmclock.bsky.social,NA,NA,NA,"#COP30 - This will be our fourth year covering COP and seeing as there's not really that much new we can say, in order to avoid sounding like a broken record let's hear from YOU! 

Drop your questions, queries, concerns, criticisms, etc in the comments below! #SpeirGorm",5
nancyhugh.bsky.social,NA,NA,NA,"Hey, just a heads up on the hashtag - it's #speirgorm or #speirghorm. The 'h' goes after the 'g', not the 'p'. Should be seen by more people.",0
irondragon1.bsky.social,NA,NA,NA,"Very alarming video about the lack of ANY emergency plans for if tailings dam of the Aughinish Alumina refinery fails, also concerning are the removal of a peer review & incomplete records in a health study on the local impact in '98
www.youtube.com/watch?v=DxTt3G5G7y0
#IrishPol #speirgorm #Limerick",0
maryburke.bsky.social,NA,NA,NA,"contributors include: 
@costelkh.bsky.social
@carolineheafey.bsky.social
@sistermmm.bsky.social
@brianeanna.bsky.social
#speirgorm",0
deborahhh.bsky.social,NA,NA,NA,"There’s a feeling of Italia ‘90 in the air and the sun is shining for once - the glory days are back folks

#SpeirGorm #Ireland #Parrott",0
davidmcgurrin.ie,NA,NA,NA,"I like Bluesky in general and it has a much nicer vibe than the cesspit app, but it doesn't compare with live events. The memes and everything popping off on twitter after the game I'd say. Do miss that a bit #speirgorm #coybig #ireland",0
denterrick.bsky.social,NA,NA,NA,#Dublin #SpéirGorm,0
pbeattie.bsky.social,NA,NA,NA,"I’m still rattled by that Ireland win earlier. I’ll be too buzzin to sleep tonight.

At the start of the group I was confident of reaching a playoff, but we looked dead and buried after the first 3 games.

Maximum points from the last 3 games is unbelievable stuff. 👏🏻

#COYBIG 🇮🇪 #WC2026
#SpeirGorm",1
imjustkev67.bsky.social,NA,NA,NA,💪⚽ Fantastic stuff #COYBIG #Spéirgorm Roll on the draw on Thursday,0
eileen100.bsky.social,NA,NA,NA,Remembering our sister Jennifer Barrett on “World Day of remembrance for road traffic victims”. The car accident happened 49 years ago and we still mourn her loss. We also lost her unborn child that day. PLEASE take care on the roads and always be alert to the unexpected. #speirgorm,3
hourlybreezing.ntw.app,NA,NA,NA,"
Bluesky's Top 10 Trending Words (past 60min):
💨x1* - ukraine 🔓
💨x1* - gaza 🔓
💨x1* - democracy 🔓
💨x65 - 1﹐611
💨x60 - musgrave
💨x38 - jameis
💨x34 - parrott
💨x32 - darnell
💨x31 - hassett
💨x29 - 2025-11-16
*🔓 = Unlocked Emergency Words (see img)

#ListenToBlackVoices

(Something not right? Reply!)",1
davidmoriarty.bsky.social,NA,NA,NA,"A hilarious line from Murph on @secondcaptains.bsky.social, paraphrase - never mind McIlroy at the Masters, Troy Parrott has had the greatest Thursday to Sunday run in the history of Irish sport. #COYBIG #speirgorm",7
thriftonaut.bsky.social,NA,NA,NA,Welcome to the world all the newborns named Troy! #Speirgorm #Speirghorm,0
kevfrommayo.bsky.social,NA,NA,NA,"Second Captains post-match pod has dropped! @secondcaptains.bsky.social #coybig #spéirgorm

Episode webpage: shows.acast.com/the-second-c...",2
colmbrennan.bsky.social,NA,NA,NA,"Late late Troy show

#speirgorm",1
trendtags.bsky.social,NA,NA,NA,"🔥 Trending Now on BlueSky (Last 30 minutes):

#coybig #art #Photography #nsfw #OC #Nature #HUNIRL #EastCoastKin #stunday #섹블 #furry #Birds #speirgorm #섹트 #Ireland 

Trends refresh every 30 minutes.",0
wizball50.bsky.social,NA,NA,NA,"SCENES! Ireland get the win in the 6th minute of injury time. A wonderful end to an incredibly exciting game of football. Time for another drink! 

#COYBIG ✊ 

#redsky #speirgorm #HUNIRE",1
ciaraoh.bsky.social,NA,NA,NA,I DONT EVEN WATCH FOOTBALL AND IM SCREAMING #COYBIG #Speirgorm,0
dearg1974.bsky.social,NA,NA,NA,"Oh sweet Lord my heart, this day and night #irlvhun #speirgorm",0
mojonaut.bsky.social,NA,NA,NA,Holy crap. That second goal from Hungary was a belter. #HUNIRL #spéirgorm,0
decjordan.bsky.social,NA,NA,NA,"Very selective replays in this game. Disinformation in Hungary. I would love it if we beat them, love it. #COYBIG #SpeirGorm #IRLHUN",1
pmchoan.bsky.social,NA,NA,NA,"#SpéirGhorm #SpeirGorm #Nature #LoughErne #Curlew #Lapwing #Conservation 

www.bbc.co.uk/news/article...",2
franham.bsky.social,NA,NA,NA,Waking up to Gordon Lightfoot on a dark November morning. Nice. #risingtime #speirgorm,0
filmcriticmaybe.bsky.social,NA,NA,NA,"It was named after a county in Ireland and that's about as much details as my shitty memory can give if you wanna try to hunt this down or like remind me

Calling #speirgorm for the save here",0
alanmccarthy.bsky.social,NA,NA,NA,"Here’s extra shots of the remarkable red colour of the Aurora Borealis / Northern Lights over Courtmacsherry in West Cork , Ireland on 12/11/2025 during that that G4/G5 Storm!! 🥰📸🌌💥🌊✨❤️ #aurora #astronomy #photo #photography #photographer #bluesky #blueskyart #speirgorm #art #nature #weather #colours",12
savestmaryoftheangels.com,NA,NA,NA,"Our 2026 wall calendar is out😄 With fantastic photos from the Kingdom of Kerry by Chris Grayson and Marcus Günther, this makes a beautiful Christmas present while supporting a great cause 😊
youtu.be/eOEUt3zzX_s
#SpeirGorm",0
juliecorcoranphotography.ie,NA,NA,NA,"Pinhole photograph of Brigid’s Well, Faughart, Co. Louth. 

#speirgorm",2
makary.online,NA,NA,NA,This cause is close to my heart - please sign: https://my.uplift.ie/petitions/petition-to-ban-fox-hunting-in-ireland @uplift.ie #foxhunting #petition #SpeirGorm-#MastoDaoine,0
conorl.org,NA,NA,NA,"Managed to get tickets for the RPSI Santa Train. Didn't manage to get one of the steam train options - they sold out instantly - but did get one of the diesels. Really looking forward to it, first time we've gone since before COVID. #speirgorm",0
catwranglervik.bsky.social,NA,NA,NA,"The Irish Times this morning answering a question literally no one was asking. 
#speirgorm",0
lmur.bsky.social,NA,NA,NA,🤣 #speirgorm #spéirgorm,0
colmori.bsky.social,NA,NA,NA,"At the turntables at Anseo, Camden St tonight if you are about Dublin town in search of tunes.. #Speirgorm",0
hyperbolicdub.bsky.social,NA,NA,NA,"Nobody does a stag-do like the Brits. Loved wherever they go for seamlessly fitting in 

#speirgorm",12
python-ireland.bsky.social,NA,NA,NA,"Hi all,
We’ll be posting live from PyCon Ireland tomorrow. 
We’re far more active on mastodon than here so if you can, please join us on mastodon.ie and follow the hashtag #PyConIE there! 

#SpeirGorm",2
siobhanmcclean.bsky.social,NA,NA,NA,"I find it really hard to believe that that charlatan in Killaloe is still on the go 
Over 20 years ago, he requested a massive fee to treat a friend with a brain tumour  that would’ve required a house re-mortgage. 
He has absolutely no scruples. 
#spéirgorm",2
nevshek.bsky.social,NA,NA,NA,Interesting 🧵 #speirgorm,0
marcocathasaigh.bsky.social,NA,NA,NA,"Dochreidte ag an pointe seo. Tá na treoirlínte seo (chomh maith le cionníollacha teanga, atá b'fheidir chomh tábhachtach) geallta le fada an lá. Níl sé inghlactha le géarchéim titíochta ag cur leis an ngéarchéim teanga. @greenpartyie.bsky.social #spéirgorm",4
kristian7ross.bsky.social,NA,NA,NA,"Good grief. 

#Speirgorm",0
ciaragemmam.bsky.social,NA,NA,NA,WHAT THE FUCK IRELAND?! #coybig #speirgorm,0
oscarfranklin.bsky.social,NA,NA,NA,#SpéirGorm,0
angelacoraccio.bsky.social,NA,NA,NA,"Urgent request!!! (not really)

Desperately seeking McIntosh apples literally anywhere in the 32 counties. Please share!
🍎🍏🍎🍏🍎🍏🍎🍏
 #speirgorm #spéirgorm #speirghorm #spéirghorm",0
mkmartinwriter.com,NA,NA,NA,"What are renters supposed to do for the next five years?

It is enormously frustrating to see FF-FG doing so little while 80% of homes in Dublin are sold not to families but to corporations.

#speirgorm",0
mstevnsmj.bsky.social,NA,NA,NA,"Anybody in the Irish political class listening...? This looks great! Let's get cracking with new solutions!
#SpeirGorm",4
flohoward.bsky.social,NA,NA,NA,"Very sad, this poor lady died without any answers about her missing son. #speirgorm #philipcairns",0
ianclarke88.bsky.social,NA,NA,NA,Why are people still buying Teslas?  #spéirgorm #tesla www.irishexaminer.com/business/eco...,0
izzyfox.bsky.social,NA,NA,NA,"Loving the ""Spéirgorm, as much as you try, you'll never be Irish Twitter, bah-humbug!"" discourse going around today. 

Real ""old man yells at cloud"" vibes. 🤣",0
tattoodlebug.bsky.social,NA,NA,NA,Decided to use public transport tonight. So messy. So unreliable. So infrequent. It’s no bloody wonder people have to use cars. In Any other European city you can hop on and off without thinking and checking. If govt want us out of cars they have to improve this  #speirgorm,0
anairis.bsky.social,NA,NA,NA,WHERE IS BERET GIRL?!?!? #Speirgorm,0
nshiel.bsky.social,NA,NA,NA,Do it. Can we do a thread about nicknames too? #speirgorm,1
conmachiavel.bsky.social,NA,NA,NA,"OMG - it’s happening! 

#speirgorm, assemble!",0
buchanan.today,NA,NA,NA,"Máel Sechnaill mac Domnaill (Malachy II, d. 1022) was High King of Ireland 980–1002 and 1014–1022.

In 1002, Brian Boru usurped his position as Ard Rí.

After Brian’s death at Clontarf (1014), Máel Sechnaill was restored as High King until 1022.

#WyrdWednesday  #SpéirGorm",3
eoinlettice.bsky.social,NA,NA,NA,"We still have a small number of places left for our #ScienceWeek event in UCC, celebrating 180 years of the UCC Arboretum. See details below and to register. #Speirgorm #Cork",2
adamisreallyme.bsky.social,NA,NA,NA,"I've been cycling to the office in town and I do no understand how to turn right from Clanwilliam Pl to Grand Canal St, without almost knocking down everyone crossing the road? Does anyone know?
#spéirgorm",0
frankiegolucky.bsky.social,NA,NA,NA,Was there a reason Simon  Harris was nodding when walking in with Catherine Connolly for the Inauguration? #Aras25 #SpeirGorm,0
john-hurley.bsky.social,NA,NA,NA,"The difference in presentation of the same fact by two British news agencies. 
Guardian Vs Sky
#speirgorm",0
domhnaill061.bsky.social,NA,NA,NA,"I doubt many are up but if you are, go outside #speirgorm",1
carlwinberg.bsky.social,NA,NA,NA,Pretty funny. #speirgorm,4
carriegrif.bsky.social,NA,NA,NA,"As an Irishwoman I'm so proud and moved that we as people value hard work, integrity, female resilience, compassion, bravery, and intelligence & that we've positioned those qualities centrally in our nation. Catherine abú. Thar a bheith bródiúil. #spéirgorm #uachtaránnahéireann",3
oreilly1.bsky.social,NA,NA,NA,"O'Brien claims civil service remote working makes the government less efficient. They were asleep at their desks when he got the Esat Digifone license back in the day...
#Irishpolitics
#speirgorm",4
ciarameehan.bsky.social,NA,NA,NA,"What a privilege to contribute, in a small way, to RTÉ’s coverage of President Connolly’s inauguration today. #aras25 #speirgorm",0
stancarey.bsky.social,NA,NA,NA,"Ireland's presidential inauguration chair was made from native oak, symbolic of strength and endurance

Here's some background from a beautiful book that I copy-edited in 2018 artisanhouse.ie/product/see-... #SpéirGhorm #SpéirGorm",11
heneghano.bsky.social,NA,NA,NA,"Mid way through Porter Cake # 2 and it’s not even December.  Used Odlums & Darina recipes.  Any chance that wonderful baker from Cork is on here?  Loved her pics of home bakes, recipes and cheerful greetings from Cork.  #speirgorm #PorterCake as Gaeilge aon duine?",1
sheila-garrity.bsky.social,NA,NA,NA,"What a day!!!

Great group of #CatherineConnolly supporters and #campaign volunteers gathered @buskerbrown.bsky.social to celebrate the #inauguration of our #10thPresident 
#GalwayforCatherine
#speirgorm",1
drdeclankavanagh.bsky.social,NA,NA,NA,Very happy that Catherine Connolly is just about to be inaugurated as the tenth president of Ireland #Spéirgorm,3
rss.dfaria.eu,NA,NA,NA,"bsky.app: 

Children in #Dublin waiting up to 13 years to be seen by a primary care psychologist. #Ireland desperately needs a functioning public health service. #Speirgorm https://www.rte.ie/news/health/2025/1110/1543052-child-psychologist-services/

https://bsky.app/profile/keithwilson.eu/...",0
gerardorger.bsky.social,NA,NA,NA,"Just a walk or a dream 
#fujifilm #Ireland #SpéirGorm #autumn #photography #nature #landscape",2
sopranovox.bsky.social,NA,NA,NA,OK #speirgorm does Connelly have dogs or not?!,0
harrymckillen.com,NA,NA,NA,"Going to go out on limb here and suggest in the same week a famous Kilkenny hurler got jailed for fraud, that allowing a previously jailed fraudster take over the Kilkenny camogie team isn't a good look for Kilkenny #spéirgorm",0
maggiemakes.bsky.social,NA,NA,NA,Beautiful arrangement and harmonies on Johnny Seoighe by Bláth na hÓige.  #speirgorm,0
dw-ireland.bsky.social,NA,NA,NA,"We’ve started sharing insights from our Disabled Women & Poverty event! 💭

Check out the DWI and DPNH Instagram pages to hear what participants had to say about the real costs of participation. #DisabledWomen #Poverty

www.instagram.com/disability_p...

www.instagram.com/dwireland

#SpeirGorm",2
cairdiul.bsky.social,NA,NA,NA,An Irish-language majority-female crime thriller set in Antrim??? I am EXCITED #speirgorm iftuk.com/titles/aontas,3
acidrains.bsky.social,NA,NA,NA,"#speirgorm might be interested to see this, as we await President Connolly’s inauguration this week. A vision of what might have been 😬",38
kieranclarke.bsky.social,NA,NA,NA,Another almost empty US flight last night coming home from Chicago. It was the same going out. Average of 1 person every 4 rows.  #speirgorm,5
parishpolitics.bsky.social,NA,NA,NA,"Low winter sunlight #WeekSforShadow
#AlphabetChallenge
#photography
#streetphotography
#blackandwhitephotography
#speirgorm",0
abhoysvoice.bsky.social,NA,NA,NA,"I see the doc/dramatisation of Ann Lovett is on RTÉ 1 tonight at 9.55pm.

I honestly...

Every time I pass one of the many, many grottos across Ireland, I think of her. 😢

Yet just one of 1000s...10s of 1000s of experiences of Ireland's shameful past.

A shame that continues today.

#SpeirGorm",7
crazymagsisbarking.bsky.social,NA,NA,NA,Please share if in Cork city area #SpeirGorm,2
shaneconneely.bsky.social,NA,NA,NA,"Resetting all the filters to ""I'm an adult who has no fear of cursing"", has resurrected many of the Irish #Speirgorm  that'd vanished from my feed",15
amandadunne.bsky.social,NA,NA,NA,With Mr. Crow they were truly the fab 4 -  Wanderly Wagon meant the weekend had finally arrived! #SpeirGorm #Spéirgorm,0
garymoloney.bsky.social,NA,NA,NA,"Tá an-áthas orm a chur in iúl go d’oibrigh mé ar an leagan Gaeilge de Quantum Quest (gearrscannáin nua ó Cassette Vision) mar aistritheoir!

Delighted to announce I worked on the Irish language version of Quantum Quest, a new short film from Cassette Vision, as a translator! 1/

#Speirgorm",2
