name,text,created_at,document,community
ciara2001.bsky.social,"This isnï¿½ï¿½ï¿½t a war. Itï¿½ï¿½ï¿½s a genocide. Over 54,000 people in Gaza killed. The EU still rewards Israel with a 16Bï¿½ï¿½ï¿½/year trade deal. We can help suspend it ï¿½ï¿½ï¿½ sign the petition now! share.myvoice-mychoice.org/s/NZpjALVB#Spï¿½",11/07/2025,46197,1
oisinoconnor.bsky.social,"Thank God we're not polarised today folks. I know floods are bad, but polarisation would be very uncomfortable. #spï¿½ï¿½ir",02/02/2026,13084,181
davidcordial.bsky.social,Co parent spotted CC out cheering on the the runners today. #Dublinmarathon #speirgorm,26/10/2025,31566,1
biglolo7mile.bsky.social,Good morning Dublin! #SpeirGorm,07/01/2026,18757,133
ellyj.bsky.social,"""Inishmore Horse"". A special #painting for me. As an unpaid carer I don't earn much but wanted to give back. So with permission I used a friend's photo as reference, and donated half of the proceeds to the charity of their choice - the Down Syndrome Centre in Dublin's northside.  #ArtYear #SpeirGorm",03/09/2025,40877,4
alimalhistory.bsky.social,Hello historians - there is a specific purpose role now advertised in ULï¿½ï¿½ï¿½s history department - Title of Post: Assistant Professor in Irish History (specialism History of the Family) - all details are over on UL vacancies! Do share! #jobsky #skystorians #speirgorm #spei,16/01/2026,17542,118
taryndevere.bsky.social,"Saying that it's ""too hard"" to get on the Irish president ballot when an independent woman got the entire Irish left to back her, got the biggest vote ever and beat two historically dominant parties is not just wrong - it is breathtakingly offensive and outrageously dishonest. #Aras25 #Speirgorm",26/10/2025,31546,1
hannibabblealphab.bsky.social,Love foxes = Ban Hunting ï¿½ï¿½ï¿½ï¿½ï¿½ï¿½#Speirgorm my.uplift.ie/pet,29/11/2025,25181,32
hayleymulch.com,"The Moon is passing in front of the Pleiades right now. I've never actually seen a lunar occultation before: it was really cool to see the bottom right star of the Pleiades (Electra) disappear behind the Moon's limb, in binoculars. #astrophotography #astronomy #ThePhotoHour #Speirgorm",01/04/2025,57822,87
sharrow.bsky.social,FG want to talk about water charges? Bring it the fuck on!They want to remind people of the most successful grassroots protest movement this country has seen? & The bloodiest nose they ever got? They want remind ppl what side CC was on?Bring. it. The fuck. on!#aras25 #speirgorm #ï¿½ï¿½r,12/10/2025,34705,1
mermaidseph.bsky.social,"I say this with love as a heterosexual person, we need to figure out what's going on with heterosexual relationships",11/02/2026,11186,2
debhruin.bsky.social,I can no longer donate. If you can ease do.#giveblood #spï¿½ï¿½ir,19/01/2026,16198,1
derryodonnell.bsky.social,"Primary, post-primary and special schools encouraged to participate in the 2025 Summer Programme.Full details: grantsandfunding.ie/primary-post... #speirgorm #schools #schoolfunding ##2025summerprogramme",14/02/2025,64676,232
eslsys.bsky.social,"Irish dairy ï¿½ï¿½ï¿½feeding the worldï¿½ï¿½ï¿½ we are told. Sustainable, grass fed, green. Government funded. Meanwhile the industry is profiting from selling inferior milk product in West Africa. Insightful analysis from @desmog.co",15/07/2025,45760,1
horationelson.bsky.social,"Can people please repost this. Iï¿½ï¿½ï¿½m looking for Black Irish users ï¿½ï¿½ï¿½ï¿½ï¿½ï¿½ï¿½ï¿½ï¿½ï¿½ï¿½ï¿½ï¿½ï¿½ï¿½Could you please drop a reply so I can add you to a list #speirgorm*by Black Irish I mean has lived in Ireland not America",14/01/2025,71475,2356
kendalrotaryclub.bsky.social,Hey folks.  If you love it just post it.  I put up tons of gardening and climate action stuff.  Sometimes I think ï¿½ï¿½ï¿½no-one like this or caresï¿½ï¿½ï¿½ but I do it anyway. Then I find people do care.  Just do it!   #gardening,03/01/2025,72565,3006
emmadragon.bsky.social,The 2024 winter solstice is just 8 days away... ï¿½ï¿½ï¿½Be ready to check out the live stream from Newgrange#wintersolstice#ireland#speirgorm#newgrangewww.newgrange.com/winter_so,13/12/2024,74628,1
kettleworks.cuppydog.city,"Ireland elects an independent, socialist woman to the position of president.Irish Media: ï¿½ï¿½ï¿½Today, we ask what went wrong with the system, what her opponents have to say about it, and how it can be fixed for next time.ï¿½ï¿½ï¿½#SpeirGor",26/10/2025,31682,17
blancaburgui.bsky.social,She's still in Israeli captivity #Speirgorm,11/10/2025,34869,9
patrick-barlow.bsky.social,There's this massive aesthetic shift that occurs when you realise all those green woods and trees are ecological deserts. Neat green lawns and bare hilltops are ugly. Big clumps of brambles and nettles are beautiful. Deciduous woods are sanctuaries. Weeds are life-giving. #speirgorm,03/02/2025,67149,2
redtawnie.bsky.social,Are there any #GAA fans here on #speirgorm ?,23/02/2025,63194,161
amflynn.bsky.social,The irony of this imageFianna Fï¿½ï¿½il - the party in the advert - have utterly failed to act on the Climate Emergency and are now risking ï¿½ï¿½ï¿½8bn in annual fines for taxpayers until we're compliant with our GHG emission cutsDecades of inaction#GE23 #Election24 #SpeirGorm #Ireland #Climat,24/11/2024,78088,1
melissjpeltier.bsky.social,"Happy Imbolc from Ireland, a pagan festival marking the return of light after winter and the beginning of lambing season. Day of the goddess Brigid (later adopted as the Christian ï¿½ï¿½ï¿½St Brigidï¿½ï¿½ï¿½) associated with wisdom, poetry, healing, and domesticated animals. #SpeirGorm en.wikipedia.org",01/02/2026,13742,176
lcaireland.bsky.social,"""The Dï¿½ï¿½ilï¿½ï¿½ï¿½s ventilation system was adapted in 2021, but our children continue to breathe contaminated clas""All classrooms should have HEPA filters.#speirgorm",03/04/2025,57513,33
thecorpo.bsky.social,"C'mon folks, only 721 people to go and we've passed the Irish threshold. If you haven't signed this already, why not? It's an important EU citizen led initiative that needs 7 countries to pass their threshold, and then the EU government machine is forced to talk about it.#Speirgorm #IrishSky",05/02/2026,12341,1
a-failsafe.bsky.social,The queers need to boycott #eurovision2025 - not only is genocidal Israel allowed to participate but now all queer flags are banned. This is not a gay-friendly event!#speirgorm,02/05/2025,53614,328
sharrow.eurosky.social,Someone update the Hiberno-English dictionary stat! #Spï¿½ï¿½ir,12/04/2026,1166,1
derrymanc.bsky.social,And Greenland should be renamed Iceland as itï¿½ï¿½ï¿½s icy not green.#speirgorm#i,15/02/2025,64583,2
bryanwithnoi.bsky.social,"I am begging #speirgorm if you read one thing today, make it this. If you arenï¿½ï¿½ï¿½t personally affected or donï¿½ï¿½ï¿½t work in this area I promise you have no idea how monumentally banjaxed the Join Family visa system in",12/02/2025,65104,1
tinamur.bsky.social,"Lads, I was having a chat with a guy in the dentist's waiting room today. He told me he puts his tree up for 2 weeks before he decorates it so that the branches fluff up. There's dedication for ya! #Speirgorm",14/12/2024,74587,1
mcchouffe.bsky.social,"Ireland, if you havenï¿½ï¿½ï¿½t looked outside this evening . . .#Spï¿½ï¿½irGhorm ",19/01/2026,16005,1
pierpaolo.bsky.social,Majestic! Evening stroll around the village to connect with some peace and calm. Stopped in my tracks by this beauty reaching majestically skyward. #livingmindfully #natureheals #speirgorm #photography #regulation ï¿½ï¿½ï¿½ï¿½ï¿½ï¿,21/10/2025,33305,22
secondcaptains.bsky.social,"A hilarious line from Murph on @secondcaptains.bsky.social, paraphrase - never mind McIlroy at the Masters, Troy Parrott has had the greatest Thursday to Sunday run in the history of Irish sport. #COYBIG #speirgorm",16/11/2025,27206,191
chriskneiselca.bsky.social,"As if to prove the old adage that a weed is a plant whose true virtue is not yet appreciated, here's the dainty flower of a speedwell in the lawn. With a flower about 6 or 7mm across, you really need to get close to appreciate just how pretty it is. #speirgorm",09/04/2025,56502,1149
regimehater.bsky.social,"Former Irish president Mary Robinson hitting the nail on the head when she says that Netanyahu doesnï¿½ï¿½ï¿½t want peace, because he will then lose his majority & find himself on trial. #ManMadeFamine #Genocide#LateLate #LateLateShow #Spe",12/09/2025,40126,123
therealamz.bsky.social,"Sadly the new Residential Tenancies Bill confirms what we all already knowThat Politicians Make People Homeless thru' their policies favouring property owners, investment funds over those who need a homeBut who's surprised in Government with big Landlords as Ministers calling the shots #speirgorm",11/02/2026,11079,1
jamesfbrophy.bsky.social,The Irish people after hearing a Trump fascist representative to a fascist apartheid state making 19th Century Punch magazine worthy stereotypes about the Irish. #Spï¿½ï¿½ir,16/07/2025,45680,1
helendublin.bsky.social,"Recent CSO data found 72,000 vacant homes empty, connected to services & ready to goSo why are they still empty?Record homelessness, children being traumatised'Cos of ideologyIntroducing compulsory rental & sales & custodian squatting would be transformative #derelictireland #speirgorm",05/12/2025,23633,1
davidmccullough.bsky.social,"A #painting. ""Newman House & University Church"" was done standing with my fold-up bicycle and fold-up beard on Dublin's Stephen's Green, for a couple of pleasant hours sketching the Museum of Literature Ireland's Newman House and the Newman University Church. #urbansketching #SpeirGorm #ArtYear",08/07/2025,46599,5
stoked.bsky.social,"Ireland has a Threshold 9,165Statements of support needed to move forward with this #EU initiative on banning Conversion ""therapy"" for LGBTQ+ people. It's now at 5,676, 61.93% of the way there.So go sign if you're an EU citizen, Conversion therapy is just torture, ban it. #Spï¿½ï¿½ir",06/02/2025,66412,5187
deerinthelillies.bsky.social,"Ireland, if you havenï¿½ï¿½ï¿½t looked outside this evening . . .#Spï¿½ï¿½irGhorm ",19/01/2026,16101,26
catmacbride.bsky.social,Iï¿½ï¿½ï¿½ve got an exhibition opening next week in Dundalk featuring all my experimental photo chemistry work with low toxic developers and work like this chlorophyll print on a leaf #spe,30/10/2025,30568,205
savernake.bsky.social,"If you are looking to support a queer person this Pride month, please go support my FAGQs - Frequently Asked Gay Questions - which are available for Purchase!These are zines, but also come with each page individually for alternative printing;thepompompastel.gumroad.com#spï¿½ï¿½irgorm #pridem",01/06/2025,50448,1
punchnazisitsokay.bsky.social,The Derry Girls and Bridgerton star said it ï¿½ï¿½ï¿½really upset me to see people celebrating peopleï¿½ï¿½ï¿½s rights being taken away and I think there is something really wrong with thatï¿½ï¿½ï¿½.www.sundayworld.com/showbiz/tv/n...#LGBTQIA #SpeirGorm #Spï¿½ï¿½irGhorm #Irish,30/04/2025,54144,1
creativedynamix.bsky.social,"www.irishexaminer.com/opinion/comm...We are getting there in terms of getting to the bottom of the origins of this protest. Govt were correct to stand firm in meeting with representative groups only. We must uphold our democratic structures, we are lucky to have them. #speirgorm",10/04/2026,2264,1
queen-crafty.bsky.social,#SpeirGorm,01/01/2026,19960,1
queen-crafty.bsky.social,Dublin City Council has concluded the purchase of the Camden Yard site. Their plan is to develop it into offices and 299 housing units and consolidate all DCCï¿½ï¿½ï¿½s offices there. The plan for the existing site at Wood Quay is less clear. What would you like to see there? #SpeirGorm #,11/03/2026,7153,1
jpjordan.bsky.social,"First year selling my art at Christmas without the Other site, where most of my sales came from, as well as losing US orders to new tariffs, so it'll be a tough one - I put huge work into every order, so even if you can't buy, shares help get them in front of eyes. GRMA! www.ciaraioch.com/artprints",03/12/2025,24387,2
aidancomerford.bsky.social,"The world is looking fairly bleak and awful, my heart aches for trans people in the U.S. and this is not meant to diminish in anyway the awfulness, but I just want to tell you a small good thing. Maybe not so small #transrights #speirgorm 1/",23/01/2025,69035,127
cubiclesbitch.bsky.social,"Mother's Day is Sunday, so for the best chance of prints arriving to Ireland by then order by 1pm today - cheaper than a florist's bouquet, lasts longer than a meal out, and less likely to cause unsustainable flinging of knickers than tickets to Daniel O'Donnell ï¿½ï¿½ï¿½Shop: www.ciaraioch.com/art",26/03/2025,58777,1320
sharrow.bsky.social,The median gender pay gap at Davy is 31.6%. The median bonus gap is 42%.paygap.ie/company/davy#genderPayGap #speirgorm,17/02/2025,64451,1
alan678.bsky.social,"I wish I was beautiful, as beautiful as you.Then you could see me, the way that I see you.-- Dodge McKay#hiking #nature #photography #Ireland #Spï¿½ï¿½irGorm #EastCoastKin #ForestFr",02/05/2025,53599,22
vulgarhistory.bsky.social,"A few years ago I made a series of mini drawings of interesting Irish women (available as a print here www.ciaraioch.com/artprints/p/...) - this thread is a little information on the women featured, partly because it's useful, but mostly because I'm trying to be sustainable by recycling content.",20/11/2024,78702,5742
susangriff.bsky.social,The Irish people after hearing a Trump fascist representative to a fascist apartheid state making 19th Century Punch magazine worthy stereotypes about the Irish. #Spï¿½ï¿½ir,16/07/2025,45721,5
siobhanmcelduff.bsky.social,Please share for awareness.Fair play to those in RTE standing up. #Speirgorm #eurovision,07/05/2025,53338,1
taryndevere.bsky.social,"I've never understood how nobody has ever written a novel about this before, but there was a brief time when the *Irish republican movement* possessed the first fully functional submarine.Yes, you heard that right.A short thread . . . 1/#SpeirGorm #JohnPhilipHolland #Submarine",28/01/2026,14503,1
opg.bsky.social,One of my favourite renditions of Fairytale was on the streets of Dublin City as Shane passed on his journey home just over two years ago. True love. #ShaneMcGowan #speirgorm,22/12/2025,21369,101
valarmordollars.bsky.social,"ýýýJD Vance, the incoming US vice-president, has already suggested continued US support for NATO should be conditional on the EU dropping threats to regulate Musk.ýýýThis sentence broke my brain. How the fuck did we get here? Great article. #speirgorm",11/01/2025,71834,5680
conormolloy.bsky.social,Spending my life explaining to farmers how we need climate action and how environmentalists aren't our enemyEnvironmentalists like Andy: how about we mock some of the least intensive smallest farmers when they suffer the effects of our collective inaction on fossil fuels & ag#speirgorm #climate,15/10/2025,34258,96
oceanclub.bsky.social,"Glasnevin Cemeteryï¿½ï¿½ï¿½s Queer History Tour: ï¿½ï¿½ï¿½If youï¿½ï¿½ï¿½re here for the drama, youï¿½ï¿½ï¿½ll get itï¿½ï¿½ï¿½Delighted that my research on the queer revolutionary women is part of this fabulous tour #speirgorm #pride2025 www.",19/06/2025,48764,1
grawitmik.bsky.social,Iï¿½ï¿½ï¿½ve worn myself out already with the fizzing excitement!! Watching all the pre match commentary on LFCTV. The wine is poured..Letï¿½ï¿½ï¿½s get this done! #LFC#PLChampions#JFT97#SpeirGorm#Speir,27/04/2025,54524,13
oldsoulprose.bsky.social,"I used to be a dementia specialist nurse in Aus, we had a lady that was a wild life carer who could no longer be cared for at home so she spent 9 months in hospital waiting for a nursing home. She never settled.. til we snuck her in a joey every now & then.. best work days EVER #speirgorm #dementia",22/09/2025,39214,112
queen-crafty.bsky.social,To people posting angrily on posts about #diversity or cultural celebrations in #Ireland:What do you need? Why are you so unhappy? What would change that?Because we both know getting rid of the people who don't look like you won't actually fix what's wrong with you.#SpeirGorm #irishpolitics,25/05/2025,51006,1
sarahmccrann.bsky.social,And now for something very silly.,31/03/2026,4673,1
seamusguevara.bsky.social,#Spï¿½ï¿½ir,23/12/2024,73283,1
leafybatter.bsky.social,"Inspired by #StormChandra flooding, here is an Irish travel feed. Bluesky traffic and transport updates in one place. Suggestions for additions welcome (thanks to @livedrive.dublincityfm.ie for their list) bsky.app/profile/cath...#Spï¿½ï¿½ir",27/01/2026,14755,108
smidgendublin.bsky.social,Imagine the leader of the free world turning to the leader of Germany to remind him that June 6th wasn't a good day for his country. Merz helpfully reminded DT that it was in fact a great day because Nazism was being defeated. #speirgorm #merz #dday  #ww2 #gobsmacked,05/06/2025,50008,12
naepasaran.bsky.social,I am currently working on an oral history project on Cork's Docklands. One of the interviewees showed me this picture today of some mad lad scaling the flag pole on the old grain silos. #speirgorm,11/09/2025,40229,30
billallen.bsky.social,"You would think that someone with a degree in history would understand that renaming a park cannot and will not erase any history of any community or group, similarly to how the taking down statues of slavers has not erased the history of slavery! #speirgorm",30/11/2025,25032,5
eslsys.bsky.social,"Undecided? #CatherineConnolly @catherinegalway.bsky.social believes that every person in Ireland needs a safe,accessible home near their family, a good job, excellent healthcare, and fun andinteresting activities like arts, sports and music. #speirgorm drive.google.com/file/d/1BJ6q...",24/10/2025,32612,1
feadpool.bsky.social,"There's a REALLY quick and easy survey for the public consultation on the Basic Income for the Arts scheme - it only takes a few seconds, anyone can fill it in, and it could make a huge difference to arts workers in Ireland. Take a few ticks to places a few ticks here: ec.europa.eu/eusurvey/run...",13/08/2025,43158,1
emmadragon.bsky.social,"Protest outside the Dï¿½ï¿½il at the planned SNA cuts. Reps from SF/SD/Green/PBP/LAB and independents are speaking, alongside parents, union reps. Very potent campaign forming, this cuts across party, class and society. #Speir",25/02/2026,9075,1
skinskintainan.bsky.social,"And I say hey, heyI said hey, what's goin' on?And I pray, oh my God do I pray,I pray every single dayFor a revolution.4 Non Blondes, 20th century#Photography #Poetry #Spï¿½ï¿½irGhorm #SpeirGorm #India #StreetPhotography #ImageAndVerse #ArtOfBlueSky #PhotographersOfBlueSky #EastCoas",02/02/2026,13088,22
rokewood.bsky.social,Eve of Lï¿½ï¿½ Fhï¿½ï¿½ile Pï¿½ï¿½draig.Saul Church and Round Tower and onto Strangford Lough.The Church has the flag of St Patrick out.#Lï¿½ï¿½Fhï¿½ï¿½il,16/03/2025,60708,4643
sloeginpudding.bsky.social,The tower of St Audoen's Church in #Dublin. The tower was built in the 17th century though the site was first established as far back as the 12th century. It has had repeated periods of disrepair and restoration over the centuries.#photography #UrbanGaze #EastCoastKin #Spï¿½ï¿½irGorm #Ire,11/09/2025,40186,2
niamhie.bsky.social,"Men that had seen herDrank deep and were silent,The women were speakingWherever she went -As a bell that is rungOr a wonder told shylyAnd O she was the SundayIn every week.Austin Clarke, 20th century#Photography #Stunday #SpeirGorm #PhotographersOfBlueSky #ImageAndVerse #EastCoastKin",05/10/2025,36938,22
pedneurojournal.bsky.social,"ýýýý COVID-19: never not at it ýýýýýýýýýýýýýýýýýýýýAlice in Wonderland syndrome (AIWS) is a disorienting neurological condition that affects human perception to the senses of vision, hearing, touch, and sensation and the phenomenon of time"".#speirgorm #neuro #brainhealth #COVID",12/01/2025,71768,4275
maykayf.bsky.social,The colonialism of British TERFs is through the roof. Again. This open letter from Irish feminists to British transphobes in 2018 remains relevant.Where was JK Rowling's money for #RepealThe8th? But she has it to spread British Anti-LGBT hate in Ireland? #Spï¿½ï¿½irgormfeministire.com/2018/01/22/,24/05/2025,51142,1
nyonsuperstar.bsky.social,"I have signed this #EU initiative  to propose a ban on #LGBTQ+ conversion ""therapy"" which every EU citizen above the age of 16 should be able to sign. #Ireland needs maybe 5,000 more signatures to reach the threshold #Spï¿½ï¿½irghorm #Spï¿½ï¿½irgormeci.ec.europa.eu/043/public . Sign it and s",30/01/2025,68134,4106
wesgo.bsky.social,#Speirgorm sorry to hear our outgoing  President of Ireland is hospitalised tonight. Wishing him well for his retirement as he was in great form last week,26/10/2025,31564,1
rpgay.bsky.social,Leo Varadkar suggesting Ireland's migration policies may be performative cruelty #Spï¿½ï¿½ir,01/03/2026,8408,1
edojyoji.bsky.social,"Happy Wran's Day!The Wren, or Lï¿½ï¿½ An Dreoilï¿½ï¿½n, is still strong in parts of Ireland (notably Kerry), with elements entwined with nature and the pagan roots of this time ""Up with the kettle And down with the pan Give us a penny to bury the wran""Prints: www.ciaraioch.com/artprints/p/...",26/12/2025,20925,2
shezzat.bsky.social,"""Everything is politics...You don't get to make art in a fascist state""CMAT delivering, mar is gnï¿½ï¿½ch. ï¿½ï¿½ï¿½ï¿½(Same goes for sport btw",01/03/2026,8302,1
patchotoole.bsky.social,6 days media hysteria about kneecap. Media spent less than a day talking about the 15 murdered and buried medics. #Speirgorm,29/04/2025,54315,1
eslsys.bsky.social,"Minister: ï¿½ï¿½ï¿½growth, growth, growth, blah blah blahï¿½ï¿½ï¿½ï¿½ï¿½ï¿½We are an island nationï¿½ï¿½ï¿½ We canï¿½ï¿½ï¿½t ï¿½ï¿½ï¿½simply stunt the future growth of Dublin Airpo",15/09/2025,39804,1
bgormley.bsky.social,Every Irish politician needs to get off this racistï¿½ï¿½ï¿½s website *immediately*. There is no excuse.#spe,02/11/2025,29616,133
gronya.bsky.social,"Remember when they wouldn't pass the Occupied Territories Bill because it would violate EU rules? Was Israel violating international law and committing a genocide an insufficiently ""acute"" situation? #Spï¿½ï¿½ir",12/04/2026,1211,1
gildedalm.com,ýýýýýýnew independent releasesýýýýýýout nowýýýýýýýýý ýýýýýýýýýýýý ýýýýýýýýýýýýýýýýýýý ýýýýýýýýýýýýýýýýýýýýýýýýýýýýýýýýýýýýýýý ýýýýýýýýýýýýýýýý ýýýýýýýýýýýýýýýýýýýýýýý ýýýýýýýýýýýýýýýý ýýýýýýýýýýýýýýýýýýýýýýýýýýý ýýýýýýýýýýýýýýýýýýýýýýýýýýýýýýýýýýýýlisten / watchlinktr.ee/gildedalmýýýýýý#IrishBluesky #speirgorm #musicsky #music@boniverwi.bsky.social @jagjaguwar.bsky.social @bellaunion.bsky.social @muterecords.bsky.social ýýýýýý,11/04/2025,56286,49
betsvc.bsky.social,"#speirgorm Have a very happy Feministmas and always remember the most important thing, now and always, is to",24/12/2024,73200,1
superducky800.bsky.social,"It's 2025, I'm 70 years old, and I wish to comment on the following statements:-a/ ""You can't turn back the clock"" b/ ""You can't put the genie back in the bottle""a/ You literally can turn back a clockb/ You need to read folklore#writingcommunity #booksky #Spï¿½ï¿½irGorm #1001Ni",18/01/2025,70541,5242
lokideburca.bsky.social,"I had a whole skeet written. But Jesus, how absolutely thick do you need to be ï¿½ï¿½ï¿½ï¿½ï¿½ï¿½How absolutely buried in your conservative cult do you need to be ï¿½ï¿½ï¿½ï¿½ï¿½ï¿½..How pitiful and sad do you nee",28/02/2026,8785,1
helendublin.bsky.social,"Everyone should have a home in Ireland ï¿½ï¿½ï¿½ï¿½ï¿½ï¿½ï¿½ï¿½ï¿½ï¿½ï¿½ï¿½ï¿½ï¿½We have the homes lying emptyWe don't have the political willLets continue fighting to change thisPhotos: 17th March 2023 of me, @judesherry.bsky.social, Martin Leahy & Helen Louise Murphy, Cork city parade#DerelictIrela",17/03/2026,6372,1
sinead1988.bsky.social,"Iï¿½ï¿½ï¿½d agree, ten years on from marriage equality, many LGBTIQ+ people do feel less safe ï¿½ï¿½ï¿½ driven by transphobia, there has been an uptick in violence and hate speech against the broader community. However, itï¿½ï¿½ï¿½s good to mark the 10 anniversary and take stock  #speirgorm www.thetimes.c",11/05/2025,52951,1
mnicearbhaill.bsky.social,I heard Catherine Connolly leaves the immersion on #SpeirGorm,10/10/2025,35336,1
amflynn.bsky.social,"Ireland needs a state construction company.  It won't solve our problems on its own, but it's part of the solution. I firmly believe the government are refusing to establish one because it will take more time to establish than they have left as leaders. #spï¿½ï¿½ir",29/11/2025,25278,1
martinadalton.bsky.social,"ýýýý A little cartoony doodle of some of Ireland's bird life, with a bitteen of Gaeilge.Prints: www.ciaraioch.com/artprints/p/...Value bundle together with Ireland's aquatic and animal life: www.ciaraioch.com/artprints/p/...",28/11/2024,77419,74
renebatt.bsky.social,A quick blog with personal reflections on Ireland's general election this Friday. This is mainly aimed at people who want to make their vote count for climate action.#GE24 #SpeirGormhannahdaly.ie/2024-11-26-e...,26/11/2024,77728,1
ritawild.bsky.social,"Good morning BlueSky users ï¿½ï¿½ï¿½ï¿½Without googling it, tell us what you think Usher syndrome is? #SpeirGorm #Medics #RareDisea",14/01/2025,71330,1
eslsys.bsky.social,"Maybe you didn't hear, but Israel hasn't stopped the genocide lads. They're openly attempting the complete ethnic cleansing of #Gaza. And they still have thousands of Palestinian #hostages. Still under siege too. Did ye not know?Why aren't you reporting that?Why?#biased #spï¿½ï¿½irgorm #compl",14/02/2025,64663,1
fearbronach.bsky.social,"If you havenï¿½ï¿½ï¿½t, get out there and vote #connolly4president #aras25 #spe",24/10/2025,32891,1
politicalbee.bsky.social,Zack harvests the Christmas po-tay-toes on Xmas morning! #Spï¿½ï¿½irgorm ï¿½ï¿½ï¿½ï¿½ï¿½ï¿½ï¿½ï¿½ï¿½ï¿½ï¿½ï¿½ #Irelan,25/12/2024,73167,100
soupesu.bsky.social,Happy Easter! A day for this ï¿½ï¿½ï¿,05/04/2026,3881,123
radiobeartime.com,Jim Oï¿½ï¿½ï¿½Callaghanï¿½ï¿½ï¿½s public theatrics mask the truth about asylum seeker deportations Oï¿½ï¿½ï¿½Callaghanï¿½ï¿½ï¿½s utterances as Minister seem little different from those of the far right! #speirgorm www.irisht,07/05/2025,53249,1
khaliqali.bsky.social,"When your time comes to die,be not like those whose heartsare filled with fear ...Sing your song and dielike a hero going home.Tecumseh, 19th century#Photography #Wisdom #Poetry #SpeirGorm #Ireland #NaturePhotography #ImageAndVerse #ArtOfBlueSky #PhotographersOfBlueSky #EastCoastKin",13/10/2025,34541,22
academiria.bsky.social,"UCD Centre for Gender, Feminisms & Sexualities - 2nd CGFS Conference CFPs:Thinking Gender Justice: Oppression, Resistance, Liberation' UCD, 17-19 June 2026Proposal Deadline: 27 February 2026.Proposal Submission form: forms.gle/4qkYr9riQ1yW... #feminism #genderstudies #spï¿½ï¿½ir",30/01/2026,14190,1
norsopinions.bsky.social,I refuse to take him off the top of my tree. Michael Tree Higgins. #speirgorm,21/12/2024,73553,1
mattybsghost.bsky.social,A blue sky spring day in Ireland at last ï¿½ï¿½ï¿½ï¿½#s,22/02/2025,63307,3590
hawkwinglb.bsky.social,"I've emailed Simon Harris, Mï¿½ï¿½cheï¿½ï¿½l Martin & government aligned TDs in my constituency this picture,asking if they stand over aligning with a corrupt person like Michael Lowry lowering the tone of the Dï¿½ï¿½il like this + asking they stop the farce of pretending government TDs are opposition.",25/03/2025,59054,1
sarahdalgulls.bsky.social,"'More than 3,300 new houses were built in Dublin city last year. Just 155 were bought by households'. #SpeirGorm",18/09/2025,39563,222
snicks47.bsky.social,Northern Lights from Phoenix Park now. #SpeirGorm,19/01/2026,16505,133
caoimhetiernan.bsky.social,Keep an eye out in Drumcondrs for little Gracie #speirgorm,10/03/2025,61539,1
finncallaghanart.bsky.social,"#TrinityGraduatesSenadVoteThere are some seriously dodgy characters in the list  look at the names & donï¿½ï¿½ï¿½t vote anti trans, anti women & remember those who sold us out - be careful out there. Vote for those genuine hard working Senators who make a difference. #Spe",01/01/2025,72721,91
paulashields.bsky.social,"First year selling my art at Christmas without the Other site, where most of my sales came from, as well as losing US orders to new tariffs, so it'll be a tough one - I put huge work into every order, so even if you can't buy, shares help get them in front of eyes. GRMA! www.ciaraioch.com/artprints",03/12/2025,24573,2
queerhcn.org,"Explore the National Museum of Ireland, Collins Barracks through an LGBTQIA+ lensJoin guided tours uncovering hidden histories & diverse identities from the 17th toï¿½ï¿½ï¿½21st century.ï¿½ï¿½ï¿½ï¿½Sat 24 May: Hourly 11 amï¿½ï¿½ï¿½4 pm (incl. ISL at 1 pm)ï¿½ï¿½ï¿½ï¿½Sun 25 May: 2 pm & 3:30 pm#SpeirGorm w",21/05/2025,51744,4461
docum3nt.bsky.social,A gorgeous horse getting a wash at the Shannon this morning. Feck your honda civic. #Limerick #Shannon #horseoutside #speirgorm,01/03/2026,8367,1
lynnok.bsky.social,Women make up just 25% of the Dï¿½ï¿½il. The women who voted in favour of this bill outnumbered those who did not by about 2:1. Women do not make up just 25% of the population. This is why representation matters. Vote for parties that demonstrate gender equality in their candidate nominations #spï¿½ï,19/12/2025,21814,1
coreilly.bsky.social,"Again FF/FG failing, refusing to fund properly the services which some of most vulerable people and children need. #spï¿½ï¿½irgorm #supergluedpoc",13/02/2026,10586,1
queen-crafty.bsky.social,"www.bbc.com/travel/artic...: my hometown, Ramelton, Co Donegal. The drink invented by my uncles - Football Special #speirgorm",29/01/2026,14304,1
antiqueight.bsky.social,"First year selling my art at Christmas without the Other site, where most of my sales came from, as well as losing US orders to new tariffs, so it'll be a tough one - I put huge work into every order, so even if you can't buy, shares help get them in front of eyes. GRMA! www.ciaraioch.com/artprints",03/12/2025,24183,2
pupthar.bsky.social,"Ok so if 2,300 people from #Sweden and then another 160,000 #EU citizens sign this it will have reached the threshold of a million signatures and 7 counties reaching the threshold.But they have to sign it by tomorrow.... #Spï¿½ï¿½irgorm #Pride #",16/05/2025,52349,4437
geraldineishere.bsky.social,"This is why I don't accept that the Presidency is ""ceremonial"". We've 2 candidates who will enable this dilution and one who will continue to press our government to act. The President's power may be soft but when it's backed up by an electorate it's anything but.Vote to help Palestine #spï¿½ï¿½ir",03/10/2025,37438,1
fnclln.bsky.social,"Our local postman retired after 30 years so they had a party for him. Not only did everyone want to go, they put on a special bus service to take people to the party. That's rural Ireland for you. #SpeirGorm",26/02/2025,62935,1
athalran.bsky.social,"Hi folks! Galway Game Jam is back again for another event, our third in 2025!Scan the QR code in the image, or use the below link to find out more details : galwaygamejam.com/galway-game-...#speirghorm #irishgamedev #speirgorm #indiedev #gamedev #irishcreatives #indiegame #gamejam",04/09/2025,40732,26
zozimus.bsky.social,That video of the perfectly aimed bomb accidentally striking the rescuers rescuing people after the first perfectly aimed bomb accidentally struck the hospital is harrowing to watch.#Speirgorm,25/08/2025,41983,1
fhayesmccoy.bsky.social,MET ï¿½ï¿½ireann coming to BlueSky is great to see and especially now when itï¿½ï¿½ï¿½s vital that information is easy for people to access. Oï¿½ï¿½che na Gaoithe Mï¿½ï¿½ire arï¿½ï¿½s.#,24/01/2025,68819,10
davidstifter.bsky.social,National Museum of Irelandï¿½ï¿½ï¿½s collection at ï¿½ï¿½ï¿½significant riskï¿½ï¿½ï¿½ due to inadequacy of storage building which is two football pitches in size. Some major challenges ahead. #museums #SpeirGormwww.irishtimes.c,14/04/2026,688,53
tpspencer88.bsky.social,"Hoodies, Tee-Shirts and Stickers all available on our Shop#Speirgorm",13/05/2025,52701,60
freelancewebdev.bsky.social,My Dub husband just called Coddle Willy-con-carne and that's what I'll be calling it going forward #SpeirGorm,13/04/2026,753,1
arik-2.bsky.social,"In another lifeI would make you staySo I don't have to sayYou were the one that got awayThe o-o-o-o-o-oneThe o-o-o-o-o-oneThe one that got awayKaty Perry, 21st century#Photography #Poetry #SpeirGorm #StreetPhotography #ImageAndVerse #ArtOfBlueSky #PhotographersOfBlueSky #EastCoastKin",22/11/2025,26462,22
mr-thursday.bsky.social,"If this were something like, say, a climate protest the Guards would be out with pepper spray and batons, and ministers would be thundering for arrests and prosecutions. And many of us note the sea-change from how Shell2Sea and Shannon protests are handled #spï¿½ï¿½ir",10/04/2026,2621,1
patomahony1.bsky.social,Researching a piece about Irish people who left Twitter for Bluesky and have settled on here. Specifically looking to talk to people who are involved in the political sphere but also happy to get input from people in the arts. DMs open to all! #Speirgorm #Journorequest,13/01/2025,71662,1
gulliver77.bsky.social,"Sometimes I feel likea motherless childSometimes I feel likea motherless childSometimes I feel likea motherless childLong way from my homeVan Morrison, 20th century#Photography #Poetry #SpeirGorm #StreetPhotography #India #ImageAndVerse #ArtOfBlueSky #PhotographersOfBlueSky #EastCoastKin",07/11/2025,28561,22
sharrow.bsky.social,A reminder for #Speirgorm users with visual impairments that this seasonï¿½ï¿½ï¿½s League of Ireland coverage (just like our Six Nations coverage) on @virginmediatv.bsky.social will be available with audio description commentary - hereï¿½ï¿½ï¿½s how to switch it on if youï¿½ï¿½ï¿½re a Virgin Media cable TV cu,06/02/2026,12003,1
mrmooshoo.bsky.social,The colonialism of British TERFs is through the roof. Again. This open letter from Irish feminists to British transphobes in 2018 remains relevant.Where was JK Rowling's money for #RepealThe8th? But she has it to spread British Anti-LGBT hate in Ireland? #Spï¿½ï¿½irgormfeministire.com/2018/01/22/,24/05/2025,51103,1
darylfeehely.com,My Letter in this week's Clare Champion highlighting how Cathal Crowe (FF) and Joe Cooney (FG) are failing Clare women. #spï¿½ï¿½irgorm If you have any relatives in the Banner county I'd appreciate you encouraging them to grab a copy and hearing me out.,31/12/2025,20380,100
bikesnbukes.bsky.social,Beautiful moon over Cork City tonight #Spï¿½ï¿½ir,27/11/2025,25460,1
alimack13.bsky.social,Ooh VIP .ie has The Book of Gold as one of their books to read this month! vipmagazine.ie/seven-books-...#booksky #ï¿½ï¿½ï¿½ï¿½ï¿½ï¿½ï¿½ï¿½ #speirgorm #romancelandia #feralgod,12/11/2024,79294,5
clancyny.bsky.social,"Does anyone have a decent guide for parents of young trans adults, which is irish/EU centred?#spï¿½ï¿½irgorm #ireland #lgbtqia #queer www.hrc.org/resources/s",30/03/2026,4693,1
billallen.bsky.social,"It is said the Devil is in the detail, but when the detail is of a Cathedrals spire, maybe the gargoyles are the Devil.#speirgorm#photography#urban#Black&White#Spain#Catalonia#Barcelona",27/03/2025,58726,5
mofette.bsky.social,"HELP NEEDED!I'm in need of a rapper who can run a rap/hip hop workshop to teach people how to write rap. The person I had is now unavailable and the event is already advertised. Dublin gig, well paid. Please share!#Speirgorm #Speirghorm",25/03/2025,59163,1
miridescent.bsky.social,The Camogie Association has dug itself into a bigger hole. How difficult can it be to let players wear shorts if THEY want to??#Camogie #Skort #speirgorm #Spï¿½ï¿½irGhorm #IrishNewswww.wlrfm.com/sport/munst,10/05/2025,53061,1
drkevguitar.bsky.social,#spï¿½ï¿½ir,28/02/2026,8796,1
regcoppinger.bsky.social,Co parent spotted CC out cheering on the the runners today. #Dublinmarathon #speirgorm,26/10/2025,31719,1
melissjpeltier.bsky.social,This will never not be magic. #NorthernLights #Spï¿½ï¿½irGorm #Spï¿½ï¿½irGormAgusGlasAgusBï¿½ï¿½ndear,19/01/2026,16528,176
polaris-pens.bsky.social,"""Know Your Rights"", a guide for trans and non-binary people in Ireland, was published today by @iccl.bsky.social: www.iccl.ie/news/iccl-pu... #Spï¿½ï¿½irGorm #Spï¿½ï¿",09/12/2025,23277,153
culturalfatwa.bsky.social,"Here's another pic of the same street, Fire brigade trying to clear it. Can't even tell how much damage done yet, but awful for the businesses there. @thomaspringle.bsky.social office on the left beside the optician. My heart goes out to everyone dealing with flooding today. #speirgorm #StormBert",23/11/2024,78235,1
oliver.ie,"This doesn't need a referendum to ""fix"". The perceived shortfall this year was a result of a government party interfering to prevent councils nominating additional candidates. They can change their own in-house policies to prevent this happening again. #spï¿½ï¿½ir",27/10/2025,31328,1
billallen.bsky.social,"Turns out it was closer to 18 years since I was last in Achill, stayed at the now long closed Greys Guesthouse.  Not only connectivity that's improved but the food offerings too if this unassuming cafï¿½ï¿½ in Achill Sound is anything to go by: The Aelph, excellent and good value lunch. #Speir",22/08/2025,42345,5
buddhaakame.bsky.social,#speirgormI can't tell you how angry I am about this. They voted for harming children for no reason other than to suck up to the English transphobes.,10/12/2024,75233,944
eoinsmith.bsky.social,Can we take a moment for this absolute icon too! ï¿½ï¿½ï¿½ï¿½ï¿½ï¿,11/11/2025,28011,1
sharrow.bsky.social,"The dominoes are still falling but can we please give thanks to @cmatbaby.bsky.social for knocking Bertie's campaign out so we could enjoy Jim's, the craic to come in the next few weeks will be all down to a bridgePlay it loud today, on all platforms, & pay homage to the diva#speirgorm #aras25",06/10/2025,36553,1
anliathanach.bsky.social,Lookit...I'm just sayin...just doesn't feel like a coincidence is all.#COYBIG #Ireland #Leftie #Speirgorm #VoteLeft,13/11/2025,27843,1
shazbear.bsky.social,"We need to end the sweetheart deals and finally tax real estate investment fundsInstead, the Taoiseach is boosting their share price talking about scraping rent pressure zonesSacrificing renters to investment funds will not solve the housing crisis#Spï¿½ï¿½irGormwww.irishtimes.com/business/20",10/02/2025,65353,1
goonda13.bsky.social,"Highest number of domestic violence disclosures in 50 years is ï¿½ï¿½ï¿½just tip of icebergï¿½ï¿½ï¿½, says Womenï¿½ï¿½ï¿½s Aid Depressing read #speirgorm www.irishtimes.c",25/06/2025,48066,2154
billallen.bsky.social,"And a quick lower panorama at sunset of Carrick, followed by a little detour up along the Suir. #speirgorm",15/03/2025,60859,5
anneroperirl.bsky.social,The kids at St. Aidans in Dublin have something to say about Cllr. Glen Moore's fascist view. Talk about being schooled...#ge24#speirgorm,16/11/2024,79069,533
steventodd.bsky.social,Opinion: My heart sank when I saw the laughter in the Oval Office about our housing crisis #speirgorm jrnl.ie/6649185,15/03/2025,60828,3
mnicearbhaill.bsky.social,"I've lived in some houses that have been converted into multiple flats and I cant stress how dysfunctional and uncomfortable they are. Forgetting issues like space and privacy, you don't just double or triple the strain on a building's water, sewerage and energy needs without issues. #spï¿½ï¿½ir",17/11/2025,27031,1
awedandflawed.bsky.social,"Glen Moore, who got slapped around by the kids in St. Aidans in Dublin West has amassed a whopping 3% of the vote. Back under your rock, lad...#ge24#speirgorm",30/11/2024,76879,1
pb4gov.bsky.social,"A cost-of-living crisis isn't the easiest time to sell art, but: www.ciaraioch.com is where you can support my work, with each archival-quality print on textured heavy paper being produced here in Ireland, shipping internationally in eco-friendly packaging, with free mini-treats in every order ï¿½ï",18/02/2025,64259,4261
radiobeartime.com,Irish people: Did anyone (or anyone's kids) do Business Studies for the junior cycle in school. Was it awful or not? The choice is between this and French for my kid next year. #speirgorm,14/05/2025,52618,1
turn-left.bsky.social,"So you'll be following up these words on Israel's war crimes in Palestine with sanctions against Israel, right Micheï¿½ï¿½l? Right?#Spï¿½ï",09/05/2025,53079,5629
sensorcelled.bsky.social,"Let's explore the Green credentials of Heather Humphreys - The woman former GP member Brian Leddin thinks should be president.She advocated for an increased burn period during her time as Minister for Heritage, as well as prolonging the period during which hedgerows could be cut. #Spï¿½ï¿½irgorm",14/10/2025,34514,2
scotify.bsky.social,"To see a worldin a grain of sandand a heavenin a wild flower,hold infinity in thepalm of your handand eternity in an hour. William Blake, 18th century#Photography #Poetry #SpeirGorm #India #Trees #Flowers #StreetPhotography #ImageAndVerse #ArtOfBlueSky #PhotographersOfBlueSky #EastCoastKin",19/12/2025,21852,22
uilliammac.bsky.social,This is the same guy who said the Spicebag Garda eviction painting 'sent a shiver down his spine' #speirgorm,08/01/2026,18648,1
normacasey.bsky.social,Keys found near Marina Park. Distinctive keyring. Dropped into Five Points coffee. #Speirgorm #Cork,26/04/2025,54652,5
emmadragon.bsky.social,"Post iontach ï¿½ï¿½ seo, ag obair le daoine den scoth ï¿½ï¿½ï¿½ï¿½ #spï¿½ï¿½irgorm www.thejournal.ie",11/04/2025,56352,1
sharrow.bsky.social,"I still have these, be grand like#speirgorm #wwiii",13/06/2025,49286,1
drannemurphy.bsky.social,Housing crisis? What housing crisis?If anything in #Ireland is driving the rise of the Far Right it's Fianna Fï¿½ï¿½il and Fine Gael's pandering to the propertied class: artificially inflating house prices by deliberately restricting supply.High-level collusion AND corruption.#speirgorm #spï¿½ï¿,31/08/2025,41534,1
redtawnie.bsky.social,Alright Irish Bluesky - we have 3 weeks to go until the Toy Show. Time to lightly bully your friends and mutuals to join the butterfly place and we *might* just have enough time to have an excellent live reaction space again. #SpeirGorm,15/11/2024,79224,161
mariapower.bsky.social,#speirgorm #Aras25 please if you have 5 minutes let heather@heatherforpresident.ie know that throwing trans people and EU human rights law under the bus is not a vote winner.,06/10/2025,36740,1
brendanjharkin.bsky.social,"ýýýý FINAL day of the sale, with reductions across the site including on already reduced print bundles - every print sold supports local art AND local weird women who wander the bogs at night searching for meaning and/or left-over sandwiches. Shop here: www.ciaraioch.com/artprints",31/01/2026,13819,1
stephencward.com,"If you like my doodles, you can see them all over here www.instagram.com/ciaraioch/ If you don't like my doodles, I'm usually walking around Tralee and available to be hissed/booed at when convenient.",21/08/2025,42402,1
elaineedwards.bsky.social,#Speirgorm,19/01/2026,16310,1
actual-intell.bsky.social,#SpeirGorm,16/11/2025,27279,13
shibh.bsky.social,Ah come on David - doesnï¿½ï¿½ï¿½t everyone love Sr Michael? And is it not too much to ask for your and your Iona gang to accept the trauma histories associated with religious orders in Ireland. What they did to women and children is well proven in the historical record. #spï¿,11/02/2026,11153,5
coreilly.bsky.social,"I might be somewhat marooned after yesterday's fun on the M9, but what a view here on the Copper Coast this morning #Waterford #Ireland #speirgorm",17/02/2026,9960,1
anotherocean.bsky.social,"Hi folks! Galway Game Jam is back again for another event, our third in 2025!Scan the QR code in the image, or use the below link to find out more details : galwaygamejam.com/galway-game-...#speirghorm #irishgamedev #speirgorm #indiedev #gamedev #irishcreatives #indiegame #gamejam",04/09/2025,40836,24
josefoshea.bsky.social,"It is not an exaggeration to say that we should be acting on the climate crisis on the same scale that we would a war. It will cause that kind of damage. Instead, weï¿½ï¿½ï¿½re treating it as if itï¿½ï¿½ï¿½s a Tidy Towns competition.#Spï¿½ï¿½irGor",05/11/2025,28898,1
mikybartoli.bsky.social,"Take me to the river,drop me in the waterDip me in the river,drop me in the waterWashing me down,washing me down.Talking Heads, 20th century#Photography #Wisdom #Poetry #SpeirGorm #StreetPhotography #India #ImageAndVerse #ArtOfBlueSky #PhotographersOfBlueSky #EastCoastKin #Scape #WaterScape",21/11/2025,26554,22
louthforever.bsky.social,"As Dingle win the all Ireland club championship in Dublin with last kick of the game in extra time, this is Paddy Bawnï¿½ï¿½ï¿½s pub in Dingle #spe",18/01/2026,17143,1
ballerinax.bsky.social,"Two days ago, disgraced pro-Russian, pro-Assad advocate of state terrorism former TD and former MEP Mick Wallace endorsed Catherine Connolly TD for Uachtarï¿½ï¿½n na hï¿½ï¿½ireann (President of #Ireland).The Connolly+Daly+Wallace connection should trouble everyone in Ireland. #spï¿½ï¿½irghor",31/08/2025,41427,1
arik-2.bsky.social,Sunrise over Scarr mountain.I was up early to start a long hike and got to watch the sun rise. It really is a treat watching the land wake up.#hiking #nature #photography #scape #landscape #sunrise #EastCoastKin #ColorADay #OrangeSun #Ireland #Spï¿½ï¿½ir,14/09/2025,39943,22
oisinmcgann.bsky.social,He was a member of FG.#Speirgorm,18/06/2025,48867,26
sdcushing.bsky.social,"Went out to Bray the other day, there's a swan sanctuary in the harbour. The most swans I've ever seen in one spot. It's not what you would call a relaxing place. ï¿½ï¿½ï¿½ï¿½#nature #photography #birds #SwanDay #EastCoastKin #Ireland #Sp",17/08/2025,42725,22
robinedgar59.bsky.social,"Cloudy ot not, using modern technology to allow us to continue to witness something the people who lived on our island built in connection with the seasons and the universe thousands of years ago is pretty cool, actually",21/12/2025,21462,2
seannorthridge.bsky.social,Hugely important work from our friends at @oxfamireland.bsky.social mapping the extreme concentration of the planet's wealth in the hands of a few eccentrics.#Spï¿½ï¿½irGormwww.irishtimes.com/business/20,21/01/2026,15585,1
alishiningbrightly.bsky.social,"Have a look at a #painting. ""Cobh VI"" is not the first time I've painted the Cork harbour town, because I love its arrangement of shapes. The first time I went there it was the greyest day of my life, so I've been getting my own back on the weather ever since. #SpeirGorm #ArtYear",19/02/2025,63822,4
queen-crafty.bsky.social,Sometimes the best urban solutions are right there in front of usSometimes we might have to remove the barriers so everyone can see them#SpeirGorm,24/02/2026,9268,1
marielareveuse.bsky.social,"The selkie is a creature from Irish, Faroese and Scottish folklore who has the appearance of a seal in water, but sheds its skin to come ashore and reveal a human form. If a human finds the skin and hides it away, the selkie cannot return to the sea.Prints: www.ciaraioch.com/artprints/p/...",24/11/2024,78031,3517
navalairhistory.com,"A #painting. ""Main Street, Skibbereen"" came from a time I arrived in the west Cork town on a bicycle and these buildings were facing me. Since I had to decide left or right anyway, and I don't like decisions, I stayed there looking. I then painted it in my head, and turned right. #SpeirGorm #ArtYear",05/04/2025,57023,1
ealadubh.bsky.social,"Siege day 4 www.rte.ie/news/2026/04...Before you drive, check  www.tiitraffic.ieIn Dublin: @livedrive.dublincityfm.ie plus 103.2 FM, 7-10 am, 4-7pm. For Luas: www.luas.ie/travel-updat...Buses: www.dublinbus.ie/news/central...www.buseireann.ie/service-upda...Best of luck, #Spï¿½ï¿½ir",10/04/2026,2805,1
amflynn.bsky.social,"Reject modernity, embrace tradition",31/10/2025,30366,1
alpacatears.bsky.social,"You there Irish person, if you haven't already yet go email your local Sinn Fï¿½ï¿½in candidate/councillor/TD and Party leader Mary Lou McDonald to give out to them for their kneejerk support of a puberty blockers ban for transgender youth in Northern Ireland. #Speirgorm #Spï¿½ï",11/12/2024,74865,1
lisatheriveter.bsky.social,"Have a hefty whack of unexpected medical and physio bills so I'm running a flash discount in the shop for the week - you can use the code BANJAXED at checkout on www.ciaraioch.com/artprints to get 10% off all orders. If you've had your eye on a print, please take it off, you're making it soggy.",23/06/2025,48291,107
xylaleaf.bsky.social,"ýýýý ciaraioch.com is now taking Christmas orders for prints, cards, and vouchers - each archival-quality print on heavy art paper is made in Ireland, ships internationally in eco-friendly packaging with discount tracked postage, and comes with a FREE card and treats for every customer ýýýý #SpýýirGorm",03/12/2025,24473,53
darach.bsky.social,"Single people after Valentine's Day: Well, at least that's over.Kerry and Cork on Shrove Tuesday night: Hold my pancake",17/02/2026,9957,1
wheelan.bsky.social,Snuck up on this heron at a lake last week. Managed a shot before I was spotted.#hiking #nature #photography #birds #Spï¿½ï¿½irGorm #EastCoastKin #Ire,17/09/2025,39664,79
cathyby.bsky.social,Kildare lead stretched out to six now!! #gaa #speirgorm,08/06/2025,49776,1
emcreative.ie,"This is misleading and not how Irish agriculture works. Homegrown produce here is a highly inefficient (beef!) export business to take advantage of higher foreign prices from an unearned aura of chemical-free wholesomeness, which is why we now import so much of e.g. the potatoes we eat #spï¿½ï¿½ir",08/04/2026,3507,1
maoltuile.bsky.social,"To be honest, I don't care how many go or what they say, so long as at least one of them goes to Minneapolis. That would be statement enough, I think #speirgorm",27/01/2026,14615,1
tpspencer88.bsky.social,Great episode from @annapr.bsky.social @tpspencer88.bsky.social + Darragh on this weekï¿½ï¿½ï¿½s ep of @climatealarmclock.bsky.social. They discuss #COP29 #GE2024 + #RTE giving precedence to issues like immigration over climate. That ï¿½ï¿½ï¿½8bn fine weï¿½ï¿½ï¿½re potentially facing isnï¿½ï¿½ï¿½t a prob,27/11/2024,77569,60
drmcarley.bsky.social,Might be of help today..  #speirgorm,14/11/2025,27502,1
grouchymarx.bsky.social,"If you believe that Simon Harris cares about anyone after how he treated Charlotte Fallon on camera in front of a crowd the other day, youï¿½ï¿½ï¿½re SORELY mistaken.#speirgorm",25/11/2024,77764,1
kev85.bsky.social,Email members of the committee and let them know that they NEED to include Services in their new OTB ï¿½ï¿½ï¿½ï¿½ï¿½ï¿½#speirgorm action.uplift.ie/cam,04/07/2025,47113,32
ballerinax.bsky.social,"I somehow don't think Mï¿½ï¿½cheï¿½ï¿½l Martin will be saying very much ab""undocumented Irish"" in the White House next March.#speirgorm",03/09/2025,40858,1
jc-ie.bsky.social,"Catherine Connolly saw a dog stretching and did not say ""oh big stretch"". #speirgorm",10/10/2025,35077,1
imaculthero.bsky.social,"Remember when they wouldn't pass the Occupied Territories Bill because it would violate EU rules? Was Israel violating international law and committing a genocide an insufficiently ""acute"" situation? #Spï¿½ï¿½ir",12/04/2026,926,1
mykomment.bsky.social,"Indeed, Europe does stand for media freedom. However, the European Commission does not. #Palestine #Spï¿½ï¿½ir",03/05/2025,53570,1
ecksteinish.bsky.social,"Time for a #painting so, a small one. I painted ""Sandymount Strand"" more for the shapes and pattern than the Dublin landmarks. If you're a fan of looking - and I don't mean in the Leopold Bloom manner - then the vastness of Sandymount is a wonder. #SpeirGorm #ArtYear #BlueSkyArtShow #GetOutside",28/06/2025,47673,4
taryndevere.bsky.social,"The tall man he is talking to at the start of the video is Tom McDonnell, a Kildare County Councillor who ran on an exclusively anti immigrant ticket. Tom famously said, ï¿½ï¿½ï¿½women need to breed moreï¿½ï¿½ï¿½, as his solution to  the great replacement conspiracy theory",08/04/2026,3446,1
duineuasal.bsky.social,"Just out from visiting Dad in James's, really grateful to have all the foreign healthcare staff, the foreign catering staff, the foreign security guards etc etc without whom our healthcare system would collapse. #SpeirGorm",16/02/2025,64502,1
cathyby.bsky.social,"This is what our governments should be planning for. Ireland imports 80% of our food, instead of talking about ï¿½ï¿½ï¿½defenceï¿½ï¿½ï¿½ and energy security letï¿½ï¿½ï¿½s do something about food se",25/03/2026,5398,1
windfola.bsky.social,When you see this reality & realise that all the gender critical ï¿½ï¿½ï¿½feministsï¿½ï¿½ï¿½ are still obsessed with who goes into bathrooms - a myth that never has or will become reality ï¿½ï¿½ï¿½easier to ignore where violence against women is actually happening -in the home #speirgormwww.irishtimes.c,25/06/2025,48114,3
caponatacommie.bsky.social,"For the uninitiated, these are Irish Throwing Stars, an ancient weapon wielded by St. Brigid during the 1916 Rising, striking fear into the hearts of the British, and responsible for the eventual smiting of both Cromwell and Thatcher.",01/02/2026,13364,166
pcerm.bsky.social,"There's a REALLY quick and easy survey for the public consultation on the Basic Income for the Arts scheme - it only takes a few seconds, anyone can fill it in, and it could make a huge difference to arts workers in Ireland. Take a few ticks to places a few ticks here: ec.europa.eu/eusurvey/run...",13/08/2025,43271,161
smileybadge.bsky.social,Twister already seen in ballyheigue #SpeirGorm #StormEowyn,23/01/2025,69241,5046
desertmerbabe.bsky.social,The NMI are developing an LGBTQ+ tour for National Museum of Ireland at Collins Barracks & are seeking a researcher to work on drafting a script for the tour. Deadline for applications Fri 14th Feb - #speirgorm #queerhistory #irishhistory #history www.museum.ie/en-IE/Museum...,10/02/2025,65846,81
aldunne.bsky.social,Get to know the candidates: Who is Heather Humphrys? #Spï¿½ï¿½irgorm #ï¿½ï¿½ras2025 www.ontheditch.com/heather,19/08/2025,42513,1
ealadubh.bsky.social,"A reminder that doom-scrolling negatively affects us, so if the Irish fuel protests, Iran or the continued slaughter in Lebanon/Gaza are getting you down, log off for a little while and read a book or listen to some music.These issues will still be here when you get back.Mind yourself.  #speirgorm",09/04/2026,3300,1
soapachu.bsky.social,"Can people please repost this. Iï¿½ï¿½ï¿½m looking for Black Irish users ï¿½ï¿½ï¿½ï¿½ï¿½ï¿½ï¿½ï¿½ï¿½ï¿½ï¿½ï¿½ï¿½ï¿½ï¿½Could you please drop a reply so I can add you to a list #speirgorm*by Black Irish I mean has lived in Ireland not America",14/01/2025,71146,1
annstapleton.bsky.social,"Saying that it's ""too hard"" to get on the Irish president ballot when an independent woman got the entire Irish left to back her, got the biggest vote ever and beat two historically dominant parties is not just wrong - it is breathtakingly offensive and outrageously dishonest. #Aras25 #Speirgorm",26/10/2025,31641,1
sugarcubedog.bsky.social,The original of that painting of a Connemara Cottage went to a good home but Art Prints of it are available here: www.redbubble.com/i/art-print/... #SpeirGorm,02/07/2025,47353,4
siobhanmcelduff.bsky.social,I've just signed this petition calling for a ban on unethical dove releases at funerals and events in Ireland. Will you sign too? #SpeirGorm my.uplift.ie/petitions/ba... @uplift-ireland.bsky.social,30/04/2025,54252,1
dreoilinbeag.bsky.social,ýýýý Amazing Resource Alert ýýýý A brilliant evidence-based pdf sheet to print-out and hand in to your #GP or anyone questioning your mask-wearing!!Thanks @drseanmullen.bsky.social ýýýý#LongCovid #LongCovidAwareness #Speirgorm #Spýýirgorm #pwLC #GeneralPractice #Cleanair #PublicHealth,08/05/2025,53240,61
siobhanmcelduff.bsky.social,"Thanks to Lee for this. I think of the horror of Kincora often and I don't think it has enough of a place in public consciousness. Too easy to think of Epstein as ""over there"" but abuse of the vulnerable is ingrained in all systems of power. #speirgorm",07/02/2026,11930,1
gamingnews-rt.bsky.social,Trying to clear my head from the #FuelProtests and turning to the Squeeeee!!! This is the D&D content we are all here for!!! Cuuuuteness!!! #Art #Fantasy #D&D #Kajit #Cute #Gamer #TTRPG #Skyrim #Gaming #SpeirGorm #Spï¿½ï¿½irGhorm #Spï¿½ï¿½irGhorm #Di,12/04/2026,1035,11
9roovy.bsky.social,"Have yourself a #painting ""Bertraghboy Bay 2"" is the second of a series of 5 very heavily textured paintings I did of a bay in County Galway as I saw it on what was probably my greatest day ever on a bicycle in Ireland. Plus, you know, sheep. #SpeirGorm #ArtYear",07/05/2025,53325,4
pompompastel.bsky.social,"Responding to criticism, a member of The Fuel Industry Lobby group said, ""We prefer the term 'racketeering', as it sounds classier""#Speirgorm",07/03/2026,7681,1
harrymckillen.com,"Sharing again, because we still haven't passed the threshold. We are at 77%.  This petition is really important. Sign, share and make sure others sign, please. ï¿½ï¿½ï¿½ï¿½eci.ec.europa.eu/055/public#Speirgorm #Speirghorm#JusticeForP",27/01/2026,14753,1
sharrow.eurosky.social,This seems like madness #Spï¿½ï¿½ir,15/04/2026,431,1
belgraviacalling.bsky.social,"Shergar, being ridden by Lord Lucan.#Spï¿½ï¿½irGorm#Sam",27/10/2025,31271,1
uilliammac.bsky.social,Itï¿½ï¿½ï¿½s brilliant to see people from Irish Higher Ed joining BlueSky #speirgorm - hereï¿½ï¿½ï¿½s the starter pack for staff in Learning Technology. @kenmccarthy7.bsky.social @sharonlflynn,01/11/2024,79426,1
gardeningwell.ie,"Do you like true stories about place and purpose, nature-adjacent writing, quiet transformations?Parents, teachers, and anyone curious about how environments change us.You might like ï¿½ï¿½ï¿½The quiet acre - an Irish garden memoirï¿½ï¿½ï¿½Coming soon!  #naturewriting ï¿½ï¿½ï¿½ï¿½ #speirgorm g",17/11/2025,27005,30
davidmccullough.bsky.social,"#speirgorm let's unite in boycotting Amazon. I see various people putting lists of alternatives together, @mikemcgb.bsky.social has one going.",19/03/2025,60021,5
fionam1966.bsky.social,Happy winter solstice 2024 #speirgorm www.rte.ie/news/ireland...,21/12/2024,73584,76
lynbw.bsky.social,"Last word on Jim Gavin-the former tenant & money story was important but his lack of answer/evasion around the #womenofhonour question is more revealing for me- both of Gavin & the media.The media ran with the money,the issue of violence against women,nothing, just ignored,typical #aras25 #speirgorm",06/10/2025,36648,1
madmichael1961.bsky.social,Yesterday I went to Clonmel Pride. It is so lovely to go to smaller Pride events. Might have been less than 100 in the parade but there was still a lot of support from the sidelines. #speirgorm,20/07/2025,45332,1
debhruin.bsky.social,"They stuck to the deal - two votes, one (returned) ministry. #Speirgorm",14/04/2026,488,1
caitrionas.bsky.social,"This isnï¿½ï¿½ï¿½t a war. Itï¿½ï¿½ï¿½s a genocide. Over 54,000 people in Gaza killed. The EU still rewards Israel with a 16Bï¿½ï¿½ï¿½/year trade deal. We can help suspend it ï¿½ï¿½ï¿½ sign the petition now! share.myvoice-mychoice.org/s/NZpjALVB#Spï¿½",11/07/2025,46230,1
theravenof.bsky.social,"ýýýý The sold-out Christmas cards are now back for a FINAL limited time restock, grab 'em before they're gone! #SpýýirGormbsky.app/profile/ciar...",12/12/2025,22719,2
janette.bsky.social,Signing this means giving up our right to criticize Israel without being labeled antisemitic. FF went from promising to sign the Occupied Territories Bill to backing out & now theyï¿½ï¿½ï¿½re signing this instead. Itï¿½ï¿½ï¿½s an absolute betrayal of Irish values. Shame on any politician supporting this,06/02/2025,66419,2605
mcchouffe.bsky.social,"Thread: Important article on the status of trans people in Ireland by Jenny Maguire, President of Trinity College Studentsï¿½ï¿½ï¿½ Union. Jenny is one of my heroines & a major voice in civil society.ï¿½ï¿½ï¿½I'm trans, but few politicians would now utter that word, let alone advocate for usï¿½ï¿½ï¿½",17/02/2025,64434,1
sophyhiggins.bsky.social,Man arrested after Ballymena 'spread with slurry overnight' ahead of town's first Pride parade -Proof if proof were needed that Pride is still necessary #speirgorm #pride2025 jrnl.ie/6746206,28/06/2025,47675,3
burg3rtime.bsky.social,"Survey of councillors shows no support for Conor McGregor presidential run - except for one @fiannafailparty.bsky.social councillor in Sligo who said it was too early to say whether heï¿½ï¿½ï¿½d vote for an abuser of women or not! There is always one, eh! #speirgorm www.irishtimes.com/ireland/2",29/03/2025,58448,951
tggleeson.bsky.social,"A beautiful example of the Clï¿½ï¿½ Gaelach font used on older Irish road signs. It really made the original name seem important; whilst looking otherworldly, like a magic word.Whereas the Italic typeface we use now makes them seems like a footnote, a curiosity to be quickly forgotten. #speir",31/03/2025,58022,5
graapples.bsky.social,#SpeirGorm #ï¿½ï¿½ras,06/10/2025,36423,123
rogerokeeffe.bsky.social,Ah Lads #speirgorm would ya be well?,22/09/2025,39257,1
eslsys.bsky.social,We absolutely need these sort of short lets regulated.They absolutely part of the housing emergency. #Speirgormwww.breakingnews.ie/world/spanis...,03/06/2025,50294,1
ernekid.bsky.social,Cos this is how you act in a housing emergency of your own deliberate creation #speirgorm,22/02/2026,9398,1
patrickjmb.bsky.social,"RIP - a great woman whose courageous challenge in the courts gave to Irish women the first steps towards control of their own reproductive bodies. Rest in power, Mrs McGee #speirgorm",29/10/2025,31003,1
alazarussoul.bsky.social,"ýýýýOur special #NovaGuestlist Gig of the Week is @alazarussoul.bsky.social's triumphant return to #vicarstreet this Friday 18th!ýýýýýýýCheck out the Dublin legends celebrate recent album ""No Flowers Grow In Cement Gardens""! #Speirgorm",13/04/2025,56156,93
pierpaolo.bsky.social,Christmas Day Sunrise in the #Dublin hills.#hiking #Ireland #Spï¿½ï¿½irGorm #outdoors #nature #photography #scape #lands,03/02/2025,67155,22
chasman1888.bsky.social,Happy Anniversary Corks non-Event Centre10 years on from 'turning the sod' developer BAMs PR from that day in 2016 is revealingWho'd have thought such an attention seeking stunt led by Fine Gael & grabbed by Labour & Sinn Fï¿½ï¿½in would come to represent so much that is wrong#speir,12/02/2026,11010,1
teagmhail.bsky.social,"Again FF & FG have #supergluedpockets when it comes to the State looking after people.Another FF & FG failure.Irish Wheelchair Association says people with disabilities ï¿½ï¿½ï¿½1,400 worse off after Budget 2026 jrnl.ie/6861922#speirgorm #Irishpolitics #disa",31/10/2025,30031,1
fiadhwild.bsky.social,"Sharing again, because we still haven't passed the threshold. We are at 77%.  This petition is really important. Sign, share and make sure others sign, please. ï¿½ï¿½ï¿½ï¿½eci.ec.europa.eu/055/public#Speirgorm #Speirghorm#JusticeForP",27/01/2026,14637,1
oisinmcgann.bsky.social,"#OTD 10 April 1998, the Good Friday Agreement was signed, marking a step towards ending decades of violence in Northern Ireland.#Spï¿½ï¿½irGhorm #speirgorm #IrishHis",10/04/2026,2640,26
thrilloilogy.bsky.social,"The people of Ireland have spoken, and I, for one, couldn't be more delighted. Yet again, we have elected a humanitarian with the utmost integrity. Today, I'm proud to be Irish. ï¿½ï¿½ï¿½ï¿½ï¿½ï¿½ï¿½ï¿½#Spï¿½",25/10/2025,32373,1
drkevguitar.bsky.social,"I used to use Photobucket to host images. They put up a paywall, so I lost access to images. I got an email from them offering me access again for a fiver a month. I sent them a GDPR request under Article 15. I got all my lost images for free in one handy folder. #speirgorm",12/02/2026,10954,1
deecf.bsky.social,"The Kelleher-Scales-Parrott combination for the winning goal will forever be known as the ""Cork-Dublin Expressway"". #COYBIG #HUNIRL #speirgorm",16/11/2025,27216,1479
azgibsonz.bsky.social,"You do not have to be good.You do not have to walkon your knees for a hundred milesthrough the desert repenting.You only have to let the soft animalof your body love what it loves.Mary Oliver, 20th century#Photography #Poetry #SpeirGorm #ImageAndVerse #PhotographersOfBlueSky #EastCoastKin",28/11/2025,25319,22
richycraven.bsky.social,Ireland still has a habit of framing environmental concerns as softies like myself caring too much about the snails that live where people want to build a motorway. The truth is we need environmental protection to ensure our country remains habitable - for us. #spï¿½ï¿½ir,09/04/2026,2889,2
amockingbird.bsky.social,Aiming for a Brambly Hedge-ish January,03/01/2026,19787,1
paddyoloughlin.bsky.social,Best of luck to Micheï¿½ï¿½l tomorrow in the Oval Office #spï¿½ï,16/03/2026,6540,1
weeboss.bsky.social,"While I go pour more tea, here's a #painting earlier - a few years earlier. ""Pine Island"" I painted because I find the iconic scene of Connemara's Lough Derryclare irresistible so have painted it a few times. Knowing me I'll paint it again.  #SpeirGorm #BlueSkyArtShow #ArtYear",08/02/2025,66158,4
lynnok.bsky.social,"Ah FFS, in the ultimate of who cares anymore the very first guest on David McCullaghï¿½ï¿½ï¿½s is Ivan Yates. Yates just needs to be ignored, he is an ignoramus and a buffoon. Heï¿½ï¿½ï¿½s already used that most idiotic of phrases ï¿½ï¿½ï¿½anti-w",10/11/2025,28171,1
michelletheaflack.bsky.social,You guise !!!! My baby is starting at her new school today! I was cool as a cucumber until she went in and now Iï¿½ï¿½ï¿½m in a full panic but Iï¿½ï¿½ï¿½m also proud of her and omg sheï¿½ï¿½ï¿½s so cute in her uniform ï¿½ï¿½ï¿½ï¿½ï¿½ï¿½ï¿½ï¿½ï¿½ï¿½ï¿½ï¿,26/08/2025,41949,51
lynnok.bsky.social,"I'm getting more and more annoyed at shitbags telling everyone to ""Get the train"" when they post on socials asking how they can get to their job. Mainly healthcare workers asking and this is the response they get. Just discovered my wee town is gonna be blocked off both sides tomorrow. ï¿½ï¿½ï¿½ï¿½ #S",11/04/2026,1903,1
djrgrey.bsky.social,We are delighted to announce that our second Emerging Scholars Blog is now available to read on our site. Congratulations to Dr Caitlï¿½ï¿½n Smith for writing this wonderful piece. #spï¿½ï¿½irgorm #womenshistorywomenshistoryassociation.com/whai-em,22/06/2025,48477,71
alxjea.bsky.social,"Wee cartoony doodle of a selection of Ireland's animal life with a few of our native trees and plants, accompanied by a bitteen of Gaeilge in a script inspired by seanchlï¿½ï¿½ ï¿½ï¿½ï¿½ï¿½Prints: www.ciaraioch.com/artprints/p/...Discount bundle: www.ciaraioch.com/art",14/12/2025,22421,1
kevinleecaster.bsky.social,December 25 is just about the only day when electricity demand in Ireland peaks around lunchtime rather than in the evening ï¿½ï¿½ï¿½ï¿½When else can you expect this behaviour? Easter Sunday. We love our roasts! ï¿½ï¿½ï¿½ï¿½Renewables supplied over half of this year's Christmas Day electricit,26/12/2025,20869,1
thebluemango.in,"Everybody needs good neighbours.With a little understanding,You can find the perfect blend.That's when good neighboursbecome good friends.Barry Crocker, 20th century#Photography #Poetry #SpeirGorm #StreetPhotography #Caturday #ImageAndVerse #ArtOfBlueSky #PhotographersOfBlueSky #EastCoastKin",15/11/2025,27465,22
gildedalm.com,ýýýýýýýýýýýýýýýýýýýýýýýýýýýýýýýýýýýýýýýýýýýýýýýýýýýýýýýýýýýýýýýýýýýý ýýýýýýýýýýýýýýýýýýýýýýýý:ýýýýýýýýýýýý ýýýýýýýýýýýýýýýý ýýýýýýýýýýýý ýýýýýýýýýýýýýýýýýýýý ýýýýýýýýýýýýýýýýýýýýýýýýýýýýýýýý ýýýýýýýýýýýýýýýýýýýýýýýýýýýýýýýý ýýýýýýýýýýýýýýýýýýýýýýýýýýýýýýýýýýýýýýýýýýýýý ýýýýýýýýýýýýýýýýýýýý ýýýýýýýýýýýýýýýýýýýýýýýýýýýýýýý ýýýýýýýýýýýý ýýýýýýýýýýýýýýýýýýýýýýýý ýýýýýýýýýýýýýýýýýýýýýýýýýýýýýýýý ýýýýýýýý ýýýýýýýýýýýý ýýýýýýýýýýýýýýýýýýýýLISTENtr.ee/GildedAOTWsp...ýýýý@matadorrecords.bsky.social #IrishBluesky #speirgorm #musicsky #aotw,17/11/2025,27158,49
caitrionas.bsky.social,"Bought this on a whim in a charity shop the other day. Didnï¿½ï¿½ï¿½t catch the bottom of it. The mount and ï¿½ï¿½ï¿½messageï¿½ï¿½ï¿½ is on this side of the glass, not inside. Which is weird even before we get to the message. Is it bad luck to just remove the",27/08/2025,41804,1
feliciasart.bsky.social,"Find a dark spot away from street lights the experts tell us.""Light pollution is the enemy of aurora photography"" The Northern Lights and artificial light from the villages on the #Waterford Estuary Jan26#AlphabetChallenge#WeekLForLayers#Photography#EastCoastKin#NorthernLights#Speirgorm",28/03/2026,5064,27
alimack13.bsky.social,Closing date for this raffle is tomorrow at midnight. So if youï¿½ï¿½ï¿½d like to win a painting by me by help a family in a Gaza then enter now! (And your chances of winning are VERY good)Details to enter in the thread below. #SpeirGorm #Spï¿½ï¿½irGhorm #Palestine ,20/10/2025,33562,5
earthlingnoreally.bsky.social,"While I do the hoovering have a goo at a #painting. ""Sheep, Stone Wall II"" came from when I would often walk with my little dog past sheep and stone walls, stopping for a chat with the woolly creatures, if only to discuss the weather - which on this particular time was yellow. #SpeirGorm #JanuArty",18/01/2025,70407,22
ivogatzinski.bsky.social,"Ring the bells that still can ring,forget your perfect offering,there is a crack, a crack in everything,that's how the light gets in.Leonard Cohen, 21st century #Photography #SpeirGorm #StreetPhotography #ImageAndVerse #India #RamanaMaharshi #Ashram #PhotographersOfBlueSky #EastCoastKin",03/01/2026,19414,22
lamhfada.bsky.social,"I'm >15 years warning Irish politicians, media houses and journalists of the dangers posed by the far right, and not one of them has ever bothered to listen to me, instead choosing to make the same mistakes as every other European countrySpoiler: It's going to get much, much worse. #speirgorm",09/04/2026,2865,41
dlored.bsky.social,"For the uninitiated, these are Irish Throwing Stars, an ancient weapon wielded by St. Brigid during the 1916 Rising, striking fear into the hearts of the British, and responsible for the eventual smiting of both Cromwell and Thatcher.",01/02/2026,13430,2
spetsdad.bsky.social,"ýýýý Little daily thread of some gift ideas from me aul shop/siopa from now until d'Christmas.This hard-working canine companion warms themself by a familiar range in this watercolour and pencil illustration of a well-loved, cosy, rural Irish kitchen.Prints: www.ciaraioch.com/artprints/p/...",05/12/2025,23668,2
robosullivan.bsky.social,"The Irish Government have admitted that their new law, which looks to dismantle the Triple Lock, would have allowed us to go to War in Iraq.We must protect our neutrality and keep the Triple Lock #speirgorm",20/06/2025,48668,1
diceanddinosaurs.bsky.social,Ireland will not compete in Eurovision 2026 after Israel allowed to remain in competition jrnl.ie/6893728#spï¿½ï¿½ir,04/12/2025,23961,1
wyvernfriend.bsky.social,"Current voters and voters under the new rules (the seven traditional universities, the technical universities, the institutes of technology, the National College of Art and Design and the Royal College of Surgeons in Ireland) all need to register before 23 Jan '25 at seanadvoter.ie #speirgorm",30/12/2024,72874,129
rantycat.bsky.social,"Thanks to Heritage Council funding, digital versions of these parish registers will soon be online. And the precious records of St Luke's Douglas can move from a damp old building to a temperature-controlled archive. #Speirgorm #Ireland ï¿½ï¿½ï",25/11/2025,25941,133
jasonroche.bsky.social,"Attention #SpeirGorm - you probably have a ""green bin"". You'll notice it's not called a ""recycling bin"". The overwhelming majority of what's in that bin gets incinerated, not recycled. Yet more #GreenWashing for the benefit of the plastic packaging industry.",20/03/2026,5734,1
werslabber.bsky.social,"If you were happy to see the unified opposition working together to get Catherine Connolly elected, I strongly encourage you to write a thank you email to your local rep from each of those parties, as well as the party leader. Reassure them that continued cooperation will benefit them #spï¿½ï¿½ir",28/10/2025,31220,1
shaneconneely.bsky.social,"Can people please repost this. Iï¿½ï¿½ï¿½m looking for Black Irish users ï¿½ï¿½ï¿½ï¿½ï¿½ï¿½ï¿½ï¿½ï¿½ï¿½ï¿½ï¿½ï¿½ï¿½ï¿½Could you please drop a reply so I can add you to a list #speirgorm*by Black Irish I mean has lived in Ireland not America",14/01/2025,71266,5
keith1275.bsky.social,#speirgorm,17/11/2025,27117,1
libertiesbelle.bsky.social,"#speirgorm Lyme disease is in Ireland too so do be aware. Friend has it, it's not nice.",11/07/2025,46236,1
kazzdee.bsky.social,"Jesus, but I'll miss Michael D when his term is up. I think it'll be a fair while before we have anyone who lives up to him in the ï¿½ï¿½ras again. #Spï¿½ï",20/12/2024,73641,1
sharrow.bsky.social,www.facebook.com/share/v/19Gg...A doctors harrowing account of trying to offer medical assistance in Gaza#speirgorm,14/04/2025,56085,1
robosullivan.bsky.social,"Bullshit, pure bullshit.FF & FG looking someone, anyone to blame for thier failures.Plenty of other EU countries have tenants rights, long term leases, State owned social housing and rent control.#speirgorm #supergluedpockets",02/11/2025,29707,1
davegildedalm.bsky.social,ýýýýýýnew independent releasesýýýýýýout nowýýýýýýTHE MOONLANDINGZMARIA SOMERVILLEJENSEN McRAEADRIANNE LENKERTOM HICKOXREBEKKA KARIJORDFEMI KUTIBILLY IDOLJAKOJAKOSIMPLE MINDSýýýýýýlisten / watchlinktr.ee/gildedalmýýýýýý#IrishBluesky #speirgorm #musicsky #musicýýýýýý,25/04/2025,54955,49
dinglelit.bsky.social,Delighted to be giving a workshop at this year's @dinglelit.bsky.social #spï¿½ï¿½irgorm #writingcommunity #boo,17/09/2025,39659,10
siobhanmcelduff.bsky.social,"This is a long shot, but I'm in Limerick regional hospital with my mum and she'd be a lot more comfortable with an electric fan but the hospital doesn't have one to spare. Would anybody out there have one I could borrow?#Spï¿½ï¿½irGhorm #Spï¿½ï",17/11/2025,27094,1
lcpw.bsky.social,"New #hospital study:ï¿½ï¿½ï¿½Air cleaners showed an effective reduction of air viral load, reaching 98.1 %.ï¿½ï¿½ï¿½ ï¿½ï¿½ï¿½ï¿½ï¿½ï¿½www.sciencedirect.com/science/arti...#CleanAir #SpeirGorm #LongCovid #PublicHealthIreland",25/04/2025,54890,3174
lianabrooks.bsky.social,"My sister just messaged me to say she's on a train & the woman opposite her is reading The Book of Gold. Like ï¿½ï¿½ï¿½ï¿½ It's in the wild, not on a bookshop shelf waiting but out there being read by a randomer. I mean A LOVELY READER. Is this reality?#FeralGold #TheBookOfGold #speirgorm ",13/12/2024,74749,26
theskylark.bsky.social,ýýýýREMINDERýýýýOnline support meeting for spouses/partners & parents is this coming Sunday 25th May at 7pm.Those on our mailing list will receive the link or you can email us to request the link.#LongCovid #pwLC #SpeirGorm #SpýýirGorm #LongCovidSupport,22/05/2025,51397,33
siobhanmcelduff.bsky.social,"Jaysus Mickey McDowell calling for the return of the Ra wasn't on my 2025 bingo card, but here we are apparently ï¿½ï¿½ï¿½ï¿½ #sp",12/11/2025,27950,1
andyscollick.bsky.social,"So crazy that Ireland exports around 90% of the food we produce, and at the same time  imports around 83% of its fruit and veg. As Mick Kelly so eloquently puts it, ""food security isnï¿½ï¿½ï¿½t just about calories. Itï¿½ï¿½ï¿½s about access to fresh, nutritious food that supports pu"" #spï¿½ï¿½ir",11/03/2026,7083,62
louthforever.bsky.social,Panic buying in full swing from Waterford to Enniscorthy. #SpeirGorm,09/04/2026,3048,1
sqotn.bsky.social,"You will not find me in stupas,nor in Indian shrine rooms, nor in legs windingaround your own neck,nor in eating nothingbut vegetables.Kabir, 15th century#Photography #Poetry #Spï¿½ï¿½irGhorm #SpeirGorm #StreetPhotography #India #ImageAndVerse #ArtOfBlueSky #PhotographersOfBlueSky #EastCoas",19/03/2026,5985,22
nigellicus.bsky.social,"Have I mentioned that this ebook is FREE for the next five days?I know that the web is littered with free books, but this one normally costs money.#PucaFestival #Halloween #Samhain #SpeirGorm #Octocon2025",03/10/2025,37349,1
natural-luke.bsky.social,I'm loving these Catherine Connolly posts. We should use a hashtag for them ? #SmearTheBejaysis #SpeirGorm,10/10/2025,35407,1
dmcguirecfc67.bsky.social,"The acquittal of #SoldierF - based on a rejection and suppression of evidence, incl. of his fellow paratroopers - exposes once more the ongoing refusal of Britain to deliver justice to its many victims.My sympathy and solidarity to the #BloodySunday families.#Spï¿½ï¿½irGorm www.rte.ie/news/ulster",23/10/2025,32918,17
navalairhistory.com,"A #painting for yehs, from the southeast of Ireland.  ""Passage East"" is how I was greeted once upon a time as I rolled my bicycle off the ferry from the Wexford side straight into the fairytale centre of the County Waterford town. #SpeirGorm #ArtYear",17/02/2025,64401,1
photoblair.bsky.social,"Eternal Trinity, Godhead,mystery deep as the sea,You could give meno greater giftthan the gift of Yourself.Catherine of Siena, 14th century#Photography #SpeirGorm #Spï¿½ï¿½irGhorm #India #StPatrick #Flowers #StreetPhotography #ImageAndVerse #ArtOfBlueSky #PhotographersOfBlueSky #EastCoas",17/03/2026,6127,22
lcbradley.bsky.social,"HELP NEEDED!I'm in need of a rapper who can run a rap/hip hop workshop to teach people how to write rap. The person I had is now unavailable and the event is already advertised. Dublin gig, well paid. Please share!#Speirgorm #Speirghorm",25/03/2025,59058,3172
caitrionas.bsky.social,"Spent the day in Sligo town, a favourite spot with stuff on every corner that turns the head. From Benbulben dominating the skyline, to Yeats everywhere you turn, to a sculpture of Tagore on the side of Wine Street, to the Post Office that doesn't mind reminding you of the ""before times""#spï¿½ï¿½ir",24/03/2025,59390,1
roboyle.bsky.social,"These four (MM, MLD, SH and RTE) don't care about the Climate EmergencyThey don't care about:- millions dying each year- 1.2bn displaced by 2050- annual crop failures- fresh water shortages in Europe- 1,400 annual Irish deaths from air pollution#GE24 #Election24 #SpeirGorm #LeadersDebate",26/11/2024,77690,1
nativetexanusa.bsky.social,This summer wasps made a nest in our garden beside our bike stand in an old tree stump. I persuaded the family to put up with it and the wasps have finally died off. This is what it looks like now. (Wasps donï¿½ï¿½ï¿½t reuse their nests) #biodiversity #speirgorm @gardeningw,01/01/2026,20103,133
vordio.net,The irony of this imageFianna Fï¿½ï¿½il - the party in the advert - have utterly failed to act on the Climate Emergency and are now risking ï¿½ï¿½ï¿½8bn in annual fines for taxpayers until we're compliant with our GHG emission cutsDecades of inaction#GE23 #Election24 #SpeirGorm #Ireland #Climat,24/11/2024,77971,60
tourguidejohn.bsky.social,Simultaneously trying to keep an eye on the rugby whilst also being glued to #GE24 is pushing my multi-tasking brain to its absolute limit. ï¿½ï¿½ï¿½ï¿½ Cï¿½ï¿½ï¿½mon Ireland #Ru,30/11/2024,77053,5
tggleeson.bsky.social,Black folk in Alabama having a craic! #speirgorm,18/03/2026,6062,5
mep11.bsky.social,When the tide beats a retreat in #DublinView towards Sandymount from the South Wall Traces of Stephen Dedalus?#TravelPhotography #Photography #SpeirGorm #Ulysses,20/12/2024,73745,79
birdfeed1.bsky.social,"With news of Amazon, please try and remember to support your local independent shops, Irish online shops like us.Don't let the big boys win.Here is our list of some fab Irish designers. Please pick one and buy something.#speirgorm #SLATED #IrishDesign go.bsky.app/9sh8HQq",18/03/2025,60392,2
2wexford.bsky.social,I know our health service in #Ireland has a lot of issues but reading the stories from the US in the past few days has been shocking. Reminder: public healthcare is worth fighting for. We donï¿½ï¿½ï¿½t want an inhumane US system here. #Spe,06/12/2024,75904,1
glassandcopper.bsky.social,Mental health helplines in Ireland: Samaritans 116123#SpeirGorm,22/12/2024,73387,1
ckbmcd.bsky.social,#WHAI2025 REGISTRATION OPEN ï¿½ï¿½ï¿½ï¿½ BOOK NOW ï¿½ï¿½ï¿½ï¿½ tinyurl.com/2jnkuw4s ï¿½ï¿½ï¿½ï¿½ Conf site QR Code ï¿½ï¿½ï¿½ï¿½ Brilliant program made possible by our brilliant ï¿½ï¿½ï¿½ #skystorians @whaireland.bsky.social #WomensHist #History #GenderHist #RevolutionaryHist #IrishResearch #,29/04/2025,54271,1186
joenoonan.bsky.social,"ýýýHe said that nobody should help these men because their illness was a direct punishment from God. And I wondered what God he knew."". #speirgorm #religious #Mercywww.irishtimes.com/life-style/p...",02/09/2025,41092,1
alimack13.bsky.social,This is the poor family who lost their home & all their belongings. Please if you can donate - this isn't us. This isn't the Ireland I want for us. #SpeirGorm gofund.me/4248b737www.rte.ie/news/regiona...,21/02/2025,63573,5
sharrow.bsky.social,I might be more concerned about ï¿½ï¿½ï¿½7 million going awry at the Arts Council if I didn't just read that the Irish government gave a bribe of ï¿½ï¿½ï¿½10 million to an NFL team to play one game in Dublin...  ,13/02/2025,64844,1
thewildgees.bsky.social,"Except for some gender critical rï¿½ï¿½imï¿½ï¿½is from the countess person, this is quite a positive article on 10 years since the Irish Gender Recognition Act passed - most people, as one interviewee said, are ï¿½ï¿½ï¿½happy to let trans people get on with itï¿½ï¿½ï¿½. #speirgorm   www.theguardian",23/12/2025,21215,5
sharrow.bsky.social,"#speirgorm might be interested to see this, as we await President Connollyï¿½ï¿½ï¿½s inauguration this week. A vision of what might have bee",09/11/2025,28310,1
ritawild.bsky.social,"A spectacularly stupid decision.  Anyone who has visited Glengarrif knows how vibrant this market is. It encourages people into the town to enjoy the natural heritage,  and provides food so they can afford to stay longer. They're killing an employment hub in rural Ireland. #spï¿½ï¿½ir",24/03/2025,59406,1
any-news.bsky.social,"Glen Moore, who got slapped around by the kids in St. Aidans in Dublin West has amassed a whopping 3% of the vote. Back under your rock, lad...#ge24#speirgorm",30/11/2024,76873,133
ealadubh.bsky.social,"Beannachtaï¿½ï¿½ na fï¿½ï¿½ile Pï¿½ï¿½draig, #spï¿½ï¿½irgorm friends. Traditional annual post for the day that's in ityoutu.be/tPB4RWrJI7o?...#StPatricksDa",17/03/2026,6331,1
centreforgender.bsky.social,This Friday. Join us if you are in Belfast #Speirgorm,26/11/2025,25581,3
eleanorfitzsimons.bsky.social,"If you fancy buying my books this Christmas, please consider shopping local/supporting indie booksellers #ONCEAYEAR is currently 20% off at Bookstation (Irish & family-run since 1989) Free, fast & tracked delivery over ï¿½ï¿½ï¿½10Same prices online/in-store#spï¿½ï¿½irgorm ï¿½ï¿½ï¿½ï¿½ï¿½ï¿½ï¿½ï¿½book",25/11/2025,25828,5
sarahmccrann.bsky.social,Leo Varadkar suggesting Ireland's migration policies may be performative cruelty #Spï¿½ï¿½ir,01/03/2026,8352,1
ewacat.bsky.social,"A few years ago I made a series of mini drawings of interesting Irish women (available as a print here www.ciaraioch.com/artprints/p/...) - this thread is a little information on the women featured, partly because it's useful, but mostly because I'm trying to be sustainable by recycling content.",20/11/2024,78853,2
amockingbird.bsky.social,Sherkin Fox living his best island life.#Speirgorm,14/03/2026,6810,1
zoezak.bsky.social,"Itï¿½ï¿½ï¿½s not just Indie bookshops though. Itï¿½ï¿½ï¿½s all our small local businesses. The cost of convenience, of next day delivery and maybe a saving of a few ï¿½ï¿½ï¿½ simply isnï¿½ï¿½ï¿½t worth it. We will lose ourselves. A lot of shops and businesses shuttered in towns and villages in  Ir",29/03/2025,58360,5917
feenad.bsky.social,"Theyï¿½ï¿½ï¿½re hanging a bicycle by a noose. Because bikes are the cause of high oil prices, apparently. Thatï¿½ï¿½ï¿½s some high quality protesting ther",07/04/2026,3656,26
lgbtq.newsmast.community.ap.brid.gy,"I think 'Child of Drag' is Hilarious. IT's Art, art is meant to comfort the disturbed and disturb the comfortable.I honestly want that as a T Shirt!www.thejournal.ie/child-of-dra...#Art #Speirgorm #sacridelicious #Prideisaprotest #Queer #LGBTQIA",05/06/2025,50038,1
conormolloy.bsky.social,"Hah! This time last year the hauliers were calling for a total ban on tractors on motorways. Seemingly we're the only country in Europe that allows agricultural tractors on fast moving roads, well I never. #speirgorm",12/04/2026,1004,96
loucon.bsky.social,"For the uninitiated, these are Irish Throwing Stars, an ancient weapon wielded by St. Brigid during the 1916 Rising, striking fear into the hearts of the British, and responsible for the eventual smiting of both Cromwell and Thatcher.",01/02/2026,13302,5
tggleeson.bsky.social,I see #Speirgorm has nabbed a poor unaware Canadian in it's midst.,05/10/2025,36800,5
bejaha.bsky.social,Good morning Dublin! #SpeirGorm,07/01/2026,18749,133
robosullivan.bsky.social,"This is misleading and not how Irish agriculture works. Homegrown produce here is a highly inefficient (beef!) export business to take advantage of higher foreign prices from an unearned aura of chemical-free wholesomeness, which is why we now import so much of e.g. the potatoes we eat #spï¿½ï¿½ir",08/04/2026,3461,1
frankie9000.bsky.social,Do you want nearly 2hrs of me talking about Iran and the war? open.spotify.com/episode/6Yzw...#Iran #War #SpeirGorm #politics,02/04/2026,4307,136
smtuffy.bsky.social,The international corporate tax changes over the last decade that led to all that IP migrating to Ireland (and inflating our GDP and CT take) also comes with a serious exit tax when relocating that IP. www.rte.ie/brainstorm/2... #speirgorm,02/04/2025,57820,1
pajosmashup.bsky.social,"Word is spreading about this apparently. Hopefully now that there's alight shining on it, we might get some answers. There's a pending court case, so it's next to impossible to get any more info on it for the moment. #Aughinish #SpeirGorm #Russia",24/03/2026,5420,1
flowerpot13.bsky.social,Happy St Patrick's Day! Lï¿½ï¿½ Fhï¿½ï¿½ile Pï¿½ï¿½draig Sona duit.#Spï¿½ï¿½irGorm #Sha,17/03/2025,60646,1
siobdemp.bsky.social,"I have signed this #EU initiative  to propose a ban on #LGBTQ+ conversion ""therapy"" which every EU citizen above the age of 16 should be able to sign. #Ireland needs maybe 5,000 more signatures to reach the threshold #Spï¿½ï¿½irghorm #Spï¿½ï¿½irgormeci.ec.europa.eu/043/public . Sign it and s",30/01/2025,68089,1
anyaks.bsky.social,"ýýýý FINAL day of the sale, with reductions across the site including on already reduced print bundles - every print sold supports local art AND local weird women who wander the bogs at night searching for meaning and/or left-over sandwiches. Shop here: www.ciaraioch.com/artprints",31/01/2026,13916,26
amflynn.bsky.social,"This is an important post - for me. My annual online sale of new paintings, postponed last December will be happening at the beginning of August liamdaly.com/2025/07/11/n... #SpeirGorm",11/07/2025,46295,1
raconteuse.bsky.social,"Death is not an event in life: we do not live toexperience death ... Our life has no endin the way in whichour visual field has no limits.Ludwig Wittgenstein, 20th century#Photography #Wisdom #Poetry #Philosophy #Death #SpeirGorm #Spï¿½ï¿½irGhorm #Spï¿½ï¿½irGorm #IrishSky #Ireland #Austria ",17/08/2025,42719,22
scollanl.bsky.social,This is my 6th year posting this same message. Black Friday is a nonsense with often pretend discounts on stuff you probably donï¿½ï¿½ï¿½t need. Weï¿½ï¿½ï¿½ll do as we always do at this time and increase the 1% of all income we give to Womenï¿½ï¿½ï¿½s Aid to 10% on web sales over the weekend. Fuck Black ,24/11/2025,26175,40
tommymeowmeow.bsky.social,My polite but angry letter to my local SF TD and to Mary Lou on the SF vote in Stormont against transgender youth. Please write to your SF reps and tell them no British imported transphobia!#Spï¿½ï¿½irgorm #Speirgorm #IrishPolitics #Ireland #TransRights #Stormont #LGBT #TransEqua,10/12/2024,75268,161
tupped.bsky.social,"Simon Harris thinks there's too many immigrants, does that include the kids of the Lisdoonvarna Crew? The kids in direct provision? Cos he was content to use their song without permission. #speirgormwww.thejournal.ie/cork-kids-ra...",04/11/2025,29054,1
spritepurplefairy.bsky.social,"""Inishmore Horse"". A special #painting for me. As an unpaid carer I don't earn much but wanted to give back. So with permission I used a friend's photo as reference, and donated half of the proceeds to the charity of their choice - the Down Syndrome Centre in Dublin's northside.  #ArtYear #SpeirGorm",03/09/2025,40914,4
lokideburca.bsky.social,"Simon Harris TD, Tï¿½ï¿½naiste, declines to address the Shannon question when asked if it would be reviewed if the US invade Greenland. @news.rte.ie #speir",20/01/2026,15856,1
lynnok.bsky.social,Catherine Connolly questioned by Gardaï¿½ï¿½ over allegations of installing a dodgy box for local GAA club#SmearTheBejaysis #Speir,10/10/2025,35330,1
liamward.ie,A reminder for #Speirgorm users with visual impairments that this seasonï¿½ï¿½ï¿½s League of Ireland coverage (just like our Six Nations coverage) on @virginmediatv.bsky.social will be available with audio description commentary - hereï¿½ï¿½ï¿½s how to switch it on if youï¿½ï¿½ï¿½re a Virgin Media cable TV cu,06/02/2026,12061,1
rogerokeeffe.bsky.social,Lads!Weï¿½ï¿½ï¿½re not doing Halloween this year! Weï¿½ï¿½ï¿½re going straight for Christmas,27/08/2025,41839,1
clodaghharris.bsky.social,"Time for another Irish #painting. ""Bantry Bay I"" came out of a time I was cycling into the west Cork town and in the brilliant sunshine I had to stop, sit down and look, for long enough to grow older and happier. #SpeirGorm #ArtYear",10/07/2025,46379,1
thecelticist.bsky.social,What a special moment this was for @sanctuaryrunner.bsky.social Over a hundred sanctuary runners gathered to wish President Higgins and Sabina a fond farewell. We were so honoured to have him as a patron. #SpeirGorm,10/11/2025,28184,180
pod31.bsky.social,Seriously @dublincitycouncil.bsky.social? This is Ireland. Itï¿½ï¿½ï¿½s called a bloody KERB. ï¿½ï¿½ï¿½ï¿½ï¿½ï¿½ï¿½ï¿½ï¿½ï¿½ï¿½ï¿½ï¿½ï¿½ï¿½ï¿½ï¿½ï¿½ï¿½ï¿½ï¿½ï¿½ï¿½ï¿½Curbï¿½ï¿½ï¿½ is the American version. ï¿½ï¿½ï¿½Signs asking people not to sit on the ,10/04/2025,56456,123
stephencward.com,"Three hand-drawn pieces for the @dublinmaker.bsky.social event this weekend, celebrating traditional crafts and Irish makers, and the process of creating. They're also available as prints here: www.ciaraioch.com/artprints/p/...",31/08/2025,41417,1
flipturns.bsky.social,This is just a superb bit of cartooning. #cartoon #heatherhumphries #catherineconnolly #aras25 #spï¿½ï¿½irgorm #Speir,18/10/2025,33871,1
billallen.bsky.social,"Loving our local libraries & librarians ï¿½ï¿½ï¿½ï¿½ï¿½ï¿½ Comfy, safe & free spaces of pure delight & open to everyone. I had no idea about this app, thank you @tupped.bsky.social ï¿½ï¿½ï¿½ï¿½ï¿½ï¿½ï¿½ï¿½#spe",16/04/2025,55855,5
richard.wickedproblems.earth,ýýýAn Irish man responsible for leaking the identities of thousands of US immigration enforcement officers has said he will continueýýýuntil the #Trump administration stops targeting immigrant communitiesýýýhis website #ICE List has received millions of viewsýýý#spýýirgormwww.irishtimes.com/world/us/202...,19/01/2026,16372,17
clarekelly.bsky.social,"This is something that MUST happen here in Ireland tooIrish universities are the third biggest public sector emitters, but offsetting is central to every university's climate action plansIts greenwashing pure and simple#ClimateEmergency #ClimateCrisis #Education #SpeirGorm #Ireland",24/11/2024,78135,1
caitrionas.bsky.social,"As it's the feast of St Gobnait today, February 11, here's a part of Harry Clarke's stained glass window in the Honan Chapel, UCC, depicting her in her role as the patron saint of bees and beekeepers. She's also the patron saint of iron workers. #Speirgorm #Cork #StainedGlass #HarryClarke",11/02/2025,65332,1
mousketeer.bsky.social,Co parent spotted CC out cheering on the the runners today. #Dublinmarathon #speirgorm,26/10/2025,31696,1
terrytoon.com,"Manannï¿½ï¿½n Mac Lir - son of the sea, ancient warrior, powerful sea god, and member of the Tuatha Dï¿½ï¿½ Danann in Irish mythology - commands the sea on a stormy day ï¿½ï¿½ï¿½ï¿½Prints are available here: www.ciaraioch.com",29/10/2025,30995,2
listermj.bsky.social,Snuck up on this heron at a lake last week. Managed a shot before I was spotted.#hiking #nature #photography #birds #Spï¿½ï¿½irGorm #EastCoastKin #Ire,17/09/2025,39694,79
sharrow.bsky.social,Email senators NOW and let them know that you support the Arms Embargo Bill ï¿½ï¿½ï¿½ï¿½ï¿½ï¿½#speirgorm action.uplift.ie/cam,01/04/2025,57898,1
drmcarley.bsky.social,"Non-Irish: X's EU HQ is based in Dublin. X operates under IRISH LAW: 14 years to those who host CSAM. Point your cannons at Dublin, and put our ghouls under pressure. This dope is the relevant minister. We're not dealing with 1st raters.#speirgorm is the tag to use (Irish bluesky).",09/01/2026,18454,1
louthforever.bsky.social,"Itï¿½ï¿½ï¿½s been so wet today, even the snails are seeking (slightly) higher ground... #Spe",12/06/2025,49329,1
eils1.bsky.social,"Lads, lads: behold how Ireland could harness the awesome power of angry Irish fishermen to protect the country. #spï¿½ï¿½irghorm ##speir",17/01/2026,17373,1
sharrow.bsky.social,About time this is the right decision by RTï¿½ï¿½ (how rarely I get to say that!)- now for the rest of the EBU to kick the apartheid and genocidal state of Israel out of #Eurovision#Spï¿½ï,11/09/2025,40185,1
obstreperousg.bsky.social,A new Dutch Vacant Homes Tax ï¿½ï¿½ï¿½ï¿½#DerelictIreland #S,05/12/2025,23732,1
judgedewie.bsky.social,Someone has managed to drop a Palestinian flag at the very top of the Spire. Fair fucks. Gonna be comical watching Dublin City council trying to figure out how to get that down :) #Speirgorm,27/09/2025,38328,1
mxfee.bsky.social,"If prints aren't your thing but you'd like to support my doodles, newsletter, and raimï¿½ï¿½ising, there's a voluntary tip jar here www.ciaraioch.com/tip-jar where there's the option to give a recurring or once-off tip. Even a euro or two a month assists my plan to invade England by dolphin-towed cur",18/02/2025,64177,2
charlielynch.bsky.social,"Thirty years since the best reaction to losing a referendum was spoken! In 1995 one of No Divorce Campaign leaders ï¿½ï¿½na Bean Mhic Mhathï¿½ï¿½na,on leaving the RDS as the 15th amendment to allow divorce was passed,shouted to celebrating pro divorce campaigners,ï¿½ï¿½ï¿½Go way ye wife swappin' sodomites",24/11/2025,26202,3
siobhanmcelduff.bsky.social,Landlord Jim Gavin never refunded 6 months' rent to a former tenant who accidentally kept paying rent after he moved out. The tenancy was not registered with the RTB. Gavin really is the perfect Fianna Fï¿½ï¿½il candidate. Archive link: archive.is/4ts0L #spï¿½ï¿½irgorm #presidential,04/10/2025,37223,1
ivanobrien.bsky.social,And Taoiseach and Tï¿½ï¿½naiste have to reflect on using this platform and allowing Irish government departments and agencies to continue using this platform? Why? Whatï¿½ï¿½ï¿½s there to think about?,06/01/2026,18985,1
miridescent.bsky.social,"Ok, #SpeirGorm. Now that I've had my solar panels for over a year, I want to give folks an honest ""This is what it looks like"" review.2022 I began planning for this. Unfortunately, my roof was a mess and required replacing. I'm not going to include the 12k that took (roof + attic insulation).",08/01/2025,72104,1
gladeolie.bsky.social,This summer wasps made a nest in our garden beside our bike stand in an old tree stump. I persuaded the family to put up with it and the wasps have finally died off. This is what it looks like now. (Wasps donï¿½ï¿½ï¿½t reuse their nests) #biodiversity #speirgorm @gardeningw,01/01/2026,20101,133
merrua.bsky.social,"Reminder; on this evening in the @nlireland.bsky.social 6.30pm, all welcome #speirgorm",15/04/2025,55968,1
karenjmcdonnell.bsky.social,Some great workshops coming up for Clare based people - details below. #SpeirGorm,04/02/2025,67064,2936
farnes.bsky.social,"With the social media landscape artists depend on crumbling into a big lake of shite, now's a good time to mention I've a newsletter with snippets of Irish folklore & history, doodles, and fun nonsense, with zero involvement from fascist billionaires. Subscribe for free: www.ciaraioch.com/newsletter",14/01/2025,71375,2
sdcushing.bsky.social,"There walks a lady we all knowWho shines white lightand wants to showTo be a rock and not to rollAnd she's buying a stairway to HeavenLed Zeppelin, 20th century#Photography #Poetry #SpeirGorm #StreetPhotography #India #kolam #ImageAndVerse #ArtOfBlueSky #PhotographersOfBlueSky #EastCoastKin",18/12/2025,21857,22
rk70534.bsky.social,"Right now, in Ireland, the government are refusing to sign the Occupied Territories Bill because they want to appease this regime. These people are unappeasable and will interpret any compromise as weakness. Sign the #OTB #SpeirGorm",19/08/2025,42562,1
lamhfada.bsky.social,"Unsurprisingly in this ""the left is as bad as the right"" bollocksology Jim doesn't mention how the ""left"" have misused the Irish flag.Fuck sake. #ireland #arï¿½ï¿½s25 #speir",28/09/2025,38120,41
meltyshirts.com,"30 years of Father Ted this year!! Here's a few little gifts and designs to celebrate. Take a look, ah go on. Go on go on go on...ï¿½ï¿½ï¿½ï¿½: tiny.cc/vvqa001#fatherted #craggyisland #speirgorm #iri",20/02/2025,63746,1
gothcasual.bsky.social,"Reject modernity, embrace tradition",31/10/2025,30257,2
jessreid.bsky.social,Some amazing marketing right here ï¿½ï¿½ï¿½ï¿½#SpeirGorm,04/02/2026,12764,1
cyluho.bsky.social,"Some years ago I made a series of mini drawings of interesting Irish women called #MiniMnï¿½ï¿½, gathered together here on a single print - each one comes with an information sheet featuring a short bio of the women featured, so you can learn about them, too.Prints: www.ciaraioch.com/artprints/p",13/12/2025,22605,2
aislinglady.bsky.social,Weaving and crafts community: we have a loom that needs saving. It's beautiful and looks to be in great shape.Please share to all Irish crafts people.#Speirgorm #crafts #weaving #loom #Ireland,18/01/2026,17157,2
anna-orridge.bsky.social,Naoise's brother is asking Irish people to please contact the government #Speirgorm,10/10/2025,35089,1
fitzjohn.bsky.social,For context. The spire is 120 metres tall. Some mad bastards done a serious job here. And the weekend all the Americans are in town for their stupid football game. Maith thï¿½ï¿½ whoever you are.  #Speir,27/09/2025,38323,1
bwalsh.bsky.social,"In Ireland , the body that oversees GAA participation in primary schools , Cumann na mBunscol , is allocated funding by  Allianz. Time to demand that sponsors of genocide are no longer allowed to sponsor primary sport , contact your local and national media . #speirgorm #speirghorm",06/03/2026,7742,1
musamcghee.bsky.social,"""Westport Clock""  A painting to have a look at, for anyone watching the clock today wondering why some things just take so much time. I painted this County Mayo picture 5 years ago, because it's a great town for junctions, and junctions present choices. #Art #SpeirGorm",30/11/2024,76840,1
eolai.bsky.social,"Have yourselves a #painting. ""Cliffs of Moher III"" came from a day I'd spent with friends seeing who could throw the largest stone over the cliffs that the wind would throw back at us. Aside from ducking a lot I also spent a fair bit of time savouring the views and our youth. #SpeirGorm #ArtYear",23/07/2025,44959,4
ianmaclochlainn.bsky.social,@3arena.bsky.social @3arenadublin.bsky.social Please cancel #Disturbed #SpeirGorm#FreePalestine#BoycottIsrael,14/09/2025,40010,1
susangriff.bsky.social,UCC colleagues in UCC Together 4 Palestine drafted a letter to President Higgins asking him to nominate Dr Francesca Albanese for the Nobel Peace Prize. If you are staff or Phd researcher in an Irish HEI please consider sharing with your colleagues and signing #Gaza #SpeirGorm tinyurl.com/5u8vudxy,21/07/2025,45165,5
caitrionas.bsky.social,"Once youï¿½ï¿½ï¿½ve mastered the use of these 2 , #speirgorm will explain amadï¿½ï¿½n and ï¿½ï¿½inseach, which have made their way ",13/01/2025,71668,1
lalalandiez.bsky.social,I'm old enough to remember when criticising the EU was framed as unacceptableOr is it only good to blame the EU when you're scapegoating your own failures#HowIrelandWorks #spï¿½ï¿½irgorm #everyoneshouldhavea,03/11/2025,29275,1
tas-haynes.bsky.social,This summer wasps made a nest in our garden beside our bike stand in an old tree stump. I persuaded the family to put up with it and the wasps have finally died off. This is what it looks like now. (Wasps donï¿½ï¿½ï¿½t reuse their nests) #biodiversity #speirgorm @gardeningw,01/01/2026,20078,133
zoemillerauthor.bsky.social,Loving the cover of the new paperback edition of #TheBooksellersGift!It's out this October ï¿½ï¿½ï¿½ï¿½ï¿½ï¿½ï¿½ï¿½You'll find links for pre orders from UK and Irish bookshops (and the big river site) on Hachette's dedicated page here ï¿½ï¿½ï¿½ï¿½ www.hachette.co.uk/titles/feli,07/06/2025,49893,75
kenmcdonagh.bsky.social,Irish abroad and Irish diaspora: The Department of Foreign Affairs and Trade is undertaking a consultation process to inform the Governmentï¿½ï¿½ï¿½s new Diaspora Strategy. Fill in the survey below to ensure their new strategy meets diasporic needs and can adapt to evolving circumstances. #spe,09/07/2025,46571,1
thediff.bsky.social,No all aboard the Creteboom in Ballina County Mayo this time! #speirgorm,23/05/2025,51390,74
lawschoolonline.bsky.social,Have a fresh batch of these done today. Lovely gift for someone living abroad. Get em here - tinyurl.com/NilAonTintea...P.S a share would be very much appreciated. TIA ï¿½ï¿½ï¿½ï¿½#speirgorm #irishsky #irish,21/01/2025,69942,1
bobbybonz.bsky.social,This summer wasps made a nest in our garden beside our bike stand in an old tree stump. I persuaded the family to put up with it and the wasps have finally died off. This is what it looks like now. (Wasps donï¿½ï¿½ï¿½t reuse their nests) #biodiversity #speirgorm @gardeningw,01/01/2026,20229,133
teagmhail.bsky.social,"Guys. Is it possible that the pro-neutrality candidate,  who recognises everyone's right to a home, and is inviting carers to the ï¿½ï¿½ras first... Is it possible that she actually has her finger on the pulse of Irish society? #spï¿½ï",28/10/2025,31121,1
seamusryan.bsky.social,My piece in The Examiner  about the Rent Pressure Zone legislation and why it worries me. What it's like to be trying to rent and buy in a housing crisis borne of this government's incompetence. #Spï¿½ï¿½irgorm. I'd planned to keep my head down but then I read the companion piece to mine. See next ,15/06/2025,49053,1
geariod.bsky.social,"Ireland's Ancient Animals, for which at least some evidence was found to suggest they once roamed this island, even if only for a while. Some might even make a comeback! Featuring the Irish elk, bear, lynx, great auk, wild boar, & wolf. #Spï¿½ï¿½irGhorm #SciArtPrints: www.ciaraioch.com/artprints/p",10/04/2026,2501,1
susanlanigan.bsky.social,Just a remind that I'm running a six-week illustration course after Christmas ï¿½ï¿½ï¿½ and the Irish Writers Centre in Dublin does gift vouchers! @irishwriterscentre.bsky.social #Spï¿½ï¿½irGhorm #SpeirGormirishwriterscentre.ie/cours,03/12/2025,24492,1
louthforever.bsky.social,How dare you.Yes @simonharristd.bsky.social How dare you.Remember ideal FG/FG voters aren't those who are struggling or in poverty or homeless.#GE2024 #Ireland #speirgorm #GE24,23/11/2024,78210,1
marybuckley.bsky.social,This is a fantastic opportunity to work with two great scholars of womenï¿½ï¿½ï¿½s / gender history #history #irishhistory #spe,24/04/2025,55083,1
jamesfbrophy.bsky.social,Ireland will not compete in Eurovision 2026 after Israel allowed to remain in competition jrnl.ie/6893728#spï¿½ï¿½ir,04/12/2025,24044,1
esponagrine.bsky.social,This summer wasps made a nest in our garden beside our bike stand in an old tree stump. I persuaded the family to put up with it and the wasps have finally died off. This is what it looks like now. (Wasps donï¿½ï¿½ï¿½t reuse their nests) #biodiversity #speirgorm @gardeningw,01/01/2026,20110,133
amynim.bsky.social,Wanted #Speirgorm Looking for a house to rent in Ennis or surrounds for my family & I. I'm working for Clare County Council and have excellent rental references available. If you hear of anything available in the coming weeks or months please let me know. Shares very appreciated! ï¿½ï¿½,19/02/2026,9734,1
sullubrious.bsky.social,Twister already seen in ballyheigue #SpeirGorm #StormEowyn,23/01/2025,69131,5227
queen-crafty.bsky.social,"She has integrity, independence, intelligence, she is reflective, inclusive, progressive and passionate about social justice ï¿½ï¿½ï¿½ and impressive at keepie uppies - just some of the reasons why Iï¿½ï¿½ï¿½m voting for Catherine Connolly for President #aras2025 #Connolly4President #speir",23/10/2025,32964,1
madgastronomer.bsky.social,"""They appeared on [...] Reddit in an Irish subgroup which encourages its 3,200+ members to ï¿½ï¿½ï¿½tradeï¿½ï¿½ï¿½ images of ï¿½ï¿½ï¿½IRL girlsï¿½ï¿½ï¿½ for sexual gratification [...] images include teenagers in their school uniforms, alongside their na""Never, ever ends.www.thejournal.ie/non-consensu...",02/06/2025,50438,3420
emmadragon.bsky.social,Also:>medical student was raped by another student>victim asked to delay their exams due to termination>UCD won a case against the victim that she needs to sit her exams without delay>rapist got off scott freeFuck you all UCD and rapist#Spï¿½ï¿½ir,01/03/2026,8535,1
masterogel2.bsky.social,Merry Christmas to the best the now deceased Irish Twitter had to offer. #Speirgorm,23/12/2025,21194,1
roothflud.bsky.social,"Kids who are born, here & live here, should at the age of 17 be offered Irish Citizenship for free!#spï¿½ï¿½ir",16/02/2026,10212,1
musamcghee.bsky.social,"Hup!! We need just 39 more signatures and then we've done it, Ireland will have passed her threshold. PLEASE SIGN!!! ï¿½ï¿½ï¿½ï¿½ï¿½ï¿½ï¿½ï¿½ï¿½ï¿½ï¿½ï¿½ï¿½ï¿½ï¿½ï¿½ï¿½ï¿½ï¿½ï¿½ï¿½ï¿½ï¿½#JusticeForPalestine #Ireland #",06/02/2026,12037,1
brenorbrophy.com,"Too good not to post here, swiped from @artistKateOShea on instagram. A glorious, puppy-cradling Snowman Tom Crean built by Siobhï¿½ï¿½n Clancy in Poulacapple, Co Tipperary.#Sneachta #Spï¿½ï¿½irGorm",06/01/2025,72269,905
mousketeer.bsky.social,"#speirgorm The deadline to register for the higher education constituency in the Irish Senate is TODAY. If you're already on the previous register, this is a NEW ONE that you have to re-register for. (I know.)You can do so at seanadvoter.ie",23/01/2025,69477,1
donnans.bsky.social,Just in: Sinn Fï¿½ï¿½in has been banned from this year's Trans and Intersex Pride march in the wake of the David Cullinane comments. #Speirgorm dublinpeople.com/news/dublin,17/04/2025,55774,1
sharrow.bsky.social,"I too would recommend Soc Dems, but at the very least you should join your preferred left party. You can help shape it and ensure it keeps espousing left values. Help build the option you want to see on the ballot paper. #spï¿½ï¿½ir",25/06/2025,48116,1
sowakawaka.bsky.social,A blue sky spring day in Ireland at last ï¿½ï¿½ï¿½ï¿½#s,22/02/2025,63328,5104
wordsbyamymichelle.bsky.social,Sunrise over Skerries. #SpeirGorm,21/12/2025,21593,112
trionac.bsky.social,Genuinely unbelievable 2nd half by Tipp and a performance for the ages from Darragh McCarthy. A 19 year old scoring 1-14 in an All-Ireland final is just mind-blowing. Never could have seen Cork being kept to 2 points in 2nd half. #GAA #AllIreland #spï¿½ï¿½ir,20/07/2025,45224,5
daniemililly.bsky.social,#Spï¿½ï¿½irGorm #InternationalWomen,08/03/2025,61678,1
greenfarms.bsky.social,"The Biddy is an Irish folk tradition linked to Brigidï¿½ï¿½ï¿½s Day and Imbolc, where groups wear white and handmade straw headpieces to travel around playing music while carrying a Brï¿½ï¿½deï¿½ï¿½g (a model Brigid in child form), warding off evil and bringing luck.Prints: www.ciaraioch.com/a",01/02/2026,13460,2
stefgotbooted.bsky.social,"Welcome to GPO McDonald's.Yeah I'll have a McMauser burger, 2 lee Enfield loaded nuggets...Would you like some fusilier fries with that?Yeah g'wan.Drinks?I'll have a lewis gun latte and...guys? And two tricolour shakes.That'll be 190euro...and 16cents.Of course it is.#speirgorm #ireland",24/06/2025,48265,1
andyscollick.bsky.social,"Well this is news to me & @judesherry.bsky.social""As part of the mapping process, the council is to collaborate with dereliction activists Jude Sherry and Frank O'Connor""More on Cork City tackling #DerelictIreland in this weeks Cork Independentwww.corkindependent.com/2026/01/21/c...#speirgorm",25/01/2026,15197,62
hazelklarkin.bsky.social,Just saw a tik tok from @sarahmcinerney.bsky.social saying there are 66 million worth of electric buses sitting in a garage somewhere unused. The waste of resources in the country is astounding. And yet the govt tell us an emergency payment for people with #disabilities is unaffordable  ï¿½ï¿½ï¿½ï¿½ #Sp,19/03/2026,5935,1
fiercemilder.com,The most Limerick tourism ad you could conceive ofCome visit....actually no...fuck off....#speirgorm,25/01/2026,15202,1
odubhda.bsky.social,"4 stories in the @irishtimes.com highlight the crazy approach to climate action by the government. 3 articles detailing the heavy financial & social cost of climate breakdown, and 1 where the govt celebrates increasing climate emissions for the airport by lifting the passenger cap. ï¿½ï¿½ï¿½ï¿½ #S",10/02/2026,11307,1
hilarieashton.bsky.social,Right now Sinn Fï¿½ï¿½in are the biggest barrier to a future free from Fianna Fï¿½ï¿½il and Fine Gael ideology. When the lead opposition party are dropping the ball this badly they have some ownership of the current state of affairs. #sp,17/12/2025,21961,95
j-lbrbsblogs.bsky.social,"It's November! Time to celebrate heists, books and feral gods.Come to the launch of The Book of Gold, first book of The Feral Gods in the Gutter Bookshop, Cow's lane on the 28th at 6.30pm @gutterbookshop.bsky.social  #TheBookOfGold #feralgods #booksky ï¿½ï¿½ï¿½ï¿½ï¿½ï¿½ï¿½ï¿½ #writersofbluesky #speirgor",01/11/2024,79422,26
libmoggy.bsky.social,"My family did not raid Wales, kidnap a shepherd and drag him back to Ireland in chains for this!The horrorï¿½ï¿½ï¿½ the horror #spï¿",12/03/2025,61366,3233
libertiesbelle.bsky.social,Big thanks to @c4itnr.bsky.social for both originally setting up and  restoring the #speirgorm feed. (It incorporates all the common spelling variants so no need for spelling anxiety or controversy.),12/12/2025,22807,1
underfoot.bsky.social,The #EU wants to roll back vital environmental protections. Deadline to stop it: 10 September ï¿½ï¿½ï¿½Tell them to keep their #HandsOffNature ï¿½ï¿½ï¿½ï¿½ www.wwf.eu/campaigns/it,06/09/2025,40660,41
karlstanley.bsky.social,Wanted #Speirgorm Looking for a house to rent in Ennis or surrounds for my family & I. I'm working for Clare County Council and have excellent rental references available. If you hear of anything available in the coming weeks or months please let me know. Shares very appreciated! ï¿½ï¿½,19/02/2026,9725,1
lyphshro.bsky.social,"Oh ...You better watch out,You better not cryYou better not pout,I'm telling you why...Santa Claus is coming to town!Bruce Springsteen, 20th century#Photography #Wisdom #Poetry #SpeirGorm #Christmas #StreetPhotography #India #ImageAndVerse #ArtOfBlueSky #PhotographersOfBlueSky #EastCoastKin",02/11/2025,29479,22
massimovl.bsky.social,'Inaction emboldens perpetrators and betrays every principle the Union and its member states claim to uphold.'Their profound sense of betrayal leaps from the page. #speirgorm,31/07/2025,44359,1
brownekelly.bsky.social,"Meanwhile, in Cork",28/07/2025,44609,5
tararoonies.bsky.social,"Review of an interesting new book on the Great Irish Famine, 1845-1850. The final sentence certainly gives one pause for thought, not just on the famine but on our current, awful, late stage capitalism #speirgorm #irishhistory #history",16/03/2025,60776,1
stephanenny.bsky.social,Appease right wing fuckwittery.Terrible attack/riots.Sincerest admonishement/condolences.Appease right wing fuckwittery.Terrible attack/riots.Sincerest admonishement/condolences.Appease right wing fuckwittery.Terrible attack/riots.Rinse.Repeat.Rinse.Repeat.Rinse.Repeat.#Speirgorm,01/11/2025,29899,1
mixtwitch.bsky.social,"No plans, no policy, no funding. may aswell be the tagline for the current government. Facing Billions of ï¿½ï¿½ï¿½ in EU fines due to missing climate targets, while bragging about the 112Bn investment Into infrastructure, the government ignore this easy win. #SpeirGorm my.uplift.ie/petitions",04/02/2026,12643,1
kerryman.bsky.social,Prayer stones in the Burren in County Clare#speirgorm,26/02/2025,62922,74
sambethune.bsky.social,AMAZING! #speirgorm antidote to the crashing global economy. #tariffs,03/04/2025,57236,4742
dochasisgra.bsky.social,Lush be doing it right!!!#SpeirGorm #Lush #LushBeauty #TransRights #TransRightsAreHumanRights #LGBT #LGBTQIAP+ #UK #Ireland gcn.ie/lush-trans-r...,05/05/2025,53473,1
jakwilde.bsky.social,"The British state, which continues to cover up its role in murdering hundreds of Irish people in #Ireland & is arming #Israel as it commits genocide in #Gaza before our eyes, is charging an Irish musician with a ""terror offence"" for waving a flag#Kneecap #Spï¿½ï¿½irGormwww.thejournal.ie/one-member-",21/05/2025,51558,1
petermahonyart.bsky.social,Black Sabbath and Thin Lizzy @johncreedon.bsky.social #Speirgorm,22/07/2025,45114,1
carolconnolly.bsky.social,"How PR-STV works, using smarties! Absolutely ingenious from @gavreilly.com #GE24 #Spï¿½ï¿½ir",01/12/2024,76821,1
ricoreachthorne.bsky.social,"For the uninitiated, these are Irish Throwing Stars, an ancient weapon wielded by St. Brigid during the 1916 Rising, striking fear into the hearts of the British, and responsible for the eventual smiting of both Cromwell and Thatcher.",01/02/2026,13649,2
igallupd.bsky.social,Happy Valentine's Day ï¿½ï,14/02/2026,10435,1
roboyle.bsky.social,"Scientists accuse Ireland and New Zealand of using ï¿½ï¿½ï¿½accounting trickï¿½ï¿½ï¿½ to justify livestock emissionsMethod to support methane-emitting sectors undermines fight against climate change, say researcherswww.irishtimes.com/business/far...#ClimateEmergency #ClimateCrisis #Climat",02/06/2025,50353,1
carolconnolly.bsky.social,Why the weather wobbled?Dr Jennifer Francis is one of the best #climate science communicators anywhere. She simplifies the incredibly complex forces degrading the Jet Stream to explain why our weather is increasingly getting stuck. #RTECountrywide #SpeirGormListen: ï¿½ï¿½ï¿½ï¿½ www.rte.ie/radio/r,07/02/2026,11831,1
angelacoraccio.bsky.social,Email members of the committee and let them know that they NEED to include Services in their new OTB ï¿½ï¿½ï¿½ï¿½ï¿½ï¿½#speirgorm action.uplift.ie/cam,04/07/2025,47014,1
angelak1990.bsky.social,"HELP NEEDED!I'm in need of a rapper who can run a rap/hip hop workshop to teach people how to write rap. The person I had is now unavailable and the event is already advertised. Dublin gig, well paid. Please share!#Speirgorm #Speirghorm",25/03/2025,59198,507
takemusu.bsky.social,"Time for another cup of tea, and another #painting. ""Castleblayney"" It was raining when I got to the Monaghan town. And beautiful. The sky lit up the rain. Everything sparkled and gleamed. I stopped cycling and looked around at Muckno Street. This is nice, I said to the rain. #SpeirGorm #art",28/12/2024,72948,153
stephencward.com,"""They appeared on [...] Reddit in an Irish subgroup which encourages its 3,200+ members to ï¿½ï¿½ï¿½tradeï¿½ï¿½ï¿½ images of ï¿½ï¿½ï¿½IRL girlsï¿½ï¿½ï¿½ for sexual gratification [...] images include teenagers in their school uniforms, alongside their na""Never, ever ends.www.thejournal.ie/non-consensu...",02/06/2025,50418,1
westwaterfordag.bsky.social,"Did you know that  93% of adults in Ireland engage in some form of reading regularly? But many people want to read more, and #IrelandReads is the perfect opportunity to pick up a good book. There will be events in libraries across the country, so #dropin and see what's on near you #spï¿½ï¿½ir",27/02/2026,8858,75
bridgeenmckenna.bsky.social,"In 1922 The Black and Tans then went over to Palestine (after they murdered, tortured and mutilated Irish people on a whim) to continue their debauchery. Lovely bunch of lads altogether. There's your Winston Churchill for ya. #SpeirGorm",25/03/2026,5415,1
fhayesmccoy.bsky.social,"ýýýDespite all three men being immigrants to the United States, when they refer to Americaýýýs future they say ýýýweýýý. All rich people see themselves as Americans in waiting.ýýýWorth reading (if only so you donýýýt have to listen to Elon Muskýýýs bull fur 3 hours! #SpeirGorm",06/02/2026,12141,10
lokideburca.bsky.social,We'll be out every week until this atrocity ends. Until our govt does something. Until the world wakes up.#SaoirseDonPhalaistï¿½ï¿½n #Limerick #Ireland #Speir,26/10/2025,32044,1
fcemurphy.bsky.social,"Forgive me but I'm ignoring the horrible thing in the world today, and I'm posting a #painting. This is ""Poulnabrone VI"" - painted because I love stones and what we do with them, and posted because I'd like to think some good things can come in orange. #SpeirGorm #ArtYear",20/01/2025,70197,1
maryburke.bsky.social,"Irish folk (and others who were living here at the time), what events/stories/incidents would you include in an essential guide to the Celtic Tiger if you were trying to describe it for those who didn't experience it?  It's for a (possible) thing ï¿½ï¿½ï¿½ï¿½ #s",04/08/2025,44171,2
nasheridan.bsky.social,Loving the cover of the new paperback edition of #TheBooksellersGift!It's out this October ï¿½ï¿½ï¿½ï¿½ï¿½ï¿½ï¿½ï¿½You'll find links for pre orders from UK and Irish bookshops (and the big river site) on Hachette's dedicated page here ï¿½ï¿½ï¿½ï¿½ www.hachette.co.uk/titles/feli,07/06/2025,49839,10
trinakc.bsky.social,Sigh! With the state of politics in 2025 this is just what we need now; a resurfacing brown envelope gombeen man! I hope the young generation realises he and his governments laid the foundations for the current housing crisis they are suffering through #speirgorm,24/08/2025,42059,1
queen-crafty.bsky.social,Am I the only person I the country who believes it's reasonable to expect a presidential candidate to have held political office? It's a job. You need to demonstrate a track record. In what world is it appropriate for you to begin your political career in one of the most senior roles? #spï¿½ï¿½ir,24/09/2025,38847,1
jaycee-visionlogic.bsky.social,"My awareness is unitedand focused in the Real.Caste, order, and scripture are gone;I am the Supreme Brahmanbeyond all attributes.Avudai Akkal, 18th century#Photography #Poetry #SpeirGorm #RamanaMaharshi #StreetPhotography #ImageAndVerse #ArtOfBlueSky #PhotographersOfBlueSky #EastCoastKin",07/12/2025,23445,22
annapr.bsky.social,"I subscribe for insight, @finnmcredmond.bsky.social is giving us insight into how others see us (like it or not). @irishtimes.com covers #Ukraine including a 2 pager by Andrey Kurkov www.irishtimes.com/life-style/p... Well worth the sub in my view. #SlavaUkaini #StopBurningStuff #SpeirGorm",30/01/2025,67774,1
keithhalltaft.bsky.social,Home #speirgorm,31/01/2026,13822,27
lauowolf.bsky.social,Ireland SHOULD prosecute. #Grok #Speirgorm,08/01/2026,18568,1
pierpaolo.bsky.social,"Have a peaceful SundayBlackrock Castle, Cork ï¿½ï¿½ï¿½ï¿½ï¿½ï¿½ï¿½ï¿½ #photography#nature#landscape#winter#river#cork#reflection#castle#EastCoastKin#spï¿½ï¿½irgorm#PhotoHourï¿½ï¿½ï¿½ï¿½ ï¿½ï¿½ï¿½ï¿½ ï¿½ï¿½ï",23/11/2025,26419,22
radiobeartime.com,www.newstalk.com/podcasts/new... Does Ireland need a national womenï¿½ï¿½ï¿½s museum?And should we put it in the GPO? excellent points from my womenï¿½ï¿½ï¿½s museum advocate colleague @geolug.bsky.social -what can I say about Finn (ï¿½ï¿½ï¿½womenï¿½ï¿½ï¿½s history is boringï¿½ï¿½ï¿½)McRedmond but how banal ,03/07/2025,47300,1
bikesnbukes.bsky.social,"Trying to think of Irish tabloid headlines for the names, so far I haveFionnuala agus Roola-BoolaKeep Her Lilith (article reminding folk to have torches at the ready)Marty Wailinï¿½ï¿½ï¿½ Oscar Wild!Tadhg me Trampoline Down SportBram Soaker Any suggestions #Speirgorm #Spei",01/09/2025,41155,1
leenchen.bsky.social,And now for something very silly.,31/03/2026,4580,2
theapplefarmer.bsky.social,How are we still falling into the same trap in 2025 of validated and playing into the hands of right wing reactionaries & far right figures by responding to absurd antagonistic actions? Does it matter that a certain UFC fighter was in the whitehouse today? No. Why? Because only two groups #speirgorm,17/03/2025,60489,1
jamesfbrophy.bsky.social,"""Everything is politics...You don't get to make art in a fascist state""CMAT delivering, mar is gnï¿½ï¿½ch. ï¿½ï¿½ï¿½ï¿½(Same goes for sport btw",01/03/2026,8364,1
robertbohan.bsky.social,"St Brigidï¿½ï¿½ï¿½s Eve - Don't forget to leave a piece of cloth outside to be blessed by Brigid as she passes tonight! This is the brat Brï¿½ï¿½de, itï¿½ï¿½ï¿½ll cure headaches or sore throats and keep you healthy for the year! #speirgorm #brigidsday #stbrigid www.rte.ie",31/01/2025,67470,81
allanartist.bsky.social,"In unrelated news, the number of nights spent in Emergency accommodation in Ireland also breaks record in 2025 #Spï¿½ï¿½ir",02/04/2026,4258,161
cycledocatx.bsky.social,"I have no words for this absolute disaster. There's so much research showing this kinda step doesn't work re safety, and will destroy any chance of getting people on bikes and will end city bikes of any description #speirgorm #ireland #cycling #cyclists irishcycle.com/2026/02/04/a...",04/02/2026,12763,85
markportis.bsky.social,ýýýýýýýý The Irish government must stop allowing Ireland to be used to fund Israelýýýs genocide in Palestine.Mary Lou McDonald and I are introducing a Bill that will force the government to end the sale of Israeli war bonds through the Irish Central Bank.#SpýýirGhorm #speirgorm #gaza,19/05/2025,51964,80
dollyscrum.bsky.social,"""Inishmore Horse"". A special #painting for me. As an unpaid carer I don't earn much but wanted to give back. So with permission I used a friend's photo as reference, and donated half of the proceeds to the charity of their choice - the Down Syndrome Centre in Dublin's northside.  #ArtYear #SpeirGorm",03/09/2025,40881,2
kristekline.bsky.social,"FFS!!! We donï¿½ï¿½ï¿½t even have digital health records in Ireland, yet the health minister just released an AI health strategy?!!! ï¿½ï¿½ï¿½ï¿½ï¿½ï¿½ï¿½ï¿½ï¿½ï¿½ï¿½ï¿½ï¿½ï¿½ï¿½ï¿½ï¿½ï¿½ï¿½ï¿½ï¿½ï¿½ï¿½ï¿½ï¿½ï¿½ï¿½ï¿½ï¿½ï¿½ï¿½ï¿½ï¿½ï¿½ï¿½ï¿½ï¿½ï¿½ï¿½ #HSE #DepartmentOfHealth #Spï¿½ï¿½irGorm #SpeirGorm #Spï¿½ï¿½irGhorm #HealthMin",13/03/2026,6814,1
eslsys.bsky.social,Author and TD among five Irish people on board latest Gaza flotilla intercepted by Israel #speirgorm #stopthegenocide jrnl.ie/6838266,08/10/2025,35836,1
sharrow.bsky.social,Landlords are a blight on Ireland. #speirgorm,10/02/2026,11303,1
judetheconfused.bsky.social,"Imbolc in LondonSung Eucharist in St Bride's, the journalists' church #Lï¿½ï¿½LeBrï¿½ï¿½de #Spï¿½ï¿½irgorm #writingcommunity #Lo",01/02/2026,13622,5
deanbarker.bsky.social,"Lord, thou art hard on mothers:We suffer in their coming and their going;And tho' I grudge them not, I weary, wearyOf the long sorrow - And yet I have my joy ...Pï¿½ï¿½draig Pearse, 20th century#Photography #Wisdom #Poetry #SpeirGorm #Cats #Caturday #ImageAndVerse #ArtOfBlueSky #EastCoas",25/10/2025,32397,22
pompompastel.bsky.social,"I heard Brendan Gleeson say that he thinks there should be a segment for the arts on the news like there is for sport. I totally agree, not everyone is into sport how nice would it be to experience that kind of diversity & inclusion in broadcasting #Speirgorm",13/08/2025,43523,1
selkie1.bsky.social,Northern Lights from Phoenix Park now. #SpeirGorm,19/01/2026,16446,133
clairedubois.bsky.social,Why so many revolutionary women were denied their military pension #speirgorm  www.rte.ie/brainstorm/2...,08/03/2025,61735,3
larakaa.bsky.social,"Ireland! We need just 1,483 ppl who are Irish nationals to sign this EU petition to initiate a ban on LGBTQ conversion therapy* across the EU. The UN considers such ï¿½ï¿½ï¿½therapyï¿½ï¿½ï¿½ to be mental torture. #SpeirGorm Please sign & share with all EU citizens that you know: eci.ec.europa.eu/043",10/02/2025,65673,3146
wesmank.bsky.social,The poll to ban direct posting from twitter to the /r/rIreland subreddit looks like twitter submissions will be banned there. Amazing how Elon Musk can ruin a brand so effectively by being a Nazi piece of shit. #Ireland #Spï¿½ï¿½irgorm  www.reddit.com/r/ireland/c,22/01/2025,69922,1
irishwol.bsky.social,"In Irish publishing, you could make the bestseller list every year and never make minimum wage.#SpeirGorm",29/03/2026,4886,1
cait.siorc.eu,Yes. And the Irish government should refuse St Patrickï¿½ï¿½ï¿½s day invitations to the US and instead invite our European neighbors to Ireland. Just how much more fascist does Trumpï¿½ï¿½ï¿½s administration have to be before Ireland says no,24/01/2026,15396,1
robosullivan.bsky.social,A reminder that the minister in charge of the housing crisis for the past 5 years is now in charge of our climate response instead.Itï¿½ï¿½ï¿½s going great.#spe,08/10/2025,35883,1
fromsaltintears.com,As ministers & senior officials reportedly vacillate about the Occupied Territories Bill in face of US resistance www.irishtimes.com/politics/202... they should ask what would Daniel Oï¿½ï¿½ï¿½Connell do? #spï¿,10/07/2025,46375,1
regcoppinger.bsky.social,"""The joy on the faces of far-right men, more angry, angry men, tells me everything I need to know about the blockades and this new standard of protest... We respond to the needs of angry, suffering men before the needs of everybody else.""#SpeirGorm #Spï¿½ï¿½irG",17/04/2026,23,1
shazbear.bsky.social,Nikita Hand to sue Conor McGregor and two former neighbours over withdrawn claims in failed appeal #gonikita take them all to the cleaners #speirgorm www.irishtimes.com/crime-law/co...,01/08/2025,44306,1
carolconnolly.bsky.social,If you see CSAM online there is a place for you to make a report.Hotline.ie#spï¿½ï¿½irgormCSAM stands for child sexual assault mater,06/01/2026,19103,1
kwirirayi.bsky.social,"I couldnï¿½ï¿½ï¿½t vote because Irish citizens living abroad canï¿½ï¿½ï¿½t, but I am delighted that Catherine Connolly won the Irish presidential campaign. Youï¿½ï¿½ï¿½ll hear lots about how this win isnï¿½ï¿½ï¿½t actually a win for the Left but it is & more. It is a win for everyone who wants to live in ",25/10/2025,32487,35
blacksmithpro.bsky.social,"ýýýwhen an accident does happen it would be catastrophic, so you do not want that facility in an area close to any kind of habitation.I personally wouldnýýýt want to live next to any facilityýýý[I just want to make money from it]#SpeirGorm #ShannonLNG",14/06/2025,49188,26
contraryjordan.bsky.social,"#speirgorm you've been on my mind and in my prayers all night. I know battery life is precious without power, so don't waste it on me, but I'm wondering how everyone is doing. Record winds and 750,000 without power is what I've read",24/01/2025,68881,5
tggleeson.bsky.social,"Hoping the council stick to the courage of their conviction here. This is one of those things that, in retrospect, people will wonder why they ever opposed. I'd like to be able to walk across the bridge with a bit less risk of getting knocked down. #speirgorm",11/01/2025,71836,5
9roovy.bsky.social,"A #painting from the midlands of Ireland. ""Kenagh"" was painted in Longford after a long day's cycle from Boyle in Roscommon with a dip into Leitrim for lunch before returning to Roscommon and crossing the Shannon. The next day I cycled to Cavan. The painting stayed in Longford. #SpeirGorm #ArtYear",28/01/2025,68465,4
davidandress.bsky.social,"Britain does not dictate Irish law. Or Irish feminismï¿½ï¿½ï¿½Easter commemorations are always a good reminder that .. Ireland is not part of an extinct British empire, and our feminism is our ownï¿½ï¿½ï¿½. I agree, Irish feminism is intersectional & trans inclusive #speirgormwww.irishtimes.com/opi",28/04/2025,54440,1
beebsymca.bsky.social,Someone has managed to drop a Palestinian flag at the very top of the Spire. Fair fucks. Gonna be comical watching Dublin City council trying to figure out how to get that down :) #Speirgorm,27/09/2025,38239,175
cait.siorc.eu,"""Ireland for the Irish"" ... unless you're gay or trans ï¿½ï¿½ï¿½ï¿½#ireland #s",26/06/2024,79748,1
olekingcoley.bsky.social,From less than a dozen marchers to tens of thousands: A history of Dublin Pride - i was delighted to be interviewed for this article #pride2025 #queerhistories #speirgorm jrnl.ie/6742433,28/06/2025,47729,3
mariondublin.bsky.social,"Absolutely shameful that voter turnout is so lowSo much is on the line - from homelessness, to healthcare, climate action, energy poverty, and even abortion access at threatWe are in an apathy crisiswww.irishevs.com/apathy-crisis#GE24 #Election24 #SpeirGorm #Ireland #ClimateEmergency",30/11/2024,77017,1
squeefulraven.bsky.social,GATECRASHES: LIVE AT THE GATE: ROSIE O'DONNELL & OUT LOUD - Gate Theatre Dublin- a fundraiser for some great LGBTI organisations  #speirgorm #pride2025 gatetheatre.ie/production/g...,11/06/2025,49479,11
jimmacmillan.com,#SpeirGorm,16/11/2025,27295,1
cathyby.bsky.social,The Irish Government edging closer to beginning work on Dublin's Metro / expanding the DART #Spï¿½ï¿½ir,15/04/2026,351,1
blooming-burbs.bsky.social,"Can people please repost this. Iï¿½ï¿½ï¿½m looking for Black Irish users ï¿½ï¿½ï¿½ï¿½ï¿½ï¿½ï¿½ï¿½ï¿½ï¿½ï¿½ï¿½ï¿½ï¿½ï¿½Could you please drop a reply so I can add you to a list #speirgorm*by Black Irish I mean has lived in Ireland not America",14/01/2025,71430,831
annapr.bsky.social,"An Irish #painting for you. ""Ballina, Tolan Street"" came out of wanting to go everywhere, so wishing the world was one single road that looped around the globe and I'd walk it forever, but instead the world is full of junctions and as I struggle with the choices I look at lot. #SpeirGorm #ArtYear",25/06/2025,48002,1
billallen.bsky.social,Sending this to #speirgorm because come on.,05/02/2025,66902,5
fiftywords.bsky.social,"Sport can be healing but it can also hurt. This piece is about the quiet courage behind the game, especially in GAA, where pride and pressure often go hand in hand. #GAA #AllIreland #SpeirGorm #Donegal #Kerry",26/07/2025,44759,58
fctwentebenson.bsky.social,Last push on this - voting closes on July 24th! #astrophotography #space #astronomy #astrosky #ireland #speirgorm #spï¿½ï¿½irgorm #photography #ThePhoto,22/07/2025,45087,37
tggleeson.bsky.social,"And a quick lower panorama at sunset of Carrick, followed by a little detour up along the Suir. #speirgorm",15/03/2025,60817,5
aleccoakley.bsky.social,Happy Valentine's Day ï¿½ï,14/02/2026,10403,1
lindadoran.bsky.social,"ýýýIs this really happening?ýýý: Bad Bridgets book to become Margot Robbie film. So excited for this, many congrats to history colleagues Leanne McCormick & Elaine Farrell -as Elaine said Bad Bridget is not ýýýbig boy historyýýý, itýýýs much interesting than that! #speirgormwww.irishtimes.com/ireland/2025...",06/11/2025,28740,3
carolyncbarthel.bsky.social,That Eamon is a smug prick.. perfect puss for a guard #traitorsirl #speirgorm,01/09/2025,41316,112
sharrow.bsky.social,"Happy May Day, here's a bitta Connolly ï¿½ï¿½ï¿½ Prints: www.ciaraioch.com/artprints",01/05/2025,53830,1
dean-tane.bsky.social,"Cloudy ot not, using modern technology to allow us to continue to witness something the people who lived on our island built in connection with the seasons and the universe thousands of years ago is pretty cool, actually",21/12/2025,21542,2
drkevguitar.bsky.social,"Legends!! Thanks all for signing. Just 203 more signatures to go from Irish citizens, and we'll have passed the Ireland threshold, and become 1 of 7 legendary countries to get this past the post C'MON!!!! Let's get it done. ï¿½ï¿½ï¿½ï¿½ï¿½ï¿½ï¿½ï¿½ï¿½ï¿½ï¿½ï¿½#SpeirGhorm #Spei",06/02/2026,12114,1
chaotic-spring.bsky.social,"A cost-of-living crisis isn't the easiest time to sell art, but: www.ciaraioch.com is where you can support my work, with each archival-quality print on textured heavy paper being produced here in Ireland, shipping internationally in eco-friendly packaging, with free mini-treats in every order ï¿½ï",18/02/2025,64186,2
johnbarrington.bsky.social,I'm loving these Catherine Connolly posts. We should use a hashtag for them ? #SmearTheBejaysis #SpeirGorm,10/10/2025,35375,1
chendirl.bsky.social,"Reminder to members to check your inboxes for the Zoom link for this year's AGM at 6pm, Wednesday 14th May 2025 #skystorians #spï¿½ï¿½ir",08/05/2025,53237,88
jenhenders.bsky.social,Snuck up on this heron at a lake last week. Managed a shot before I was spotted.#hiking #nature #photography #birds #Spï¿½ï¿½irGorm #EastCoastKin #Ire,17/09/2025,39667,79
mynameisdeclan.bsky.social,#speirgorm if you are in the Clonliffe Road area please keep an eye out for our lovely former foster boy Ernie,13/12/2025,22597,1
thewildgees.bsky.social,Celebration of resistance and hope #lï¿½ï¿½fhï¿½ï¿½ilebrï¿½ï¿½de,29/01/2026,14369,5
poliscirish.bsky.social,Happy Lï¿½ï¿½ Bealtaine - the swallows have arrived and summer's on the way ï¿½ï¿½ï¿½ï¿½Prints: www.ciaraioch.com/art,01/05/2025,53829,2
cathyby.bsky.social,"Boatstrand Harbour, this afternoon. #Speirgorm #Spï¿½ï¿½irgorm #Waterford #Ire",23/08/2025,42171,1
charlesrose.bsky.social,"Have a #painting. ""Looscaunagh Lough"" came from a lucky day. After painting in Kenmare I packed up my paints and cycled up and over Moll's Gap, and coming down I was arrested by this lake high above Killarney National Park. Caressed by an indecisive rain I sat down and looked.  #SpeirGorm #ArtYear",24/03/2025,59394,4
any-news.bsky.social,#SpeirGorm,28/05/2025,50775,133
oisinmcgann.bsky.social,"No plans, no policy, no funding. may aswell be the tagline for the current government. Facing Billions of ï¿½ï¿½ï¿½ in EU fines due to missing climate targets, while bragging about the 112Bn investment Into infrastructure, the government ignore this easy win. #SpeirGorm my.uplift.ie/petitions",04/02/2026,12546,26
saraflacci.bsky.social,"Keep walking, thoughthere's no place to get to.Don't try to see through distances,that's not for human beings.Move within, but don't movethe way fear makes you move.Rumi, 13th century#Photography #Wisdom #Poetry #SpeirGorm #ImageAndVerse #ArtOfBlueSky #PhotographersOfBlueSky #EastCoastKin",21/10/2025,33392,22
nohostages.bsky.social,So who'd have thought what we really need to solve the housing crisis that has been driven by an ideology (that puts property rights over human rights) & manufactured by government policy was another senior civil servant to add to Housing Minister & his 3 junior housing ministers#speirgorm,10/02/2026,11216,1
bthalpin.bsky.social,"Hi #SpeirGorm. Anyone know why secondary schools are requiring students to install MS Copilot *as well* as Teams on their personal 'phones?I only discovered this tonight, but I know I'm going to get stupid MS marketing speak from the school when I ask, so wondering if anyone knows the real reason.",27/08/2025,41842,1
eslsys.bsky.social,"Iï¿½ï¿½ï¿½m still thinking about Gavins response to the question on the #womenofhonour -he saw nothing, he knew nothing-and he wants to be President? Can you imagine him responding as our previous presidents have done to issues as national trauma! Heï¿½ï¿½ï¿½s the see nothing,do nothing candidate #speir",05/10/2025,36997,1
maryburke.bsky.social,Looking for oaks (doesn't have to be native) as street trees around Cork city and suburbs for a new study. Let me know where I'll find them #Cork  #Speirgorm,09/05/2025,53083,2
mirasymphony.bsky.social,"Grotesque profiteering in housing, 15,200+ people homeless last month, incl. 4,600 children yet TDs are still not in post.OMG. What is #FFFG & Indo mates AT?? People in Ireland are completely underserved by our government ï¿½ï¿½ï¿½ï¿½ï¿½ï¿½ï¿½ï¿½ï¿½ï¿½ï¿½ï¿½ï¿½ï¿½ï¿½ï¿½ï¿½#speirgorm #spï¿½ï¿½irgh",01/04/2025,57848,1
kdub270.bsky.social,The Royal Canal Greenway looking well today! #speirgorm,17/08/2025,42738,95
galwaywoman.bsky.social,"Jesus, but I'll miss Michael D when his term is up. I think it'll be a fair while before we have anyone who lives up to him in the ï¿½ï¿½ras again. #Spï¿½ï",20/12/2024,73628,1
mofette.bsky.social,"Ok, Ireland is at 89.99% of the threshold it has to reach for this #EU petition to support banning #LGBTQ conversion therapy.Only a few hundred to go! #Spï¿½ï¿½ir",11/02/2025,65320,1
conorsmith.ie,"'More than 3,300 new houses were built in Dublin city last year. Just 155 were bought by households'. #SpeirGorm",18/09/2025,39529,1
southcentralgreens.bsky.social,"In Irish terms, climate tipping point will be reached by the end of this government. #speirgormwww.thejournal.ie/climate-tipp...",14/01/2026,17951,137
atticuspeirgorm.bsky.social,"'In a separate ""main points"" section of the same report, it reads: ""There were 21,634 new homes completed in the first nine months of the year, 3.1% lower than the same period in 2023.'They knew & they misled the Electorate!#IrishPolitics #Speirgorm www.rte.ie/news/2025/03...",13/03/2025,61017,1
sarklor.bsky.social,They may as well have sent a nodding dog as #MichealMartin#speirgorm #Irishpolitics #PaddysTrip,12/03/2025,61261,1
aoifeb.bsky.social,"40 Years On: Contraceptives Legalised In Ireland | Newstalk - Talking History with Dr Mary McAuliffe, Dr Jennifer Redmond, Prof Caitriona Beaumont and Prof Lindsey Earner Byrne #skystorians #history #irishhistory #speirgorm #irishwmnhistory  www.newstalk.com/podcasts/hig...",17/02/2025,64465,5
bekkaleigh.bsky.social,#speirgorm,26/07/2025,44749,1
sharrow.bsky.social,"The Irish government has released a report on the benefits of the pilot for a Basic Income for the Arts, and in a total shocker, it seems like it was good for the country as well as the artists. Nobody could have seen this coming.#SpeirGorm #UBIwww.gov.ie/en/departmen...",23/09/2025,39168,1
sasregulus.bsky.social,"""Inishmore Horse"". A special #painting for me. As an unpaid carer I don't earn much but wanted to give back. So with permission I used a friend's photo as reference, and donated half of the proceeds to the charity of their choice - the Down Syndrome Centre in Dublin's northside.  #ArtYear #SpeirGorm",03/09/2025,40847,133
bridgeenmckenna.bsky.social,"Only 664 more people needed for us to pass our threshold.Please, please, if you haven't signed already. Don't presume others will. Sign and shareï¿½ï¿½ï¿½ï¿½ï¿½ï¿½ï¿½ï¿½ï¿½ï¿½ï¿½ï¿½ï¿½ï¿½ï¿½ï¿½ï¿½ï¿½ï",05/02/2026,12254,1
stitchlily.bsky.social,"More awareness/active celebration of Ireland's brilliant, nationally-integrated, local library system #booksky #spï¿½ï¿½ir",12/04/2026,1209,1
frankoconnor.bsky.social,Ah here ladsï¿½ï¿½ï¿½205k for a derelict cottage one busy roadI think we can all agree that #DerelictIreland is overpriced #spï¿,02/10/2025,37566,1
albsmith.bsky.social,Good morning Dublin! #SpeirGorm,07/01/2026,18821,133
corcaigho.bsky.social,Last 46A from the city centre - canï¿½ï¿½ï¿½t believe it will be no more #spe,24/01/2025,68830,1
melinda4u.bsky.social,MoCara means ï¿½ï¿½ï¿½my friendï¿½ï¿½ï¿½ in Irish & this gorgeous Rottweiler is ready to be just that ï¿½ï¿½ï¿½ï¿½ï¿½ï¿½ï¿½ï¿½ï¿½ï¿½ï¿½ï¿½MoCaraï¿½ï¿½ï¿½s been a much loved family pet. She would thrive in a calm rural home. Could you be her forever friend?ï¿½ï¿½ï¿½ï¿½Read more here: www.madra.ie/dog-profiles/ Micro,24/08/2025,42151,3652
ziselberger.com,"Let me share a #painting of a place I've loved in the west of Ireland. ""Connemara Field"" came out of a day in south Conamara where I sat for hours by the side of a road with my bicycle, my paints, and my dreams. #SpeirGorm #ArtYear",21/07/2025,45203,5
toofeckinmuch.bsky.social,"Adding Canada and Greenland to our Free Shipping, for obvious non ï¿½ï¿½ï¿½salesyï¿½ï¿½ï¿½ reasons.#irishcraf",11/03/2025,61404,99
werslabber.bsky.social,I was so impressed with the considered responses made by @catherinegalway.bsky.social in the debate last night. It was clear that she is the only candidate who understands the importance of the triple-lock. #Neutrality #speirgorm,30/09/2025,37858,1
fiadhwild.bsky.social,'Nobody ever wants to be a refugee it's not something you choose' Zak Moradi.As my old aunt and godmother who was rescued from a mother and baby home and raised by my great grandad always says ' there by the grace of god go I'.#RefugeesWelcome#Speirgorm,29/03/2026,4854,1
anathra.bsky.social,"Reject modernity, embrace tradition",31/10/2025,30211,2
caitrionas.bsky.social,Well worth your time to read.ï¿½ï¿½ï¿½I have had to take human lifeï¿½ï¿½ï¿½: What a combat medic taught me about the reality of war. By an Irish Doctor.#speirgorm #SlavaUkraini www.irishtimes.com/wor,03/11/2025,29279,1
uilliammac.bsky.social,The courts seem to be adopting a zero tolerance policy with irish Solicitors lately.  About time. More to follow.#Irishpol#Speirgorm,14/12/2024,74550,1
jamesmgeary.bsky.social,Interesting one to watch. Moves by the EU to reduce the addictive qualities of social media.#SpeirGormwww.politico.eu/article/tikt...,14/02/2026,10377,26
imaculthero.bsky.social,An important message for #speirgorm,18/09/2025,39532,1
sharrow.bsky.social,Good Riddance! #SpeirGorm #McRapist #ï¿½ï¿½r,15/09/2025,39797,1
jessdee.bsky.social,"Three Irish citizens among activists detained as Israeli forces seize flotilla ships, organisers say. Thinking of Sarah Clancy - all eyes on the flotilla #speirgorm jrnl.ie/6832196",01/10/2025,37654,3
drmcarley.bsky.social,ýýýý Some casual racism for your Sunday afternoon courtesy of the UK's BBC.Alcohol consumption rates in Ireland are roughly the same as those in the UK. While UK has a significant problem with under-age drinking in comparison to Ireland's far lower levels.#Speirghorm #Speirgorm,30/11/2025,25069,1
thebookshopie.bsky.social,"Lads, if you are looking for fantastic service, I can't fault @thebookshopie.bsky.social they went above and beyond. #Shoplocal #Irishbusiness #speirgorm #SLATED",19/11/2025,26891,164
barnat4.bsky.social,"ýýýýýýýýýýýýI donýýýt know who originally came up with ýýýAndrew Taytoýýý, but bualadh bos!#SpeirGorm",19/03/2025,60042,40
lamhfada.bsky.social,"Here's the real reason the want to dilute the Occupied Territories Bill #spï¿½ï¿½irgorm Not only are we complicit,  we've more blood on our hands than most. www.aljazeera.com/news/2025/5",15/06/2025,49079,41
bridgeenmckenna.bsky.social,The deliciously fabulous Miriam Margolyes ï¿½ï¿½ï¿½ï¿½ï¿½ï¿½ï¿½ï¿½ï¿½ï¿½ï¿½ï¿½ï¿½ï¿½ï¿½,28/07/2025,44598,1
literaryhalcyon.bsky.social,"Delighted to hear about the book launch for the first poetry collection by Ardmoreï¿½ï¿½ï¿½s Alice R Perks. 2 May at 6pm in St Paulï¿½ï¿½ï¿½s Church, Ardmore, Co. Waterford. Congratulations Alice!#poetrysky #waterford #spokenword #booklaunch #poetrycommunity #poetr",17/04/2025,55739,75
thisgrilllife.bsky.social,A little late to start today but weï¿½ï¿½ï¿½re off (or on ï¿½ï¿½ï¿½ï¿½) now. Two racks. Rubbed and resting. The Kamado is calling. ï¿½ï¿½ï¿½ï¿½Saturday cook ï¿½ï¿½ï¿½ï¿½ï¿½ï¿½ï¿½ï¿½ï¿½ï¿½ï¿½ï¿½#TineBeo #Kamado #IrishBBQ #BBQMunity #LowAndSlow #PorkRibs #StickyRibs #spï¿½ï¿½irgo,28/03/2026,5069,66
suekirk.bsky.social,"Some easy beginner astronomy for #spï¿½ï¿½irgorm this evening. If you head out in the next 15 minutes or so and look towards the sunset, the fi""star"" you'll be able to see emerging in the western sky is actually the planet Venus.",05/03/2025,62143,1
amfisher3000.bsky.social,"She lived in solitudeand now in solitudehas built her nest;and in solitude He guides her,He alone, who also bearsin solitude the wound of love.John of the Cross, 16th century#Photography #Poetry #Spï¿½ï¿½irGhorm #SpeirGorm #India #ImageAndVerse #ArtOfBlueSky #PhotographersOfBlueSky #EastCoas",03/03/2026,8016,22
finncallaghanart.bsky.social,It's the only option we have in the Midwest region for half a million people. We keep shouting about it but nothing is changing. #SpeirGorm,14/01/2025,71176,91
stephencward.com,Iï¿½ï¿½ï¿½m just gonna kick it off here.Miggledy was ï¿½ï¿½ï¿½allowedï¿½ï¿½ï¿½ to have latitude because he was popular & had powerful supporters.Catherine will not be afforded same.Iï¿½ï¿½ï¿½ve seen this commentary twice in past 24 hours.The fooking stink of ,16/03/2026,6508,1
liamward.ie,"Very disappointed to see that my local TDs (Gary Gannon, Marie Sherlock, Mary Lou McDonald). are still supporting Twitter by posting there. At what point does the need for followers outweigh the misinformation, abuse and facilitation of child sex abuse material? #SpeirGorm@fertha.bsky.social",02/01/2026,19883,1
eils1.bsky.social,Ma must have untied him from her kitchen table (& he headed straight back to the school). ï¿½ï¿½ï¿½ï¿½ï¿½ï¿½ï¿½ï¿½ï¿½ï¿½ï¿½ï¿½ï¿½ï¿½ï¿½ï¿½ï¿½ï¿½ï¿½ï¿½ï¿½ï¿½ï¿½ï¿½Enoch Burke returned to Mountjoy Prison on foot of contem,25/11/2025,25981,1
nigellicus.bsky.social,One benefit of being laid up with the flu - I finally got to read this. It's a hugely important book and I cant recommend it enough. It takes a lot of complex and overwhelming ideas and makes them easy to access and digest. Despite the subject matter it gave me a lot of hope. #spï¿½ï¿½ir,15/02/2026,10243,1
adrianlegg.bsky.social,"Time to share a #painting with you. ""West Cork"". My knees often arenï¿½ï¿½ï¿½t happy in west Cork. People have to lift me out of couches. On the other hand when you cycle up those hills, or even their mountain passes, you tend to get glorious views. So I painted this, itï¿½ï¿½ï¿½s my West Cork. #SpeirG",02/02/2025,67258,5
henryh8scops.bsky.social,"Tomorrow 24 humanitarian volunteers face 20 years in prison in a Greek court for saving lives at sea. One, Seï¿½ï¿½n Binder, grew up in my local town, Castlegregory, Kerry.#SolidarityIsNotACrime #StandWithSeï¿½ï¿½n #DropTheCharges #FreeHumanitarians #NotMyEurope #speirgormwww.politico.eu/article",03/12/2025,24432,148
bridgetpf.bsky.social,"ýýýý Little daily thread of some gift ideas from me aul shop/siopa from now until d'Christmas.This hard-working canine companion warms themself by a familiar range in this watercolour and pencil illustration of a well-loved, cosy, rural Irish kitchen.Prints: www.ciaraioch.com/artprints/p/...",05/12/2025,23699,2
lielac.bsky.social,"I'm sure this joke has already been made by a million #Tolkien nerds, but if you're a Nazgï¿½ï¿½l abroad in Ireland tonight, you're fucked. #ï¿½ï¿½owyn #eowyn #s",24/01/2025,68898,3239
lisa1111can.bsky.social,"I work all night, I work all dayto pay the bills I have to pay,ain't it sad?And still there never seems to bea single penny left for me, that's too bad ...Abba, 20th century#Photography #Wisdom #Poetry #SpeirGorm #Ireland #Kathmandu #Nepal #EastCoastKin #PhotographersOfBlueSky #ArtofBlueSky",22/09/2025,39200,22
renebatt.bsky.social,We popped over to Doolin on the ferry to do the Cliffs of Moher cruise. Obsessed with the sea stack! ï¿½ï¿½ï¿½ï¿½ #s,31/05/2025,50576,1
sugarcubedog.bsky.social,"""Burren Tree"" One of my earlier Burren paintings, it came out of a cycling visit to my favourite limestone karst region of Ireland. I do like the other parts of County Clare, but find the Burren's stone walls on fields of stone intoxicating. #SpeirGorm #ArtAdventCalendar",18/12/2024,74118,4
maribelleribier.bsky.social,#spï¿½ï¿½irgorm #Irish #writingcommunity #supportlocal #indiebooksellers #booksellers #books ï¿½ï¿½ï¿½ï¿½ ï¿,19/09/2025,39436,10
petercbradbury.bsky.social,"But you don't own me!You can't tell me whenor where I'm out of line,or try to get me to liveaccording to your rules.You don't even knowwhat I am.Guess Who Came To Dinner, 20th century #Photography #SpeirGorm #StreetPhotography #ImageAndVerse #Birds #PhotographersOfBlueSky #EastCoastKin",16/12/2025,22205,22
stephencward.com,Meehole Martin can adopt the IHRA definition all he wants. It won't stop me saying that Satanyahu is a war criminal and that Israel is a terrorist state committing a genocide. Or that Meehole is a gormless prick.#FreePalestine #speirgorm,17/01/2025,70785,1
dochasisgra.bsky.social,"Last word on Jim Gavin-the former tenant & money story was important but his lack of answer/evasion around the #womenofhonour question is more revealing for me- both of Gavin & the media.The media ran with the money,the issue of violence against women,nothing, just ignored,typical #aras25 #speirgorm",06/10/2025,36693,1
irishwol.bsky.social,"ýýýThe worst of the nastiness represented by Trump and the far-right is now being imported here by Minister Jim OýýýCallaghan.""Local councillors and TDs have criticised the government for deporting people to Nigeria, including school children. #Speirgormdublinpeople.com/news/southsi...",06/06/2025,49982,1
radiobeartime.com,"Date for your diaries! Our next lunchtime seminar will be on 4 March when our own David Coughlan will speak on ""The Laws of the Locked Room Mystery"". All welcome! @unioflimerick.bsky.social #ULEnglish #spï¿½ï¿½ir",20/02/2026,9566,1
lordloophole.bsky.social,I dwell amongst my people#Samhain #speirgorm #Halloween,24/09/2025,38649,1
werslabber.bsky.social,"You know this is Yank fascist bullshit infiltrating Ireland and pretending to be Irish nationalism when they talk about the military securing the border.Lads, any actual Irish nationalist wants the border gone, not ""secured"". #Spï¿½ï¿½irghorm #Spï¿½ï",09/04/2026,3023,1
brendanjharkin.bsky.social,Official government agency ï¿½ï¿½darï¿½ï¿½s Na Gaeltachta using AI slop. So grim. Even worse as itï¿½ï¿½ï¿½s to advertise a green initiative. Absolutely nothing green about AI image generati,03/04/2025,57297,1
macmuiris.bsky.social,This is the same guy who said the Spicebag Garda eviction painting 'sent a shiver down his spine' #speirgorm,08/01/2026,18611,1
conormolloy.bsky.social,#SpeirGorm You know what to do. #Boycott Trump supporting companies.,27/02/2025,62855,96
stote.bsky.social,"In Irish publishing, you could make the bestseller list every year and never make minimum wage.#SpeirGorm",29/03/2026,4857,26
singasongrightnow.bsky.social,Some shots/quick processing for some of the DSLR shots of the #northernlights burst around 9pm last night. Best visual display I've seen since October 2003. #aurora #speirgorm #ireland,20/01/2026,15767,2
norseren.bsky.social,I'm late for #ThinkTrunkTuesday today. I went out early on a long trek across the mountains.This old oak is a great place to sit and collect your thoughts.#hiking #nature #photography #trees #landscape #EastCoastKin #Ireland #Spï¿½ï¿½ir,12/08/2025,43599,13
stephencward.com,What do these two have in common?They both back putting the belongings of homeless people in dumpster & bin trucks.#speirgorm,19/01/2026,16555,1
renandpen.bsky.social,The sun in Ireland is phenomenal right now #speirgorm,09/04/2025,56641,1
ellyj.bsky.social,"Have a #painting. ""Looscaunagh Lough"" came from a lucky day. After painting in Kenmare I packed up my paints and cycled up and over Moll's Gap, and coming down I was arrested by this lake high above Killarney National Park. Caressed by an indecisive rain I sat down and looked.  #SpeirGorm #ArtYear",24/03/2025,59388,4
grouchymarx.bsky.social,ýýýýýýýýýýýýýýýýýýýýýýýýýýýýWatch out folks. The scammers are taking advantage of our vulnerable time post- #Stormýýowyn  Please warn your people.#speirgorm ##ESB #Help,28/01/2025,68481,1
killianlpc.bsky.social,"Steen, Sheridan, McGregor et al had YEARS to do the work but they didn't, preferring instead to hurl from the ditch and then blame the referee. They are not serious political people.They are a bunch of staggeringly entitled pick-mes, and the system worked as it should to weed them out. #speirgorm",24/09/2025,38815,1
frankoconnor.bsky.social,"My ""letter to the editor"" regarding the Housing Minister pulling back from the Government's commitment to end homelessness by 2030. It didn't get picked up in my network so please feel free to steal or rework it if you feel #FFG voters in yours might read it and consider . Cheers. #spï¿½ï¿½ir",05/03/2025,62029,1
wesmank.bsky.social,"Proud to have stood with 100,000 plus today, calling for the European Union to finally impose sanctions on the Israeli regime, who are committing a live streamed genocide. ï¿½ï¿½ï¿½ï¿½ï¿½ï¿½ï¿½ï¿½ï¿½ï¿½ï¿½ï¿½ï¿½ï¿½ï¿½ï¿½ï¿½ï¿½ï¿½ï¿½#SanctionIs",15/06/2025,49076,1
recipemother.bsky.social,"Two days to the solstice: do you know they livestream it from the inner chamber of Newgrange? heritageireland.ie/winter-solst...The player will start streaming at 08:40 UTC on Saturday 21 December.Yes, I am a big nerd. I literally have a Masters in this stuff, lads. #SpeirGorm #Ireland",19/12/2024,73798,4520
flaneuse1.bsky.social,"Ireland elects an independent, socialist woman to the position of president.Irish Media: ï¿½ï¿½ï¿½Today, we ask what went wrong with the system, what her opponents have to say about it, and how it can be fixed for next time.ï¿½ï¿½ï¿½#SpeirGor",26/10/2025,31660,26
basrene.bsky.social,"Every year there are scandals from the Greyhound racing industry are uncovered; Dogs abandoned, abused, killed in horrific ways, exported to countries with little to no animal welfare regulations. The time to Ban this cruel sport is now ï¿½ï¿½ï¿½ï¿½#uplift #speirgorm my.uplift.ie/petitio",24/04/2025,55091,706
sloeginpudding.bsky.social,"I and Pangur Ban my cat,'Tis a like task we are at:Hunting mice is his delight,Hunting words I sit all night.In our arts we find our bliss,I have mine and he has his.Anon., 9th century#Photography #Wisdom #Spirituality #Poetry #SpeirGorm #Ireland #Cats #Caturday #ImageAndVerse #EastCoastKin",04/10/2025,37075,2
rhidaneelolivaw.bsky.social,Naoise's brother is asking Irish people to please contact the government #Speirgorm,10/10/2025,35382,9
alisonmarigold.bsky.social,"Munster Hurling FinalFull Time in extra timeLimerick 2-27Cork 1-30Itï¿½ï¿½ï¿½s down to penalties, a cruel way to decide such a fantastic game, both sets of players have given their all#speirgorm #GAA #hurling #munste",07/06/2025,49876,31
byhedge.bsky.social,"ýýýYou donýýýt treat a flood where it ends up, you treat it where it starts. Upstream at the top of the catchmentýýýHow to use the land more cleverly to adapt to changing weather and future floods. #RTECountrywide #SpeirGormListen: ýýýý www.rte.ie/radio/radio1...",07/02/2026,11814,1
sharrow.bsky.social,I'm not sure we should be offering emergency powers to the guys who caused the emergency #spï¿½ï¿½ir,03/12/2025,24548,1
mudwiggler.bsky.social,"ýýýAre you wearing the-ýýý ýýýThe poorly but enthusiastically sculpted Samhain turnip earrings I made a few years ago? Yeah, I am.ýýý",30/10/2025,30834,1
paulodonovan.bsky.social,"""Council under fire for ï¿½ï¿½ï¿½7m Bishop Lucey Park redevel""Here is the full piece about the new 'park' in todays @echolive.bsky.social (by Amy Campbell) Me & @judesherry.bsky.social provided our overall thoughts #RestPlayWork #DerelictIreland #Cork #SpeirGormwww.echolive.ie/corknews/ari...",19/11/2025,26830,1
mnicearbhaill.bsky.social,This was sent to me and captures Limerick Junction perfectly - bucketing down and the rain to Cork is late. #Speirgorm,12/11/2025,27941,1
cuileannach.bsky.social,#Spï¿½ï¿½irgorm #spï¿½ï¿,14/08/2025,43045,1
fritzjamoke.bsky.social,"It's 2025, I'm 70 years old, and I wish to comment on the following statements:-a/ ""You can't turn back the clock"" b/ ""You can't put the genie back in the bottle""a/ You literally can turn back a clockb/ You need to read folklore#writingcommunity #booksky #Spï¿½ï¿½irGorm #1001Ni",18/01/2025,70352,2013
sarklor.bsky.social,"So @davidmccullough.bsky.social you may have seen some stuff about the #Burkes, they are an extremist evangelical protestant family from Mayo.How extreme Wellwww.independent.ie/irish-news/e...#speirgorm",14/03/2025,60963,1
antainemacaoidh.bsky.social,"Happy Wran's Day!The Wren, or Lï¿½ï¿½ An Dreoilï¿½ï¿½n, is still strong in parts of Ireland (notably Kerry), with elements entwined with nature and the pagan roots of this time ""Up with the kettle And down with the pan Give us a penny to bury the wran""Prints: www.ciaraioch.com/artprints/p/...",26/12/2025,20985,2
deborah-c.bsky.social,"Ivan Yates' strategy against Catherine Connolly is a dirty smear campaign - ""is she a Russian asset? Do you want a Provo in the Park?"".Absolutely gross. At least the tactic is transparent. #speirgorm",09/10/2025,35641,1
marguerites.bsky.social,Ireland Issues Travel Warning For Irish trans travellers to the US#Spï¿½ï¿½irgorm I wouldn't advice cis Irish people to travel to the US in the next few years either to be honest....www.newsweek.com/ireland-iss,26/03/2025,58914,1
rgm51.bsky.social,"The Jennie's Law petition has just hit 20,000 signatures! Thanks to everyone who has signed and shared. If you haven't signed yet, please add your name now. Do it for everyone who's been affected by domestic violence, but most of all, do it for Jennie Poole. my.uplift.ie/petitions/pr... #speirgorm",10/04/2025,56424,32
wuxiawerewolf.bsky.social,Our early bird memberships for Octocon 2026 are selling fast! (Weekend Attending & Concession only.) Get yours asap to make sure you can join in all this year's activities.octocon.com/join-us#Octocon #SciFi #Fandom #Fantasy #conventions #Ireland #Spï¿½ï¿½irGhorm #Speir,24/01/2026,15385,147
sharrow.eurosky.social,If this was Paris passersby would be letting the air out of their tyres ï¿½ï¿½ï¿½ just sayinï¿½ï¿½ï¿½ #fuelprotest #ireland,09/04/2026,3059,1
siobhanryan.bsky.social,"Can people please repost this. Iï¿½ï¿½ï¿½m looking for Black Irish users ï¿½ï¿½ï¿½ï¿½ï¿½ï¿½ï¿½ï¿½ï¿½ï¿½ï¿½ï¿½ï¿½ï¿½ï¿½Could you please drop a reply so I can add you to a list #speirgorm*by Black Irish I mean has lived in Ireland not America",14/01/2025,71185,2
mssparkle.bsky.social,"A timely reminder to NOT go and do something stupid so you can post about it on social media.[Although, I know there'll always be one who does it.]Just know, it won't just be you that you're putting at risk, the emergency responders too. Don't do it.#StormEowyn #Stormï¿½ï¿½owyn #Speir",23/01/2025,69296,3871
atticuspeirgorm.bsky.social,Are you infected by the #corruption of the #corrupt person you keep electing?Is it yes for #DonaldTrump voters and an inexplicable no for #MichaelLowry voters?#Tipperary #Ireland #SpeirGorm #Dail,28/03/2025,58544,1
oisinmcgann.bsky.social,"A ï¿½ï¿½ï¿½well-orchestrated campaign to keep out Independent candidatesï¿½ï¿½ï¿½, or as we in Ireland like to call it, a ï¿½ï¿½ï¿½democratic elec",24/09/2025,38706,26
pompompastel.bsky.social,"HH digging her grave live on RTE. Snapping attack dog, interrupting CC is not a good approach, particularly given how her candidacy is pitched as moderate centre.#ï¿½ï¿½ras25 #speir",12/10/2025,34740,1
reidangela.bsky.social,#speirgorm #IrelandThings we like to see. Proud of those folks.,11/02/2025,65279,32
rorycorbett.bsky.social,#Slavery was a family business. Uncovering a network of familial relationships between #Irishslaveholders in South Carolina. tinyurl.com/4t76e8ep #speirgorm,06/10/2025,36317,1
heavenstobetsie.bsky.social,Aiming for a Brambly Hedge-ish January,03/01/2026,19704,2
grainneblair.bsky.social,Big day ahead!#Speirgorm,31/12/2024,72813,1
grainneblair.bsky.social,"You lose all credibility when you turn your back to the president welcoming a ceasefire in Gaza, and expresses sympathy for all victims. #Spï¿½ï¿½ir",26/01/2025,68748,1
morct1.bsky.social,"The bird app is dead to me, folks. ï¿½ï¿½ï¿½ï¿½Thanks for making this (and other channels) my new home. ï¿½ï¿½ï¿½ï¿",07/01/2026,18912,1
bioniclaura.bsky.social,Genuinely unbelievable 2nd half by Tipp and a performance for the ages from Darragh McCarthy. A 19 year old scoring 1-14 in an All-Ireland final is just mind-blowing. Never could have seen Cork being kept to 2 points in 2nd half. #GAA #AllIreland #spï¿½ï¿½ir,20/07/2025,45284,170
anaemicroyalty.bsky.social,Absolutely not. Nip this in the bud. Our Gardaï¿½ï¿½ do not need to take steps towards the kind of impunity seen in the states. It's beyond dangerous. Their job is to protect the public above all else. If their role is to uphold the law they need to be beholden to it #spï¿½ï,01/04/2026,4329,1
caitrionas.bsky.social,Imagine the leader of the free world turning to the leader of Germany to remind him that June 6th wasn't a good day for his country. Merz helpfully reminded DT that it was in fact a great day because Nazism was being defeated. #speirgorm #merz #dday  #ww2 #gobsmacked,05/06/2025,50058,1
blacksmithpro.bsky.social,Unreal sized crowd for the There Is No Ceasefire @ipsc.bsky.social Dublin Regional March. Considering it's a rainy January I'm so impressed with the passion that people have #Speirgorm,24/01/2026,15334,26
ronandusty.bsky.social,Theyï¿½ï¿½ï¿½ve charged Mo Chara from kneecap with terrorist offences. Fuck that. Solidarity with Mo Chara and Kneecap. Calling out a genocide is a moral duty. Fuck any law or cunts says otherwise. #kneecap #spe,21/05/2025,51633,1
loucon.bsky.social,"When Trump dies most of the world will celebrate, with champagne, with fireworks, with a renewed sense of hope.#Spï¿½ï¿½ir",21/03/2026,5659,5
timmorton2.bsky.social,"Catherine Connolly can put this in her ""Ireland has always been neutral"" file#ï¿½ï¿½ras25 #speir",13/10/2025,34545,39
debhruin.bsky.social,"Everyone is a ï¿½ï¿½ï¿½legimateï¿½ï¿½ï¿½ target to the IDF at this stage, babies, hospital patients and staff, aid workers, doctors, journalists, diplomats#speirgorm #Spï¿½ï¿½irGhorm #IrishNew",21/05/2025,51760,1
cathyby.bsky.social,"Given the lovely Moonlight & weather conditions, I thought I'd do a low light test of the camera on the Mini 5 Pro.Didn't have high expectations on getting anything usable: I was very wrong.Boatstrand/The Copper Coast at night.#speirgorm #ireland #ThePhotoHour",02/12/2025,24708,1
siobhanmcelduff.bsky.social,"Spotted in Dunnes today, on Toy Show day of all days. Who knew Tubs had a magazine?! #Spï¿½ï¿½ir",06/12/2024,75935,1
yermazaguddin.bsky.social,Ladsï¿½ï¿½ï¿½#spe,27/03/2026,5169,21
greenvia.bsky.social,The Royal Canal Odyssey on 14 June #Spï¿½ï¿½ir,18/04/2025,55678,1
egrettt.bsky.social,78.12% ï¿½ï¿½ï¿½ï¿½#S,27/01/2026,14785,1
conorsmith.ie,"Someone I know who tallied spoiled votes yesterday said many of them were really vile, racist, misogynistic, one was even smeared with blood. The most common word was c*nt beside the candidates. #SpeirGorm #Aras25",26/10/2025,31452,1
coleraineyid.bsky.social,"The far right will eventually kill someone or lots of someones if our pathetic government does not act now to stop them ï¿½ï¿½ï¿½ first step would be for politicians, including Government ministers, to stop repeating far right racist rhetoric #spe",01/11/2025,29858,3
wildecard.bsky.social,This is truly awful news. What a relief nobody was badly hurt. The Tanaiste and other politicians should really reflect on how their ï¿½ï¿½ï¿½too many migrantsï¿½ï¿½ï¿½ comments this week embolden the arsonists and rioters. #SpeirGorm www.thejournal.ie/fir,01/11/2025,29902,1
highpriestess-jsts.bsky.social,"Itï¿½ï¿½ï¿½s not just Indie bookshops though. Itï¿½ï¿½ï¿½s all our small local businesses. The cost of convenience, of next day delivery and maybe a saving of a few ï¿½ï¿½ï¿½ simply isnï¿½ï¿½ï¿½t worth it. We will lose ourselves. A lot of shops and businesses shuttered in towns and villages in  Ir",29/03/2025,58371,2316
thealexurl.bsky.social,"""Everything is politics...You don't get to make art in a fascist state""CMAT delivering, mar is gnï¿½ï¿½ch. ï¿½ï¿½ï¿½ï¿½(Same goes for sport btw",01/03/2026,8600,100
workingclasshero76.bsky.social,Another bump! #astronomy #astrophotography #ThePhotoHour #speirgorm #astrosky,06/07/2025,46747,133
womenof1000.bsky.social,"Time for a #painting. ""Two Rooks, One Wire"" was painted because, and this may seem obvious, I love wires and I love birds, particularly perching birds, and rooks are so impressive. For ever I've wanted to paint a picture book of these lads, but then I'm always wanting.  #SpeirGorm #Januarty #SciArt",04/01/2025,72496,3
protestmusica.bsky.social,"ýýýýýýýýýýýýýýýýýý ýýýýýýýý ýýýýýýýýýýýýýýýýýýýýýýwill take place across venues, galleries, pubs & more throughout Limerick this weekend!Donýýýt missýýýFri 15thýýýýýýýýýý-ýýýýýýýýýýýý9pm-2amPharmacia UpstairsSun 17thýýýýýýýýýýýýýýýýýýýý ýýýýýýýýýýýýýýýýýýýýýýýýýýýýýýýýýýýýýýýý9pm-2amPharmacia Upstairs#IrishBluesky #speirgorm  #musicsky #music@feltelabel.bsky.social @4ad.comýýýýýýýý",13/08/2025,43198,178
helendublin.bsky.social,Women make up just 25% of the Dï¿½ï¿½il. The women who voted in favour of this bill outnumbered those who did not by about 2:1. Women do not make up just 25% of the population. This is why representation matters. Vote for parties that demonstrate gender equality in their candidate nominations #spï¿½ï,19/12/2025,21803,1
emmadragon.bsky.social,"Not just Ireland. Internationally, huge absence increases since Covid, esp. in special & low-SES schools. DEY response is to target parents, rather than any health-related intervention. Clean air is a more effective intervention than hot air. #edchatie #SpeirGormwww.irishtimes.com/ireland/educ...",26/01/2026,15011,1
kbkarma.bsky.social,#speirgorm#irishskyThis drum still needs beating.Tax the church.Seize their assets. Force them to pay reparations to the victims of clerical abuse,14/04/2025,56043,1
wesgo.bsky.social,"The people's mess #CMAT does #JimmyKimmel. She didn't play it safe. Some middle Americans struggling with it. Our pop punk country Queen never lets us down. Brave, authentic, and insanely talented + ""Euro Country"" is Mercury Prize 25 nominated ï¿½ï¿½ï¿½ #spï¿½ï¿½irgorm www.youtube.com/watch",10/09/2025,40324,1
irlguide.bsky.social,ýýýýýýýIreland Buried in Snow.ýýý - Garron Noone.#Sneachta #SpeirGormyoutube.com/shorts/GwssD...,04/01/2025,72436,2498
burntcopper.bsky.social,"""They appeared on [...] Reddit in an Irish subgroup which encourages its 3,200+ members to ï¿½ï¿½ï¿½tradeï¿½ï¿½ï¿½ images of ï¿½ï¿½ï¿½IRL girlsï¿½ï¿½ï¿½ for sexual gratification [...] images include teenagers in their school uniforms, alongside their na""Never, ever ends.www.thejournal.ie/non-consensu...",02/06/2025,50342,2
dochasisgra.bsky.social,#speirgormThis is going to be good!,18/10/2025,33934,1
sarriane.bsky.social,"For the uninitiated, these are Irish Throwing Stars, an ancient weapon wielded by St. Brigid during the 1916 Rising, striking fear into the hearts of the British, and responsible for the eventual smiting of both Cromwell and Thatcher.",01/02/2026,13323,2
pirritin.bsky.social,Just after dawn on new years day 2025. It was one of the better ways to start the year that I've had in recent memory.This is looking south between Tibradden forest and Fairy Castle cairn.#hiking #nature #photography #scape #landscape #Spï¿½ï¿½irGorm #Ire,18/04/2025,55643,79
adrikool.bsky.social,President Tayto ï¿½ï¿½ï¿½ I think not. Any member of the Oireachtas or a local authority whoï¿½ï¿½ï¿½d sign his nomination papers would be standing shoulder to shoulder with a violent thug rapist. The women of Ireland are watching you all,21/03/2025,59795,1
tjeremy.com,Not to get IRL on the skyline but is anyone in the #speirgorm / #speirghorm community in NYC interested in playing some trad**mostly Pogues covers,14/04/2025,56049,26
pnamblath.bsky.social,#SpeirGorm #GiveBlood,15/10/2025,34188,31
fmd17.bsky.social,"Have a hefty whack of unexpected medical and physio bills so I'm running a flash discount in the shop for the week - you can use the code BANJAXED at checkout on www.ciaraioch.com/artprints to get 10% off all orders. If you've had your eye on a print, please take it off, you're making it soggy.",23/06/2025,48352,2
sandraduffy.bsky.social,First of the season ï¿½ï¿½,17/11/2025,27143,1
kobanya.bsky.social,"THIS European approach is the way forward, not that of our former colonisers. ï¿½ï¿½ï¿""ýýýýýýýýýýýý ýýýýýýýýýýýýýýýýýýýýýýýýýýýýýýýýýýýýýýýý ýýýýýýýýýýýýýýýýýýýýýýýýýýýýýýýý ýýýýýýýýýýýýýýýýýýýýýýýýýýýýýýýýýýýý ýýýýýýýýýýýýýýýýýýýýýýýýýýýý ýýýýýýýýýýýýýýýýýýýýýýýýýýýýýýýý ýýýýýýýýýýýý ýýýýýýýýýýýýýýýýýýýýýýýýýýýýýýýýýýýýýýýýýýýýýýýýýýýýýýýý, ýýýýýýýýýýýýýýýýýýýýýýýýýýýýýýýýýýýýýýýýýýýý ýýýýýýýýýýýýýýýý ýýýýýýýýýýýý ýýýýýýýýýýýýýýýýýýýýýýýýýýýýýýýýýýýýýýýýýýýý ýýýýýýýýýýýýýýýýýýýý ýýýýýýýýýýýýýýýýýýýýýýýýýýýýýýýýýýýýýýýý ýýýýýýýýýýýýýýýýýýýýýýýýýýýýýýýý ýýýýýýýýýýýýýýýýýýýýýýýýýýýý.""www.erininthemorning.com/p/new-german...#LGBTQ #Trans #IrishSky #SpeirGorm",01/05/2025,53954,3086
lobstermasher.bsky.social,"You do not have to be good.You do not have to walkon your knees for a hundred milesthrough the desert repenting.You only have to let the soft animalof your body love what it loves.Mary Oliver, 20th century#Photography #Poetry #SpeirGorm #ImageAndVerse #PhotographersOfBlueSky #EastCoastKin",28/11/2025,25374,22
louthforever.bsky.social,High time for Irish universities to do the same. No respectable institution or business should stand on a platform that predominantly peddles lies and hatred. #speirgorm,12/01/2025,71722,1
victorn86976916.bsky.social,"If you're European and you're still buying Chinese goods after this, then you're the problem. #eu #speirgorm #standwithukraine",14/09/2025,39952,1
helendublin.bsky.social,"3 headlines to remind us the housing crisis is down to government policy, allowing 180k+ homes to lay empty while manufacturing a homeless industryThe example below might be Cork City but you'll find a similar situation across IrelandEveryone should have a home#DerelictIreland #speirgorm",06/01/2026,18990,1
dawnbooklover1.bsky.social,The 7 minute Irish animation that is nominated for an Oscar. Worth a watch. #SpeirGorm,10/03/2026,7290,133
libertiesbelle.bsky.social,"In 1970 a group of art students visited Dingle & painted portraits of local fishermen; this is my grandad Paddy Brosnan, by R. Oï¿½ï¿½ï¿½Connell. Anyone any idea where the artist might be now?#speirgorm @aoifeg.bsky.social @dinglelit.bsky.social @ciaraioch.bsky.",13/02/2025,64914,1
irishbigmac.bsky.social,"850,000+ ppl in with neuro conditions & NO real effort to remedy decades of neglect & ZERO ambition on how to mitigate for impending brain health catastrophe in Ireland.healthmanager.ie/2018/03/irel...#speirgorm #PfG #IrishPolitics #GE24",18/01/2025,70656,1
bridgeenmckenna.bsky.social,"Please remember that these protests, whether you agree with them or not, are a direct result of European governments, including our own, refusing to stop Israel on it genocidal path. Don't let them hide that fact.#Spï¿½ï¿½irGorm #BoycottDivestSanctionIsrae",09/04/2026,2910,1
suzannefitz.bsky.social,What on earth are we buying? That all needs to stop ï¿½ï¿½ï¿½ #boycott #speirgorm #stopthege,24/05/2025,51062,5261
dove74.bsky.social,"""We may cry for the environment, the vulnerable, the homeless, but those tears fall in equity-shaped droplets."" Buladh bos do Colin Sheridan, this piece is exquisite ï¿½ï¿½ï¿½ï¿½www.irishexaminer.com/opinion/colu...#Speirgorm #",01/11/2025,29746,1
comtedemoney.bsky.social,Astï¿½ï¿½rix and Oze,31/05/2025,50558,53
davidmccullough.bsky.social,"An older #painting for you. In the years before I cycled across America and Europe, I'd go on day trips cycling anything from 100 km to over 200 km. I'd no money so I'd return home the same day. ""Ruined House"" I painted because I find our fields and their stories intoxicating. #SpeirGorm #ArtYear",27/02/2025,62816,5
freelancewebdev.bsky.social,"It's never been about providing everyone with a homeIt's always been about speculation, hoarding & profiteeringThat's left us with record high rents & evictions, & over 160k vacant & 20k derelict homesWhile over 17,000 struggle in emergency accommodationThis is all deliberate & deadly#speirgorm",01/03/2026,8273,1
lcodonnell.bsky.social,"I love the free in thee,my bird,The lure of freedom drew;The light you fly toward,my bird,I fly with thee unto ...George 'AE' Russell, 20th century#Photography #Spï¿½ï¿½irGhorm #SpeirGorm #PalacesAndGardens #UnexpectedEncounters #ImageAndVerse #ArtOfBlueSky #PhotographersOfBlueSky #EastCoas",26/03/2026,5204,22
corcaigho.bsky.social,Verona Murphy giving off sub teacher who can't get a grip on the class vibes#MastoDaoine #Spï¿½ï¿½ir,22/01/2025,69706,1
dahliadonovan.bsky.social,"A painting for you. ""Blue View"" was painted because I like walking across fields and bogs and streams and mountains. And because sometimes everything is just a bit blue.    #SpeirGorm #JanuArty",08/01/2025,72076,2
stitchlily.bsky.social,"Tomorrow 24 humanitarian volunteers face 20 years in prison in a Greek court for saving lives at sea. One, Seï¿½ï¿½n Binder, grew up in my local town, Castlegregory, Kerry.#SolidarityIsNotACrime #StandWithSeï¿½ï¿½n #DropTheCharges #FreeHumanitarians #NotMyEurope #speirgormwww.politico.eu/article",03/12/2025,24480,1
drkevguitar.bsky.social,"Dublin City Council members criticised Simon Harris for comments which linked immigration figures with the homeless crisis. One councillor said, ""he has never met a problem that he wonï¿½ï¿½ï¿½t blame on someone else; now heï¿½ï¿½ï¿½s pointing the finger at migrants.ï¿½ï¿½ï¿½ #Speirgormdublinpeople.c",21/01/2026,15698,1
siobhanmcelduff.bsky.social,"If you can't be at this carnival attend any pro-Palestinian march,vigil or protest and you'll find like minded folks. I'll be in Bedford Row in Limerick tomorrow. Hopefully I'll see you there. T'wont be a carnival but t'will be just as important.No pasarï¿½ï¿½n.#saoirsedonphalaistï¿½ï¿½n #ireland #s",26/09/2025,38367,1
kirkmurphy.bsky.social,"I cannot teach youviolence, as I do notmyself believe in it.I can only teach younot to bow your headsbefore any one, evenat the cost of your life.Mahatma Gandhi, 20th century#Photography #Poetry #SpeirGorm #India #Gandhi #ImageAndVerse #ArtOfBlueSky #PhotographersOfBlueSky #EastCoastKin",26/01/2026,15078,1
cerandor.com,"Well done to everyone who pressured our govt, to everyone who protested outside Paschal Donohues office, to everyone who wrote a letter,sent an email, or signed a petition. Those fuckers weren't gonna move without pressure.#brï¿½ï¿½d #speirgorm #irelandNow tis up to the good people of Luxembo",01/09/2025,41289,1
mimivonpeach.bsky.social,"For all the #SpeirGorm trying to decide how to vote in #GE24, here's a detailed comparison of Fianna Fï¿½ï¿½il and Fine Gael and how they dif",13/11/2024,79284,1
bobjohnstonbooks.bsky.social,"Irish folk (and others who were living here at the time), what events/stories/incidents would you include in an essential guide to the Celtic Tiger if you were trying to describe it for those who didn't experience it?  It's for a (possible) thing ï¿½ï¿½ï¿½ï¿½ #s",04/08/2025,44141,5
ailsod.bsky.social,All I will say about the possible Presidential candidacy of Tony Holohan is #cervicalsmearscandal and his arrogant response to those women whose lives were devastated by what happened. No woman and certainly no feminist should or would vote further him. #speirgorm #irishpresidentialelection,21/07/2025,45177,3
fcemurphy.bsky.social,"I'm drinking tea, so here - have a goo at a painting. ""Sunset over Clare Island"" was painted 5 yrs ago, based on a time I was standing on a pillar on the southern shore of Clew Bay enjoying its many islands and looking all the way out to the fantastically shaped Clare Island. #SpeirGorm #painting",27/12/2024,73034,1
badatstuff.bsky.social,"Former Irish President & ex-UN Human Rights commissioner: ""Trump is complicit in Genocide"". Matt Frei: ""Trump is complicit in Genocide, says Mary Robinson?""Mary Robinson: ""Yes"". #spï¿½ï¿½ir",25/09/2025,38568,92
a4sounds.bsky.social,"ýýýýýý Information from An Post relevant to Irish artists selling to the US - still no clarity elsewhere about what the charges will be, time will tell.",26/08/2025,41936,1
nameless-weevil.bsky.social,Bit of a long shot here but would anyone (Dublin based) have use for these new/almost new junior cycle text books? Seems such  waste to put them into the recycling. #speirgorm,23/11/2025,26388,1
rioclick.bsky.social,What a headline! The govt should be ashamed! #Spï¿½ï¿½irgorm #Spï¿½ï¿½irghorm RTE news : Older adults becoming homeless a 'growing crisis'www.rte.ie/news/20,19/01/2026,16917,1
tofusatyr.bsky.social,"I'm sickened that the government voted CETA through at 1am last night. It's an anti-people, pro-corporation deal that allows Canadian investment companies to sue us, the Irish people. So a Canadian company can buy up housing & sue the Irish state if we introduce rent controls. #Speirgorm  #Speirgorm",11/12/2025,22973,1
llauraorrealis.bsky.social,Not going to share 'grift' but Heather Humphreys has just said that I'm a man and the gender recognition act should be changed. Please do not vote for or give a preference for her. Having someone as president who thinks this way would be absolutely awful for minorities #SpeirGorm,08/10/2025,35786,2
markdignam69.bsky.social,"So what he will say that he is representing Ireland's interests, whereas he is representing the 4% racist numbnuts that managed to vote in the last election, because NOBODY else wants this! ï¿½ï¿½ï¿½ï¿½ #SpeirGorm #P",06/02/2026,12069,2
jerome-k-jerome.bsky.social,Magic mindfulness moments from around stunning county Waterford Ireland. ï¿½ï¿½ï¿½ï¿½Tramore BeachStï¿½ï¿½ofï¿½ï¿½n Your Tour Guide ï¿½ï¿½ï¿½ï¿½www.stepsbackthrutime.ie#SpeirGorm #ireland #nature #travel #stepsbackthrutime #Waterford #mindfulness #thingstodo #phot,28/12/2024,72969,2709
jessreid.bsky.social,"Oh FFSProperty developers threaten to sue Irish Governmemt over not getting their own way on everything they f*cking wantThis weekly 'poor developer' narrative is tiring & costlyBut don't worry Tax breaks will ease their concerns, 'cos its all about the money #DerelictIreland #speirgorm",04/02/2026,12740,1
corcaighgodeo.bsky.social,"Today is the 257 anniversary of the execution of Alice Moran in Limerick, the last known person sentenced by a court to be burned at the stake. #womininhistory #speirgorm #witchcraft @blindboyboatclub.bsky.social @womenshistnet.bsky.social @whaireland.bsky.social limerickslife.com/alice-moran-...",23/04/2025,55222,1
davegildedalm.bsky.social,ýýýýýýýýýýýýtune in TONIGHTD R YC L E A N I N Glive fromýýýýýýýýýýýýýýýýýýýý ýýýýýýýýýýýýýýýýýýýýýýýýDingleýýýýýýýýýýýýnew album9 January 2026on @4ad.com LIVE17 & 18 AprilDublin + Limerickýýýýýýýýýýýý@othervoiceslive.bsky.socialwww.youtube.com/live/4AnruFl...#othervoices #OV25#IrishBluesky #speirgorm #musicsky #wildatlanticway,29/11/2025,25255,49
robosullivan.bsky.social,And here is @judesherry.bsky.social at @oireachtasnews.bsky.social outlining how compulsory sales & compulsory rental function as effective policy measures to tackle vacancy/dereliction in other countriesWe believe they would be transformative in tackling #DerelictIreland #VacantIreland#speirgorm,27/01/2026,14856,1
billallen.bsky.social,"This is Thomond Bridge over the River Shannon, and a bit of King John's Castle in Limerick, Ireland. The sun comes in at an angle in the evening and lights the whole place up like a storybook. Yellow Brick RoadOil on canvas40x40cm#oilpainting #art #speirgorm #limerick",31/03/2025,58088,5
gra246.bsky.social,#speirgorm folks might be interested in this podcast,17/01/2025,70847,5
eslsys.bsky.social,Join us. It only takes a minute to send this letter. Please!#SpeirGorm,03/06/2025,50308,1
jessreid.bsky.social,The words ï¿½ï¿½ï¿½climate changeï¿½ï¿½ï¿½ appear zero times in this RTï¿½ï¿½ report by Conor Hunt on the establishment of a network of 400 community climate shelters across the Republic of Ire,27/12/2025,20767,1
unanicanultaigh.bsky.social,"To compete with Artificially Generated Imagery, I have decided to become an Unhuman Artist by transforming into a vaguely malevolent cloud of vapour. You can support my cursed form through my print store - they're made here in Ireland, and packed in sustainable packaging. www.ciaraioch.com/artprints",14/07/2025,45926,2
jasonroche.bsky.social,#nocountryforwomenandgirlswww.irishexaminer.com/news/munster...Why do we still have to travel for healthcare when it comes to mostly women's bodies?#speirgorm,19/07/2025,45384,1
jessreid.bsky.social,This is just perfect. Encapsulates a variety of feelings that most of us have/had about this entire annual travesty that we insist upon doing. #SpeirGorm,21/03/2026,5678,1
66steve.bsky.social,The world's loosest shackles ï¿½ï,05/07/2025,46880,1
ottoflux.com,"Puffins were a special request by @cleoltd.bsky.social (though we try to keep a few at our shop). For years I thought there was too many details for puffins to work - all the colours in the beak, the. Icy markings, the shape -  it this is how weï¿½ï¿½ï¿½ve simplified it for our range #puffin #spe",06/05/2025,53377,149
werslabber.bsky.social,"Delighted to be at the launch of Saothar 50: the journal of the Irish labour history society (ILHS),50 years in publication. A wonderful collection of essays on labour, class,women,etc. excited to see the new exhibit at the ILHS archives-the banner of the Irish Women Workers Union (IWWU) #speirgorm",09/10/2025,35573,1
karlstanley.bsky.social,"#speirgorm looking for a favour. Would anyone be willing to show me what an Irish Gender Recognition Cert looks like, by dm if preferred? When I search online I'm flooded with awful TERF stuff. I want to make Son's birthday cake look like a GRC, as being able to apply is the highlight of turning 18!",15/10/2025,34227,1
mar-hogan78.bsky.social,Only 5.91% of the Total Electorate of over 3.6 million people spoiled their votes. These people are very very much in the minority. Also needs to be said that not all spoiled votes will have been conscious intentions to spoil but mistakes#SpeirGorm #ï¿½ï¿½ras2025 #Aras2025 #Uacht,25/10/2025,32235,1
linda2.bsky.social,Above the clouds with a gorgeous #BlueSky. #Dublin City is sitting under those clouds with Montpellier Hill (Hell Fire Club) poking out on the left.#hiking #nature #Spï¿½ï¿½irGorm #Ireland #photography #lands,19/01/2025,70285,79
dogtorapproximate.bsky.social,Aiming for a Brambly Hedge-ish January,03/01/2026,19599,2
easegill.bsky.social,"""Everything is politics...You don't get to make art in a fascist state""CMAT delivering, mar is gnï¿½ï¿½ch. ï¿½ï¿½ï¿½ï¿½(Same goes for sport btw",01/03/2026,8457,100
joenoonan.bsky.social,Shared by herself no less. My partner is thrilled. This really feels like a movement that values the people within it #spï¿½ï¿½irgorm #ï¿½ï¿,09/10/2025,35475,1
dochasisgra.bsky.social,#Speirgorm,09/06/2025,49637,1
trionac.bsky.social,30.5km walked so farI'm trying to walk 200km to raise ï¿½ï¿½ï¿½200 for the people of Palestine while I re-learn how to walk after a ruptured achillesPlease consider donating:www.gofundme.com/f/200km-walk...#Palestine #Gaza #Fundraiser #SpeirGorm #C,01/07/2025,47429,5
karsugrue.bsky.social,Delighted to see that Alice Mary Higgins (NUI) & Lynn Ruane (Trinity)should be returned to the Seanad. With the disgraceful dearth of women in Ministerial positions itï¿½ï¿½ï¿½s great that weï¿½ï¿½ï¿½ll have two powerful womenï¿½ï¿½ï¿½s voices / activists for the marginalised will (ï¿½ï¿½ï¿½ï¿½ï¿½ï¿½ï¿½ï¿½) be ,30/01/2025,68081,1
hopenlight.bsky.social,Northern Lights from Phoenix Park now. #SpeirGorm,19/01/2026,16522,133
sullydaysleeper.bsky.social,There is a protest at the Dï¿½ï¿½il tonight to show opposition to the shameful decision to concrete over the site of these atrocities with no regard for victims. I'll be there - come along! #SpeirGorm #Poli,18/03/2026,6021,1
starrock2.bsky.social,"The Maharees is a community seeing the growing impact of climate change, and they are working together to mitigate and adapt. They are our future. #speirgorm - itï¿½ï¿½ï¿½s also one of the most beautiful places in ",07/11/2025,28643,148
cscosmicrose.bsky.social,There was an amazing display of Aurora Borealis in Ireland last night. Strongest in my lifetime. These were taken with my phone from my South facing urban garden. #NorthernLights #Aurora #speirgorm #spï¿½ï¿½irghorm #ireland #auroraborealis #astro,20/01/2026,15847,69
themcquade.bsky.social,"""Tramore II"" The second time I painted the County Waterford town, and again it featured a junction because choices have a tendency to paralyze me. I did this painting 4 years ago and it sold shortly after.  #Art #speirgorm",26/11/2024,77627,2
haruujin.bsky.social,Naoise's brother is asking Irish people to please contact the government #Speirgorm,10/10/2025,35205,9
wesmank.bsky.social,Anyone checked in on Sinn Fein today to see how theyï¿½ï¿½ï¿½re doing?We last saw them on stage at the ï¿½ï¿½ï¿½fuel protestï¿½ï¿½ï¿½ yesterday with far right parties Aontï¿½ï¿½ and Independ,09/04/2026,2944,1
billallen.bsky.social,"Trubley and Tribley, near Bective, Co. Meath. From the old English name Tribly. Or two villages in a 1970s children's series.#speirgorm",04/02/2026,12564,5
jereddynd.bsky.social,Northern Lights from Phoenix Park now. #SpeirGorm,19/01/2026,16173,133
ejsorourke.bsky.social,Iï¿½ï¿½ï¿½ve got an exhibition opening next week in Dundalk featuring all my experimental photo chemistry work with low toxic developers and work like this chlorophyll print on a leaf #spe,30/10/2025,30738,205
psbntn.bsky.social,This summer wasps made a nest in our garden beside our bike stand in an old tree stump. I persuaded the family to put up with it and the wasps have finally died off. This is what it looks like now. (Wasps donï¿½ï¿½ï¿½t reuse their nests) #biodiversity #speirgorm @gardeningw,01/01/2026,20206,133
frankoconnor.bsky.social,"ýýýThe only green space and park in the city centre is no longer a green space or park. Seriously, how did this cost ýýý7m?""Me & @frankoconnor.bsky.social were interviewed by Amy Cambell on our thoughts of the destruction of Bishop Lucey Park @echolive.bsky.social#RestPlayWork #PureCork #Speirgorm",19/11/2025,26900,1
goodbyeyall.bsky.social,After #LiveAid40 me Da signed up to supporting a kid in Africa I think it was 5 pound a week and me ma used to tut when the thank-you letters came in cos we were piss poor but in no way as poor as them folks ï¿½ï¿½ï¿½ï¿½ God bless ye Da x #S,06/07/2025,46762,1
caitrionas.bsky.social,It's far from Dubai chocolate yiz were reared.#speirgorm,10/08/2025,43747,1
hornsounder.bsky.social,"69% as of just there, nice #Spï¿½ï¿½irgorm. Now keep on sharing to all #EU citizens so the initatie reaches one million EU citizens by May! eci.ec.europa.eu/043/public/",07/02/2025,66316,2358
oisinmcgann.bsky.social,I can't stress enough how much I love libraries. At the same time as our chess class there was a huge arts and crafts group at another table making dolls for St Brigids day and loads of patrons using the other services. The library is the beating heart of so many communities #spï¿½ï¿½ir,30/01/2026,14197,26
aitorierana.bsky.social,"I say this with love as a heterosexual person, we need to figure out what's going on with heterosexual relationships",11/02/2026,11051,2
ethnography911.bsky.social,Well now! #aras25 #speirgorm,05/10/2025,36853,3
drkevguitar.bsky.social,"""Person is sitting in sewage. Join them now!""",30/03/2026,4706,1
lollyland.bsky.social,Ireland will not compete in Eurovision 2026 after Israel allowed to remain in competition jrnl.ie/6893728#spï¿½ï¿½ir,04/12/2025,23838,1
tucmo.bsky.social,"Solar panels used widely across #Ireland, including in large solar farms, at airports, and on government buildings, were sourced from companies linked to forced labour and environmental devastation in the Xinjiang region of China.@joegalvin.bsky.social's latest investigation for RTï¿½ï¿½. #speir",09/12/2025,23252,1
irishwol.bsky.social,I tell you what. You'd swear Fine Gael were running an independent candidate for all the branding and party colours they're putting on Humphreys' posters. It's almost as if they think it would hurt her chances to remind people she's in Fine Gael ï¿½ï¿½ï¿½ï¿½ #Sp,04/10/2025,37111,1
gulliver77.bsky.social,"We are familyI got all my sisters with meWe are familyGet up everybody and singLiving life is funand we've just begunThis is our family jewelSister Sledge, 20th century#Photography #Wisdom #Poetry #SpeirGorm #Cats #Caturday #ImageAndVerse #ArtOfBlueSky #PhotographersOfBlueSky #EastCoastKin",18/10/2025,33828,22
mosa-art-fanatic.bsky.social,"#painting ""The Long Walk II"" came from when me and my bicycle sat in Galway by Claddagh Quay as I happily painted. Rain then softly landed on my face and painting. Then heavier. And heavier. And washed all the painting off the canvas. So I returned the next day and started over. #SpeirGorm #ArtYear",29/03/2025,58424,4
broken-robot.bsky.social,"Lads! I want input on this. I've only recently discovered this is going on. Why is this exempt from Russian sanctions? Who lobbied for this, what members of our political parties are involved? The locals fear the dust is carcinogenic and rising illnesses suggest that is true. WTAF? #SpeirGorm",10/03/2026,7390,1
earley.bsky.social,"The Johnstown Estate is hosting a transphobic, hate-filled event on April 5th. It targets trans rights under the false guise of ï¿½ï¿½ï¿½safeguarding.ï¿½ï¿½ï¿½ We cannot let this happen.Sign the petition. Contact the venue. Share this post. Demand they cance",31/03/2025,58106,1
betaburns.bsky.social,"ýýýI RIPýýýed them.ýýý A woman on the bus earlier, talking about replying to a wedding invitation. #speirgorm",12/12/2025,22744,1
bananacat74.bsky.social,"""Fox hunting is a colonial bloodsport and it does not enjoy the support of the rural communities where it occurs.""@saoirsemc.bsky.social on the facts behind the spin: www.irishexaminer.com/opinion/comm...Sign the petition: my.uplift.ie/petitions/pe... #SpeirGhorm #SpeirGorm",16/12/2025,22144,41
sharrow.bsky.social,#speirghorm #speirgorm Pretty savage seeing this,14/02/2026,10422,1
robosullivan.bsky.social,"Only 2000 signatures needed now for Ireland to pass the threshold. We're at 70%, France is at 300%!! For gawds sake.C'mon #speirgorm we can do better than France! Don't just share on the socials, send direct what's app, message, get the phone out at break time. ï¿½ï¿½ï¿½ ï¿½ï¿½ï¿½ï¿½ï¿½ï¿½ï¿½ï¿½ ï¿½ï¿½ï",26/01/2026,15028,1
edoloughlin.bsky.social,Israel received twice the funding from the European Innovation Fund than Ireland and more 2/3 of all #EU countries combinedOutrageous that an apartheid settler-colonial state currently carrying out genocide gets so much EU money as part of Horizon.#Spï¿½ï¿½irgormold.reddit.com/r/ireland/c,30/08/2025,41574,1
bobjohnstonbooks.bsky.social,"A few years ago I made a series of mini drawings of interesting Irish women (available as a print here www.ciaraioch.com/artprints/p/...) - this thread is a little information on the women featured, partly because it's useful, but mostly because I'm trying to be sustainable by recycling content.",20/11/2024,78443,5
emmadragon.bsky.social,"The same week we learn Fianna Fï¿½ï¿½il misled the public during #GE24 re: number of homes they'd deliver, an Taoiseach comes out with this nonsenseWe need renter first policies which protects people from predatory landlords & unsustainable rent increases #SpeirGorm www.irishtimes.com/politics/20",09/02/2025,66046,1
mytholder.bsky.social,"""The Fountain is Still The Same""~ work in progress ~Fountain in Bishop Lucey Park after the renovationInk (2 colour) and pencil on A3 300gsm cold-pressed Daler-Rowney watercolour paper.#irishartist #irishart #Cork #corkcity #corkart #tradart #traditionalart #speirgorm",24/12/2025,21127,115
darach.bsky.social,Leo Varadkar suggesting Ireland's migration policies may be performative cruelty #Spï¿½ï¿½ir,01/03/2026,8581,1
jessreid.bsky.social,"Given the serious flooding in parts of Ireland today, people will be talking about climate change, but there arenï¿½ï¿½ï¿½t many of us who do climate talks for kids. There needs to be *far more* effort and money put into making the subject engaging, accessible and hopeful for them.#Spï¿½ï¿½irGhorm ",27/01/2026,14903,1
clearyb.bsky.social,#Spï¿½ï¿½irGhorm #Speir,01/01/2026,19990,1
caitrionas.bsky.social,"Violate, murder, annihilate. Doing exactly what the ICJ ruled against. Lawless occupier ""...expanding into theoccupied West Bank & other conquered territories violates the Fourth Geneva Convention"".www.thejournal.ie/israel-gaza-...#spï¿½ï¿½irghorm #speirgorm #Gaza ",05/05/2025,53449,1
liamward.ie,The lads at the Ditch doing the real work. Ten grand *a week*#Speirgorm #Irishpol #Dï¿½ï,02/05/2025,53693,1
lamhfada.bsky.social,Milo has the #sneachta zoomies.#speirgorm,21/11/2024,78436,41
snormanca.bsky.social,Another misty morning in the forests above Dublin. It's no wonder moss grows on everything here.#hiking #nature #photography #Spï¿½ï¿½irGorm #Ireland #EastCoastKin #scape #ForestFr,25/04/2025,54833,30
ciaraioch.bsky.social,Brilliant thread @ciaraioch.bsky.social talked me into ordering a print this morning for the day that's in it. #NollaignamBan #spï¿½ï¿½ï¿½,06/01/2026,18975,2
siobhanmcelduff.bsky.social,"Morning ï¿½ï¿½ï¿½ï¿½SLATED doesnï¿½ï¿½ï¿½t do Black Friday.Life shouldn't be about mindless consumerism ï¿½ï¿½ï¿½ itï¿½ï¿½ï¿½s about thoughtful choices.Quality products, made to last. Less waste, more care.Thatï¿½ï¿½ï¿½s the SLATED",29/11/2024,77206,1
emmadragon.bsky.social,"Am in search of a Christmas miracle...a place to live in Dublin that I can afford and with decent people. If you help me find it, you get to call yourself someone's Christmas angel!#Spï¿½ï¿½irGhorm #Spï¿½ï",17/12/2025,22054,1
knofear.bsky.social,"Tomorrow 24 humanitarian volunteers face 20 years in prison in a Greek court for saving lives at sea. One, Seï¿½ï¿½n Binder, grew up in my local town, Castlegregory, Kerry.#SolidarityIsNotACrime #StandWithSeï¿½ï¿½n #DropTheCharges #FreeHumanitarians #NotMyEurope #speirgormwww.politico.eu/article",03/12/2025,24186,148
sneil.bsky.social,"Ireland is now at 84.91% of it's threshold to count as one of the seven #EU countries to get this initiave to ban LGBT conversion ""therapy"" which means we need 1,383more signatures here.....#Spï¿½ï¿½ir",10/02/2025,65852,2
modelaney.bsky.social,"#speirgorm ï¿½ï¿½ï¿½ï¿½ï¿½ï¿½ï¿½ï¿½Irish friends, family & neighbors:  kick him out NOW!  Ban him & his organization from your shores.If you dont act early, you will become as fascist as America before you know it!#SaveDemocracy www.irishtimes.com",31/12/2025,20312,176
robosullivan.bsky.social,#speirgorm #irishnews #irishpolitics,10/02/2025,65889,1
eslsys.bsky.social,A beautiful site.A beautiful sound.#SaoirseDonPhalaistï¿½ï¿½n #Limerick #Ireland #Speir,27/09/2025,38126,1
sharrow.bsky.social,Cï¿½ï¿½ Chulainnï¿½ï¿½ï¿½s Standing Stone,22/02/2025,63361,1
billallen.bsky.social,"Derrynaflan & a lot of this obliterated bogland is in the parish of Killenaule, it was home to the last native Irish speakers in the parish, surviving into the early 1900s. Probably dirt poor, remnants of the mud walls of their cabins could still be seen along the toghers when I was a lad #speirgorm",18/06/2025,48885,5
caitrionas.bsky.social,"#speirgorm we did #latelatetoyshow, we did #newgrange solstice, our next mission is to make Bluesky acknowledge St Stephenï¿½ï¿½ï¿½s Day on the 26th.None of that Boxing Day non",21/12/2024,73485,1
tggleeson.bsky.social,I'm waiting anxiously to hear how my daughter's first day in Montessori went. *She's nearly 20 and she's on her 3rd year placement. #SpeirGorm.,13/01/2025,71657,5
sloeginpudding.bsky.social,"ýýýýFrom the Carmelite church in Kildare, Ireland.(Apologies, I have no video credit, as it was a WhatsApp forward).  #SpeirGorm",14/12/2025,22292,2
eslsys.bsky.social,How generous of the Tï¿½ï¿½naiste to feed Deputy Lowry his sour grapes #speir,09/01/2025,72016,1
bockdr.bsky.social,"This fella, John Dallon, was interviewed by Eddie Hobbs this evening and he and Christopher Duffy were also doing a Facebook Live with Niall McConnell a little while ago. The smell of fash keeps getting stronger. #Speirgorm",08/04/2026,3356,21
sqotn.bsky.social,"Every old man I seeReminds me of my fatherWhen he had fallenin love with deathOne time when sheaves were gathered ...Patrick Kavanagh, 20th century#Photography #Wisdom #Poetry #SpeirGorm #StreetPhotography #Ireland #India #ImageAndVerse #ArtOfBlueSky #PhotographersOfBlueSky #EastCoastKin",17/11/2025,27087,22
frigyacrowmother.bsky.social,"It's 2025, I'm 70 years old, and I wish to comment on the following statements:-a/ ""You can't turn back the clock"" b/ ""You can't put the genie back in the bottle""a/ You literally can turn back a clockb/ You need to read folklore#writingcommunity #booksky #Spï¿½ï¿½irGorm #1001Ni",18/01/2025,70685,2012
teagmhail.bsky.social,SHE was invited by the Northern Ireland Assembly Womenï¿½ï¿½ï¿½s Caucus to be a panelist at their Supporting Women in Public Life Conference in the Parliament Buildings in Belfast.Read more here: www.seeherelected.ie/she-takes-pa...#speirghorm #speirgorm #irishpolitics #womeninpolitics #localgove,09/02/2026,11447,1
sarklor.bsky.social,"These misogynists now run our country. Yesterday we saw sexual assault used as a punitive measure against a woman protesting that same government. Elect misogynists, expect misogyny. Fuck Fianna Fï¿½ï¿½il and all who support them ##spï¿½ï",02/04/2025,57801,1
robosullivan.bsky.social,Apologies for uploading this in small text but I had to reduce it enough to try and copy it in one go. There are links (not live) which can be typed into YT for verification on claims made in this post. #HeatherHumphreys #Ireland #IrishPresidentialCandidates #SpeirGorm,22/08/2025,42339,1
sarklor.eurosky.social,"'Maybe you could cycle to work, maybe you could walk,' suggests minister'Yeah and may be you could make it safe to do so you clueless gowls #IrishPolitics #Spï¿½ï¿½ir",02/04/2026,4315,1
kenmcdonagh.bsky.social,"Us too highly recommended the cinematography is beautiful & from biodiversity to impact, history, renewables, fishing, mapping art to surfing and biome ï¿½ï¿½ï¿½ï¿½ï¿½ï¿½ï¿½ï¿½ #Irelands",26/01/2025,68706,1
sharrow.bsky.social,School Secretary entitled to just five days pay during cancer treatment - school secretary #pensionparity #speirgorm www.offalyexpress.ie/news/tullamo...,01/09/2025,41119,1
janx.bsky.social,"Seeing Irish people simp for Humphreys because she'll keep her head down reminds me of that MLK quote ""...the white moderate, who is more devoted to 'order' than to justice; who prefers a negative peace which is the absence of tension to a positive peace which is the presence of justice"" #spï¿½ï¿½ir",06/10/2025,36723,176
poachedplum.bsky.social,Mental health helplines in Ireland: Samaritans 116123#SpeirGorm,22/12/2024,73351,1
knutogris.bsky.social,"North Cork Creameries, which an EPA report found had released 52 times the allowed levels of ammonia & 7 times the levels of orthophosphates, insists the death of some 46,000 fish on a 30km section of the River Blackwater downstream is ï¿½ï¿½ï¿½not connectedï¿½ï¿½ï¿½.#Spï¿½ï¿½irGormwww.thejournal.ie",01/09/2025,41158,17
tweetinggoddess.bsky.social,I did not imagine nearly fifty years ago that tomorrow I'd be doing this #Spï¿½ï¿½irgorm #Irishwriting @dinglelit.bsky.social @gaiabanks.bsky.so,21/11/2025,26520,10
clasticartistic.bsky.social,"Heads up! I'll be closing my online shop for the holidays tonight at midnight Irish time! So if there's any final orders you'd like to squeeze in, now's your chance!hayleymulch.com#BSNM #Spï¿½ï¿½ir",16/12/2025,22209,87
dfluke.net,"A great day on the Dublin Bird Race yesterday. 11 teams took part recording 109 species.A decent tally given the persistent, (very wet) rain. 1st place went to ï¿½ï¿½ï¿½The Troy Parrottsï¿½ï¿½ï¿½ beating favorites the ï¿½ï¿½ï¿½Southside Swiftsï¿½ï¿½ï¿½. Best name goes to ï¿½ï¿½ï¿½Irritable Owl Syndromeï¿",18/01/2026,17106,26
beakindhuman.bsky.social,"I have been watching this gorgeous pupper on Dog's Trust for over a year - we're not in a position to adopt a second dog right now - and he has finally been reserved. Really hope it works out, he is such a little dote. #AdoptDontShop #Spï¿½ï¿½irgormwww.dogstrust.ie/rehoming/do",10/12/2025,23111,1
omgitsagirl2015.bsky.social,"Only #speirgorm will understand the horror! I just discovered that the immersion switch in my house has been on for at least a year, if not more. ï¿½ï¿½ï¿½ï¿½ï¿½ï¿½ï¿½ï¿½ï¿½ï¿½ï¿½ï¿½Explains the high electricity bills for a small hou",05/12/2024,76039,1
islanderscaper.bsky.social,"Have a Dublin #painting. I'm sure I've told you before but for many years I had the habit of walking the 5 miles home by crossing every bridge so as to enjoy looking at both sides of the river, which would add half an hour to my walk. ""Ormond Quay"" came out of my love of looking. #SpeirGorm #ArtYear",14/03/2025,60999,2509
siobhanmcelduff.bsky.social,"My email to #Ireland's Taoiseach & copied to the Tï¿½ï¿½naiste & Minister of Finance. If anyone wants to use any of it in their own letters, feel free totaoiseach@taoiseach.gov.ie simon.harris@oireachtas.iepaschal.donohoe@oireachtas.ie (Full text also in alt)#Spï¿½ï¿½irgorm #spï¿½ï¿½irghor",24/08/2025,42135,1
simon-kane.bsky.social,When a country like Ireland has had a big budget surplus for many years in a row... the fact that we have a housing crisis AND haven't fully transitioned to renewables for our energy grid etc. is either government incompetence or malicious intent. Other countries have done it with less. #SpeirGorm,10/04/2026,2356,136
jasonlee.ie,"Scam Alert: #Speirgorm share this to your friends, not just older people. Anyone of any age can be hoodwinked with this kind of thing!",24/02/2025,63177,1
mcwattly.bsky.social,You can get weather alerts but only if you're willing to risk exposure to CSAM materials #spï¿½ï¿½ir,11/01/2026,18258,1
albert-ibars.bsky.social,"Now close the windowsand hush all the fields:If the trees must,let them silently toss;No bird is singing now,and if there is,Be it my loss.Robert Frost, 20th century#Photography #Wisdom #Poetry #SpeirGorm #WindowsOnWednesday #PhotographersOfBlueSky #ArtOfBlueSky #EastCoastKin",24/09/2025,38744,22
scotify.bsky.social,"The audacity of hope!In the end, that isGodï¿½ï¿½ï¿½s greatest gift to us ...A belief in things not seen.A belief that there arebetter days ahead.Barack Obama, 21st century#Photography #Poetry #SpeirGorm #StreetPhotography #India #ImageAndVerse #ArtOfBlueSky #PhotographersOfBlueSky #EastCo",22/12/2025,21299,22
philipgalvin.bsky.social,An Cailï¿½ï¿½n Ciï¿½ï¿½in is airing on TV tonight on Film4 at 9pm #S,05/12/2024,76062,4324
rrocheneuro.bsky.social,"Anyway, have a #painting. A Dublin one from way back.  ""Grosvenor Square"" in Rathmines was a commission for a surprise, which I found out later almost had the police called on me as a suspicious person outside staring at the house for ages while taking notes (I was sketching). #SpeirGorm #ArtYear",25/03/2025,59171,1
ayrtonobrien.bsky.social,"THIS European approach is the way forward, not that of our former colonisers. ï¿½ï¿½ï¿""ýýýýýýýýýýýý ýýýýýýýýýýýýýýýýýýýýýýýýýýýýýýýýýýýýýýýý ýýýýýýýýýýýýýýýýýýýýýýýýýýýýýýýý ýýýýýýýýýýýýýýýýýýýýýýýýýýýýýýýýýýýý ýýýýýýýýýýýýýýýýýýýýýýýýýýýý ýýýýýýýýýýýýýýýýýýýýýýýýýýýýýýýý ýýýýýýýýýýýý ýýýýýýýýýýýýýýýýýýýýýýýýýýýýýýýýýýýýýýýýýýýýýýýýýýýýýýýý, ýýýýýýýýýýýýýýýýýýýýýýýýýýýýýýýýýýýýýýýýýýýý ýýýýýýýýýýýýýýýý ýýýýýýýýýýýý ýýýýýýýýýýýýýýýýýýýýýýýýýýýýýýýýýýýýýýýýýýýý ýýýýýýýýýýýýýýýýýýýý ýýýýýýýýýýýýýýýýýýýýýýýýýýýýýýýýýýýýýýýý ýýýýýýýýýýýýýýýýýýýýýýýýýýýýýýýý ýýýýýýýýýýýýýýýýýýýýýýýýýýýý.""www.erininthemorning.com/p/new-german...#LGBTQ #Trans #IrishSky #SpeirGorm",01/05/2025,54027,1
lynnok.bsky.social,"The right-wing-drivers are spot on, yï¿½ï¿½ï¿½know. All that foreign fuel, coming over here, doing our jobs. It has to be stopped. Trump did his best, now itï¿½ï¿½ï¿½s up to our lad",09/04/2026,3332,1
ravenbooks.bsky.social,Ireland's data centres nationally are already using energy at 4 times the PROJECTED European average for 2030.If we're serious about energy conservation the very first thing we have to do is reintroduce the moratorium on building any more of them. #spï¿½ï¿½ir,01/04/2026,4363,149
regcoppinger.bsky.social,The left-wing candidate will end up with almost double the total of all other choices combined.Every opinion columnist tomorrow: ï¿½ï¿½ï¿½The real story here is all the spoiled votes.ï¿½ï¿½ï¿½#speir,25/10/2025,32217,1
eslsys.bsky.social,UL researchers discover solution to eliminate ï¿½ï¿½ï¿½forever chemicalsï¿½ï¿½ï¿½ from drinking waterThe new material can filter out PFAS even at extremely low concentrateswww.ul.ie/news/ul-rese...#StudyatUL #Research #PFAS #Sustainability #Chemistry #Education #Learning #College #Universit,10/12/2024,75154,1
renebatt.bsky.social,"Yo to the Indian spokesman on RTE radio 1, please do not let a modi mindset influence your view on who is responsible for violence against Indians in #Ireland.There is no far left violence against foreigners in Ireland.Zero. None.It's all 'far right' as is the case in #India.#Speirgorm",11/08/2025,43688,1
manybooks.bsky.social,"I don't remember everything I learnt in primary school but I'll never forget how to make a St Brigid's crossBlessed Imbolc, everyone#SpeirGorm",01/02/2025,67417,3480
mnicearbhaill.bsky.social,You couldnï¿½ï¿½ï¿½t make it up ï¿½ï¿½ï¿½,09/01/2025,71999,1
eatyourflag.bsky.social,"""The Long Walk II"" My Galway city painting that prompted a friend's young son to ask why there were giraffes walking down the street, and ever since that's all any of us can see - including at the actual street. First exhibited in Cork it hangs in a good home in Dublin. #SpeirGorm #ArtAdventCalendar",10/12/2024,75105,1
geekypokez.bsky.social,"This hasn't gotten much traction, but late last week, Media Minister Patrick O'Donovan announced plans for A) A social media ban for under-16s.B) To achieve this, introducing mandatory digital ID requirements for all Irish users of social media platforms.#speirgorm#Ireland#internetpolicy",01/12/2025,24770,166
syrusdrake.bsky.social,"Time for yet another west of Ireland #painting. ""Stone Walls, Twelve Bens"" came from a time where I was cycling in Connemara in a very stop-starty way because I never wanted to stop looking around and yet I always wanted to go further and look more. Walls, mountains, good times. #SpeirGorm #ArtYear",03/07/2025,47209,2
ealadubh.bsky.social,"Reducing the VAT rate on places like McDonaldï¿½ï¿½ï¿½s is criminal - especially when lower income homes/families are saying itï¿½ï¿½ï¿½s become more expensive to shop healthily.Fook hospitality, & fook the government for letting a lobby group pull the wool over their eyes. #Speirgorm",07/10/2025,36280,1
queen-crafty.bsky.social,"A happy 80th birthday to the Reserve Defence Forces, born eighty years ago today as An Forsa Cosanta ï¿½ï¿½itiï¿½ï¿½l (the FCï¿½ï¿½) out of an amalgamation of various LDF, Reserve of Volunteers and Old IRA units",01/04/2026,4380,1
ayrtonobrien.bsky.social,And now for something very silly.,31/03/2026,4651,1
billallen.bsky.social,My partner's letter in today's Clare Champion. I'm very proud of her. Catherine Connolly's campaign is giving hope to people who have felt disenfranchised for so long. #spï¿½ï¿½irgorm ##ï¿½ï¿,09/10/2025,35529,5
tumbril.bsky.social,"Was out with just the DSLR last night - it really was gorgeous just after dusk, so made use of the dark sky window before moonlight became an issue.Finished up with some simple lunar photography: sunset over the lunar Apennines!Details in the ALT text #astrophotography #ThePhotoHour #Speirgorm",14/09/2025,40003,37
michealhalton.bsky.social,Mothers. Against. Genocide. Think about it... how are they a threat to public order??? Why was there a need for that rough treatment by Gardaï¿½ï¿½?  I emailed the Minister for Justice (jim.ocallaghan@oireachtas.ie) and the Taoiseach (micheal.martin@oireachtas.ie) to express my outrage.#Speir,02/04/2025,57688,1
rachelwales.bsky.social,Home #speirgorm,31/01/2026,13845,138
resonatemmcg.bsky.social,The @imirt.bsky.social Steam Curator List is so close to 600 followers!All follows and shares help Irish game devs! Please and thank you. ï¿½ï¿½ï¿½ï¿½#speirghorm #irishgamedev #speirgorm #indiedev #gamedev #irishcreatives #indiegamestore.steampowered.com/curator,31/08/2025,41523,25
cudbeorht.bsky.social,"Years of violent government policy has ensured the homeless crisis gets worse & worseWonder what the official hidden homeless numbers are now?This figure of 290,00 adults is from 2022In the meantime adults in emergency accommodation increased from 11,632 to 16,614 #DerelictIreland #SpeirGorm",25/11/2025,25845,1
jackkennedy.ie,Because of course he does - he is the most right wing Minister for Justice weï¿½ï¿½ï¿½ve had  #spe,10/12/2025,23035,129
jpjordan.bsky.social,"There's a REALLY quick and easy survey for the public consultation on the Basic Income for the Arts scheme - it only takes a few seconds, anyone can fill it in, and it could make a huge difference to arts workers in Ireland. Take a few ticks to places a few ticks here: ec.europa.eu/eusurvey/run...",13/08/2025,43288,2
oscaramucci.bsky.social,"""Israeli soldiers were targetting particular parts of the body on particular days. One day, it was head and neck. One day, chest. One day, legs. One day, testicles. Target practice.I would not have believed it if I had not seen it with my own eyes."" - Dr Nick Maynard speaking in Cork.#speirgorm",14/09/2025,39900,1
joenoonan.bsky.social,#Speirgorm #MarchForNeutrality,12/06/2025,49376,1
dermotfinn.bsky.social,"Irish Government Minister crowing, in Trumpian fashion, about deporting people, including children, while their classmates in D8 are traumatised to lose their friends so suddenly.What a nasty man he is! #speirgorm school 'devastated' to lose children who were deported, principal says jrnl.ie/6724513",06/06/2025,49976,1503
queen-crafty.bsky.social,#Spï¿½ï¿½irGorm Can anybody direct me to somewhere I might be able to get something like this as Gaeilge? I'm looking mostly for the small prayer book for the Gaelscoil and I'm really struggling trying to find anyt,01/02/2026,13304,1
meltyshirts.com,"For the uninitiated, these are Irish Throwing Stars, an ancient weapon wielded by St. Brigid during the 1916 Rising, striking fear into the hearts of the British, and responsible for the eventual smiting of both Cromwell and Thatcher.",01/02/2026,13470,1
berlinnaeus.bsky.social,"Just listened to the @irishtimes.com podcast between Hugh Linehan and Eoin Lenihan (no relation I presume). Hilarious, Eoin is such a sensitive soul, & sulked for the later half of the podcast ï¿½ï¿½ï¿½cause he didnï¿½ï¿½ï¿½t like the line of questioning.  Lordy these far righties are such man-cry-babie",10/12/2025,23049,1
lingnola.bsky.social,"Ireland's Ancient Animals, for which at least some evidence was found to suggest they once roamed this island, even if only for a while. Some might even make a comeback! Featuring the Irish elk, bear, lynx, great auk, wild boar, & wolf. #Spï¿½ï¿½irGhorm #SciArtPrints: www.ciaraioch.com/artprints/p",10/04/2026,2344,1
thefoggydew.bsky.social,"The meta, Meta and meaning of the Irish fuel protests - a longish read about what more than 20 years of studying and covering the far right has taught me about these political moments. #speirgormphilipoconnor.com/the-meta-met...",15/04/2026,177,1
thumped.com,"Attention humans of Dublin! There is an update to the Crackdown listings spreadsheet. New gigs from The Boo Radleys, Wet Leg, Johnny Marr, Saint Etienne, Mercury Rev (with Mick Harvey) & Black Box Recorder (in London). Also Kirkos stuff and filmsdocs.google.com/spreadsheets...#Speirgorm",01/12/2025,24793,1
keithinkrakow.bsky.social,This is available on the appstore for those who want to shop local and donï¿½ï¿½ï¿½t want to buy American shit.#speirgormapps.apple.com/ie/app/bu,30/07/2025,44420,1
eslsys.bsky.social,#Speirgorm #Kneecap,17/06/2025,48951,1
billallen.bsky.social,Me sitting in mountjoy square everyday Look at the sky though #speirgorm,30/05/2025,50628,5
louthforever.bsky.social," To: Irish State institutions, official bodies including Met Eireann, Transport for Ireland, and other organisations in IrelandTake X icons off websites and emails #speirgorm my.uplift.ie/petitions/ta... @uplift.ie",18/01/2026,17175,1
dqstudio.bsky.social,"ýýalýý by @ivanfisher-owen.bsky.social and @emfish11.bsky.social released yesterday, please go check out this wonderful stop motion animated game!#IRISHGAMEDOMINATION #speirghorm #irishgamedev #speirgorm #indiedev #gamedev #irishcreatives #indiegamestore.steampowered.com/app/3560370/...",03/10/2025,37316,24
woodmally1979.bsky.social,For context. The spire is 120 metres tall. Some mad bastards done a serious job here. And the weekend all the Americans are in town for their stupid football game. Maith thï¿½ï¿½ whoever you are.  #Speir,27/09/2025,38125,127
earley.bsky.social,Not going to share 'grift' but Heather Humphreys has just said that I'm a man and the gender recognition act should be changed. Please do not vote for or give a preference for her. Having someone as president who thinks this way would be absolutely awful for minorities #SpeirGorm,08/10/2025,35767,1
ucdgender.bsky.social,"Outside, it's a florist's. Inside, it's a stark reminder of women killed violently in Ireland #speirgorm jrnl.ie/6622859",14/02/2025,64689,3
jimbliss.bsky.social,"I have signed this #EU initiative  to propose a ban on #LGBTQ+ conversion ""therapy"" which every EU citizen above the age of 16 should be able to sign. #Ireland needs maybe 5,000 more signatures to reach the threshold #Spï¿½ï¿½irghorm #Spï¿½ï¿½irgormeci.ec.europa.eu/043/public . Sign it and s",30/01/2025,67819,1
billylinehan.bsky.social,Fantastic conversation on Bluesky's trust and safety from Bluesky's very own @aaron.bsky.team and @dublininquirer.com in the digital hub this evening #speirgorm.,20/02/2025,63697,109
caoimhetiernan.bsky.social,A reminder that the minister in charge of the housing crisis for the past 5 years is now in charge of our climate response instead.Itï¿½ï¿½ï¿½s going great.#spe,08/10/2025,35915,1
bloodysundaytrust.bsky.social,Piece out today in @justsecurity.org by @suchitauppal.bsky.social & myself for @humanrightsfirst.org on the continuing battle for truth & accountability in n Ireland @barrymalone.bsky.social @finucanecentre.bsky.social @museumfreederry.bsky.social  #speirgormwww.justsecurity.org/123679/legal...,03/11/2025,29375,134
rennyad.bsky.social,"Ireland has a Threshold 9,165Statements of support needed to move forward with this #EU initiative on banning Conversion ""therapy"" for LGBTQ+ people. It's now at 5,676, 61.93% of the way there.So go sign if you're an EU citizen, Conversion therapy is just torture, ban it. #Spï¿½ï¿½ir",06/02/2025,66491,4549
susangriff.bsky.social,"#Speirgorm rocks! Yeï¿½ï¿½ï¿½re mighty, lads, and if you didnï¿½ï¿½ï¿½t get a chance to sign yet, this is yo",26/01/2026,14931,5
billallen.bsky.social,"One more Royal Canal Greenway bit: a wee video of the lock under the bridge, with a view back to the new path.#SpeirGorm",06/09/2025,40608,5
pbpdublinsouthwest.bsky.social,Great teams out today across Tallaght and Rathfarnam knocking doors to ask people to vote for PBP.People understand that having socialist TDs in the Dï¿½ï¿½il makes a difference for working people and carers.Want to help? ï¿½ï¿½ï¿½ï¿½ www.paulmurphytd.ie/volunteer#GE24 #Spï¿½ï¿½irGorm #Ke,16/11/2024,79039,4263
druidchief.bsky.social,ýýýýýýýý The Irish government must stop allowing Ireland to be used to fund Israelýýýs genocide in Palestine.Mary Lou McDonald and I are introducing a Bill that will force the government to end the sale of Israeli war bonds through the Irish Central Bank.#SpýýirGhorm #speirgorm #gaza,19/05/2025,51919,1657
marshmint.bsky.social,Northern Lights from Phoenix Park now. #SpeirGorm,19/01/2026,16944,133
eolai.bsky.social,"Now that I'm relaxing with a big mug of tea, I'll share another painting with you. ""Connemara Cottage II"" was painted 4 yrs ago. It's a scene in north Conamara that I had cycled past, and I've always liked things you can't quite see fully - in this case the cottage. #Art #SpeirGorm",28/11/2024,77328,4
fremarch.bsky.social,Worried about @sarahmaintains.bsky.social who is still illegally detained by the IDF.Please contact your TDs as they have all been transfered to Ketziot High security prison. www.oireachtas.ie/en/members/#speirgorm,04/10/2025,37069,1
redtickseed.bsky.social,The world's loosest shackles ï¿½ï,05/07/2025,46864,2
tararoonies.bsky.social,In order to  be able to vote for Catherine Connolly in the upcoming Irish presidential election (or for either of the two running against her ï¿½ï¿½ï¿½ï¿½) you need to be registered before Oct 7th. Check the register or sign up for it here:www.checktheregister.ie./en-IE/#spï¿½ï¿½irghorm#spï¿½ï¿½,01/10/2025,37681,1
msfrugalone.bsky.social,@marycoughlan.bsky.social this is the real #MaryCoughlan  account whose just joined so please #Speirgorm & others go say hi and click on her link and youï¿½ï¿½ï¿½ll find her 2025 40th Tour gigs and music to buy. #Repeat,31/12/2024,72761,71
blonay.bsky.social,I took all of your advice.The new boards are now live in the SLATED Landmark Collection.Feel free to point out any errors. It was a bit of a rush job. Reposts would be amazing.Slated.ie#SLATED  #speirgorm,25/11/2025,25840,76
lynnok.bsky.social,This is the result of a government strategy that ignores problems in the hope that the market will sort it all out eventually-Ignored the radicalising influence of social media companies-Ignored climate action-Ignored international law-Ignored growing inequality #spï¿½ï¿½ir,11/04/2026,1677,1
dirtycitybird.trann.ie,#speirgorm #irishpol Please email your local SF representatives about this. Make your voices heard. We can't stand idly by.,11/12/2024,74907,1
grainneblair.bsky.social,"So, Israel closes embassy in Ireland. Accuses the Irish of Anti-Semitism. Zionists start calling the Irish #Paddystinians - they think this is an insult.The Irish embrace the term, start to produce badges and t-shirts.The Irish President posts photos with new Palestinian Ambassador. #speirgorm",19/12/2024,73964,1
mintamenapie.bsky.social,ýýýýýýýAll good!!ýýýýýýý,08/02/2026,11683,2
queen-crafty.bsky.social,One for #Spï¿½ï¿½irGorm - made me think of possible negative results of mandatory hi-viz for cycli,05/02/2026,12424,1
hazelklarkin.bsky.social,"Thanks for all the kind words about this - if people want conversations about immigration then I'm here for them, but I'll be starting from a place of compassion and an awareness of both our privilege and our heritage as white Irish people.  Codladh sï¿½ï¿½mh a chairde. #Speir",25/03/2025,59314,1
eslsys.bsky.social,This headline has so mad I'm rabid. No mention of income-based differential rents either.Let's be real - what you really mean is that we should start pricing the poor out of social housing supports too. May as well say the quiet part put loud while you're at it #Spï¿½ï¿½ir,03/09/2025,40872,1
bebhinn.bsky.social,"The brilliant Martin Leahy being recorded for Italia 1 TV while singing his powerful song ""everyone should have a home"" in front of a longterm derelict home in historic Shandon, Cork city centreYou can see some of our ffud streetart #derelictireland billboards in background#speirgorm",03/02/2026,13006,32
michealwalsh.bsky.social,Reminded by @padraigbelton.bsky.social that from today the evenings get longer. #SpeirGorm,15/12/2024,74534,4
kweenmedb.bsky.social,"For the uninitiated, these are Irish Throwing Stars, an ancient weapon wielded by St. Brigid during the 1916 Rising, striking fear into the hearts of the British, and responsible for the eventual smiting of both Cromwell and Thatcher.",01/02/2026,13300,2
lynnok.bsky.social,Important question which when explored provides massive insight into who are the major vandals of #DerelictIrelandVandals enabled by the state while all around suffer from the negative impacts#speirgorm,02/02/2026,13182,1
judesherry.bsky.social,"Imagine a city that invites everyone to Rest. Play. Work.Imagine a city where everyone has a home, place to play and access to fair, just and meaningful work.Imagine. Rest. Play. Work. Imagine. Imagine. Imagine.with @judesherry.bsky.social #RestPlayWork #SpeirGorm #DerelictIreland1/",19/11/2025,26885,1
faduda.bsky.social,why do charities only seem to do Christmas card setswhat about birthdays / thank you / new house etc etc. just do pretty cards with no words on them. I spend so much money on cards every year that could go to a charity. argh #speirghorm #speirgorm anyone know charity doing this?,04/10/2025,37270,1
sharrow.bsky.social,Devastated that there continues to be such appalling attitudes to chronically ill people/workers.We have so many well regarded supportive ways to help but ignoring people is not one of them #speirgorm #spï¿½ï¿½irg,13/02/2025,64902,1
atticuspeirgorm.bsky.social,Ok so you can't just delete your #Facebook or #Instagram..Why not #changeyoursettings to make yourself less valuable to #Meta?(This WILL annoy Smark Smuckerberg!ï¿½ï¿½ï¿½ï¿½)#TechBros #Trumputin #Elonazi #SpeirGormwww.johnoliverwantsyourratero,24/02/2025,63144,1
crredwards.bsky.social,"they say the arts are thriving in Ireland, but when was the last time we produced a poet capable of satirising a politician to death? #speirgorm",21/11/2025,26589,1
pgofton.bsky.social,"It was on this day in 1972 that British troops opened fire on a crowd of demonstrators in the Bogside district of Derry, killing 13 civilians.#BloodySunday#Speirgorm",30/01/2026,14104,127
uilliammac.bsky.social,I am just waiting for a Healy Rae statement about running or not running for my bingo card.#speirgorm,15/08/2025,42944,1
queen-crafty.bsky.social,"Follow-up on this recent post: My friend received the gift I sent herï¿½ï¿½ï¿½ï¿½! @ciaraioch.bsky.social, your artwork was a massive hit, and it is now Stateside. (And you lot can keep your remarks on the threatened spanking to a minimum, if you please ï¿½ï¿½ï¿½ï¿",19/02/2025,63887,1
treesaw.bsky.social,"SF is riddled with TERFS,pass it on.#speirgorm #Irishpolitics",18/04/2025,55704,3
queen-crafty.bsky.social,Well said Eimer. The conversation needs to be about male violence against women - with or without immigration there has long been a crisis of gender based violence - against women and children. #speirgorm,23/10/2025,33024,1
callook67.bsky.social,"Tomorrow 24 humanitarian volunteers face 20 years in prison in a Greek court for saving lives at sea. One, Seï¿½ï¿½n Binder, grew up in my local town, Castlegregory, Kerry.#SolidarityIsNotACrime #StandWithSeï¿½ï¿½n #DropTheCharges #FreeHumanitarians #NotMyEurope #speirgormwww.politico.eu/article",03/12/2025,24487,148
joecluxton.bsky.social,"#Speirgorm should share this here, but also on whatever other socials or group chats youï¿½ï¿½ï¿½",06/02/2025,66697,1
uilliammac.bsky.social,"Gave my 9th Blood Donation tonight.If you can, look into becoming a blood donor with Give Blood Ireland!For more info, visit: giveblood.ie#GiveBlood #Spï¿½ï¿½irgorm #Speir",15/07/2025,45842,1
bebhinn.bsky.social,We need this here. #Spï¿½ï¿½ir,10/03/2026,7464,32
autofac.bsky.social,The Irish government said they would make this life-saving change but then they went back in their word so a whole bunch of pedestrians and cyclists are going to die for no reason. #SpeirGorm,17/09/2025,39703,1
mfamyfuerza.bsky.social,"This article could just as easily read: ""Ireland's policies at odds with emerging understanding of COVID's long-term harm."" And Irish government/HSE could be substituted for Trump administration throughout, especially with regard to accessing covid vaccines for everyone over 6 months old. #Spï¿½ï¿½ir",29/01/2026,14366,219
frankoconnor.bsky.social,"""They don't care"" is an understatement. Media spin on the  crisis they knew was gonna happen when they stopped building social housing and relied on the private rental sector - where the majority of homeless come from.. it's POLICY #speirgorm",17/01/2026,17333,1
regcoppinger.bsky.social,"If you're in ireland and have kids in primary school or soon to be, please fill out this survey on preferences re religious involvement in schools, and whether people prefer single-sex or co-ed. It takes < 1 minute and will inform future provision. #speirgorm www.gov.ie/en/departmen...",24/11/2025,26100,1
carolmilo808.bsky.social,"Free Trees Ireland @freetrees.ie will give away 60,000 native Irish trees Opens Sat 25th Jan at 10 amï¿½ï¿½ï¿½ï¿½ #spï¿½ï¿½irgorm ï¿½ï¿½ï¿½",20/01/2025,70244,30
bnerlich.bsky.social,#Spï¿½ï¿½irghorm #Sparegollum#speir,06/02/2026,12071,1
archiseek.bsky.social,"DUBLIN!FREE BOOKS!#SpeirGormOutside 17 St Clementï¿½ï¿½ï¿½s Road, Drumcondra. Apparently another skip is coming with more books tomorrow, too. Todayï¿½ï¿½ï¿½s was much lit crit, religious studies, Iris",07/09/2025,40541,29
stephencward.com,"Flash Gordon as Gaeilge is back in The Echo or available in ePaper form here: echo.ie/read-online/Beidh clï¿½ï¿½r nua againn gach Deardaoin!New episodes every Thursday!Original strip by Dan Schkade, translated by me, and lettered by Rob Jones. #Speir",20/02/2025,63696,1
hollyenglish.bsky.social,"If we were a sane society we'd be rewetting boglands, marshes and swamps and rewilding uplands with all the urgency of an FG intern searching for something to use against Catherine Connolly. #speirgorm",02/10/2025,37501,1
albert-ibars.bsky.social,"The dog days are over, ohThe dog days are doneCan you hear the horses?'Cause here they comeFlorence & The Machine, 21st century#Photography #Poetry #Spï¿½ï¿½irGhorm #SpeirGorm #StreetPhotography #India #ImageAndVerse #ArtOfBlueSky #PhotographersOfBlueSky #EastCoas",24/02/2026,9201,22
iainjclarkart.com,"If you havenï¿½ï¿½ï¿½t heard the consequences of this on farming, they are *disastrous*. We would be living in a different country. And our government needs to start preparing for the possibility of having to adapt to it. Nothing we can do in the next few of decades can prevent it now.#Spe",15/04/2026,282,26
timmorton2.bsky.social,"My family did not raid Wales, kidnap a shepherd and drag him back to Ireland in chains for this!The horrorï¿½ï¿½ï¿½ the horror #spï¿",12/03/2025,61190,39
sharrow.eurosky.social,Which TD? #Spï¿½ï¿½irGorm #Spï¿½ï¿,13/04/2026,808,1
badhdhbadhdh.bsky.social,"The far right will eventually kill someone or lots of someones if our pathetic government does not act now to stop them ï¿½ï¿½ï¿½ first step would be for politicians, including Government ministers, to stop repeating far right racist rhetoric #spe",01/11/2025,29891,7
filitralemani.bsky.social,Northern Lights from Phoenix Park now. #SpeirGorm,19/01/2026,16483,133
helendublin.bsky.social,Government intend to by-pass citizens & the courts to fast-track energy & water infrastructure What (& who) is this move for? #Speirgorm #Planning,02/12/2025,24715,1
mcbacchus.bsky.social,"Time for a #painting. I painted Dublin's ""Arran Quay, Green Sky"" because the river gives us so much about the city, including the time and space to enjoy it. But I also painted it because it's one of my favourite slices of my hometown, and because sometimes it has a green sky. #SpeirGorm #ArtYear",03/03/2025,62326,133
steganographia.bsky.social,An important message for #speirgorm,18/09/2025,39560,41
abigaildombey.bsky.social,There's this massive aesthetic shift that occurs when you realise all those green woods and trees are ecological deserts. Neat green lawns and bare hilltops are ugly. Big clumps of brambles and nettles are beautiful. Deciduous woods are sanctuaries. Weeds are life-giving. #speirgorm,03/02/2025,67070,275
hermioneclone.bsky.social,"History of LGBT Activism in Ireland (3rd April,UCD) the @researchireland.bsky.social  LGBT Activism in Ireland, 1973ï¿½ï¿½ï¿½2023 workshopsï¿½ï¿½ï¿½ï¿½ Register for Workshop 1 (April 3rd): lnkd.in/epC2rAwGWeï¿½ï¿½ï¿½re looking forward to this important gathering of activists, advocates, and ",26/03/2025,58775,68
sinnpsych.bsky.social,"Only 2000 signatures needed now for Ireland to pass the threshold. We're at 70%, France is at 300%!! For gawds sake.C'mon #speirgorm we can do better than France! Don't just share on the socials, send direct what's app, message, get the phone out at break time. ï¿½ï¿½ï¿½ ï¿½ï¿½ï¿½ï¿½ï¿½ï¿½ï¿½ï¿½ ï¿½ï¿½ï",26/01/2026,15104,1
darach.bsky.social,Humphreys told us she'd take Irish lessons over 10 years ago when she became the Minister overseeing the Gaeltacht. She then told us she became too busy. She's promised the same if we make her president. Why should we believe her? #spï¿½ï¿½irgorm www.thejournal.ie/heather-hum,26/09/2025,38417,1
dermotlynott.bsky.social,Okayï¿½ï¿½ï¿½someone tell me where the secret wrong unï¿½ï¿½ï¿½s are. I know about the obvious ones. #NUI #Seana,21/01/2025,70094,95
coreilly.bsky.social,#SpeirGorm,29/10/2025,30988,1
emmadragon.bsky.social,Spainï¿½ï¿½ï¿½s Prime Minister Pedro Sanchez is worth listening to about the logic behind the changes they have made in the last few days &the changing global balance. #Migrants #Grok #SocialistSolutions #FFG #MagicWand responsive leadership from a Govt is a novelty for us #Speirgormyoutu.be/ZUW6zQ,06/02/2026,12010,1
darylfeehely.com,"If you have no plans for New Year's Eve, Taney will be ringing in 2026 on a livestream from our tower in Dundrum at approx 11:45pm tomorrow. Join Irelandï¿½ï¿½ï¿½s leading teaching tower as we sound the bells to welcome the New Year! bit.ly/TaneyLivestr... #newyear #newyear2026 #speirgorm #newyearse",30/12/2025,20475,100
taesaveslives.bsky.social,ýýýý Some casual racism for your Sunday afternoon courtesy of the UK's BBC.Alcohol consumption rates in Ireland are roughly the same as those in the UK. While UK has a significant problem with under-age drinking in comparison to Ireland's far lower levels.#Speirghorm #Speirgorm,30/11/2025,25049,39
gabbystorey.bsky.social,"With the social media landscape artists depend on crumbling into a big lake of shite, now's a good time to mention I've a newsletter with snippets of Irish folklore & history, doodles, and fun nonsense, with zero involvement from fascist billionaires. Subscribe for free: www.ciaraioch.com/newsletter",14/01/2025,71517,2029
kathylove.bsky.social,"Anyone know a Daniel Kiernan, who was obviously on the No 11 bus this morning, he lost his ptbs card which Iï¿½ï¿½ï¿½ve picked up. If you know him, Iï¿½ï¿½ï¿½ve handed into the bus driver",24/07/2025,44868,41
lydiamulvey.bsky.social,This Irishing of a road sign outside Galway is a cut above the usual defacement #Spï¿½ï¿½irGorm #Speir,10/12/2024,75192,177
paddyoloughlin.bsky.social,Oh janey Mack. The whole ugly story archive.ph/u3AgX#ï¿½ï¿½ras25 #Speir,06/10/2025,36344,1
aliceeire.bsky.social,"The An Taisce website has plenty of suggestions on what to include in the email, but if you find it overwhelming I will legit help you write an email. Just reply here if you want help or DM me if we're mutuals #Spï¿½ï¿½ir",14/01/2026,17950,1
mcnastyprime.bsky.social,"Ireland's Ancient Animals, for which at least some evidence was found to suggest they once roamed this island, even if only for a while. Some might even make a comeback! Featuring the Irish elk, bear, lynx, great auk, wild boar, & wolf. #Spï¿½ï¿½irGhorm #SciArtPrints: www.ciaraioch.com/artprints/p",10/04/2026,2283,1
chet---desmond.bsky.social,"Ireland, if you havenï¿½ï¿½ï¿½t looked outside this evening . . .#Spï¿½ï¿½irGhorm ",19/01/2026,16761,26
krustyallslopp.bsky.social,"""Everything is politics...You don't get to make art in a fascist state""CMAT delivering, mar is gnï¿½ï¿½ch. ï¿½ï¿½ï¿½ï¿½(Same goes for sport btw",01/03/2026,8385,1
mariapower.bsky.social,I've been thinking about how Britain's legacy in Ireland is a civic tradition of state cruelty and Jim O'Callaghan is that tradition writ large. #speirgorm,17/11/2025,27148,1
queen-crafty.bsky.social,"Clarity on today's email tool!Only Councillors in Donegal, Mayo, Galway and Kerry have the opportunity to share their opinions with MARA in relation to the corporate takeover over of Seaweed harvesting. But ANYONE can email them ï¿½ï¿½ï¿½ï¿½ï¿½ï¿½action.uplift.ie/campaigns/st.",24/02/2026,9260,1
mcnastyprime.bsky.social,"'Ireland for the Irish' is utter shite from a nation thatï¿½ï¿½ï¿½s sent generations abroad seeking futures denied at home. We are the immigrants, always have been.Today's protests aren't patriotism - they're racism, pure and simple. A betrayal of everything good about being Irish. #Spe",26/04/2025,54744,1
nellucnhoj.bsky.social,The world's loosest shackles ï¿½ï,05/07/2025,46951,2
aidanobrien.bsky.social,Petrol Ration Book #speirgorm,08/04/2026,3458,166
amockingbird.bsky.social,"This beautiful dog (and its owner, my friend, a lovely Bi writer) are looking for somewhere to live anywhere on the island of Ireland. If anyone knows any rooms going anywhere please let me know ï¿½ï¿½ï¿½ï¿½ #S",11/12/2024,74872,1
haikushelf.bsky.social,"Time for a goo at another painting. ""Youghal Main Street"" was painted a couple of years ago, or finished then anyway. Really it started in my head when I was cycling in the east Cork town one particularly green sort of day.    #SpeirGorm #ArtAdventCalendar",19/12/2024,73825,4
clcart.bsky.social,"ýýýýýýItýýýs too late to be grateful Itýýýs too late to be late again Itýýýs too late to be hateful The European canon is nearApril, Heuston Station, Dublin, Ireland.#Dublin #ClassicMono #StationtoStation #UrbanGaze #ECK #Castlerea #Speirgorm #BWfri #Scape #Travel #marjamjars #BlackandWhitePhotography",03/04/2026,4060,141
khodmon.bsky.social,Landlord Jim Gavin never refunded 6 months' rent to a former tenant who accidentally kept paying rent after he moved out. The tenancy was not registered with the RTB. Gavin really is the perfect Fianna Fï¿½ï¿½il candidate. Archive link: archive.is/4ts0L #spï¿½ï¿½irgorm #presidential,04/10/2025,37122,1
susankayequinn.bsky.social,Dammit.#SpeirGorm,09/04/2026,3282,26
originalnuttah.bsky.social,What if we use a Limerickism  hashtag for the place? Like #Yurt Any other suggestions? #speirgorm,09/02/2025,65968,1
hanstitched1st.bsky.social,"Ireland, if you havenï¿½ï¿½ï¿½t looked outside this evening . . .#Spï¿½ï¿½irGhorm ",19/01/2026,16600,26
marcphisto.bsky.social,"C'mon folks, only 721 people to go and we've passed the Irish threshold. If you haven't signed this already, why not? It's an important EU citizen led initiative that needs 7 countries to pass their threshold, and then the EU government machine is forced to talk about it.#Speirgorm #IrishSky",05/02/2026,12391,1
octocon.bsky.social,#speirgorm @octocon.bsky.social reposting for amplification. We should save our artists and appreciate their skills and hard work.,28/03/2025,58595,38
fcemurphy.bsky.social,Lookit...I'm just sayin...just doesn't feel like a coincidence is all.#COYBIG #Ireland #Leftie #Speirgorm #VoteLeft,13/11/2025,27669,1
mxfee.bsky.social,Women's Aid ï¿½ï¿½ï¿½ï¿½ï¿½ï¿½ 1800 341 900 www.womensaid.ieDublin Rape Crisis Centreï¿½ï¿½ï¿½ï¿½ï¿½ï¿½ 1800 77 8888 www.drcc.ieSamaritans Ireland ï¿½ï¿½ï¿½ï¿½ï¿½ï¿½ 116 123ï¿½ï¿½ï¿½ï¿½ jo@samaritans.ie www.samaritans.org/ireland/how-...(Phone numbers above are 24hr Free National Helpl,22/11/2024,78303,2
damianstack.bsky.social,"Catherine Connolly refusing to acknowledge the Russian threat is telling on RTE. The rest of her comment is irrelevant, you can support peace while recognising an obvious threat.The ignoring of that by supporters on here is glaring #Aras25 #speirgorm",05/10/2025,36954,1
orlaegan1.bsky.social,Good day for marching tomorrow in Cork #speirgorm,10/10/2025,35321,1
bcroninbantry.bsky.social,New podcast series from the people at @empirepoduk.bsky.social  Colonising Ireland Iï¿½ï¿½ï¿½m looking forward to listening to this ï¿½ï¿½ï¿½ï¿½#Speirgorm #SpeirGhorm #IrishHistory #IrishNewsopen.spotify.com/e,20/02/2025,63735,715
swandog.bsky.social,An older piece but it's significant today as this scene is based directly off a photograph I took of the sunken boats at Maam Cross. So this water horse is from Lough Corrib :> #speirgorm,17/03/2026,6178,2
curious936.bsky.social,This summer wasps made a nest in our garden beside our bike stand in an old tree stump. I persuaded the family to put up with it and the wasps have finally died off. This is what it looks like now. (Wasps donï¿½ï¿½ï¿½t reuse their nests) #biodiversity #speirgorm @gardeningw,01/01/2026,19934,133
tweetinggoddess.bsky.social,"Pre-order my new novel from Irish indie booksellers @omahonysbooks.bsky.social to be in with a chance to win an overnight stay for two with breakfast, dinner and a spa treatment at the gorgeous carbon-neutral, family-owned Falls Hotel & Spa in Co Clarewww.omahonys.ie/once-a-year-...#Spï¿½ï¿½irgorm ï¿½ï",01/08/2025,44336,10
padraiglohan.bsky.social,So very proud of our Thomas. Always stuck to his principles and handling defeat with typical grace and dignity. A new chapter begins for @thomaspringle.bsky.social #GE24 #SpeirGorm,02/12/2024,76625,1
jenniferomeara5.bsky.social,@3arena.bsky.social @3arenadublin.bsky.social Please cancel #Disturbed #SpeirGorm#FreePalestine#BoycottIsrael,14/09/2025,39909,1
wesgo.bsky.social,Probably fine. Definitely nothing to do with the far right influence on the protests.,14/04/2026,537,1
jd-256.bsky.social,"The Irish government has released a report on the benefits of the pilot for a Basic Income for the Arts, and in a total shocker, it seems like it was good for the country as well as the artists. Nobody could have seen this coming.#SpeirGorm #UBIwww.gov.ie/en/departmen...",23/09/2025,39104,26
eolai.bsky.social,"ýýýý ciaraioch.com is now taking Christmas orders for prints, cards, and vouchers - each archival-quality print on heavy art paper is made in Ireland, ships internationally in eco-friendly packaging with discount tracked postage, and comes with a FREE card and treats for every customer ýýýý #SpýýirGorm",03/12/2025,24340,4
cathyby.bsky.social,Some bits for #WorldOceanDay ï¿½ï,08/06/2025,49784,1
johanndoorley.bsky.social,Anyone know stage times for Collins barracks gigs this week? Specifically for Sharon van Etten on Thursday. Canï¿½ï¿½ï¿½t find any info online re what time support and main act are on stage. Please and thank you #spe,19/08/2025,42510,76
ciaraioch.bsky.social,"The SLATED Christmas video ï¿½ï¿½ï¿½ soothing, calming, and blissfully short (unlike the Late Latee Toy Show marathon).Sit down, have a glass of something, and browse  slated.ie and support an Irish business while youï¿½ï¿½ï¿½re at it.ï¿½ï¿½ï¿½ï¿½ï¿½ï¿½ï¿½#SLATED #LateLateToyShow #speirgorm #Irishbus",05/12/2025,23789,2
ernos.bsky.social,"I have signed this #EU initiative  to propose a ban on #LGBTQ+ conversion ""therapy"" which every EU citizen above the age of 16 should be able to sign. #Ireland needs maybe 5,000 more signatures to reach the threshold #Spï¿½ï¿½irghorm #Spï¿½ï¿½irgormeci.ec.europa.eu/043/public . Sign it and s",30/01/2025,67904,1835
cudbeorht.bsky.social,Am I the only person I the country who believes it's reasonable to expect a presidential candidate to have held political office? It's a job. You need to demonstrate a track record. In what world is it appropriate for you to begin your political career in one of the most senior roles? #spï¿½ï¿½ir,24/09/2025,38771,1
louthforever.bsky.social,It seems with the IDF everyone is a target ï¿½ï¿½ï¿½ï¿½#gaza #lebanon #Spï¿½ï¿½irGhorm #speirgormwww.thejournal.ie/uni,15/05/2025,52483,1
andrewsb49.bsky.social,"So despite knowing full well that Connolly had to take the clients assigned to her as a barrister and trailing massively in the polls, Humphries doubles down with an attack in the Sindo.What an awful, petty, snide person she is - completely unfit to be Ireland's president. #SpeirGorm #Aras25",19/10/2025,33726,1
lochandload.bsky.social,The Irish for Ming the Merciless is ï¿½ï¿½ï¿½Ming na Mï¿½ï¿½thrï¿½ï¿½caireï¿½ï¿½ï¿½ just in case you were wondering! #theirishfor #FlashGordon #SpeirGor,10/03/2025,61503,3314
roothflud.bsky.social,What does the Triple Lock have to do with the war in Iran? Well the Triple lock is what keeps us safe and out of illegal wars. #SpeirGorm my.uplift.ie/petitions/no...,04/03/2026,7939,1
ballerinax.bsky.social,The HSE has issued a 48 hour #Covid rule as cases continue to rise across Ireland - warning people to stay at home until two full days after their symptoms clear to help stop the spread of infection.#speirgorm #Keeptesting www.irishmirror.ie/news/irish-n...,21/10/2025,33193,1
dgrsch.bsky.social, Yep. Ireland's brilliant public library service isn't celebrated often or loudly enough #Spï¿½ï¿½irgorm #Ireland #bookskyï¿½ï¿½ï¿½ï¿½ï¿½ï¿½ï¿½ï¿½ #writingcommunity #libraries@patriciascanlan.bsky.social @roisinm.bsky.social @shei,08/06/2025,49733,1519
acefromouterspace.bsky.social,Oh looking forward to this - a #PixelArt game set in #Galway. Doesn't the long walk look good in Pixel form? #Spï¿½ï¿½ir,12/09/2025,40161,1
pauamma.bsky.social,"Every day, 137 women and girls are killed by intimate partners or family members internationally - one death every 10 minutes, according to the UN, who released their annual femicide report today. Today is International Day for the Elimination of Violence against Women #speirgorm jrnl.ie/6884469",25/11/2025,25860,1
leafboy.bsky.social,The world's loosest shackles ï¿½ï,05/07/2025,46842,2
pompompastel.bsky.social,[Pope John Paul II voice] Young people of #speirgorm! I love you!idonate.ie/gavplayspiano,25/12/2025,21088,1
serenajenk.bsky.social,"Is this the MOST Halloween book you'll ever read? Maybe, but it IS set around the Irish hill where the bonefires were first lit. It is a story about the very roots of Halloween; the horror, mythology, and the harvest festival that lies between life and death.#Halloween #Samhain #Tlachtga #SpeirGorm",26/09/2025,38374,2
kelpana.bsky.social,"I helped with this, but I'm also going to toss it over to my #Speirgorm friends for additions. Things UK trans folks should know if they're planning on coming here.- Healthcare is next to non-existent wrt trans stuff.- Housing is next to non-existent for all of us.- Expensive.",07/05/2025,53284,31
paulcarroll15.bsky.social,"X is based in Ireland. Under Irish law what they are doing is illegal. I didn't have ""Irish government arguing against removing CSA images"" on my 2026 bingo card. I'm fully astonished by FFG here. Anyone who voted for them want to weigh in? #Speirgorm",08/01/2026,18601,1
maoltuile.bsky.social,Member of government calls on government to do something classic. #Spï¿½ï¿½irGorm #IrishPolitics dublinpeople.com/news/souths,15/12/2025,22234,1
joenoonan.bsky.social,"400 academics, including me, signed this letter to the Taoiseach expressing alarm at the proposed Triple Lock charge and its impact on our neutrality #speirgorm  www.rte.ie/news/politic...",06/03/2025,61897,1
queen-crafty.bsky.social,"Nothing highlights the extent to which the Irish economy is a house of cards quite like the adults in the room constantly defending ""don't fucking move or it'll fall down"" as a valid approach to running a country #Spï¿½ï¿½ir",27/01/2026,14561,1
robertgalbraith.bsky.social,"Speaking to @eoghandalton.bsky.social for this article was a tough decision, I have friends and colleagues working in Sinn Fï¿½ï¿½in and looking to bring meaningful change to Irish politics. But it was the only decision I felt I could make until the party takes this criticism on board#spï¿½ï",14/05/2025,52613,1
marklittle.bsky.social,If you know you know #irishsky#speirgorm,04/03/2025,62251,217
nohostages.bsky.social,"ýýýConor McGregor has been accused of a sexual assault at an NBA game in Florida, in a civil lawsuit filed against him in a US court.ýýýThe downfall continues. I hope the woman gets the justice she deserves #speirgorm",16/01/2025,70906,1
rhyn24.bsky.social,"Another glorious spring day at the visitor centre this morning. Doing my first ever tour completely as Gaeilge this afternoon, so a bit of obair bhaile to do first to look up farming and brewing vocabulary.#Ballykilcavan #Laois #IrelandsAncientEast #Spï¿½ï¿½ir",13/03/2025,61045,5
jwomack.bsky.social,"ýýýConor McGregor has been accused of a sexual assault at an NBA game in Florida, in a civil lawsuit filed against him in a US court.ýýýThe downfall continues. I hope the woman gets the justice she deserves #speirgorm",16/01/2025,70917,1
ptkenny.bsky.social,Probably fine. Definitely nothing to do with the far right influence on the protests.,14/04/2026,596,2
bluewomanvoting123.bsky.social,Was on the receiving end of a random act of kindness yesterday! Remember to sprinkle some kindness into your interactions when the opportunity arises! #speirgorm,30/07/2025,44480,5
queen-crafty.bsky.social,A young Luke Kelly at the Fleadh Cheoil na hï¿½ï¿½ireann in 1964#irishmusic #irishfolkmusic #fleadhcheoilnaheireann #speirgorm #Spï¿½ï¿½irGhormyoutu.be/cgsi4rl,08/08/2025,43841,1
stephanenny.bsky.social,The Americans are at it on French political posts too! ï¿½ï¿½ï¿½ï¿½#S,07/10/2025,36207,1
lynnok.bsky.social,"If you havenï¿½ï¿½ï¿½t, get out there and vote #connolly4president #aras25 #spe",24/10/2025,32639,1
pkwhitaker.bsky.social,"Happy #NoKings day, #SpeirGorm.bsky.app/profile/oisi...",18/10/2025,33926,1
sarklor.bsky.social,"I've been waiting for someone to point out that the 'new' 6-year tenancies in Ireland are not new at all. People had already had these rights since 2016, and since 2004 for 4-year tenancies. Government are claiming credit for inventing what is essentially the pre-2022 rules #SpeirGorm",24/02/2026,9189,1
richardgallagher.bsky.social,'Michael Lowry and six ï¿½ï¿½ï¿½otherï¿½ï¿½ï¿½ Independent TDs will get four times more speaking slots than Fianna Fï¿½ï¿½il'#IrishPolitics #Speirgorm extra.ie,29/03/2025,58359,1
cznz.bsky.social,"Go on, have a #painting. ""Boardwalk, Ha'penny Bridge, East"" was painted when I used to spend a lot of time in town, and would enjoy walking and sitting on the boardwalk, more than I enjoyed painting the million straight lines of it and its railings. Still though, Dublin, home. #SpeirGorm #ArtYear",06/06/2025,49917,31
parishpolitics.bsky.social,Very useful list of numbers and support agencies available for anyone struggling this Christmas. This is for Ireland. ï¿½ï¿½ï¿½ï¿½ï¿½ï¿½ #Bluesky #Christmas #Speirg,17/12/2024,74166,27
kmmcc.bsky.social,The greatest trick the devil ever pulled was convincing the Irish that people leaving their home countries for better prospects elsewhere are worse than landlords.#speirgorm,02/11/2025,29583,1
