Column1,Unnamed: 0,Text,Sentiment_orignial,Timestamp,User,Platform,Hashtags,Retweets,Likes,Country,Year,Month,Day,Hour,Sentiment
67,69, Finding acceptance in the midst of life's challenges.   , Acceptance   ,16/02/2023 18:20, AcceptanceSeeker, Facebook , #Acceptance #Challenges                     ,15,30, Canada     ,2023,2,16,18,Positive
91,93, Embracing acceptance of life's ups and downs.           , Acceptance   ,25/02/2023 18:20, LifeAcceptance  , Facebook , #Acceptance #LifeJourney                   ,15,30, Canada     ,2023,2,25,18,Positive
101,103, Reflecting on the beauty of diversity in our world.     , Acceptance   ,01/03/2023 10:45, DiversityLover  , Twitter  , #Acceptance #Diversity                      ,22,45, Australia ,2023,3,1,10,Positive
204,206," Embracing the ebb and flow of life, finding acceptance in the dance of existence. ", Acceptance      ,10/01/2023 16:20, ZenLifestyle      , Instagram , #Acceptance #LifeJourney                   ,15,30, UK           ,2023,1,10,16,Positive
214,216," Embracing the flaws, finding acceptance in imperfection, a journey towards self-love. ", Acceptance      ,20/08/2021 16:20, SelfLoveAdvocate  , Facebook , #Acceptance #SelfLoveJourney              ,15,30, Australia    ,2021,8,20,16,Positive
224,226," Embracing life's imperfections, finding acceptance in the journey, scars and all. ", Acceptance      ,15/05/2023 16:20, ImperfectHarmony  , Twitter  , #Acceptance #ImperfectJourney            ,18,36, Canada        ,2023,5,15,16,Positive
233,237," Embracing imperfections, finding acceptance in the mosaic of life's beautiful chaos. ", Acceptance      ,20/07/2021 16:20, MosaicDreamer     , Instagram , #Acceptance #BeautifulChaos              ,18,36, Australia     ,2021,7,20,16,Positive
243,247," Embracing the beauty in imperfections, finding acceptance in the mosaic of life's unpredictable art. ", Acceptance      ,15/06/2023 16:20, MosaicArtist      , Facebook , #Acceptance #UnpredictableArt            ,18,36, Australia    ,2023,6,15,16,Positive
364,368,A sense of accomplishment after completing a challenging workout., Accomplishment ,30/06/2022 07:00, FitnessAchiever , Facebook , #Accomplishment #FitnessSuccess         ,22,45, Australia          ,2022,6,30,7,Mixed
476,480,"Basking in the glow of accomplishment, each milestone a stepping stone to happiness. ", Accomplishment ,10/06/2020 17:30, GlowAchiever , Facebook , #Accomplishment #HappinessMilestone ,28,55, Germany ,2020,6,10,17,Positive
506,510,"At the summit of Mount Fuji, a breathtaking sunrise that paints the sky with hues of accomplishment. ", Accomplishment ,15/04/2020 05:30, FujiSummitAchiever , Facebook , #Accomplishment #SunriseHues ,28,55, Japan ,2020,4,15,5,Negative
544,548,"Witnessing a record-breaking marathon, spectators are filled with awe and Admirationfor the endurance and dedication of the runners. ", Admiration,07/11/2021 17:30, MarathonSpectatorRecordBreaking , Instagram , #Admiration #MarathonRecords ,22,45, Kenya ,2021,11,7,17,Mixed
62,64, Admiring the beauty of nature during a peaceful hike.   , Admiration,15/02/2023 11:30, NatureAdmirer   , Twitter  , #Admiration #Nature                         ,20,40, USA       ,2023,2,15,11,Positive
86,88, Admiring the dedication of volunteers at a local charity. , Admiration,24/02/2023 11:30, CharityAdmirer  , Twitter  , #Admiration #Volunteers                     ,20,40, USA        ,2023,2,24,11,Mixed
343,347,Admiration for the intricate details of a handcrafted masterpiece. , Admiration ,20/08/2019 16:00, CraftEnthusiast , Instagram , #Admiration #HandcraftedArt               ,25,50, USA               ,2019,8,20,16,Mixed
68,70, Overflowing with adoration for my adorable pet! ï¿½ï¿½ï¿½ï, Adoration    ,17/02/2023 10:45, PetAdorer       , Twitter  , #Adoration #PetLove                         ,22,45, UK        ,2023,2,17,10,Positive
92,94, Overflowing adoration for a cute rescue puppy! ï¿½ï¿½ï¿½ï¿, Adoration    ,26/02/2023 10:45, PuppyAdmirer    , Twitter  , #Adoration #PuppyLove                       ,22,45, UK         ,2023,2,26,10,Positive
399,403,Riding the adrenaline rush on a rollercoaster's wild twists.      , Adrenaline,25/07/2020 12:45, ThrillSeeker    , Facebook , #Adrenaline #RollercoasterThrills      ,22,45, Germany         ,2020,7,25,12,Positive
388,392,"Embarking on a culinary adventure, savoring exotic flavors around the world. ", Adventure ,02/03/2019 20:20, CulinaryExplorer , Twitter  , #Adventure #CulinaryJourney             ,35,70, Belgium         ,2019,3,2,20,Mixed
508,512,"Skiing down the slopes of the Swiss Alps, each turn a dance with the majesty of snow-capped peaks. ", Adventure ,10/01/2019 14:45, AlpsSkiAdventurer , Twitter , #Adventure #SnowPeakDance ,22,45, Switzerland ,2019,1,10,14,Mixed
562,566,"Embarking on a spontaneous road trip, the traveler discovers hidden gems, creating memories that will be cherished for a lifetime. ", Adventure ,28/09/2019 20:30, TravelEnthusiastRoadTripDiscovery , Twitter , #Adventure #RoadTripMemories ,35,70, USA ,2019,9,28,20,Mixed
63,65, Sending affectionate vibes to all my followers!          , Affection    ,15/02/2023 16:00, AffectionSender , Instagram , #Affection #PositiveVibes                   ,15,30,USA,2023,2,15,16,Positive
87,89, Sending affectionate vibes to friends and family.        , Affection    ,24/02/2023 16:00, FamilyLover     , Instagram , #Affection #FamilyLove                      ,15,30,USA,2023,2,24,16,Positive
498,502,"Amazed by the architectural marvels of Petra, each stone telling tales of an ancient civilization. ", Amazement ,28/01/2023 13:00, PetraExplorer , Twitter , #Amazement #AncientTales ,30,60, Jordan ,2023,1,28,13,Positive
262,266," In the embrace of the autumn breeze, leaves of ambivalence dancing in a waltz between choices and uncertainties. ", Ambivalence ,14/09/2019 10:20, BreezeWaltzer , Facebook , #Ambivalence #AutumnWaltz ,14,28, UK ,2019,9,14,10,Negative
203,205," Torn between conflicting emotions, an ambivalence that paints my decisions in shades of uncertainty. ", Ambivalence     ,30/05/2022 11:30, MixedFeelings     , Twitter  , #Ambivalence #UncertainChoices             ,12,25, Canada        ,2022,5,30,11,Negative
213,215," A tapestry of conflicting feelings, weaving through uncertainty, caught in the threads of ambivalence. ", Ambivalence     ,05/01/2022 10:30, ThreadWeaver      , Instagram , #Ambivalence #ConflictingFeelings        ,12,25, UK            ,2022,1,5,10,Negative
223,225," Torn between opposing emotions, an ambivalence that colors my decisions with shades of uncertainty. ", Ambivalence     ,08/07/2022 11:30, DecisiveDilemma   , Facebook , #Ambivalence #ShadesOfUncertainty       ,15,30, Australia    ,2022,7,8,11,Negative
232,236," Ambivalence clouding decisions, caught in the crossroads of conflicting emotions. ", Ambivalence     ,15/01/2022 10:30, CrossroadsTraveler , Twitter  , #Ambivalence #ConflictingEmotions        ,15,30, India         ,2022,1,15,10,Negative
242,246," Ambivalence in the air, caught between the crossroads of conflicting emotions and decisions. ", Ambivalence     ,05/08/2022 11:30, CrossroadsExplorer, Instagram , #Ambivalence #CrossroadsConfusion        ,15,30, Canada        ,2022,8,5,11,Negative
60,62, An amusing incident brightened up my day!               , Amusement    ,14/02/2023 14:20, AmusedSoul      , Instagram , #Amusement #FunTimes                         ,18,35, UK           ,2023,2,14,14,Positive
84,86, Amused by the antics of my petï¿½ï¿½ï¿½ï¿½ï¿½ï¿½ï¿½ï¿½ï¿½ï¿, Amusement    ,23/02/2023 14:20, PetAmuser       , Instagram , #Amusement #PetAntics                       ,18,35, UK           ,2023,2,23,14,Positive
349,353,Amused by the antics of playful kittens during playtime.           , Amusement     ,22/10/2022 12:45, KittyObserver   , Facebook , #Amusement #PlayfulKittens               ,15,30, Canada            ,2022,10,22,12,Positive
53,55, Can't believe the injustice happening in our society., Anger        ,11/02/2023 09:30, SocialJustice   , Twitter  , #Injustice #Angry                            ,20,40, Canada     ,2023,2,11,9,Negative
77,79, Fuming with anger after a heated argument.            , Anger        ,20/02/2023 09:30, AngryDebater    , Twitter  , #Anger #Argument                             ,20,40, Canada     ,2023,2,20,9,Negative
69,71, Anticipating a thrilling adventure in the coming weeks. , Anticipation ,17/02/2023 07:30, AdventureAwaits  , Instagram , #Anticipation #Adventure                    ,20,40,USA,2023,2,17,7,Mixed
93,95, Anticipating the release of a much-awaited movie.       , Anticipation ,26/02/2023 07:30, MovieBuff2      , Instagram , #Anticipation #MovieRelease                 ,20,40, Australia    ,2023,2,26,7,Mixed
356,360,Anticipation for an upcoming adventure in an exotic destination.   , Anticipation  ,25/07/2022 10:00, Wanderlust      , Twitter  , #Anticipation #AdventureAwaits           ,40,80, India             ,2022,7,25,10,Mixed
184,186," Anxiety grips my chest, a relentless grip on my thoughts.", Anxiety   ,05/09/2018 09:30, RestlessMind     , Facebook , #Anxiety #Restlessness                      ,10,20, UK            ,2018,9,5,9,Negative
171,173," Anxiety grips my heart, worry clouds my thoughts.  ", Anxiety         ,15/04/2019 09:00, WorriedMind       , Instagram , #Anxiety #Worry                               ,12,25, UK           ,2019,4,15,9,Negative
359,363,Appreciation for the vibrant culture experienced during travel.   , Appreciation  ,14/11/2016 13:45, CultureExplorer , Twitter  , #Appreciation #CulturalExperience        ,28,55, UK                ,2016,11,14,13,Mixed
302,306," Apprehensive steps on the tightrope of uncertainty, a balancing act where the fall seems inevitable, anxiety a constant companion. ", Apprehensive ,08/04/2023 13:15, TightropeWalker , Twitter , #Apprehensive #BalancingAct ,14,28, UK ,2023,4,8,13,Negative
324,328," Apprehensive whispers in the wind, a forecast of uncertainty, the mind's weather vane spinning wildly in the storm of doubt. ", Apprehensive ,10/06/2021 10:00, WindWhisperer , Instagram , #Apprehensive #StormOfDoubt ,14,28, Canada ,2021,6,10,10,Negative
119,121, Arousal of excitement as I await a special announcement., Arousal       ,30/10/2017 11:30, ExcitementFan   , Twitter  , #Arousal #Excitement                           ,20,40, Australia ,2017,10,30,11,Mixed
132,134, Arousal of excitement for an upcoming adventure.       , Arousal       ,30/04/2017 11:30, AdventureAwaits , Instagram , #Arousal #AdventureTime                       ,20,40, Australia ,2017,4,30,11,Mixed
146,148, Arousal of excitement before a much-awaited trip.    , Arousal       ,10/03/2018 09:45, TravelExcitement, Twitter  , #Arousal #TravelAdventure                     ,20,40, India    ,2018,3,10,9,Mixed
159,161, Arousal of excitement for an upcoming festival.       , Arousal       ,25/09/2017 11:30, FestivalFan     , Instagram , #Arousal #FestivalExcitement               ,20,40, UK ,2017,9,25,11,Mixed
401,405,A burst of artistic creativity in the quietude of an artist's studio. , ArtisticBurst ,01/09/2015 16:00, StudioArtist    , Twitter  , #ArtisticBurst #StudioCreativity       ,15,30, Italy           ,2015,9,1,16,Positive
496,500,"In the embrace of the Grand Canyon, nature's masterpiece, a moment to marvel at Earth's grandeur. ", Awe ,15/06/2020 16:45, CanyonMarveler , Instagram , #Awe #EarthsGrandeur ,25,50, USA ,2020,6,15,16,Positive
500,504,"At the summit of Machu Picchu, a breathtaking panorama that whispers the secrets of ancient civilizations. ", Awe ,05/11/2017 22:00, MachuPicchuAdventurer , Facebook , #Awe #AncientCivilizations ,28,55, Peru ,2017,11,5,22,Positive
505,509,"Walking the Great Wall of China, each step a testament to ancient engineering marvels. ", Awe ,18/08/2017 19:30, GreatWallWalker , Twitter , #Awe #EngineeringMarvels ,18,35, China ,2017,8,18,19,Positive
547,551,"At the golf tournament, the golfer's precision and focus lead to a stunning victory, leaving spectators in awe of their exceptional skill. ", Awe ,10/04/2016 18:30, GolfEnthusiastPrecisionVictory , Instagram , #Awe #GolfVictory ,22,45, Scotland ,2016,4,10,18,Mixed
390,394,Awe-inspired by the grandeur of an ancient cathedral's intricate architecture. , Awe    ,18/08/2018 14:45, CathedralVisitor , Facebook , #Awe #ArchitecturalGrandeur            ,18,35, Czech Republic  ,2018,8,18,14,Positive
410,414,Awe-struck by the grandeur of an ancient cathedral's intricate architecture. , Awe    ,18/08/2018 14:45, CathedralVisitor , Facebook , #Awe #ArchitecturalGrandeur            ,18,35, Czech Republic  ,2018,8,18,14,Positive
64,66, Experiencing awe at the breathtaking sunset.            , Awe          ,15/02/2023 20:30, AweStruck       , Facebook , #Awe #Breathtaking                          ,22,45, Australia   ,2023,2,15,20,Positive
88,90, Awe-struck by the beauty of the night sky.               , Awe          ,24/02/2023 20:30, Stargazer       , Facebook , #Awe #StarryNight                        ,22,45, Australia ,2023,2,24,20,Positive
333,337,Awe-struck by the breathtaking sunrise over the mountains.      , Awe           ,03/04/2022 06:15, NatureAdmirer  , Instagram , #Awe #BreathtakingSunrise                   ,28,55, USA               ,2022,4,3,6,Positive
686,690,Had a bad day at school. Everything seems to be going wrong. , Bad ,13/09/2023 16:45, ToughDayHighSchool , Facebook , #BadDay #HighSchoolBlues ,20,40, UK,2023,9,13,16,Negative
689,693,Received a not-so-great grade on a major project. Academic frustration setting in. , Bad ,16/09/2023 17:30, ProjectGradeDisappointmentHighSchool , Facebook , #AcademicFrustration #HighSchoolStress ,19,38, UK,2023,9,16,17,Negative
693,697,Caught in a torrential rainstorm without an umbrella. Today's weather is just bad luck. , Bad ,20/09/2023 12:30, RainyDayBluesHighSchool , Twitter , #BadLuck #HighSchoolWeather ,18,35, USA,2023,9,20,12,Negative
696,700,Got a flat tire on the way to an important meeting. Talk about a series of bad events! , Bad ,23/09/2023 14:15, FlatTireWoesHighSchool , Twitter , #BadLuckDay #HighSchoolStruggles ,25,50, USA,2023,9,23,14,Negative
700,704,Having a bad hair day and feeling self-conscious. Bad hair days can affect confidence. , Bad ,27/09/2023 17:30, BadHairDayBluesHighSchool , Instagram , #BadHairDay #HighSchoolConfidence ,18,36, Canada,2023,9,27,17,Negative
703,707,Having a string of bad luck with constant technology malfunctions. Tech troubles galore! , Bad ,30/09/2023 18:20, TechMalfunctionWoesHighSchool , Instagram , #TechIssues #HighSchoolTech ,22,43, Canada,2023,9,30,18,Positive
449,453,"In the wasteland of lost trust, the echoes of broken promises reverberate. ", Betrayal ,12/12/2016 10:00, TrustWasteland , Facebook , #Betrayal #ReverberatingPromises ,25,50, Italy ,2016,12,12,10,Negative
457,461,"Wandering in the maze of betrayal, the walls closing in with every wrong turn. ", Betrayal ,05/01/2021 16:20, MazeWanderer , Instagram , #Betrayal #ClosingWalls ,15,30, Germany ,2021,1,5,16,Negative
464,468,"Betrayal, a venomous serpent slithering through the garden of trust, poisoning roots. ", Betrayal ,02/03/2021 17:45, VenomousGarden , Instagram , #Betrayal #PoisonedTrust ,25,50, Canada ,2021,3,2,17,Negative
469,473,"In the gallery of broken promises, each shattered vow framed, a painful exhibition. ", Betrayal ,28/01/2022 13:45, PromiseGallery , Facebook , #Betrayal #ShatteredVows ,15,30, Brazil ,2022,1,28,13,Negative
425,429,"Shattered by betrayal, trust crumbles like fragile glass.          ", Betrayal      ,10/09/2018 13:15, BrokenTrust     , Twitter  , #Betrayal #ShatteredTrust               ,22,45, Germany         ,2018,9,10,13,Negative
70,72, A bitter experience turned into a valuable lesson.      , Bitter       ,17/02/2023 15:00, LearnFromBitter , Facebook , #BitterLesson #Growth                      ,18,35, USA       ,2023,2,17,15,Negative
94,96, Bitter experience at the customer service department.   , Bitter       ,26/02/2023 15:00, CustomerWoes    , Facebook , #BitterExperience #CustomerService         ,18,35, USA       ,2023,2,26,15,Negative
103,105, Feeling bitter about the unfairness in the workplace.   , Bitter       ,01/03/2023 17:45, WorkplaceWoes   , Twitter  , #Bitter #Unfairness                         ,15,30, Canada    ,2023,3,1,17,Negative
298,302," Bitterness festering like a venomous vine, entwining the soul in a web of resentment, poisoning the garden of peace. ", Bitterness ,08/03/2019 14:20, VenomousSoul , Facebook , #Bitterness #ResentmentWeb ,12,24, UK ,2019,3,8,14,Positive
312,316," Bitterness, a bitter aftertaste lingering on the tongue, each word a reminder of wounds that refuse to heal with the passing of time. ", Bitterness ,05/04/2020 16:20, LingeringTaste , Instagram , #Bitterness #BitterAftertaste ,10,20, India ,2020,4,5,16,Negative
320,324," Bitterness, a bitter chill in the air, freezing moments into icicles of resentment that dangle precariously over the landscape of memory. ", Bitterness ,15/10/2019 10:30, IcyResentment , Twitter , #Bitterness #IciclesOfResentment ,15,30, UK ,2019,10,15,10,Negative
435,439,"Bitterness like a poison, seeping into every crevice of the wounded heart. ", Bitterness ,15/12/2015 16:15, PoisonedHeart   , Facebook , #Bitterness #WoundedHeart              ,25,50, Australia   ,2015,12,15,16,Negative
445,449,"The bitterness of betrayal, a taste that lingers, staining the palate of trust. ", Bitterness ,22/10/2019 17:00, PalateStainer , Instagram , #Bitterness #StainedTrust ,15,30, Germany ,2019,10,22,17,Negative
341,345,Bittersweet emotions arise while bidding farewell to a dear friend. , Bittersweet ,15/03/2020 18:30, FarewellSender , Instagram , #Bittersweet #Farewell                     ,20,40, Japan             ,2020,3,15,18,Positive
354,358,Feeling blessed for the supportive community in times of need.    , Blessed       ,10/09/2021 09:45, CommunityHelper , Instagram , #Blessed #SupportiveCommunity            ,18,35, UK                ,2021,9,10,9,Positive
582,586,Ran out of snacks during a movie marathon. Crisis level: Emergency! #MovieNightStruggles #TeenProblems , Boredom ,21/05/2023 21:00, MovieBuff , Instagram , #SnackCrisis #TeenLife ,18,35, Canada,2023,5,21,21,Negative
170,172," Boredom sets in, the day feels endlessly dull.     ", Boredom         ,28/09/2016 19:45, BoredMind         , Twitter  , #Boredom #LackOfInterest                     ,8,15, Canada        ,2016,9,28,19,Negative
183,185," Boredom settles like dust, life feels mundane.     ", Boredom         ,28/11/2016 19:00, MundaneHeart     , Instagram , #Boredom #Monotony                          ,7,15, Canada        ,2016,11,28,19,Negative
196,198," Boredom lingers, a stagnant pool of indifference.  ", Boredom         ,02/10/2021 19:00, StagnantHeart    , Facebook , #Boredom #Stagnation                        ,7,15, Canada        ,2021,10,2,19,Negative
565,569,"In the world of science, a breakthrough discovery unfolds, pushing the boundaries of knowledge and opening new frontiers of exploration. ", Breakthrough ,20/05/2020 16:30, ScienceEnthusiastDiscoveryMoment , Twitter , #Breakthrough #ScientificDiscovery ,28,55, Germany ,2020,5,20,16,Mixed
71,73, Finding calmness in the midst of a busy day.            , Calmness     ,18/02/2023 09:30, ZenMaster       , Twitter  , #Calmness #PeacefulMind                    ,15,30, India     ,2023,2,18,9,Positive
95,97, Finding calmness amidst the chaos of daily life.        , Calmness     ,27/02/2023 09:30, CalmSoul        , Twitter  , #Calmness #InnerPeace                      ,15,30, India     ,2023,2,27,9,Positive
104,106, Calmness prevails as I practice mindfulness.            , Calmness     ,02/03/2023 18:00, MindfulMe       , Facebook , #Calmness #Mindfulness                      ,15,30, UK        ,2023,3,2,18,Positive
337,341,Calmness found in the rhythm of raindrops on the windowpane.   , Calmness      ,08/11/2017 21:20, RainWatcher    , Twitter  , #Calmness #RainyDays                        ,18,35, Australia          ,2017,11,8,21,Positive
502,506,"Captivated by the historical charm of the Colosseum, each stone echoing tales of gladiator valor. ", Captivation ,15/03/2018 17:30, ColosseumAdventurer , Twitter , #Captivation #GladiatorTales ,25,50, Italy ,2018,3,15,17,Negative
545,549,"In the tennis grand slam, a fierce rivalry unfolds, captivating fans with a display of skill and sportsmanship on the world stage. ", Captivation ,10/09/2017 20:15, TennisEnthusiastGrandSlamDrama , Twitter , #Captivation #TennisRivalry ,28,55, UK ,2017,9,10,20,Positive
517,521,"At a Michael Jackson tribute show, moonwalking through the hits, a celebration of the King of Pop. ", Celebration ,15/01/2022 21:15, MJTributeDancer , Instagram , #Celebration #MJTribute ,25,50, USA ,2022,1,15,21,Positive
576,580,"At the astronomy observatory, the stargazer marvels at the vastness of the cosmos, contemplating the mysteries hidden within the celestial expanse. ", Celestial Wonder ,22/09/2016 20:00, AstronomyEnthusiastStargazing , Facebook , #CelestialWonder #Stargazing ,18,35, USA ,2016,9,22,20,Positive
559,563,"The weightlifter's failed attempt at a personal record results in frustration, highlighting the challenging nature of pushing physical limits. ", Challenge ,08/01/2022 21:30, WeightliftingFanFailedRecord , Facebook , #Challenge #WeightliftingFailure ,35,70, Germany ,2022,1,8,21,Negative
518,522,"Swinging to the rhythms of a Frank Sinatra tribute, feeling the timeless charm of 'Fly Me to the Moon'. ", Charm ,10/06/2019 18:45, SinatraCharmListener , Twitter , #Charm #SinatraTribute ,22,45, USA ,2019,6,10,18,Positive
524,528,"Drenched in confetti at a Katy Perry concert, a kaleidoscope of colors igniting the night sky. ", Colorful ,22/06/2020 22:00, KatyPerryColorExplosion , Instagram , #Colorful #KatyPerry ,22,45, USA ,2020,6,22,22,Positive
144,146, Compassion shown through acts of kindness in the community., Compassion,15/01/2019 14:50, KindnessInAction, Instagram , #Compassion #CommunityKindness               ,18,35, Australia ,2019,1,15,14,Positive
117,119, Compassion in action: supporting a local charity event. , Compassion    ,18/07/2015 14:20, CharitySupporter, Instagram , #Compassion #CharityEvent                   ,18,35, Canada ,2015,7,18,14,Positive
130,132, Compassion towards those in need during the holidays.  , Compassion    ,22/12/2015 14:20, HolidayHelper   , Facebook , #Compassion #HolidaySupport                   ,18,35, USA      ,2015,12,22,14,Positive
157,159, Compassion in volunteering for a local charity.       , Compassion    ,18/12/2015 14:20, CharityVolunteer, Facebook , #Compassion #VolunteerWork                   ,18,35, USA      ,2015,12,18,14,Positive
254,258," Compassionate clouds, heavy with care, showering empathy on the parched grounds of human suffering. ", Compassionate ,20/06/2022 10:30, CloudCaretaker , Twitter , #Compassionate #ShowerOfEmpathy ,18,36, Australia ,2022,6,20,10,Positive
265,269," A compassionate rain, tears of empathy falling gently, nurturing the seeds of kindness in the garden of human connections. ", Compassionate ,01/07/2021 12:10, RainNurturer , Facebook , #Compassionate #TearsOfEmpathy ,21,42, Canada ,2021,7,1,12,Positive
279,283," A compassionate rain, tears of empathy falling gently, nurturing the seeds of kindness in the garden of human connections. ", Compassionate ,01/07/2021 12:10, RainNurturer , Instagram , #Compassionate #TearsOfEmpathy ,21,42, Canada ,2021,7,1,12,Positive
293,297," A compassionate rain, tears of empathy falling gently, nurturing the seeds of kindness in the garden of human connections. ", Compassionate ,01/07/2021 12:10, RainNurturer , Instagram , #Compassionate #TearsOfEmpathy ,21,42, Canada ,2021,7,1,12,Positive
360,364,Confidence soars after overcoming public speaking anxiety.       , Confidence    ,02/04/2020 17:30, PublicSpeaker   , Instagram , #Confidence #OvercomingAnxiety          ,15,30, USA               ,2020,4,2,17,Negative
259,263," Striding with confidence, footprints of self-assuredness imprinted on the sands of challenges conquered and victories claimed. ", Confident ,15/02/2022 13:15, SandStrider , Instagram , #Confident #FootprintsOfAssuredness ,25,50, Australia ,2022,2,15,13,Mixed
274,278," Confident strides in the dance of life, a ballroom where self-assuredness leads, twirling through challenges with grace. ", Confident ,15/01/2021 13:00, DanceStrider , Facebook , #Confident #DanceOfLife ,23,46, Canada ,2021,1,15,13,Mixed
288,292," Confident strides in the dance of life, a ballroom where self-assuredness leads, twirling through challenges with grace. ", Confident ,15/01/2021 13:00, DanceStrider , Facebook , #Confident #DanceOfLife ,23,46, Canada ,2021,1,15,13,Mixed
105,107, Confusion surrounds me as I navigate through life's choices. , Confusion ,02/03/2023 13:15, ConfusedMind3   , Instagram , #Confusion #LifeChoices                     ,30,60, USA   ,2023,3,2,13,Negative
72,74, Confusion clouds my mind as I navigate through decisions., Confusion    ,18/02/2023 14:20, ConfusedMind    , Instagram , #Confusion #DecisionMaking                 ,25,50, UK   ,2023,2,18,14,Negative
96,98, Confusion reigns as I try to make sense of recent events., Confusion    ,27/02/2023 14:20, ConfusedMind2   , Instagram , #Confusion #MakingSense                    ,25,50, UK   ,2023,2,27,14,Negative
199,201," The complex puzzle of life leaves me in a state of perpetual confusion, seeking answers in the chaos. ", Confusion       ,02/04/2020 09:45, SeekingClarity    , Facebook , #Confusion #LifePuzzle                     ,10,20, UK           ,2020,4,2,9,Negative
209,211," Entangled in the web of thoughts, confusion reigning as I navigate the labyrinth of ideas. ", Confusion       ,15/05/2021 11:45, ThoughtExplorer   , Twitter  , #Confusion #ThoughtLabyrinth              ,15,30, UK            ,2021,5,15,11,Negative
219,221," Wrestling with thoughts, a perplexed mind lost in the labyrinth of life's complexities. ", Confusion       ,05/08/2020 12:15, ComplexThinker    , Instagram , #Confusion #PerplexedMind                ,14,28, Australia    ,2020,8,5,12,Negative
228,232," Navigating through the labyrinth of thoughts, confusion a constant companion in the maze of ideas. ", Confusion       ,02/05/2021 11:45, MazeNavigator     , Facebook , #Confusion #ThoughtLabyrinth              ,14,28, Australia    ,2021,5,2,11,Negative
238,242," Lost in the labyrinth of thoughts, confusion casting shadows on the quest for clarity. ", Confusion       ,05/06/2020 12:15, ShadowedSeeker    , Twitter  , #Confusion #LabyrinthOfThoughts          ,14,28, Australia    ,2020,6,5,12,Negative
527,531,"At a U2 concert, the anthemic chords of 'With or Without You' create a timeless moment of connection. ", Connection ,15/05/2016 19:30, U2ConnectionSeeker , Instagram , #Connection #U2Anthem ,25,50, Ireland ,2016,5,15,19,Positive
350,354,Contemplating life's mysteries under the starry night sky.         , Contemplation ,02/07/2016 23:30, Stargazer       , Twitter  , #Contemplation #StarryNight               ,28,55, UK                ,2016,7,2,23,Positive
538,542,"As the movie credits roll, the viewer experiences a mix of awe and contemplation, pondering the deeper meanings woven into the storyline. ", Contemplation ,05/11/2019 21:15, FilmBuffContemplativeViewer , Instagram , #Contemplation #DeepMeanings ,28,55, Germany ,2019,11,5,21,Positive
249,253," Basking in the golden glow of contentment, a serene river flowing through the landscape of the heart. ", Contentment ,05/09/2020 20:10, SereneBasker , Facebook , #Contentment #GoldenGlow ,18,36, Australia ,2020,9,5,20,Positive
270,274," Navigating the river of contentment, a serene boat cruise through the tranquil waters of inner peace and acceptance. ", Contentment ,27/04/2019 09:50, RiverNavigator , Instagram , #Contentment #TranquilWaters ,20,40, Canada ,2019,4,27,9,Positive
284,288," Navigating the river of contentment, a serene boat cruise through the tranquil waters of inner peace and acceptance. ", Contentment ,27/04/2019 09:50, RiverNavigator , Instagram , #Contentment #TranquilWaters ,20,40, Canada ,2019,4,27,9,Positive
413,417,Contentment envelops as the aroma of freshly baked bread fills the air. , Contentment ,10/06/2017 12:15, BreadLover     , Instagram , #Contentment #FreshBreadAroma          ,28,55, France          ,2017,6,10,12,Positive
473,477,"In the garden of contentment, each bloom whispers tales of inner peace and joy. ", Contentment ,15/02/2022 12:20, GardenOfJoy , Facebook , #Contentment #InnerPeace ,25,50, UK ,2022,2,15,12,Positive
603,607,Relishing a peaceful afternoon with a classic novel. Quiet moments are the best moments. #BookLover #PeacefulAfternoon , Contentment ,11/06/2023 15:30, NovelEnthusiast , Instagram , #QuietMoments #BookishEscape ,35,70, USA,2023,6,11,15,Positive
606,610,Savoring the flavors of a home-cooked meal. Simple joys are the heart of happiness. #HomeCooking #SimpleJoys , Contentment ,14/06/2023 19:30, HomeChefSenior , Instagram , #HappinessInFood #SeniorLife ,25,50, USA,2023,6,14,19,Positive
610,614,"Reconnecting with old friends over a cup of tea. Friendship, the true essence of companionship. #OldFriends #Companionship ", Contentment ,18/06/2023 11:30, TeaTimeSenior , Twitter , #FriendshipGoals #SeniorBonding ,28,55, UK,2023,6,18,11,Positive
613,617,"Exploring the art of meditation, finding tranquility in the stillness of the mind. #MeditationJourney #TranquilMind ", Contentment ,21/06/2023 19:00, MeditationSenior , Twitter , #MindfulLiving #SeniorCalm ,18,35, UK,2023,6,21,19,Positive
614,618,"Taking a stroll in the garden, appreciating the beauty of blooming flowers. Nature's wonders never cease. #GardenWalk #FloralBeauty ", Contentment ,22/06/2023 13:45, GardenEnthusiast , Facebook , #NatureWonders #SeniorGarden ,25,50, USA,2023,6,22,13,Positive
615,619,"Sipping on a favorite vintage wine, each sip telling a story of the years gone by. Cheers to a life well-lived. #WineLover #VintageCheers ", Contentment ,23/06/2023 18:45, WineConnoisseur , Instagram , #LifeWellLived #SeniorWine ,28,55, UK,2023,6,23,18,Positive
619,623,"Rediscovered the joy of cooking traditional family recipes. The kitchen, a place of cherished memories. #FamilyRecipes #SeniorCooking ", Contentment ,27/06/2023 17:45, FamilyChefSenior , Twitter , #KitchenMemories #SeniorCulinary ,20,40, USA,2023,6,27,17,Positive
626,630,"Hosted a family dinner, where laughter echoed louder than the clinking of utensils. Family, the heart of happiness. #FamilyDinner #SeniorHost ", Contentment ,04/07/2023 17:00, FamilyHostSenior , Instagram , #HeartwarmingMoments #SeniorFamily ,35,70, USA,2023,7,4,17,Positive
630,634,"Hosted a picnic in the park, basking in the warmth of friendship and sunshine. Simple joys, timeless memories. #ParkPicnic #SeniorJoy ", Contentment ,08/07/2023 16:00, SeniorPicnicHost , Twitter , #FriendshipSunshine #SeniorMemories ,30,60, Canada,2023,7,8,16,Positive
112,114," Embracing the beauty of nature, a moment of contentment. ", Contentment   ,20/06/2011 14:45, NatureLover2    , Facebook , #Contentment #Nature                           ,25,50, India       ,2011,6,20,14,Positive
125,127, Contentment in the simplicity of a quiet Sunday.       , Contentment   ,15/08/2010 10:00, SimpleJoys      , Twitter  , #Contentment #SundayMood                      ,30,60, Australia ,2010,8,15,10,Positive
139,141, Contentment in the simplicity of a home-cooked meal. , Contentment   ,12/09/2015 13:20, HomeChef        , Facebook , #Contentment #HomeCooking                     ,25,50, India    ,2015,9,12,13,Positive
152,154, Contentment in the embrace of a loved one.           , Contentment   ,12/11/2010 20:20, LovingEmbrace   , Twitter  , #Contentment #Love                             ,30,60, India    ,2010,11,12,20,Positive
361,365,Contentment in the midst of a family gathering filled with laughter. , Contentment   ,15/01/2023 19:00, FamilyCelebration , Facebook , #Contentment #FamilyLaughter             ,25,50, Canada            ,2023,1,15,19,Positive
386,390,Savoring the warmth of a cup of cocoa on a chilly winter evening.   , Coziness     ,12/01/2020 18:00, WinterWarmth    , Instagram , #Coziness #WarmWinterEvening           ,30,60, Switzerland     ,2020,1,12,18,Positive
406,410,Savoring the warmth of a cup of cocoa on a chilly winter evening.   , Coziness     ,12/01/2020 18:00, WinterWarmth    , Instagram , #Coziness #WarmWinterEvening           ,30,60, Switzerland     ,2020,1,12,18,Positive
577,581,"Engulfed in the aroma of freshly brewed coffee, the writer finds inspiration in every sip, embarking on a journey of creativity and prose. ", Creative Inspiration ,12/02/2023 19:45, CoffeeLoverWritersRetreat , Twitter , #CreativeInspiration #CoffeeJourney ,22,45, France ,2023,2,12,19,Mixed
522,526,"In the spotlight at a Lady Gaga show, each costume change is a metamorphosis of creativity and artistry. ", Creativity ,15/04/2021 21:30, GagaArtisticChameleon , Twitter , #Creativity #LadyGaga ,35,70, USA ,2021,4,15,21,Positive
564,568,"Exploring the vibrant street art of a cultural neighborhood, each mural tells a story, infusing the city with creativity and expression. ", Creativity ,05/11/2017 21:15, ArtEnthusiastStreetArtExploration , Instagram , #Creativity #StreetArtVibes ,22,45, Brazil ,2017,11,5,21,Positive
381,385,A burst of creativity in the quiet solitude of an artist's studio.  , Creativity   ,01/09/2015 16:00, StudioArtist    , Twitter  , #Creativity #ArtistsHaven               ,15,30, Italy           ,2015,9,1,16,Positive
572,576,"In the heart of a bustling market, the street food connoisseur indulges in a culinary adventure, savoring diverse flavors and aromas. ", Culinary Adventure ,28/08/2019 19:30, FoodieMarketStreetFoodExploration , Instagram , #CulinaryAdventure #StreetFoodDelights ,35,70, Thailand ,2019,8,28,19,Mixed
408,412,"Embarking on a culinary odyssey, savoring flavors around the world. ", CulinaryOdyssey ,02/03/2019 20:20, CulinaryExplorer , Twitter  , #CulinaryOdyssey #FlavorsAroundTheWorld ,35,70, Belgium         ,2019,3,2,20,Mixed
261,265," Unveiling the layers of curiosity, a labyrinth of questions leading to the treasure troves of undiscovered knowledge. ", Curiosity ,29/11/2020 14:45, KnowledgeSeeker , Instagram , #Curiosity #LabyrinthOfQuestions ,17,34, USA ,2020,11,29,14,Mixed
485,489,"Lost in the maze of curiosity, each twist and turn unveils the treasures of discovery. ", Curiosity ,22/09/2018 12:45, MazeDiscovery , Instagram , #Curiosity #TreasuresOfDiscovery ,22,45, India ,2018,9,22,12,Negative
601,605,"Spent the afternoon at a museum, pretending to be cultured. Art enthusiast in the making. #MuseumDay #TeenArtLover ", Curiosity ,09/06/2023 14:00, ArtExplorer , Facebook , #CulturalDay #TeenCuriosity ,20,40, USA,2023,6,9,14,Positive
602,606,Started a blog about random thoughts and musings. Blogging is the new diary. #BloggerLife #TeenBlogger , Curiosity ,10/06/2023 17:30, ThoughtfulBlogger , Twitter , #BloggingJourney #TeenThoughts ,30,60, Canada,2023,6,10,17,Positive
605,609,Exploring the world of digital art. It's never too late to discover new passions. #DigitalArtistry #LateBloomer , Curiosity ,13/06/2023 14:45, ArtAdventurer , Facebook , #ArtDiscovery #SeniorArtist ,22,45, Canada,2023,6,13,14,Mixed
607,611,Embarking on a journey of learning a new language. The mind stays young with every new word. #LanguageLearning #NeverTooLate , Curiosity ,15/06/2023 12:15, LinguisticExplorer , Twitter , #MindEnrichment #SeniorLearning ,30,60, UK,2023,6,15,12,Mixed
618,622,"Attended a lecture on history, always fascinated by the lessons from the past. Learning is a lifelong adventure. #HistoryLecture #SeniorLearning ", Curiosity ,26/06/2023 14:00, HistoryEnthusiast , Instagram , #LifetimeAdventure #SeniorCuriosity ,30,60, UK,2023,6,26,14,Mixed
639,643,"Joined a seniors' astronomy club, stargazing and finding wonder in the vastness of the cosmos. #AstronomyClub #SeniorStargazer ", Curiosity ,17/07/2023 22:15, SeniorStargazer , Twitter , #CelestialWonders #SeniorAstronomy ,18,35, UK,2023,7,17,22,Positive
411,415,Curiosity awakened by the mysteries of an ancient archaeological site. , Curiosity  ,08/11/2015 10:00, ArchaeologyEnthusiast , Instagram , #Curiosity #AncientMysteries          ,18,35, Australia ,2015,11,8,10,Positive
370,374,Curiosity piqued by the mysteries of an ancient archaeological site., Curiosity   ,08/11/2015 10:00, ArchaeologyEnthusiast , Facebook , #Curiosity #AncientMysteries            ,18,35, Australia          ,2015,11,8,10,Positive
342,346,Curiosity sparked by exploring a mysterious ancient ruin.      , Curiosity     ,22/08/2016 15:10, HistoryExplorer , Facebook , #Curiosity #AncientDiscovery          ,18,35, Greece            ,2016,8,22,15,Positive
197,199," Embarking on a journey of discovery, fueled by curiosity and a thirst for knowledge. ", Curiosity       ,15/04/2023 10:15, InquisitiveMind   , Twitter  , #Curiosity #Learning                        ,15,30, USA          ,2023,4,15,10,Mixed
207,209," Curiosity leading me down the rabbit hole of knowledge, a perpetual student in life's classroom. ", Curiosity       ,08/10/2022 08:15, EternalLearner    , Instagram , #Curiosity #KnowledgeQuest                ,20,40, USA          ,2022,10,8,8,Positive
217,219," Exploring new horizons with the spark of curiosity, an adventurer in the vast landscape of knowledge. ", Curiosity       ,15/04/2022 08:45, HorizonExplorer   , Facebook , #Curiosity #NewHorizons                  ,22,45, India         ,2022,4,15,8,Mixed
236,240," Curiosity driving the exploration of the unknown, a seeker of knowledge in uncharted territories. ", Curiosity       ,08/05/2022 08:45, SeekerOfUnknowns  , Instagram , #Curiosity #SeekerOfKnowledge            ,22,45, UK            ,2022,5,8,8,Mixed
246,250," Fueled by curiosity, venturing into uncharted realms, a fearless explorer of the mysteries of the world. ", Curiosity       ,01/12/2022 09:15, FearlessExplorer  , Facebook , #Curiosity #FearlessExplorer              ,22,44, India         ,2022,12,1,9,Negative
438,442,"Darkness descends, engulfing the soul in the shadows of despair.  ", Darkness     ,10/07/2016 18:20, SoulInShadow    , Facebook , #Darkness #SoulEngulfed                 ,28,55, USA         ,2016,7,10,18,Negative
396,400,Dazzled by the elegance of a masquerade ball's dazzling costumes. , Dazzle        ,12/06/2018 20:30, MasqueradeAttendee , Facebook , #Dazzle #MasqueradeElegance            ,28,55, UK               ,2018,6,12,20,Positive
441,445,"Shattered by the echoes of a shattered dream, fragments of hope scattered. ", Desolation ,10/09/2017 19:15, DreamEchoes , Twitter , #Desolation #ScatteredHope ,20,40, Australia ,2017,9,10,19,Negative
446,450,"In the ruins of hope, echoes of shattered dreams whisper tales of loss. ", Desolation ,15/03/2021 22:45, HopeRuins , Facebook , #Desolation #WhisperedLoss ,28,55, Brazil ,2021,3,15,22,Negative
455,459,"In the garden of broken dreams, petals fall, a silent testimony to shattered hopes. ", Desolation ,10/06/2018 13:30, DreamGardener , Twitter , #Desolation #ShatteredHopes ,20,40, UK ,2018,6,10,13,Negative
466,470,"Wandering through the cemetery of lost dreams, tombstones marking untold sorrows. ", Desolation ,15/08/2020 12:30, DreamCemetery , Facebook , #Desolation #UntoldSorrows ,28,55, France ,2020,8,15,12,Negative
297,301," Drowning in the abyss of despair, a heart shattered into fragments, lost in the echoing silence of hopelessness. ", Despair ,15/09/2021 16:00, ShatteredHeart , Instagram , #Despair #EchoingSilence ,8,16, Canada ,2021,9,15,16,Negative
319,323," Despair like a heavy fog, enveloping every thought, blurring the path ahead, a journey in the labyrinth of utter hopelessness. ", Despair ,28/02/2022 21:00, FoggyLabyrinth , Facebook , #Despair #LabyrinthOfHopelessness ,8,16, Canada ,2022,2,28,21,Negative
453,457,"In the labyrinth of despair, the echoes of a broken heart reverberate endlessly. ", Despair ,28/03/2017 22:00, EndlessLabyrinth , Facebook , #Despair #EndlessReverberation ,28,55, Australia ,2017,3,28,22,Negative
459,463,"In the tapestry of despair, threads of hope unravel, leaving a portrait of sorrow. ", Despair ,28/08/2017 19:30, TapestrySorrow , Facebook , #Despair #UnraveledHope ,18,35, India ,2017,8,28,19,Negative
465,469,"Sinking in the quicksand of despair, the harder you fight, the deeper you descend. ", Despair ,18/10/2016 19:30, QuicksandFighter , Twitter , #Despair #DeepDescent ,20,40, USA ,2016,10,18,19,Negative
560,564,"In the midst of a soccer match, an unexpected own goal creates a moment of despair for the player, as teammates console and encourage them. ", Despair ,15/12/2018 20:15, SoccerPlayerOwnGoalMoment , Twitter , #Despair #OwnGoal ,22,45, Spain ,2018,12,15,20,Negative
424,428,"Despair clouds the mind, feeling adrift in an endless sea of darkness. ", Despair   ,15/05/2016 22:30, LostInDarkness  , Instagram , #Despair #EndlessDarkness               ,28,55, Australia        ,2016,5,15,22,Negative
433,437,"Heartache deepens, a solitary journey through the abyss of despair. ", Despair   ,18/08/2022 22:00, SolitaryDescent , Instagram , #Despair #AbyssOfHeartache             ,40,80, South Africa ,2022,8,18,22,Negative
177,179," Drowning in despair, hope slipping through my fingers.", Despair      ,02/04/2016 20:20, HopelessHeart    , Instagram , #Despair #Hopeless                           ,10,20, USA          ,2016,4,2,20,Negative
164,166, Suffering from despair after another setback.      , Despair         ,10/03/2021 08:30, StrugglingSoul    , Twitter  , #Despair #Struggle                              ,5,10, USA          ,2021,3,10,8,Negative
190,192," Sinking in despair, each day darker than the last. ", Despair         ,20/08/2020 20:20, DrowningSoul     , Facebook , #Despair #DarkDays                          ,10,20, India         ,2020,8,20,20,Negative
439,443,"Desperation whispers, the silent plea for a glimmer of hope in the abyss. ", Desperation ,30/04/2019 14:00, WhisperedDespair , Instagram , #Desperation #GlimmerOfHope            ,22,45, France    ,2019,4,30,14,Negative
334,338,Navigating through the challenges with determination.          , Determination ,12/10/2023 10:30, GoalPursuer    , Twitter  , #Determination #Challenges                  ,15,30, Canada            ,2023,10,12,10,Mixed
549,553,"In the cycling world championship, the climber conquers challenging terrains, symbolizing determination and achievement against all odds. ", Determination ,28/09/2015 22:30, CyclingEnthusiastWorldChampion , Facebook , #Determination #CyclingChampion ,35,70, Italy ,2015,9,28,22,Mixed
205,207," Facing challenges head-on, a determination that fuels the fire within to achieve the impossible. ", Determination   ,18/09/2020 13:45, ResilientSpirit   , Facebook , #Determination #AchieveTheImpossible       ,10,20, India        ,2020,9,18,13,Mixed
215,217," Determination burning like a wildfire, overcoming obstacles, turning dreams into reality. ", Determination   ,03/11/2019 13:45, DreamChaser       , Twitter  , #Determination #DreamsIntoReality        ,18,35, USA          ,2019,11,3,13,Mixed
225,227," A fiery determination burning within, fueled by the vision of reaching unparalleled heights. ", Determination   ,10/09/2021 14:45, VisionarySpirit   , Instagram , #Determination #UnparalleledHeights      ,20,40, UK            ,2021,9,10,14,Mixed
234,238," Determination as the driving force, propelling me forward on the path to extraordinary achievements. ", Determination   ,03/12/2019 13:45, PathfinderSpirit  , Facebook , #Determination #ExtraordinaryPath        ,20,40, USA          ,2019,12,3,13,Mixed
244,248," Determination ablaze, forging a path through challenges, sculpting dreams into tangible realities. ", Determination   ,10/10/2021 14:45, DreamSculptor     , Twitter  , #Determination #SculptingDreams          ,20,40, UK            ,2021,10,10,14,Mixed
305,309," Devastated by the storm of betrayal, the wreckage of trust scattered like debris, a heart torn by the winds of broken promises. ", Devastated ,03/08/2022 15:30, StormSurvivor , Twitter , #Devastated #WindsOfBrokenPromises ,25,50, Australia ,2022,8,3,15,Negative
315,319," Devastated by the revelation of betrayal, the trust shattered like fragile glass, leaving shards of pain in its wake. ", Devastated ,20/05/2022 14:50, FragileTrust , Instagram , #Devastated #ShatteredTrust ,25,50, Canada ,2022,5,20,14,Positive
327,331," Devastated, a heart in ruins, the echoes of shattered dreams reverberating in the chambers, a requiem for what once was whole. ", Devastated ,28/10/2022 11:15, RuinedHeart , Instagram , #Devastated #EchoesOfShatteredDreams ,25,50, Australia ,2022,10,28,11,Negative
65,67, Disappointed with the service at a local restaurant.    , Disappointed ,16/02/2023 09:00, FoodieGoneWrong , Twitter  , #Disappointed #BadService                   ,18,35, India      ,2023,2,16,9,Negative
89,91, Disappointed with the lack of progress in a personal project. , Disappointed ,25/02/2023 09:00, ProjectStruggle , Twitter  , #Disappointed #Project                     ,18,35, India      ,2023,2,25,9,Negative
431,435,"Soul-crushing disappointment, hopes shattered like fragile glass. ", Disappointment ,08/10/2019 18:30, ShatteredHopes  , Twitter  , #Disappointment #CrushedHopes          ,20,40, Spain        ,2019,10,8,18,Negative
551,555,"After a series of defeats, the soccer team faces disappointment, struggling to find the silver lining in a challenging season. ", Disappointment ,02/11/2019 18:45, SoccerFanTeamDefeats , Twitter , #Disappointment #SoccerDefeats ,40,80, Brazil ,2019,11,2,18,Negative
588,592,"Entered the kitchen with the intention to cook. Left with a bag of chips. Cooking is overrated, anyway. #MasterChefInTraining #TeenHumor ", Disgust ,27/05/2023 21:15, ChipExplorer , Instagram , #TeenChef #CookingFail ,22,45, Canada,2023,5,27,21,Negative
56,58, The state of the world's environment is just disgusting. , Disgust      ,12/02/2023 18:20, EcoAwareness    , Twitter  , #Disgust #Environment                        ,18,35, UK         ,2023,2,12,18,Negative
80,82, The state of corruption in our society is utterly disgusting. , Disgust      ,21/02/2023 18:20, AntiCorruption  , Twitter  , #Disgust #Corruption                         ,18,35, UK         ,2023,2,21,18,Negative
176,178, Disgust at the sight of injustice and cruelty.     , Disgust         ,11/02/2019 09:45, DisgustedHeart   , Twitter  , #Disgust #Injustice                          ,7,15, India        ,2019,2,11,9,Negative
189,191, Disgust at the corruption that stains society.     , Disgust         ,01/07/2016 09:45, CorruptedHeart   , Instagram , #Disgust #Corruption                        ,7,15, UK            ,2016,7,1,9,Negative
308,312," Dismissive glances, a fortress built with indifference, walls impenetrable to the pleas of understanding and recognition. ", Dismissive ,10/05/2018 14:00, IndifferentFort , Twitter , #Dismissive #ImpenetrableWalls ,14,28, UK ,2018,5,10,14,Negative
318,322," Dismissive gestures, a curtain drawn to shield the vulnerability, a stage where emotions take a backseat to the performance of indifference. ", Dismissive ,18/08/2018 14:40, CurtainShield , Instagram , #Dismissive #IndifferencePerformance ,12,24, Australia ,2018,8,18,14,Negative
330,334," Dismissive gestures, a curtain drawn to shield the vulnerability, a stage where emotions take a backseat to the performance of indifference. ", Dismissive ,18/08/2018 14:00, IndifferentFort , Instagram , #Dismissive #IndifferencePerformance ,12,24, Australia ,2018,8,18,14,Negative
375,379,Chasing dreams like a kite soaring high in the vast open sky.      , DreamChaser   ,28/02/2021 13:00, SkyDreamer      , Twitter  , #DreamChaser #SkyHighDreams              ,30,60, Australia         ,2021,2,28,13,Positive
519,523,"In the mosh pit of a Metallica concert, the thunderous chords create a symphony of headbanging ecstasy. ", Ecstasy ,20/03/2023 22:30, MetallicaMoshWarrior , Facebook , #Ecstasy #MetallicaConcert ,35,70, USA ,2023,3,20,22,Positive
163,165, Elation after a surprise reunion with a childhood friend., Elation   ,05/02/2021 09:30, ChildhoodJoy    , Facebook , #Elation #FriendshipReunion                  ,25,50, Canada      ,2021,2,5,9,Positive
110,112," Revisiting old memories, feeling a sense of elation. ", Elation       ,15/05/2010 15:30, NostalgiaFan    , Twitter  , #Elation #Memories                             ,20,40, Canada    ,2010,5,15,15,Positive
123,125, Elation after a surprise reunion with old friends.    , Elation       ,02/04/2020 09:30, JoyfulReunion2  , Instagram , #Elation #OldFriends                          ,25,50, Canada      ,2020,4,2,9,Positive
136,138, Elation after achieving a personal goal.               , Elation       ,02/03/2021 09:30, GoalAchiever2   , Facebook , #Elation #PersonalAchievement                ,25,50, USA      ,2021,3,2,9,Positive
137,139, Elation over discovering a hidden gem in the city.   , Elation       ,18/02/2012 14:30, UrbanExplorer2  , Twitter  , #Elation #HiddenGem                            ,20,40, USA      ,2012,2,18,14,Positive
150,152, Elation after achieving a fitness milestone.         , Elation       ,15/06/2019 10:00, FitnessAchiever2, Instagram , #Elation #FitnessMilestone                   ,25,50, UK           ,2019,6,15,10,Positive
369,373,Elation over discovering a rare book in a quaint bookstore.      , Elation       ,22/09/2018 16:30, Bookworm        , Instagram , #Elation #RareBookDiscovery              ,40,80, USA               ,2018,9,22,16,Positive
376,380,Spellbound by the elegance of a ballroom dance under crystal chandeliers. , Elegance ,12/06/2018 20:30, DanceEnthusiast , Facebook , #Elegance #BallroomDance                ,28,55, UK               ,2018,6,12,20,Positive
649,653,"Accidentally spilled paint in art class. Abstract art, right? #ArtClassAdventures #HighSchoolArtist ", Embarrassed ,07/08/2023 19:45, PaintSpillHighSchool , Instagram , #ArtisticMishaps #HighSchoolArt ,22,45, UK,2023,8,7,19,Negative
660,664,"Spent hours on a TikTok dance, only to realize I have two left feet. Dance fail: Unleashed! ", Embarrassed ,18/08/2023 16:30, TikTokFailHighSchool , Facebook , #DanceFail #HighSchoolTikTok ,25,50, USA,2023,8,18,16,Negative
661,665,Accidentally liked my crush's old photo while stalking their profile. Awkward level: Maximum! , Embarrassed ,19/08/2023 19:45, SocialMediaBlunderHighSchool , Instagram , #SocialMediaBlunder #HighSchoolAwkward ,22,45, UK,2023,8,19,19,Negative
662,666,Tried to impress my crush with a smooth conversation. Ended up spilling my drink. Smooth level: Nonexistent! , Embarrassed ,20/08/2023 17:00, CrushFailHighSchool , Twitter , #CrushFail #HighSchoolEmbarrassment ,30,60, Canada,2023,8,20,17,Negative
668,672,Accidentally sent a text meant for a friend to the class group chat. Texting fail: Oops moment! , Embarrassed ,26/08/2023 17:30, GroupChatBlunderHighSchool , Twitter , #TextingFail #HighSchoolAwkward ,18,35, USA,2023,8,26,17,Positive
669,673,Tried a magic trick to impress classmates. Magic fail: Where did that rabbit go? , Embarrassed ,27/08/2023 20:45, MagicFailHighSchool , Instagram , #MagicFail #HighSchoolMagic ,22,45, UK,2023,8,27,20,Negative
675,679,Accidentally sent a love letter to the wrong person. Love note fail: Maximum embarrassment! , Embarrassed ,02/09/2023 18:30, LoveLetterBlunderHighSchool , Facebook , #LoveLetterFail #HighSchoolAwkward ,17,33, USA,2023,9,2,18,Positive
682,686,Accidentally walked into the wrong classroom on the first day. Classroom mix-up: Awkward start! , Embarrassed ,09/09/2023 17:30, ClassroomBlunderHighSchool , Twitter , #FirstDayOops #HighSchoolEmbarrassment ,16,32, USA,2023,9,9,17,Negative
511,515,"At the front row of Adele's concert, each note of 'Someone Like You' resonates with soul-stirring emotion. ", Emotion ,15/09/2022 20:00, AdeleConcertGoer , Instagram , #Emotion #AdeleConcert ,40,80, USA ,2022,9,15,20,Positive
523,527,"Immersed in the soulful melodies of Adele, tears flow freely, moved by the emotion of 'Hello'. ", Emotion ,28/11/2019 19:45, AdeleMelodyTearjerker , Facebook , #Emotion #AdeleMelodies ,30,60, UK ,2019,11,28,19,Mixed
427,431,"Emotional storm, a whirlwind of sadness engulfs every thought.    ", EmotionalStorm ,18/07/2017 17:45, StormyFeelings  , Instagram , #EmotionalStorm #SadnessWhirlwind      ,30,60, India          ,2017,7,18,17,Negative
253,257," Extending a hand, empathetic threads weaving a tapestry of understanding, embracing the joys and sorrows of others. ", Empathetic ,03/04/2018 14:15, ThreadWeaver , Instagram , #Empathetic #TapestryOfUnderstanding ,15,30, UK ,2018,4,3,14,Positive
271,275," With empathy as a lantern, wandering through the dark alleys of sorrow, illuminating the path with compassion and care. ", Empathetic ,03/09/2023 21:40, LanternWanderer , Facebook , #Empathetic #LanternOfCompassion ,16,32, USA ,2023,9,3,21,Positive
285,289," With empathy as a lantern, wandering through the dark alleys of sorrow, illuminating the path with compassion and care. ", Empathetic ,03/09/2023 21:40, LanternWanderer , Facebook , #Empathetic #LanternOfCompassion ,16,32, USA ,2023,9,3,21,Positive
116,118, Empowered to make a difference in my community.        , Empowerment   ,14/09/2014 08:30, CommunityLeader , Twitter  , #Empowerment #Community                        ,15,30, UK       ,2014,9,14,8,Mixed
129,131, Empowerment through learning and personal growth.      , Empowerment   ,20/07/2014 11:30, GrowthSeeker    , Instagram , #Empowerment #PersonalGrowth                  ,25,50,USA,2014,7,20,11,Mixed
143,145, Empowerment through mentoring and guiding others.    , Empowerment   ,03/06/2014 08:20, MentorEmpower   , Twitter  , #Empowerment #Mentorship                      ,15,30, UK       ,2014,6,3,8,Mixed
156,158, Empowerment through learning a new skill.            , Empowerment   ,10/07/2014 13:15, SkillEmpower    , Instagram , #Empowerment #SkillBuilding                   ,25,50, India   ,2014,7,10,13,Mixed
348,352,Feeling empowered after conquering a challenging hiking trail.     , Empowerment   ,05/09/2018 14:20, HikingExplorer  , Instagram , #Empowerment #HikingAdventure             ,35,70, USA               ,2018,9,5,14,Mixed
492,496,"Lost in the enchantment of Disneyland, each ride a journey into the realm of childhood fantasies. ", Enchantment ,28/09/2022 15:45, DisneylandExplorer , Instagram , #Enchantment #ChildhoodFantasies ,30,60, USA ,2022,9,28,15,Negative
513,517,"In the crowd of a Taylor Swift concert, the lyrics of 'Love Story' create an enchanting fairy tale. ", Enchantment ,10/05/2021 19:45, SwiftieDreamer , Facebook , #Enchantment #TaylorSwift ,30,60, USA ,2021,5,10,19,Positive
371,375,Mesmerized by the cosmic dance of fireflies on a moonlit night.    , Enchantment   ,10/08/2022 22:00, NightSkyObserver , Instagram , #Enchantment #CosmicFireflies             ,25,50, Brazil           ,2022,8,10,22,Positive
391,395,Captivated by the ethereal beauty of a field filled with fireflies. , Enchantment   ,10/08/2022 22:00, NightSkyObserver , Instagram , #Enchantment #FireflyField              ,25,50, Brazil           ,2022,8,10,22,Positive
512,516,"Dancing under the stars at Beyoncï¿½ï¿½ï¿½ï¿½ï¿½ï¿½ï¿½ï¿½ï¿½ï¿½ï¿½ï¿½ï¿½ï¿½ï¿½ï¿½ï¿½ï¿½ï¿½ï¿½ï¿½ï¿½ï¿", Energy ,28/07/2019 21:30, BeyonceDancer , Twitter , #Energy #BeyonceConcert ,35,70, USA ,2019,7,28,21,Mixed
533,537,"Streaming the latest web series, the viewer is engrossed in the characters' journey, feeling a sense of connection and empathy. ", Engagement ,08/07/2020 19:30, WebSeriesViewerCharacterConnection , Facebook , #Engagement #WebSeriesJourney ,30,60, Canada ,2020,7,8,19,Positive
61,63, Enjoying a quiet evening with a book and some tea.      , Enjoyment    ,14/02/2023 19:45, BookLoverAgain  , Facebook , #Enjoyment #BookTime                         ,25,50, Canada       ,2023,2,14,19,Positive
85,87, Enjoying every moment of this tripï¿½ï¿½ï¿½ï¿½ï¿½ï¿½ï¿½ï¿½, Enjoyment    ,23/02/2023 19:45, TravelExplorer  , Facebook , #Enjoyment #Travel                           ,25,50, USA ,2023,2,23,19,Positive
474,478,"Chasing dreams under the vibrant sky, a journey fueled by hope and enthusiasm. ", Enthusiasm ,28/10/2019 14:15, DreamChaser , Instagram , #Enthusiasm #HopefulJourney ,30,60, Australia ,2019,10,28,14,Mixed
521,525,"At a Justin Bieber concert, the infectious beats of 'Baby' create a dance floor of unbridled enthusiasm. ", Enthusiasm ,05/08/2018 20:00, BieberDanceEnthusiast , Instagram , #Enthusiasm #JustinBieber ,40,80, Canada ,2018,8,5,20,Mixed
120,122, Enthusiastically diving into a new project.            , Enthusiasm    ,15/06/2018 16:00, ProjectEnthusiast, Instagram , #Enthusiasm #NewProject                       ,15,30, USA  ,2018,6,15,16,Mixed
133,135, Enthusiasm for a creative project in the making.       , Enthusiasm    ,15/09/2018 16:00, CreativeSpirit  , Facebook , #Enthusiasm #Creativity                       ,15,30, Canada    ,2018,9,15,16,Mixed
147,149, Enthusiasm for a new artistic project in the works.  , Enthusiasm    ,17/09/2020 16:30, ArtisticSpirit  , Instagram , #Enthusiasm #ArtisticProject                 ,15,30, USA       ,2020,9,17,16,Mixed
160,162, Enthusiasm for a DIY home improvement project.       , Enthusiasm    ,15/04/2018 16:00, DIYEnthusiast   , Facebook , #Enthusiasm #HomeImprovement                 ,15,30, Australia   ,2018,4,15,16,Mixed
362,366,Enthusiasm for learning new skills and expanding knowledge.      , Enthusiasm    ,07/08/2018 12:15, LifelongLearner , Twitter  , #Enthusiasm #SkillBuilding               ,30,60, India             ,2018,8,7,12,Mixed
307,311," Envious eyes fixated on the gilded prize, a heartache fueled by the painful desire for possessions that seem forever out of reach. ", Envious ,28/02/2021 22:45, GildedHeartache , Facebook , #Envious #GildedPrize ,20,40, USA ,2021,2,28,22,Negative
317,321," Envious gazes cast upon the podium of success, a bitter pill swallowed, the taste lingering as a constant reminder of unattained heights. ", Envious ,10/02/2021 19:30, SuccessPill , Twitter , #Envious #BitterPill ,20,40, USA ,2021,2,10,19,Negative
329,333," Envious eyes locked on the treasure chest of opportunities, a heartache fueled by the desire for keys that seem forever elusive. ", Envious ,15/01/2021 22:10, ElusiveKeys , Twitter , #Envious #DesireForKeys ,20,40, USA ,2021,1,15,22,Negative
568,572,"Wandering through a historical museum, the history enthusiast becomes immersed in the tales of the past, envisioning bygone eras. ", Envisioning History ,18/12/2015 18:00, HistoryBuffMuseumExploration , Twitter , #EnvisioningHistory #MuseumTales ,28,55, Italy ,2015,12,18,18,Mixed
174,176, Envy eats away at me as I see others' prosperity.  , Envy            ,07/11/2018 11:30, CovetousMind     , Instagram , #Envy #Desire                                ,10,20, Canada        ,2018,11,7,11,Negative
187,189," Envy poisons my thoughts, coveting others' success.", Envy            ,20/03/2017 11:30, GreenEyedMonster , Facebook , #Envy #Success                              ,10,20, Canada        ,2017,3,20,11,Negative
529,533,"In the crowd of an Ariana Grande concert, the high notes of 'Into You' create a euphoric symphony. ", Euphoria ,22/01/2023 20:00, ArianaEuphoriaChaser , Facebook , #Euphoria #ArianaGrande ,35,70, USA ,2023,1,22,20,Positive
389,393,Euphoria floods in as the final puzzle piece clicks into place.       , Euphoria   ,08/06/2022 15:30, PuzzleSolver    , Instagram , #Euphoria #PuzzleCompletion            ,20,40, Denmark         ,2022,6,8,15,Positive
409,413,Euphoria floods in as the final puzzle piece fits perfectly.       , Euphoria     ,08/06/2022 15:30, PuzzleSolver    , Instagram , #Euphoria #PerfectPuzzle               ,20,40, Denmark         ,2022,6,8,15,Positive
111,113, The victory of our team brought euphoria to the city. , Euphoria      ,10/08/2021 21:15, SportsFanatic   , Instagram , #Euphoria #Victory                             ,15,30, USA      ,2021,8,10,21,Positive
124,126, The euphoria of a live music concert under the stars.  , Euphoria      ,19/06/2021 14:45, MusicEnthusiast , Facebook , #Euphoria #LiveMusic                          ,15,30, USA ,2021,6,19,14,Positive
138,140, The euphoria of a surprise birthday celebration.     , Euphoria      ,05/11/2018 21:45, BirthdayJoy     , Instagram , #Euphoria #BirthdaySurprise                   ,15,30, UK   ,2018,11,5,21,Positive
151,153, The euphoria of a successful product launch.         , Euphoria      ,03/04/2022 11:45, ProductLaunchJoy, Facebook , #Euphoria #ProductLaunchSuccess              ,15,30, USA       ,2022,4,3,11,Positive
106,108, Excitement for a weekend road trip to explore new places. , Excitement ,02/03/2023 16:45, RoadTripper2    , Twitter  , #Excitement #WeekendAdventure               ,25,50, India     ,2023,3,2,16,Mixed
339,343,Excitement builds as the countdown to a long-awaited vacation begins. , Excitement ,10/01/2023 12:00, VacationDreamer , Instagram , #Excitement #VacationCountdown        ,30,60, France            ,2023,1,10,12,Mixed
483,487,"In the symphony of excitement, each note is a burst of energy, igniting the soul with fervor. ", Excitement ,18/04/2021 14:20, SymphonyFervor , Facebook , #Excitement #IgnitedSoul ,30,60, UK ,2021,4,18,14,Mixed
493,497,"Exploring the wonders of Ferrari World, the roar of engines creating a symphony of speed. ", Excitement ,10/11/2019 14:00, FerrariSpeedster , Facebook , #Excitement #SymphonyOfSpeed ,22,45, Italy ,2019,11,10,14,Mixed
501,505,"In the heart of New York City, Times Square dazzles with lights, a vibrant spectacle of urban energy. ", Excitement ,20/07/2022 21:45, TimesSquareExplorer , Instagram , #Excitement #UrbanEnergy ,35,70, USA ,2022,7,20,21,Mixed
531,535,"Captivated by the spellbinding plot twists, the audience applauds, experiencing a rollercoaster of emotions at the movie premiere. ", Excitement ,12/10/2018 20:00, MovieEnthusiastPremiereAttendee , Twitter , #Excitement #MoviePremiereThrills ,40,80, USA ,2018,10,12,20,Mixed
543,547,"In the cricket championship, a nail-biting finish leaves fans on the edge of their seats, experiencing a rollercoaster of emotions. ", Excitement ,25/06/2019 22:15, CricketFanChampionshipThrills , Facebook , #Excitement #CricketChampionship ,30,60, India ,2019,6,25,22,Mixed
581,585,Successfully avoided eye contact with my crush in the hallway. Mission accomplished. #TeenCrush #StealthMode , Excitement ,20/05/2023 19:45, CrushAvoider , Twitter , #CrushStruggles #AvoidingEyeContact ,15,30, USA,2023,5,20,19,Negative
591,595,"Bought a new video game, played for hours, forgot to eat. The ultimate gaming session. #GamerLife #NoFoodGaming ", Excitement ,30/05/2023 20:45, GamingEnthusiast , Instagram , #GameOn #TeenGamer ,22,45, USA,2023,5,30,20,Mixed
593,597,Caught up on the latest fashion trends and now planning a shopping spree. #Fashionista #TrendyTeen , Excitement ,01/06/2023 18:00, TrendExplorer , Twitter , #FashionGoals #TeenStyle ,20,40, USA,2023,6,1,18,Mixed
597,601,Spontaneously booked a weekend getaway. Adventure awaits! #TravelBug #WeekendEscape , Excitement ,05/06/2023 10:00, AdventureSeeker , Instagram , #GetawayGoals #TeenTravel ,18,35, UK,2023,6,5,10,Mixed
600,604,Embarked on a DIY home decor project. Let's hope it turns out better than last time. #DIYAdventure #TeenHomeDecor , Excitement ,08/06/2023 16:00, HomeDecorator , Instagram , #DIYGoals #TeenCreative ,35,70, UK,2023,6,8,16,Mixed
623,627,"Embarked on a solo travel adventure, discovering the beauty of new places at my own pace. #SoloTravel #SeniorExplorer ", Excitement ,01/07/2023 14:00, SoloAdventurer , Instagram , #DiscoverNewPlaces #SeniorTravel ,30,60, USA,2023,7,1,14,Mixed
632,636,"Embarked on a hiking adventure, conquering trails and relishing the beauty of nature. Age is just a number on the mountaintop. #HikingAdventure #SeniorHiker ", Excitement ,10/07/2023 14:20, SeniorHikerExplorer , Instagram , #NatureTrailBlazer #SeniorExplorer ,28,55, UK,2023,7,10,14,Negative
634,638,"Joined a seniors' cycling club, feeling the wind in my hair and the freedom of the open road. #CyclingClub #SeniorCyclist ", Excitement ,12/07/2023 13:45, SeniorCyclingEnthusiast , Facebook , #OpenRoadAdventures #SeniorCycling ,25,50, USA,2023,7,12,13,Mixed
642,646,"Participated in a charity run, proving that age is no barrier to supporting meaningful causes. #CharityRun #SeniorRunner ", Excitement ,20/07/2023 17:00, SeniorCharityRunner , Twitter , #RunForACause #SeniorSupport ,30,60, Canada,2023,7,20,17,Mixed
644,648,Exploring the world of coding. Debugging is an adventure on its own! #CodingJourney #HighSchoolCoder , Excitement ,02/08/2023 14:45, CodeExplorerHighSchool , Twitter , #CodingAdventure #HighSchoolCoderLife ,25,50, UK,2023,8,2,14,Mixed
645,649,"Joined the school debate team. Words are my weapons, and I'm ready for battle! ", Excitement ,03/08/2023 12:15, DebateWarriorHighSchool , Facebook , #DebateWarrior #HighSchoolDebater ,18,35, Canada,2023,8,3,12,Mixed
647,651,"Daydreaming about the upcoming prom. The dress, the dance ï¿½ï¿½ï¿½ï¿½ï¿½ï¿½ï¿½ï¿½ï¿½ï¿½ï¿½ï¿½", Excitement ,05/08/2023 19:45, PromDreamerHighSchool , Twitter , #PromDreams #HighSchoolFairytale ,30,60, Canada,2023,8,5,19,Mixed
650,654,Trying to master the perfect kickflip on my skateboard. Skating into the weekend like a pro! , Excitement ,08/08/2023 16:00, SkateProHighSchool , Twitter , #SkaterLife #HighSchoolSkater ,30,60, Canada,2023,8,8,16,Mixed
654,658,"Joined the drama club to unleash my inner actor. Lights, camera, action! ", Excitement ,12/08/2023 13:45, DramaClubStarHighSchool , Facebook , #DramaClubStar #HighSchoolActor ,25,50, USA,2023,8,12,13,Mixed
655,659,Got my hands on the latest fantasy novel. Diving into realms of magic and adventure! , Excitement ,13/08/2023 20:00, FantasyBookNerdHighSchool , Instagram , #FantasyBookNerd #HighSchoolReader ,35,70, UK,2023,8,13,20,Mixed
657,661,Attempting to break the school record for the longest handstand. Wish me luck! , Excitement ,15/08/2023 19:30, HandstandChallengeHighSchool , Facebook , #HandstandChallenge #HighSchoolAthlete ,28,55, Canada,2023,8,15,19,Mixed
659,663,Hosting a sleepover with friends this weekend. Preparing for a night of laughter and memories! , Excitement ,17/08/2023 22:15, SleepoverHostHighSchool , Twitter , #SleepoverFun #HighSchoolMemories ,18,35, UK,2023,8,17,22,Positive
664,668,Trying to set a new trend by juggling textbooks between classes. Academic juggling: A unique skill! , Excitement ,22/08/2023 12:30, JugglingProHighSchool , Facebook , #TextbookJuggling #HighSchoolSkills ,22,40, Canada,2023,8,22,12,Mixed
666,670,Planning a surprise scavenger hunt for friends. Anticipating the thrill and excitement! , Excitement ,24/08/2023 18:20, ScavengerHuntMasterHighSchool , Instagram , #SurpriseAdventure #HighSchoolFun ,20,38, UK,2023,8,24,18,Positive
671,675,Attempting to set a new record for the most consecutive hacky sack kicks. Hacky sack skills: Unleashed! , Excitement ,29/08/2023 13:45, HackySackChampionHighSchool , Instagram , #HackySackChallenge #HighSchoolAthlete ,26,48, Canada,2023,8,29,13,Mixed
673,677,Embarking on a mission to find the best burger joint in town. Burger connoisseur: Reporting for duty! , Excitement ,31/08/2023 20:15, BurgerQuestHighSchool , Twitter , #BurgerQuest #HighSchoolFoodie ,24,42, UK,2023,8,31,20,Negative
676,680,Attempting to impress the teacher with an elaborate science experiment. Science geek mode: Activated! , Excitement ,03/09/2023 22:00, ScienceExperimentProHighSchool , Twitter , #ScienceGeek #HighSchoolExperiments ,23,44, UK,2023,9,3,22,Mixed
678,682,Attempting to beat the record for the most consecutive cartwheels. Cartwheel challenge: Underway! , Excitement ,05/09/2023 12:30, CartwheelMasterHighSchool , Twitter , #CartwheelChallenge #HighSchoolAthlete ,27,52, Canada,2023,9,5,12,Mixed
680,684,Experimenting with a new hair color. A bold change for a bold semester! , Excitement ,07/09/2023 18:20, HairColorExperimentHighSchool , Instagram , #HairExperiment #HighSchoolStyle ,20,39, USA,2023,9,7,18,Mixed
683,687,Trying out a new smoothie recipe for a healthy start to the week. Smoothie enthusiast: Level up! , Excitement ,10/09/2023 20:45, SmoothieConnoisseurHighSchool , Instagram , #HealthyLiving #HighSchoolWellness ,23,42, UK,2023,9,10,20,Mixed
73,75, Excitement building up for the upcoming vacation!       , Excitement   ,18/02/2023 18:45, VacationDreamer , Facebook , #Excitement #TravelPlans                   ,22,45, Canada    ,2023,2,18,18,Mixed
97,99, Excitement building up for a surprise birthday party.   , Excitement   ,27/02/2023 18:45, BirthdayExcite  , Facebook , #Excitement #SurpriseParty                 ,22,45, Canada ,2023,2,27,18,Mixed
102,104, Excitement for a quiet evening with a good book.        , Excitement   ,01/03/2023 13:30, BookwormJoy     , Instagram , #Excitement #BookTime                       ,18,35, USA          ,2023,3,1,13,Mixed
412,416,Giddy with excitement as the first snowflakes dance from the sky. , Excitement   ,02/12/2020 17:30, SnowfallEnthusiast , Twitter  , #Excitement #SnowfallMagic             ,22,45, Canada         ,2020,12,2,17,Mixed
352,356,Excitement builds while preparing for a surprise celebration.     , Excitement    ,05/03/2023 15:00, CelebrationPlanner , Facebook , #Excitement #SurpriseCelebration         ,30,60, Australia          ,2023,3,5,15,Positive
436,440,"Emotional exhaustion, the weight of the world crushing weary shoulders. ", Exhaustion ,05/09/2021 13:30, WearySoulCrushed , Instagram , #Exhaustion #CrushedSpirit             ,35,70, Canada     ,2021,9,5,13,Negative
495,499,"Wandering through the historical streets of Kyoto, each step a journey into the heart of Japan's traditions. ", Exploration ,22/08/2017 21:30, KyotoAdventurer , Twitter , #Exploration #JapaneseTraditions ,18,35, Japan ,2017,8,22,21,Mixed
507,511,"Exploring the ancient ruins of Angkor Wat, each stone whispering stories of Khmer civilization. ", Exploration ,22/11/2016 13:00, AngkorWatAdventurer , Instagram , #Exploration #KhmerStories ,20,40, Cambodia ,2016,11,22,13,Negative
54,56, Feeling a sense of fear after watching a thriller movie. , Fear         ,11/02/2023 21:15, ThrillerFan     , Instagram , #Fear #ThrillerMovie                         ,15,30, USA          ,2023,2,11,21,Negative
78,80, The fear of the unknown is keeping me up at night.    , Fear         ,20/02/2023 21:15, FearfulDreamer  , Instagram , #Fear #Unknown                               ,15,30, USA          ,2023,2,20,21,Negative
301,305," Eyes wide open in the night, fearful shadows dancing on the walls, the mind a prisoner of imagined horrors. ", Fearful ,12/05/2022 02:00, NightPrisoner , Facebook , #Fearful #ImaginedHorrors ,18,36, India ,2022,5,12,2,Negative
311,315," Fearful whispers in the dark, the mind haunted by the specter of the unknown, shadows dancing to the rhythm of anxiety's tune. ", Fearful ,14/07/2023 23:00, DarkWhispers , Twitter , #Fearful #SpecterOfTheUnknown ,13,26, UK ,2023,7,14,23,Negative
323,327," Fearful eyes scanning the shadows, a prisoner of the night, terrorized by the lurking monsters born from the mind's darkest corners. ", Fearful ,07/01/2023 03:30, NightPrisoner , Twitter , #Fearful #LurkingMonsters ,18,36, India ,2023,1,7,3,Negative
393,397,Joyful laughter resonates through a lively summer carnival.         , FestiveJoy    ,15/12/2020 15:45, CarnivalGoer    , Facebook , #FestiveJoy #SummerCarnival             ,22,45, Japan            ,2020,12,15,15,Positive
395,399,Soaring like a free spirit on the winds of a coastal cliff.        , Freedom       ,28/02/2021 13:00, CoastalExplorer , Twitter  , #Freedom #CoastalAdventure              ,30,60, Australia         ,2021,2,28,13,Mixed
256,260," Soaring on the wings of a free spirit, unburdened by the chains of conformity, painting the sky with independence. ", Free-spirited ,15/08/2021 11:10, SkyPainter , Instagram , #FreeSpirit #PaintingTheSky ,20,40, India ,2021,8,15,11,Negative
272,276," A free spirit soaring on the wings of dreams, leaving trails of independence in the azure sky of boundless possibilities. ", Free-spirited ,10/06/2020 10:05, DreamSoarer , Twitter , #FreeSpirit #WingsOfDreams ,22,44, UK ,2020,6,10,10,Mixed
286,290," A free spirit soaring on the wings of dreams, leaving trails of independence in the azure sky of boundless possibilities. ", Free-spirited ,10/06/2020 10:05, DreamSoarer , Twitter , #FreeSpirit #WingsOfDreams ,22,44, UK ,2020,6,10,10,Mixed
480,484,"In the garden of friendships, each bloom a testament to the beauty of camaraderie. ", Friendship ,28/08/2018 16:00, FriendshipGarden , Instagram , #Friendship #CamaraderieBlooms ,30,60, South Africa ,2018,8,28,16,Positive
306,310," Frustrated fingers tapping on the keyboard, a symphony of annoyance composing an unsolvable puzzle of unmet expectations. ", Frustrated ,17/12/2020 09:20, PuzzleComposer , Instagram , #Frustrated #UnsolvablePuzzle ,12,24, India ,2020,12,17,9,Negative
309,313," Shattered dreams lie on the floor like fragments of glass, a mosaic of disappointment crafted by the hands of frustration. ", Frustrated ,07/01/2022 11:10, DreamMosaic , Instagram , #Frustrated #MosaicOfDisappointment ,15,30, Canada ,2022,1,7,11,Negative
316,320," Frustrated attempts to mend a broken connection, the threads of understanding slipping through the fingers like grains of sand. ", Frustrated ,03/09/2020 12:15, BrokenThreads , Facebook , #Frustrated #SlippingThreads ,14,28, UK ,2020,9,3,12,Positive
328,332," Frustrated attempts to untangle the knot of confusion, the threads of understanding slipping further into the labyrinth of miscommunication. ", Frustrated ,01/11/2020 12:30, KnotUntangler , Facebook , #Frustrated #LabyrinthOfMiscommunication ,14,28, India ,2020,11,1,12,Negative
331,335," Shattered dreams lie on the floor like fragments of glass, a mosaic of disappointment crafted by the hands of frustration. ", Frustrated ,07/01/2022 11:10, DreamMosaic , Twitter , #Frustrated #MosaicOfDisappointment ,15,30, Canada ,2022,1,7,11,Negative
182,184," Frustration boils over, a volcanic eruption of emotions.", Frustration ,10/04/2017 14:45, ExplosiveMind    , Twitter  , #Frustration #EmotionalOutburst             ,12,25, USA          ,2017,4,10,14,Negative
552,556,"In the tennis tournament, a highly anticipated player experiences a setback, leaving fans in shock and questioning the unforeseen turn of events. ", Frustration ,10/07/2018 21:15, TennisEnthusiastUnexpectedSetback , Instagram , #Frustration #TennisSetback ,35,70, USA ,2018,7,10,21,Negative
584,588,Lost my headphones again. How do they vanish into thin air? #HeadphoneMystery #TeenLife , Frustration ,23/05/2023 16:45, AudioExplorer , Twitter , #TeenProblems #LostHeadphones ,20,40, USA,2023,5,23,16,Negative
594,598,Decided to learn a new instrument. Day one: Still trying to figure out how to hold it. #MusicNovice #LearningJourney , Frustration ,02/06/2023 14:30, MusicalExplorer , Instagram , #InstrumentLearning #TeenMusic ,28,55, UK,2023,6,2,14,Negative
169,171, Frustration mounts as obstacles block my path.     , Frustration     ,30/01/2017 16:10, BlockedGoals      , Facebook , #Frustration #Obstacles                       ,10,20, USA          ,2017,1,30,16,Negative
195,197," Frustration escalates, a thunderstorm of emotions. ", Frustration     ,05/04/2022 14:45, ThunderingMind   , Instagram , #Frustration #EmotionalOutburst            ,12,25, UK            ,2022,4,5,14,Negative
121,123, Feeling a sense of fulfillment after reaching a milestone., Fulfillment  ,28/03/2019 18:20, MilestoneAchiever, Facebook , #Fulfillment #Milestone                       ,22,45, India     ,2019,3,28,18,Positive
134,136, Fulfillment in completing a challenging workout routine., Fulfillment  ,28/06/2019 18:20, FitnessAchiever , Twitter  , #Fulfillment #FitnessGoals                   ,22,45, India     ,2019,6,28,18,Positive
148,150, Feeling a sense of fulfillment after helping others. , Fulfillment   ,28/08/2011 18:45, HelperHeart     , Facebook , #Fulfillment #HelpingOthers                  ,22,45, Canada    ,2011,8,28,18,Positive
161,163, Fulfillment in completing a challenging puzzle.      , Fulfillment   ,28/11/2019 18:20, PuzzleMaster    , Twitter  , #Fulfillment #PuzzleChallenge                ,22,45, India    ,2019,11,28,18,Positive
510,514,"Cruising the fjords of Norway, each icy landscape a breathtaking masterpiece of nature's grandeur. ", Grandeur ,28/05/2018 18:30, NorwayFjordExplorer , Instagram , #Grandeur #IcyMasterpiece ,22,45, Norway ,2018,5,28,18,Positive
252,256," A heart overflowing with gratitude, a garden where appreciation blooms in the soil of kindness and connection. ", Grateful ,28/02/2023 09:45, HeartGardener , Facebook , #Grateful #BlossomingConnection ,20,40, USA ,2023,2,28,9,Positive
263,267," Gratitude as a guiding star, navigating the constellation of blessings in the vast universe of life's precious moments. ", Grateful ,12/03/2022 19:55, StarNavigator , Twitter , #Grateful #GuidingStar ,19,38, Australia ,2022,3,12,19,Positive
273,277," Bathed in the golden hues of gratefulness, a sunset of appreciation casting its warm glow on the landscapes of the heart. ", Grateful ,01/04/2022 18:30, SunsetAdmirer , Instagram , #Grateful #GoldenHues ,19,38, Australia ,2022,4,1,18,Positive
287,291," Bathed in the golden hues of gratefulness, a sunset of appreciation casting its warm glow on the landscapes of the heart. ", Grateful ,01/04/2022 18:30, SunsetAdmirer , Instagram , #Grateful #GoldenHues ,19,38, Australia ,2022,4,1,18,Positive
475,479,"Serenading the stars with a heart full of gratitude, a melody of thankfulness. ", Gratitude ,22/12/2017 21:00, StarSerenader , Twitter , #Gratitude #ThankfulMelody ,22,45, India ,2017,12,22,21,Positive
486,490,"Floating on clouds of gratitude, each raindrop a blessing, a shower of thankfulness. ", Gratitude ,10/12/2016 21:15, CloudsOfBlessings , Facebook , #Gratitude #ShowerOfThankfulness ,28,55, Germany ,2016,12,10,21,Positive
536,540,"At the Oscars, the actor graciously accepts an award, radiating joy and gratitude for the recognition of their outstanding performance. ", Gratitude ,28/02/2016 20:30, AwardWinningActorOscarsRecipient , Facebook , #Gratitude #OscarWinningMoment ,18,35, USA ,2016,2,28,20,Positive
604,608,"Reflecting on a lifetime of memories, each wrinkle tells a story. Embracing the beauty of aging. #LifeReflections #BeautyInAging ", Gratitude ,12/06/2023 18:00, WiseSoul , Twitter , #AgingGracefully #Memories ,28,55, UK,2023,6,12,18,Positive
617,621,"Embarking on a journey of writing a memoir, documenting a lifetime of experiences. Every story matters. #MemoirWriting #SeniorStories ", Gratitude ,25/06/2023 20:30, MemoiristSenior , Facebook , #LifetimeExperiences #SeniorMemoir ,35,70, USA,2023,6,25,20,Positive
622,626,"Joined a writing group, penning down thoughts and reflections. Writing, a journey into the depths of the soul. #WritingGroup #SeniorWriter ", Gratitude ,30/06/2023 19:30, SeniorWordsmith , Twitter , #SoulfulWriting #SeniorReflections ,28,55, UK,2023,6,30,19,Positive
633,637,Hosted a photography exhibition featuring snapshots of a life well-lived. Every photo has a story to tell. #PhotographyExhibition #SeniorPhotographer , Gratitude ,11/07/2023 18:45, SeniorPhotographerExhibitor , Twitter , #LifeInPictures #SeniorExhibition ,22,45, Canada,2023,7,11,18,Positive
638,642,"Hosted a 'memory lane' evening with old friends, reminiscing about the adventures that shaped our lives. #MemoryLane #SeniorReminiscing ", Gratitude ,16/07/2023 14:00, SeniorMemoriesHost , Instagram , #FriendshipAdventures #SeniorNostalgia ,30,60, USA,2023,7,16,14,Positive
641,645,"Started a blog sharing the wisdom gained through the years, proving that every day is a chance to learn and grow. #SeniorWisdom #Blog ", Gratitude ,19/07/2023 19:45, WisdomBloggerSenior , Instagram , #LifeLessons #SeniorBlog ,22,45, UK,2023,7,19,19,Positive
387,391,Heartfelt gratitude for the laughter shared during a family reunion. , Gratitude  ,28/12/2017 19:15, FamilyGatherer , Facebook , #Gratitude #FamilyLaughter              ,22,45, Austria         ,2017,12,28,19,Positive
407,411,Heartfelt gratitude for the laughter shared during a family reunion. , Gratitude  ,28/12/2017 19:15, FamilyGatherer , Facebook , #Gratitude #FamilyLaughter              ,22,45, Austria         ,2017,12,28,19,Positive
340,344,"Reflecting on life's journey, grateful for the lessons learned. ", Gratitude   ,05/12/2018 08:45, LifeLearner   , Twitter  , #Gratitude #LifeLessons                    ,35,70, Brazil            ,2018,12,5,8,Positive
418,422,Imbued with gratitude for the simple pleasure of a warm cup of tea. , Gratitude    ,15/02/2023 08:30, TeaEnthusiast  , Twitter  , #Gratitude #WarmTea                    ,18,35, Japan           ,2023,2,15,8,Positive
114,116, Overflowing with gratitude for life's blessings.      , Gratitude     ,25/11/2012 10:00, ThankfulHeart   , Instagram , #Gratitude #Blessed                            ,30,60, Australia   ,2012,11,25,10,Positive
127,129, Gratitude for the support received during tough times. , Gratitude     ,10/03/2012 08:30, SupportiveFriend, Facebook , #Gratitude #Supportive                        ,15,30, India     ,2012,3,10,8,Positive
141,143, Gratitude for the supportive community around me.    , Gratitude     ,20/04/2013 10:30, CommunityLove   , Instagram , #Gratitude #CommunitySupport                   ,30,60, USA ,2013,4,20,10,Positive
154,156, Gratitude for the small joys that each day brings.   , Gratitude     ,30/03/2012 11:20, JoyfulHeart2    , Facebook , #Gratitude #SmallJoys                        ,15,30, Australia   ,2012,3,30,11,Positive
347,351,Gratitude for the simple joys found in a cup of morning coffee.    , Gratitude     ,15/04/2017 08:00, CoffeeLover     , Twitter  , #Gratitude #MorningCoffee                 ,22,45, India             ,2017,4,15,8,Positive
443,447,"In the labyrinth of grief, the walls echo with the footsteps of lost joy. ", Grief ,05/12/2018 21:45, JoyLabyrinth , Facebook , #Grief #LostJoyFootsteps ,18,35, USA ,2018,12,5,21,Positive
448,452,"Tears, the ink staining the pages of a journal, a testament to silent grief. ", Grief ,28/01/2023 14:30, InkJournalist , Instagram , #Grief #SilentTears ,30,60, India ,2023,1,28,14,Negative
456,460,"Tears, the currency of grief, spent in the marketplace of lost love and longing. ", Grief ,22/12/2016 21:45, CurrencyOfTears , Facebook , #Grief #LostLoveLonging ,25,50, USA ,2016,12,22,21,Positive
463,467,"In the symphony of grief, each tear is a note, composing a melancholic melody. ", Grief ,28/11/2018 14:00, SymphonyOfTears , Facebook , #Grief #MelancholicMelody ,22,45, Germany ,2018,11,28,14,Negative
423,427,"Tears fall like raindrops, mourning the end of a cherished friendship. ", Grief      ,28/11/2020 14:20, FriendshipsEnd  , Facebook , #Grief #LostFriendship                  ,22,45, UK              ,2020,11,28,14,Positive
429,433,"Torn apart by grief, the echoes of loss reverberate through the soul. ", Grief      ,28/06/2015 21:15, EchoesOfLoss    , Facebook , #Grief #TornApart                       ,28,55, Italy         ,2015,6,28,21,Negative
165,167," Overwhelmed by grief, missing a loved one dearly.  ", Grief           ,05/07/2022 15:45, MourningHeart     , Instagram , #Grief #Loss                                   ,8,15, Canada          ,2022,7,5,15,Positive
178,180," Grief weighs heavy, tears a constant companion.    ", Grief           ,18/10/2015 15:30, TearfulSoul      , Facebook , #Grief #Tears                                ,12,25, Canada        ,2015,10,18,15,Negative
191,193," Grief overwhelms, a storm of emotions within.      ", Grief           ,25/02/2021 15:30, StormyHeart      , Twitter  , #Grief #EmotionalStorm                      ,12,25, Canada        ,2021,2,25,15,Negative
472,476,"Laughter echoes in the air, a chorus of happiness that lifts the spirit higher. ", Happiness ,12/04/2018 18:30, EchoedLaughter , Twitter , #Happiness #SpiritLifter ,35,70, Canada ,2018,4,12,18,Positive
489,493,"A symphony of laughter, each note a key to unlocking the door of boundless happiness. ", Happiness ,02/08/2021 19:00, LaughterSymphony , Facebook , #Happiness #BoundlessLaughter ,30,60, Brazil ,2021,8,2,19,Positive
57,59, Pure happiness: celebrating a loved one's achievement! , Happiness    ,13/02/2023 10:00, ProudFriend     , Instagram , #Happiness #Celebration                   ,30,60, USA ,2023,2,13,10,Positive
81,83, Overflowing happiness: welcoming a new family member!  , Happiness    ,22/02/2023 10:00, NewParentJoy    , Instagram , #Happiness #NewFamilyMember                 ,30,60, UK           ,2023,2,22,10,Positive
368,372,Happiness blooms like flowers in a garden on a sunny day.        , Happiness     ,10/02/2020 11:15, SunnyDayEnthusiast , Twitter  , #Happiness #SunnyDay                      ,15,30, India             ,2020,2,10,11,Positive
719,723,Celebrating a friend's birthday with a surprise party. Joyful moments and laughter all around! , Happy ,16/10/2023 15:45, BirthdaySurpriseHighSchool , Instagram , #SurpriseParty #HighSchoolCelebration ,27,52, UK,2023,10,16,15,Positive
720,724,Successfully completing a challenging coding project. Excitement for overcoming coding hurdles! , Happy ,17/10/2023 12:30, CodingSuccessHighSchool , Twitter , #CodingTriumph #HighSchoolTech ,24,48, USA,2023,10,17,12,Positive
721,725,Attending a school talent show to support classmates. Applauding the diverse talents on display! , Happy ,18/10/2023 16:45, TalentShowSupportHighSchool , Facebook , #TalentShow #HighSchoolEntertainment ,19,38, Canada,2023,10,18,16,Positive
722,726,"Exploring a new hiking trail with friends over the weekend. Nature, laughter, and good vibes! ", Happy ,19/10/2023 18:20, WeekendHikeHighSchool , Instagram , #NatureAdventures #HighSchoolFriends ,21,42, UK,2023,10,19,18,Positive
723,727,Winning a friendly sports competition against rival schools. Victory celebrations in full swing! , Happy ,20/10/2023 14:15, SportsVictoryHighSchool , Twitter , #SportsTriumph #HighSchoolAthletics ,26,50, USA,2023,10,20,14,Positive
724,728,Receiving a heartfelt letter from a pen pal in another country. Connecting across the globe! , Happy ,21/10/2023 17:30, PenPalConnectionHighSchool , Facebook , #GlobalFriendship #HighSchoolCorrespondence ,23,45, Canada,2023,10,21,17,Positive
725,729,Creating a beautiful mural with fellow art enthusiasts. The power of collaboration and creativity! , Happy ,22/10/2023 20:45, MuralCreationHighSchool , Instagram , #ArtCollaboration #HighSchoolCreativity ,22,43, UK,2023,10,22,20,Positive
726,730,Participating in a school-wide art exhibition. Witnessing creativity and spreading positive vibes! , Happy ,10/11/2015 16:45, ArtExhibitionJoyHighSchool , Instagram , #ArtisticExpression #HighSchoolCreativity ,23,44, USA,2015,11,10,16,Positive
727,731,Achieving a personal best in a track and field competition. The thrill of victory and self-improvement! , Happy ,14/09/2016 12:30, TrackFieldSuccessHighSchool , Twitter , #AthleticAchievement #HighSchoolSports ,26,51, Canada,2016,9,14,12,Positive
728,732,Collaborating on a science project that received recognition at a regional fair. Science triumphs and smiles! , Happy ,18/08/2017 18:20, ScienceProjectSuccessHighSchool , Facebook , #ScienceFairWinner #HighSchoolScience ,20,39, UK,2017,8,18,18,Positive
729,733,"Attending a surprise birthday party organized by friends. Surrounded by love, laughter, and good company! ", Happy ,22/06/2018 14:15, BirthdayPartyJoyHighSchool , Instagram , #SurpriseCelebration #HighSchoolFriendship ,25,48, USA,2018,6,22,14,Positive
730,734,Successfully fundraising for a school charity initiative. The joy of giving back to the community! , Happy ,05/04/2019 17:30, CharityFundraisingTriumphHighSchool , Twitter , #CommunityGiving #HighSchoolPhilanthropy ,22,42, Canada,2019,4,5,17,Positive
731,735,"Participating in a multicultural festival, celebrating diversity with music, dance, and delicious food! ", Happy ,29/02/2020 20:45, MulticulturalFestivalJoyHighSchool , Facebook , #CulturalCelebration #HighSchoolUnity ,21,43, UK,2020,2,29,20,Positive
732,736,"Organizing a virtual talent show during challenging times, bringing smiles to classmates' faces! ", Happy ,15/11/2020 15:15, VirtualTalentShowSuccessHighSchool , Instagram , #VirtualEntertainment #HighSchoolPositivity ,24,47, USA,2020,11,15,15,Positive
566,570,"Connecting with the melody of a live orchestra, the music enthusiast experiences a symphony that resonates deep within the soul. ", Harmony ,22/08/2016 19:45, MusicLoverLiveOrchestraExperience , Facebook , #Harmony #OrchestraMelody ,18,35, UK ,2016,8,22,19,Positive
380,384,Harmony resonates as musicians play a melody of unity and togetherness. , Harmony    ,30/11/2019 19:30, MusicHarmonist  , Instagram , #Harmony #MusicalUnity                   ,35,70, Sweden          ,2019,11,30,19,Positive
400,404,Harmony resonates as musicians play a symphony of unity.           , Harmony       ,30/11/2019 19:30, MusicHarmonist  , Instagram , #Harmony #MusicalUnity                   ,35,70, Sweden          ,2019,11,30,19,Positive
685,689,Encountered some mean-spirited comments online. Dealing with online hate is never easy. , Hate ,12/09/2023 12:30, DealingWithHateHighSchool , Instagram , #OnlineHate #HighSchoolReality ,18,36, Canada,2023,9,12,12,Negative
688,692,Witnessed a heated argument in the cafeteria. Unpleasant atmosphere at lunch. , Hate ,15/09/2023 14:15, CafeteriaConflictHighSchool , Instagram , #CafeteriaDrama #HighSchoolTension ,21,41, Canada,2023,9,15,14,Negative
692,696,Experiencing cyberbullying. Hateful messages online are disheartening. , Hate ,19/09/2023 15:15, CyberbullyingVictimHighSchool , Facebook , #StopCyberbullying #HighSchoolReality ,14,27, UK,2023,9,19,15,Negative
695,699,Dealing with unfounded rumors circulating about personal life. Rumors can be hurtful. , Hate ,22/09/2023 18:20, RumorVictimHighSchool , Facebook , #RumorMills #HighSchoolDrama ,23,46, UK,2023,9,22,18,Negative
699,703,Encountering online toxicity during a gaming session. Hateful comments can ruin the fun. , Hate ,26/09/2023 14:15, GamingToxicityHighSchool , Twitter , #OnlineGaming #HighSchoolGamer ,16,32, USA,2023,9,26,14,Positive
702,706,Experiencing hate comments for expressing personal opinions. Online negativity prevails. , Hate ,29/09/2023 15:45, OpinionsHateHighSchool , Twitter , #OnlineOpinions #HighSchoolCriticism ,24,48, USA,2023,9,29,15,Negative
461,465,"In the void of heartache, echoes of a love song play, each note a pang of longing. ", Heartache ,10/07/2022 22:15, LoveSongEcho , Instagram , #Heartache #LoveSongLonging ,30,60, Japan ,2022,7,10,22,Positive
447,451,"Sinking like a stone in the ocean of heartbreak, each ripple a sigh of despair. ", Heartbreak ,10/08/2017 19:30, OceanSinker , Twitter , #Heartbreak #RippleOfDespair ,22,45, France ,2017,8,10,19,Negative
458,462,"A soul weathered by the storm of heartbreak, seeking refuge in the calm after. ", Heartbreak ,18/04/2019 11:00, StormSeeker , Twitter , #Heartbreak #CalmAfterStorm ,22,45, Brazil ,2019,4,18,11,Positive
421,425,Drowning in sorrow as memories of lost love resurface.            , Heartbreak    ,05/08/2019 21:00, LostInLove      , Instagram , #Heartbreak #LostLove                    ,15,30, USA             ,2019,8,5,21,Positive
550,554,"Witnessing a heartwarming comeback in the hockey finals, fans share tears of joy as the team secures a historic victory after adversity. ", Heartwarming ,12/12/2020 20:00, HockeyFanComebackVictory , Instagram , #Heartwarming #HockeyFinalsComeback ,22,45, Canada ,2020,12,12,20,Positive
186,188," Helplessness engulfs me, drowning in a sea of problems.", Helplessness ,08/05/2019 14:20, OverwhelmedSoul  , Instagram , #Helplessness #Struggling                   ,8,15, Australia    ,2019,5,8,14,Negative
173,175, Helplessness sinks in as challenges pile up.       , Helplessness    ,20/06/2020 14:20, OverwhelmedHeart  , Twitter  , #Helplessness #Overwhelmed                    ,8,15, Australia    ,2020,6,20,14,Negative
520,524,"Experiencing the magic of a Coldplay concert, where 'Fix You' becomes a beacon of hope in the night. ", Hope ,28/11/2016 19:00, ColdplayHopeSeeker , Instagram , #Hope #ColdplayMagic ,30,60, UK ,2016,11,28,19,Positive
115,117," Hopeful for a brighter tomorrow, despite challenges.  ", Hope          ,05/04/2013 19:30, OptimisticSoul  , Facebook , #Hope #Optimism                                ,22,45, USA      ,2013,4,5,19,Mixed
128,130, Hopeful about the possibilities of a new journey.      , Hope          ,05/12/2013 16:00, JourneyOptimist , Twitter  , #Hope #NewBeginnings                          ,18,35, Canada    ,2013,12,5,16,Mixed
142,144, Hopeful about the prospects of a new business venture., Hope          ,08/12/2017 19:15, EntrepreneurHope, Facebook , #Hope #BusinessVenture                        ,22,45, Canada    ,2017,12,8,19,Positive
155,157, Hopeful about the potential for personal growth.      , Hope          ,05/10/2013 16:40, GrowthOptimist  , Twitter  , #Hope #PersonalDevelopment                    ,18,35, UK       ,2013,10,5,16,Positive
250,254," Gazing towards the horizon with hopeful eyes, painting a canvas of dreams illuminated by the sun of optimism. ", Hopeful ,18/04/2022 08:00, DreamPainter , Instagram , #Hopeful #CanvasOfDreams ,12,24, India ,2022,4,18,8,Negative
258,262," Navigating the sea of hope, sailing towards the sunrise of possibilities, confident in the ship of positive anticipation. ", Hopeful ,05/10/2023 07:30, SunriseNavigator , Facebook , #Hopeful #SunriseOfPossibilities ,12,24, USA ,2023,10,5,7,Mixed
267,271," Embraced by the hopeful dawn, a gardener sowing seeds of optimism, tending to the blooms of a brighter tomorrow. ", Hopeful ,17/07/2022 06:15, DawnGardener , Instagram , #Hopeful #SeedsOfOptimism ,14,28, UK ,2022,7,17,6,Positive
275,279," Hopeful whispers of wind, carrying the promises of a brighter tomorrow, a symphony of optimism in the air of possibilities. ", Hopeful ,06/05/2023 07:20, WindWhisperer , Twitter , #Hopeful #BrighterTomorrows ,15,30, India ,2023,5,6,7,Positive
278,282," Charting a course through the waves of hopeful anticipation, a sailor steering towards the shores of dreams yet unexplored. ", Hopeful ,30/10/2022 11:40, WaveNavigator , Twitter , #Hopeful #SailorOfDreams ,17,34, Australia ,2022,10,30,11,Mixed
281,285," Embraced by the hopeful dawn, a gardener sowing seeds of optimism, tending to the blooms of a brighter tomorrow. ", Hopeful ,17/07/2022 06:15, DawnGardener , Instagram , #Hopeful #SeedsOfOptimism ,14,28, UK ,2022,7,17,6,Positive
289,293," Hopeful whispers of wind, carrying the promises of a brighter tomorrow, a symphony of optimism in the air of possibilities. ", Hopeful ,06/05/2023 07:20, WindWhisperer , Twitter , #Hopeful #BrighterTomorrows ,15,30, India ,2023,5,6,7,Positive
292,296," Charting a course through the waves of hopeful anticipation, a sailor steering towards the shores of dreams yet unexplored. ", Hopeful ,30/10/2022 11:40, WaveNavigator , Twitter , #Hopeful #SailorOfDreams ,17,34, Australia ,2022,10,30,11,Mixed
295,299," Embraced by the hopeful dawn, a gardener sowing seeds of optimism, tending to the blooms of a brighter tomorrow. ", Hopeful ,17/07/2022 06:15, DawnGardener , Instagram , #Hopeful #SeedsOfOptimism ,14,28, India ,2022,7,17,6,Positive
526,530,"Dancing to Shakira's rhythmic beats, hips swaying to the hypnotic charm of 'Hips Don't Lie'. ", Hypnotic ,28/02/2022 21:15, ShakiraHipsDancer , Facebook , #Hypnotic #ShakiraRhythms ,28,55, Colombia ,2022,2,28,21,Positive
528,532,"Rocking out at a Guns N' Roses show, the iconic riffs of 'Sweet Child o' Mine' echoing in the night. ", Iconic ,10/12/2018 22:30, GunsNRosesRiffRockstar , Twitter , #Iconic #GNRConcert ,22,45, USA ,2018,12,10,22,Positive
569,573,"In the realm of literature, a captivating novel transports the reader to distant lands, weaving a tapestry of imagination and escape. ", Imagination ,08/10/2021 20:30, BookwormCaptivatingNovelEscape , Facebook , #Imagination #LiteraryEscape ,35,70, Japan ,2021,10,8,20,Positive
415,419,"Lost in the pages of a captivating novel, transported to another world. ", Immersion ,28/09/2019 19:45, Bookworm       , Twitter  , #Immersion #CaptivatingNovel           ,20,40, UK              ,2019,9,28,19,Negative
586,590,"Got dressed for the day, then remembered it's Saturday. Oops. #WeekendVibes #TeenStruggles ", Indifference ,25/05/2023 19:00, FashionBlunder , Facebook , #WeekendOops #TeenFashion ,20,40, USA,2023,5,25,19,Negative
198,200," Lost in the vast sea of information, an indifferent wave in the digital ocean. ", Indifference    ,28/11/2022 17:30, ApatheticObserver , Instagram , #Indifference #DigitalOverload              ,7,15, Canada          ,2022,11,28,17,Negative
208,210," Floating through the day with an air of indifference, detached from the mundane happenings around. ", Indifference    ,22/03/2023 16:30, AloofObserver     , Facebook , #Indifference #FloatingThroughLife        ,10,20, Canada        ,2023,3,22,16,Negative
218,220," Drifting through the day with a nonchalant demeanor, embracing the art of indifference. ", Indifference    ,10/02/2023 17:00, NonchalantSpirit  , Twitter  , #Indifference #DriftingThroughLife       ,9,18, UK            ,2023,2,10,17,Negative
227,231," Indifferent to the noise of the world, a silent observer in the midst of life's cacophony. ", Indifference    ,10/03/2023 16:30, SilentSpectator   , Instagram , #Indifference #SilentObserver            ,9,18, India         ,2023,3,10,16,Negative
237,241," Drifting through the day with an air of nonchalance, indifferent to the trivialities of life. ", Indifference    ,22/02/2023 17:00, NonchalantWanderer, Facebook , #Indifference #DriftingThroughLife       ,9,18, India         ,2023,2,22,17,Negative
394,398,Exploring the universe within during a mindful meditation session. , InnerJourney  ,20/10/2017 08:15, MindfulExplorer , Instagram , #InnerJourney #MeditationBliss          ,35,70, Canada           ,2017,10,20,8,Positive
385,389,Whispers of inspiration from the rustling leaves in a serene forest. , Inspiration ,15/11/2016 11:45, ForestDreamer   , Facebook , #Inspiration #ForestWhispers            ,28,55, Portugal        ,2016,11,15,11,Positive
487,491,"Like a comet of inspiration, streaking through the sky of creativity, leaving trails of brilliance. ", Inspiration ,28/05/2020 16:00, CometCreativity , Twitter , #Inspiration #BrilliantTrails ,18,35, France ,2020,5,28,16,Positive
537,541,"Discovering a hidden gem in the world of documentaries, the viewer is enlightened and inspired, feeling a renewed sense of curiosity. ", Inspiration ,20/04/2022 17:30, DocumentaryEnthusiastHiddenGemFinder , Twitter , #Inspiration #HiddenGemDiscovery ,22,45, France ,2022,4,20,17,Mixed
542,546,"At the Olympics, the athlete's perseverance shines through, earning a gold medal and inspiring a generation with their remarkable achievement. ", Inspiration ,08/08/2020 19:45, OlympicsEnthusiastGoldMedalWinner , Twitter , #Inspiration #OlympicAchievement ,35,70, USA ,2020,8,8,19,Positive
405,409,Whispers of inspiration from the rustling leaves in a serene forest. , Inspiration  ,15/11/2016 11:45, ForestDreamer   , Facebook , #Inspiration #ForestWhispers            ,28,55, Portugal        ,2016,11,15,11,Positive
345,349,Inspiration strikes while observing the colors of a vibrant sunset., Inspiration   ,10/06/2020 20:45, SunsetWatcher   , Instagram , #Inspiration #ColorfulSunset             ,30,60, UK                ,2020,6,10,20,Positive
257,261," Bathed in the glow of inspiration, a creative phoenix rising from the ashes of ordinary thoughts to explore new realms. ", Inspired ,25/10/2019 16:50, PhoenixExplorer , Twitter , #Inspired #CreativePhoenix ,15,30, UK ,2019,10,25,16,Mixed
269,273," Floating on clouds of inspiration, an artist painting the sky with strokes of creativity, creating a masterpiece of dreams. ", Inspired ,08/12/2021 14:30, SkyArtist , Twitter , #Inspired #CloudsOfCreativity ,18,36, India ,2021,12,8,14,Negative
277,281," Whispering tales of inspiration to the stars, a storyteller crafting constellations from the threads of imagination. ", Inspired ,29/08/2020 20:45, StarStoryteller , Facebook , #Inspired #TalesToTheStars ,14,28, UK ,2020,8,29,20,Positive
283,287," Floating on clouds of inspiration, an artist painting the sky with strokes of creativity, creating a masterpiece of dreams. ", Inspired ,08/12/2021 14:30, SkyArtist , Twitter , #Inspired #CloudsOfCreativity ,18,36, India ,2021,12,8,14,Negative
291,295," Whispering tales of inspiration to the stars, a storyteller crafting constellations from the threads of imagination. ", Inspired ,29/08/2020 20:45, StarStoryteller , Facebook , #Inspired #TalesToTheStars ,14,28, UK ,2020,8,29,20,Positive
185,187," Intimidation by the challenges ahead, fear takes hold.", Intimidation ,22/10/2021 18:30, FearfulJourney   , Twitter  , #Intimidation #FacingFear                   ,15,30, India         ,2021,10,22,18,Negative
172,174, Intimidation by the unknown future ahead.          , Intimidation    ,03/12/2021 18:30, FearfulSoul       , Facebook , #Intimidation #Fear                           ,15,30, India        ,2021,12,3,18,Negative
372,376,Intrigued by the symphony of colors in an abstract art exhibition. , Intrigue      ,05/04/2019 17:30, ArtConnoisseur  , Twitter  , #Intrigue #AbstractArt                   ,18,35, France           ,2019,4,5,17,Negative
430,434,"Isolation deepens, an emotional winter where warmth is but a distant memory. ", Isolation ,02/04/2020 14:20, WinterOfEmotions , Instagram , #Isolation #EmotionalWinter            ,35,70, Japan       ,2020,4,2,14,Negative
451,455,"Suffocating in the silence of solitude, where echoes of laughter once thrived. ", Isolation ,20/05/2022 20:30, EchoedLaughter , Instagram , #Isolation #SilentSolitude ,30,60, South Africa ,2022,5,20,20,Positive
304,308," Jealousy, a green-eyed monster, lurking in the shadows, casting a dark cloud over the sunshine of others' success. ", Jealous ,30/08/2019 10:10, GreenMonster , Facebook , #Jealous #GreenEyedMonster ,16,32, USA ,2019,8,30,10,Negative
314,318," Jealousy, a venom that seeps through the veins, poisoning the heart and turning it into a breeding ground for discontent. ", Jealous ,12/12/2019 17:00, VenomousHeart , Twitter , #Jealous #HeartOfDiscontent ,16,32, Australia ,2019,12,12,17,Positive
326,330," Jealousy, a festering wound, the pain intensifying with each glance at the garden of others' achievements, blooming beyond the fence. ", Jealous ,17/03/2018 14:45, WoundedGarden , Twitter , #Jealous #BloomingAchievements ,16,32, UK ,2018,3,17,14,Negative
193,195," Jealousy poisons my thoughts, resentment brewing within.", Jealousy    ,05/08/2018 16:30, PoisonedMind    , Facebook , #Jealousy #Resentment                       ,8,15, USA           ,2018,8,5,16,Negative
167,169, Jealousy consumes me as I witness others' success. , Jealousy        ,12/08/2020 11:30, EnviousObserver   , Twitter  , #Jealousy #Envy                               ,12,25, India        ,2020,8,12,11,Negative
180,182," Jealousy gnaws at my confidence, a toxic emotion.  ", Jealousy        ,03/06/2018 16:30, SelfDoubt        , Instagram , #Jealousy #Insecurity                       ,8,15, India         ,2018,6,3,16,Negative
530,534,"Swaying to the reggae vibes of Bob Marley's tribute concert, each chord a journey to Jamaica's soul. ", Journey ,05/03/2020 18:45, MarleyReggaeTraveler , Instagram , #Journey #BobMarleyTribute ,30,60, Jamaica ,2020,3,5,18,Mixed
471,475,"Dancing on sunshine, each step a celebration of the joy found in simple moments. ", Joy ,20/08/2021 15:45, SunshineDancer , Instagram , #Joy #SimpleMoments ,40,80, USA ,2021,8,20,15,Positive
478,482,"Overflowing with joy, a cup of laughter shared with friends, a moment cherished. ", Joy ,10/03/2023 14:30, LaughterCup , Twitter , #Joy #CherishedMoment ,20,40, Japan ,2023,3,10,14,Positive
482,486,"Surrounded by the colors of joy, a canvas painted with laughter and endless smiles. ", Joy ,02/07/2019 17:00, ColorfulLaughter , Instagram , #Joy #EndlessSmiles ,40,80, Canada ,2019,7,2,17,Positive
494,498,"Amidst the tulip fields of Keukenhof, a tapestry of colors that paints the soul with springtime joy. ", Joy ,02/04/2021 18:20, KeukenhofAdventurer , Instagram , #Joy #SpringtimeColors ,35,70, Netherlands ,2021,4,2,18,Positive
516,520,"Immersed in the pulsating beats of a Bruno Mars concert, where 'Uptown Funk' becomes a city of joy. ", Joy ,28/03/2017 20:30, MarsJoyExplorer , Facebook , #Joy #BrunoMars ,28,55, USA ,2017,3,28,20,Positive
541,545,"Celebrating a historic victory in the World Cup, the nation erupts in joy, united by the triumph of their football team. ", Joy ,15/07/2018 21:30, FootballFanWorldCupCelebration , Instagram , #Joy #WorldCupTriumph ,40,80, Brazil ,2018,7,15,21,Positive
583,587,Spent an hour choosing the perfect filter for a selfie. The struggle for that Instagram aesthetic is real. #SelfieQueen #TeenVibes , Joy ,22/05/2023 14:30, SelfieAddict , Facebook , #SelfieStruggle #TeenConfessions ,22,45, UK,2023,5,22,14,Positive
590,594,"Discovered a new book series and spent the whole night reading. Who needs sleep, anyway? #BookwormLife #LateNightReading ", Joy ,29/05/2023 23:30, NightReader , Twitter , #BookDiscoveries #TeenReading ,30,60, UK,2023,5,29,23,Positive
592,596,Spent the day binge-watching a new series. Productivity level: Zero. #LazyDay #TVSeriesMarathon , Joy ,31/05/2023 15:30, LazyWatcher , Facebook , #BingeWatchDay #TeenLife ,35,70, Canada,2023,5,31,15,Positive
595,599,Spent hours creating the perfect playlist for every mood. Music is my therapy. #PlaylistMaker #TeenMusicLover , Joy ,03/06/2023 21:15, MusicAficionado , Facebook , #MusicTherapy #TeenPlaylist ,22,45, Canada,2023,6,3,21,Positive
598,602,Attended a concert and danced the night away. Music is the heartbeat of life. #ConcertVibes #DanceAllNight , Joy ,06/06/2023 22:30, DanceEnthusiast , Facebook , #MusicMagic #TeenConcert ,28,55, Canada,2023,6,6,22,Positive
599,603,Rediscovered childhood cartoons and had a nostalgia-filled marathon. #CartoonNostalgia #TeenMemories , Joy ,07/06/2023 12:45, NostalgiaExplorer , Twitter , #ChildhoodMemories #TeenCartoons ,22,45, USA,2023,6,7,12,Positive
608,612,"Attended a classical music concert, feeling the timeless melodies resonate. Music transcends generations. #ClassicalMusic #TimelessMelodies ", Joy ,16/06/2023 21:45, MusicConnoisseur , Facebook , #MusicLover #SeniorConcert ,18,35, Canada,2023,6,16,21,Positive
609,613,Capturing the beauty of nature through photography. Every snapshot is a treasure. #NaturePhotography #SeniorPhotographer , Joy ,17/06/2023 15:00, PhotographySenior , Instagram , #NatureCapture #SeniorMoments ,35,70, USA,2023,6,17,15,Positive
611,615,"Embarked on a road trip to revisit cherished places from the past. Nostalgia, the ultimate travel companion. #RoadTrip #NostalgiaTour ", Joy ,19/06/2023 16:30, RoadTripSenior , Facebook , #CherishedPlaces #SeniorTravel ,22,45, Canada,2023,6,19,16,Positive
612,616,"Joined a community choir, harmonizing with fellow voices. Music creates bonds that withstand time. #CommunityChoir #HarmonyInAging ", Joy ,20/06/2023 14:20, ChoirEnthusiast , Instagram , #MusicHarmony #SeniorVoices ,20,40, USA,2023,6,20,14,Positive
616,620,"Participated in a community art class, unleashing creativity in the golden years. Art has no age limit. #ArtClass #SeniorArtistry ", Joy ,24/06/2023 16:15, ArtisticSenior , Twitter , #CreativityAtAnyAge #SeniorCreativity ,22,45, Canada,2023,6,24,16,Positive
620,624,"Joined a nature photography club, capturing the beauty of the great outdoors. Every click is a connection to nature. #NaturePhotography #SeniorPhotographer ", Joy ,28/06/2023 22:15, NaturePhotographySenior , Facebook , #OutdoorBeauty #SeniorClicks ,18,35, UK,2023,6,28,22,Positive
621,625,"Attended a jazz concert and swayed to the rhythm of timeless tunes. Music, a constant companion in the golden years. #JazzConcert #SeniorMusic ", Joy ,29/06/2023 16:30, JazzMusicLover , Instagram , #TimelessTunes #SeniorJazz ,25,50, USA,2023,6,29,16,Positive
624,628,"Attended a vintage car show, reminiscing about the classics that once ruled the roads. Nostalgia in every rev. #VintageCars #ClassicRides ", Joy ,02/07/2023 18:30, CarEnthusiastSenior , Facebook , #RoadTripDownMemoryLane #SeniorCars ,22,45, UK,2023,7,2,18,Positive
625,629,"Started a community garden, growing not just plants but friendships too. Green thumbs unite! #CommunityGarden #SeniorGardener ", Joy ,03/07/2023 12:45, GreenThumbSenior , Twitter , #GardenFriends #SeniorGreenThumb ,28,55, Canada,2023,7,3,12,Positive
627,631,"Enrolled in a dance class for seniors, moving to the rhythm of life. Age is just a number on the dance floor. #DanceClass #SeniorDancer ", Joy ,05/07/2023 20:15, DanceEnthusiastSenior , Twitter , #DanceLife #SeniorMoves ,18,35, UK,2023,7,5,20,Positive
628,632,"Visited an art gallery, appreciating the brushstrokes that tell tales of creativity. Art, an eternal companion. #ArtGallery #SeniorArtLover ", Joy ,06/07/2023 14:30, ArtGalleryVisitor , Facebook , #CreativeExpressions #SeniorArt ,25,50, USA,2023,7,6,14,Positive
629,633,"Started a book club for seniors, where discussions are as lively as the characters in the novels. #BookClub #SeniorReaders ", Joy ,07/07/2023 19:45, SeniorBookClub , Instagram , #BookishTalks #SeniorBookworms ,22,45, UK,2023,7,7,19,Positive
631,635,"Participated in a local theater production, proving that the stage belongs to every age. #TheaterProduction #SeniorActor ", Joy ,09/07/2023 22:30, SeniorActor , Facebook , #StagePassion #SeniorTheater ,20,40, USA,2023,7,9,22,Positive
635,639,"Attended a wine tasting event, savoring the richness of flavors that age like fine wine. Cheers to the golden years! #WineTasting #SeniorWineLover ", Joy ,13/07/2023 20:00, SeniorWineConnoisseur , Instagram , #AgedToPerfection #SeniorCheers ,35,70, UK,2023,7,13,20,Positive
636,640,"Started learning ballroom dancing, gliding gracefully across the dance floor. Ageless elegance in every step. #BallroomDancing #SeniorDancer ", Joy ,14/07/2023 16:15, SeniorBallroomDancer , Twitter , #GracefulMoves #SeniorDance ,20,40, USA,2023,7,14,16,Positive
637,641,"Organized a community painting event, turning blank canvases into a masterpiece of shared creativity. #PaintingEvent #SeniorArtist ", Joy ,15/07/2023 19:30, SeniorPaintingOrganizer , Facebook , #CommunityArt #SeniorCreativity ,28,55, Canada,2023,7,15,19,Positive
640,644,"Attended a local jazz festival, tapping toes to the tunes that have stood the test of time. Music, a lifelong love affair. #JazzFestival #SeniorMusicLover ", Joy ,18/07/2023 16:30, SeniorJazzFestivalGoer , Facebook , #TimelessTunes #SeniorJazz ,25,50, USA,2023,7,18,16,Positive
646,650,"Started a photography club at school. Capturing moments, one snapshot at a time! ", Joy ,04/08/2023 16:30, PhotoClubHighSchool , Instagram , #PhotographyClub #HighSchoolPhotographer ,22,45, USA,2023,8,4,16,Positive
651,655,Bonding with friends over the latest K-pop sensation. Fangirling at its finest! , Joy ,09/08/2023 22:30, KpopFangirlHighSchool , Facebook , #KpopFangirl #HighSchoolMusic ,20,40, USA,2023,8,9,22,Positive
652,656,Spent hours perfecting a chemistry experiment. Mixing potions like a wizard! , Joy ,10/08/2023 14:20, ChemistryWizardHighSchool , Instagram , #ChemistryWizard #HighSchoolScientist ,28,55, UK,2023,8,10,14,Positive
653,657,Successfully organized a surprise birthday party for a friend. Party planning expert mode: Achieved! , Joy ,11/08/2023 18:45, BirthdayPartyPlannerHighSchool , Twitter , #BirthdayParty #HighSchoolCelebration ,22,45, Canada,2023,8,11,18,Positive
656,660,Mastering the art of the perfect doodle during boring classes. Doodles: A+! , Joy ,14/08/2023 16:15, DoodleMasterHighSchool , Twitter , #DoodleMaster #HighSchoolArt ,20,40, USA,2023,8,14,16,Positive
663,667,Mastered the art of creating paper airplanes during lecture. Paper planes: Soaring to new heights! , Joy ,21/08/2023 15:45, PaperPlaneExpertHighSchool , Instagram , #PaperPlaneExpert #HighSchoolArt ,15,30, USA,2023,8,21,15,Positive
667,671,Danced in the rain to celebrate the end of exams. Rain dance: Unexpectedly refreshing! , Joy ,25/08/2023 14:15, RainDanceCelebrationHighSchool , Facebook , #RainDance #HighSchoolJoy ,25,50, Canada,2023,8,25,14,Positive
670,674,Perfecting the art of creating origami during a dull lecture. Origami mastery: A+! , Joy ,28/08/2023 16:00, OrigamiProHighSchool , Twitter , #OrigamiMaster #HighSchoolArt ,18,36, USA,2023,8,28,16,Positive
672,676,Creating a secret handshake with friends. Friendship level: Expert! , Joy ,30/08/2023 17:30, SecretHandshakeHighSchool , Facebook , #FriendshipGoals #HighSchoolMemories ,20,40, USA,2023,8,30,17,Positive
674,678,Practicing a stand-up comedy routine for the upcoming talent show. Comedy gig: In the making! , Joy ,01/09/2023 14:45, ComedyGeniusHighSchool , Instagram , #StandUpComedy #HighSchoolTalent ,21,39, Canada,2023,9,1,14,Positive
677,681,Crafting intricate friendship bracelets for the whole squad. Friendship level: Expert weaver! , Joy ,04/09/2023 15:15, BraceletCraftsmanHighSchool , Instagram , #FriendshipBracelets #HighSchoolCrafts ,19,37, USA,2023,9,4,15,Positive
679,683,Organizing a movie marathon with friends. Popcorn and cinematic adventures await! , Joy ,06/09/2023 16:45, MovieMarathonHostHighSchool , Facebook , #MovieNight #HighSchoolMemories ,22,43, UK,2023,9,6,16,Positive
681,685,Building a time capsule to capture memories for the future. Time-traveling emotions! , Joy ,08/09/2023 14:15, TimeCapsuleCreatorHighSchool , Facebook , #TimeCapsule #HighSchoolNostalgia ,26,48, Canada,2023,9,8,14,Positive
58,60, Laughter is the best medicineï¿½ï¿½ï¿½ï¿½ï¿½ï¿½ï¿½ï¿½ï¿½, Joy          ,13/02/2023 19:30, ComedyFan       , Facebook , #Joy #ComedyShow                             ,22,45, Canada    ,2023,2,13,19,Positive
82,84, Laughter is the key to joyï¿½ï¿½ï¿½ï¿½ï¿½ï¿½ï¿½ï¿½ï¿½ï¿½ï¿½ï¿½ï, Joy          ,22/02/2023 19:30, StandUpFan      , Facebook , #Joy #StandUpComedy                         ,22,45, Canada    ,2023,2,22,19,Positive
567,571,"Embracing the aroma of freshly baked bread, the home chef finds joy in the art of baking, creating delicious memories for loved ones. ", Joy in Baking ,10/04/2023 17:15, HomeBakerDeliciousMemories , Instagram , #JoyInBaking #HomemadeDelights ,22,45, India ,2023,4,10,17,Positive
351,355,Joyful reunion with long-lost friends after years of separation.   , JoyfulReunion ,18/11/2020 17:10, FriendshipRenewal , Instagram , #JoyfulReunion #Friendship               ,20,40, India             ,2020,11,18,17,Positive
74,76, Kindness witnessed today restored my faith in humanity. , Kind         ,19/02/2023 11:30, KindnessPrevails, Twitter  , #Kindness #Humanity                        ,20,40, USA       ,2023,2,19,11,Positive
98,100, Witnessed an act of kindness that made my day.          , Kind         ,28/02/2023 11:30, KindnessObserver, Twitter  , #Kindness #ActsOfKindness                  ,20,40, USA       ,2023,2,28,11,Positive
107,109, Kindness witnessed today restores my faith in humanity.  , Kind         ,03/03/2023 11:30, KindnessPrevails2, Facebook , #Kindness #HumanityRestored                 ,22,45, USA       ,2023,3,3,11,Positive
479,483,"Draped in the warmth of kindness, a quilt of compassion stitched with love. ", Kindness ,05/05/2019 12:15, QuiltedCompassion , Facebook , #Kindness #LoveStitches ,25,50, Brazil ,2019,5,5,12,Positive
179,181," Loneliness in a crowded room, a silent cry for connection.", Loneliness ,12/07/2019 18:10, IsolatedMind     , Twitter  , #Loneliness #SeekingConnection              ,15,30, UK            ,2019,7,12,18,Positive
192,194," Loneliness echoes in empty spaces, yearning for connection.", Loneliness ,12/09/2019 18:10, EchoingSoul     , Instagram , #Loneliness #YearningForConnection         ,15,30, Australia     ,2019,9,12,18,Positive
299,303," Wandering through the desert of loneliness, each step a heavy sigh, mirages of connection shimmering but never materializing. ", Loneliness ,20/07/2017 11:45, DesertWanderer , Twitter , #Loneliness #MiragesOfConnection ,15,30, USA ,2017,7,20,11,Positive
310,314," Loneliness, a silent companion in the night, the only echo in the chamber of solitude, a heart's solitary nocturne. ", Loneliness ,19/09/2019 03:30, NocturnalEcho , Facebook , #Loneliness #SolitaryNocturne ,18,36, Australia ,2019,9,19,3,Negative
321,325," Loneliness, a solitary moon in a starless sky, casting a cold glow on the landscape of isolation, where echoes bounce in empty spaces. ", Loneliness ,01/12/2017 18:50, SolitaryMoon , Instagram , #Loneliness #StarlessSky ,18,36, USA ,2017,12,1,18,Negative
332,336," Loneliness, a silent companion in the night, the only echo in the chamber of solitude, a heart's solitary nocturne. ", Loneliness ,19/09/2019 03:30, NocturnalEcho , Facebook , #Loneliness #SolitaryNocturne ,18,36, Australia ,2019,9,19,3,Negative
444,448,"A soul adrift in the sea of solitude, waves of loneliness crashing relentlessly. ", Loneliness ,28/06/2016 14:20, SolitudeSeas , Twitter , #Loneliness #CrashingWaves ,22,45, UK ,2016,6,28,14,Negative
422,426,Numbness sets in as the weight of loneliness grows heavier.       , Loneliness    ,12/02/2021 16:45, SolitudeSeeker , Twitter  , #Loneliness #HeavyHeart                  ,18,35, Canada          ,2021,2,12,16,Negative
166,168, Loneliness creeps in as the night grows colder.    , Loneliness      ,18/11/2019 21:20, SolitarySoul      , Facebook , #Loneliness #Isolation                         ,10,20, UK           ,2019,11,18,21,Negative
460,464,"Like a withered rose in the garden of love, petals fall, a silent surrender to time. ", Loss ,10/02/2023 14:30, WitheredRose , Instagram , #Loss #SilentSurrender ,28,55, France ,2023,2,10,14,Positive
468,472,"Whispers of lost love linger in the attic of the heart, forgotten but not erased. ", Loss ,10/09/2019 21:00, HeartAttic , Twitter , #Loss #ForgottenLove ,22,45, Australia ,2019,9,10,21,Positive
432,436,"Painful echoes of a love once cherished, now lost in the abyss of time. ", LostLove ,22/11/2016 09:45, AbyssOfTime     , Facebook , #LostLove #PainfulEchoes               ,22,45, Netherlands  ,2016,11,22,9,Positive
481,485,"In the embrace of love, each heartbeat is a melody, dancing to the rhythm of affection. ", Love ,15/11/2022 20:45, MelodyOfLove , Twitter , #Love #RhythmOfAffection ,35,70, USA ,2022,11,15,20,Positive
59,61, Sharing love and positive vibes with everyone! ï¿½ï¿½ï¿½ï¿½, Love         ,14/02/2023 08:30, LoveSpreader    , Twitter  , #Love #SpreadLove                            ,15,30, Australia  ,2023,2,14,8,Positive
83,85, Sending love to all my followers on this beautiful day! ï¿½ï¿½ï, Love         ,23/02/2023 08:30, LoveSender      , Twitter  , #Love #SpreadLove                            ,15,30, Australia  ,2023,2,23,8,Positive
419,423,Marveling at the kaleidoscope of colors in a vibrant street market. , Marvel       ,22/08/2015 15:00, MarketExplorer , Instagram , #Marvel #ColorfulStreetMarket          ,22,45, Brazil          ,2015,8,22,15,Positive
434,438,"Melancholy lingers, a bittersweet serenade in the quietude of solitude. ", Melancholy ,12/03/2017 23:30, SerenadeOfSolitude , Twitter , #Melancholy #QuietSerenade             ,18,35, UK         ,2017,3,12,23,Negative
201,203," Gazing at the sunset, a melancholic longing for moments that slip through the fingers of time. ", Melancholy      ,18/06/2019 20:45, SunsetDreamer     , Instagram , #Melancholy #SunsetMoments                 ,12,25, Australia     ,2019,6,18,20,Negative
211,213," Melancholy whispers in the breeze, a silent conversation with the echoes of forgotten dreams. ", Melancholy      ,01/03/2020 19:00, DreamerInSilence  , Facebook , #Melancholy #WhispersInTheBreeze         ,12,25, India         ,2020,3,1,19,Negative
221,223," A melancholic symphony playing in the background, the soundtrack of a wistful heart. ", Melancholy      ,25/03/2019 21:00, SymphonySoul      , Twitter  , #Melancholy #WistfulHeart                ,13,26, Canada        ,2019,3,25,21,Negative
230,234," Melancholy painting the world in hues of nostalgia, a canvas of bittersweet memories. ", Melancholy      ,05/01/2020 20:00, CanvasDreamer     , Instagram , #Melancholy #BittersweetMemories         ,13,26, USA          ,2020,1,5,20,Negative
240,244," Melancholy as a companion, painting the canvas of life with the brushstrokes of wistful yearning. ", Melancholy      ,25/02/2019 21:00, WistfulPainter    , Facebook , #Melancholy #WistfulYearning             ,13,26, UK            ,2019,2,25,21,Negative
392,396,Immersed in the enchanting melodies of a street musician's violin. , Melodic       ,05/04/2019 17:30, MusicLover      , Twitter  , #Melodic #StreetMusic                   ,18,35, France           ,2019,4,5,17,Positive
571,575,"Underneath the city lights, the dancer expresses emotions through graceful movements, creating a mesmerizing performance under the night sky. ", Mesmerizing ,15/06/2018 22:00, DanceEnthusiastCityNightPerformance , Twitter , #Mesmerizing #NightDancePerformance ,40,80, USA ,2018,6,15,22,Positive
374,378,Enveloped in serenity while practicing mindfulness by the lake.    , Mindfulness   ,20/10/2017 08:15, ZenSeeker       , Instagram , #Mindfulness #LakeTranquility            ,35,70, Canada           ,2017,10,20,8,Positive
558,562,"Despite meticulous training, the swimmer faces disappointment as a split-second miscalculation costs them the lead in a crucial race. ", Miscalculation ,28/06/2015 20:00, SwimmingEnthusiastRaceSetback , Instagram , #Miscalculation #SwimmingDisappointment ,28,55, Australia ,2015,6,28,20,Negative
658,662,Sneaking snacks into class like a pro. The art of snack-smuggling is a sacred skill! , Mischievous ,16/08/2023 14:00, SnackSmugglerHighSchool , Instagram , #SnackSmuggler #HighSchoolSnacks ,30,60, USA,2023,8,16,14,Positive
665,669,Hiding a snack stash in my backpack for emergency cravings. Snack ninja mode: Activated! , Mischievous ,23/08/2023 16:45, SnackNinjaHighSchool , Twitter , #SnackNinja #HighSchoolSnacks ,28,55, USA,2023,8,23,16,Positive
346,350,Motivated to achieve fitness goals after an invigorating workout.  , Motivation    ,28/02/2022 07:15, FitnessJunkie   , Facebook , #Motivation #FitnessGoals                 ,40,80, Australia          ,2022,2,28,7,Mixed
575,579,"Surrounded by the vibrant colors of a flower garden, the gardener nurtures blossoms, finding joy in the beauty of nature's ever-changing canvas. ", Nature's Beauty ,15/05/2020 18:30, GardeningEnthusiastFlowerGarden , Instagram , #NaturesBeauty #FloralJoy ,28,55, Australia ,2020,5,15,18,Positive
1,1, Traffic was terrible this morning.                 , Negative  ,15/01/2023 08:45, CommuterX    , Twitter  , #Traffic #Morning                        ,5,10, Canada   ,2023,1,15,8,Negative
8,8, Political discussions heating up on the timeline.  , Negative  ,17/01/2023 08:00, DebateTalk   , Twitter  , #Politics #Debate                       ,30,60, USA      ,2023,1,17,8,Negative
11,11, Feeling a bit under the weather today.             , Negative  ,18/01/2023 10:30, WellnessCheck, Twitter  , #SickDay #Health                        ,7,15, Canada   ,2023,1,18,10,Negative
19,19, Winter blues got me feeling low.                   , Negative  ,20/01/2023 15:15, WinterBlues  , Instagram , #WinterBlues #Mood                      ,8,15, USA       ,2023,1,20,15,Negative
705,709,Trying out a new study technique for upcoming exams. Exploring different learning strategies. , Neutral ,02/10/2023 16:45, StudyTechniqueExperimentHighSchool , Instagram , #StudyStrategies #HighSchoolExams ,23,42, USA,2023,10,2,16,Negative
706,710,Organizing a community cleanup event for a cleaner neighborhood. Promoting environmental awareness. , Neutral ,03/10/2023 12:30, CommunityCleanupHighSchool , Twitter , #EnvironmentalEfforts #HighSchoolCommunity ,26,50, Canada,2023,10,3,12,Negative
707,711,Sharing favorite book recommendations with classmates. Building a mini book club. , Neutral ,04/10/2023 18:20, BookRecommendationsHighSchool , Facebook , #BookClub #HighSchoolReads ,19,38, UK,2023,10,4,18,Negative
708,712,Experimenting with a new recipe for a school bake sale. Baking adventures in the kitchen. , Neutral ,05/10/2023 14:15, BakeSaleRecipeExperimentHighSchool , Instagram , #BakingAdventures #HighSchoolBakes ,21,43, USA,2023,10,5,14,Negative
709,713,Collaborating on a school project with peers. Teamwork makes the dream work. , Neutral ,06/10/2023 17:30, SchoolProjectCollaborationHighSchool , Twitter , #Teamwork #HighSchoolProjects ,18,36, Canada,2023,10,6,17,Negative
710,714,Attending a school club meeting to explore new interests. Dabbling in extracurricular activities. , Neutral ,07/10/2023 20:45, ExtracurricularExplorationHighSchool , Instagram , #SchoolClubs #HighSchoolInterests ,22,45, UK,2023,10,7,20,Negative
711,715,Exploring a new part-time job opportunity for gaining work experience. Career development in progress. , Neutral ,08/10/2023 15:15, PartTimeJobExplorationHighSchool , Facebook , #CareerDevelopment #HighSchoolJobs ,24,48, USA,2023,10,8,15,Positive
712,716,Attending a school assembly to stay informed about upcoming events and announcements. Staying connected with school activities. , Neutral ,09/10/2023 22:00, SchoolAssemblyParticipationHighSchool , Twitter , #SchoolEvents #HighSchoolConnectivity ,20,40, Canada,2023,10,9,22,Negative
713,717,Exploring a new hobby of photography during free time. Capturing moments through a lens. , Neutral ,10/10/2023 14:15, PhotographyHobbyHighSchool , Instagram , #PhotographyJourney #HighSchoolHobbies ,25,49, UK,2023,10,10,14,Negative
714,718,Participating in a science fair to showcase a unique experiment. Sharing knowledge with peers. , Neutral ,11/10/2023 16:45, ScienceFairParticipationHighSchool , Facebook , #ScienceFair #HighSchoolScience ,19,37, USA,2023,10,11,16,Negative
715,719,Attending a workshop on time management to enhance organizational skills. Striving for efficiency. , Neutral ,12/10/2023 18:20, TimeManagementWorkshopHighSchool , Twitter , #EfficiencyGoals #HighSchoolSkills ,23,44, Canada,2023,10,12,18,Negative
716,720,Volunteering at a local charity event to give back to the community. Contributing to social causes. , Neutral ,13/10/2023 12:30, CharityEventVolunteerHighSchool , Instagram , #CommunityService #HighSchoolVolunteer ,20,39, UK,2023,10,13,12,Negative
717,721,Collaborating on a group project to promote teamwork and shared responsibilities. Group effort in action. , Neutral ,14/10/2023 17:30, GroupProjectCollaborationHighSchool , Facebook , #TeamSpirit #HighSchoolProjects ,18,35, USA,2023,10,14,17,Negative
718,722,Participating in a debate club to enhance critical thinking and communication skills. Intellectual engagement in progress. , Neutral ,15/10/2023 20:45, DebateClubParticipationHighSchool , Twitter , #DebateSkills #HighSchoolIntellect ,22,43, Canada,2023,10,15,20,Negative
4,4, Trying out a new recipe for dinner tonight.        , Neutral   ,15/01/2023 19:55, ChefCook     , Instagram , #Cooking #Food                           ,12,25, Australia ,2023,1,15,19,Negative
9,9, Missing summer vibes and beach days.               , Neutral   ,17/01/2023 12:20, BeachLover   , Facebook , #Summer #BeachDays                      ,18,35, Australia ,2023,1,17,12,Negative
14,14, Technology is changing the way we live.            , Neutral   ,19/01/2023 09:45, TechEnthusiast, Twitter  , #Tech #Innovation                       ,15,30, India    ,2023,1,19,9,Negative
18,18, Attending a virtual conference on AI.              , Neutral   ,20/01/2023 11:30, TechConference, Facebook , #AI #TechConference                     ,25,50,USA,2023,1,20,11,Negative
416,420,Drenched in nostalgia while flipping through an old family photo album. , Nostalgia ,05/12/2016 21:00, FamilyHistorian , Instagram , #Nostalgia #FamilyPhotoAlbum           ,25,50, India          ,2016,12,5,21,Positive
462,466,"Nostalgia, a bittersweet dance in the moonlit ballroom of cherished memories. ", Nostalgia ,15/05/2019 21:30, MoonlitMemories , Twitter , #Nostalgia #CherishedMemories ,18,35, Italy ,2019,5,15,21,Negative
514,518,"Rocking out to the guitar solos at a Queen tribute concert, a journey back in time with Freddie's spirit. ", Nostalgia ,02/12/2018 22:15, QueenTributeFan , Instagram , #Nostalgia #QueenTribute ,22,45, UK ,2018,12,2,22,Mixed
532,536,"As the credits roll, a profound sense of nostalgia washes over, reminiscent of cherished moments in classic films. ", Nostalgia ,25/06/2019 22:15, FilmLoverNostalgiaSeeker , Instagram , #Nostalgia #ClassicFilmMoments ,35,70, UK ,2019,6,25,22,Positive
358,362,Nostalgic memories flood in while revisiting childhood favorites. , Nostalgia     ,28/01/2017 21:15, ChildhoodMemories , Facebook , #Nostalgia #ChildhoodFavorites           ,20,40, Australia          ,2017,1,28,21,Positive
335,339,Nostalgia hits while flipping through an old photo album.     , Nostalgia      ,28/06/2019 19:00, MemoryLane     , Facebook , #Nostalgia #OldMemories                     ,22,45, UK                ,2019,6,28,19,Positive
202,204," Revisiting old photographs, caught in the embrace of nostalgia's bittersweet symphony. ", Nostalgia       ,05/02/2018 15:15, MemoryLaneTraveler , Facebook , #Nostalgia #MemoryLane                     ,10,20, USA          ,2018,2,5,15,Negative
212,214," Stumbling upon an old journal, nostalgia flooding in waves, carrying me to moments long gone. ", Nostalgia       ,10/07/2018 15:45, JournalKeeper     , Twitter  , #Nostalgia #JournalMoments               ,10,20, Canada        ,2018,7,10,15,Positive
222,224," Flipping through the pages of an old yearbook, nostalgia painting smiles and tears on my face. ", Nostalgia       ,18/06/2017 14:45, YearbookExplorer  , Instagram , #Nostalgia #YearbookMemories            ,12,25, India         ,2017,6,18,14,Negative
231,235," A journey into the past, flipping through the pages of an old diary, nostalgia taking the lead. ", Nostalgia       ,10/08/2018 15:45, DiaryExplorer     , Facebook , #Nostalgia #DiaryJourney                 ,12,25, Canada        ,2018,8,10,15,Mixed
241,245," Leafing through the pages of an old photo album, nostalgia weaving tales of laughter and tears. ", Nostalgia       ,18/05/2017 14:45, TaleWeaver        , Twitter  , #Nostalgia #PhotoAlbumStories            ,12,25, USA          ,2017,5,18,14,Positive
247,251,"Wrapped in the cloak of emotional numbness, a shield against the storms of life's turbulence. ", Numbness ,30/11/2021 15:30, TurbulentShield , Instagram , #Numbness #EmotionalStorms ,10,20, Canada ,2021,11,30,15,Negative
200,202," A numbness settles over me, a shield against the overwhelming emotions life throws my way. ", Numbness        ,10/08/2021 14:00, EmotionallyDistant , Twitter  , #Numbness #EmotionalShield                 ,8,15, India        ,2021,8,10,14,Negative
210,212," Numb to the chaos, emotions locked away, a stoic facade concealing the inner turmoil. ", Numbness        ,28/12/2019 14:30, StoicSoul         , Instagram , #Numbness #StoicFacade                    ,8,15, Australia     ,2019,12,28,14,Negative
220,222," Immersed in a state of emotional numbness, a shield against the storm of daily struggles. ", Numbness        ,01/12/2021 15:30, ShieldedHeart     , Facebook , #Numbness #EmotionalShield               ,10,20, USA          ,2021,12,1,15,Negative
229,233," An impenetrable numbness shields me from the emotional storms, a fortress of stoic resilience. ", Numbness        ,18/10/2019 14:30, ResilientFortress , Twitter  , #Numbness #StoicResilience               ,11,22, UK            ,2019,10,18,14,Negative
239,243," Wrapped in the cloak of emotional numbness, a shield against the storms of life's turbulence. ", Numbness        ,30/11/2021 15:30, TurbulentShield   , Instagram , #Numbness #EmotionalStorms               ,10,20, Canada        ,2021,11,30,15,Negative
554,558,"In the midst of a cycling race, a tire blowout leads to frustration for the cyclist, who valiantly tries to overcome the unexpected obstacle. ", Obstacle ,15/05/2017 22:00, CyclingEnthusiastTireBlowout , Twitter , #Obstacle #CyclingFrustration ,22,45, France ,2017,5,15,22,Negative
579,583,"As the waves crash against the shore, the surfer embraces the thrill of riding the ocean's energy, capturing the essence of freedom in each wave. ", Ocean's Freedom ,20/07/2021 18:15, SurfingEnthusiastWaveRider , Facebook , #OceansFreedom #SurfingThrills ,22,45, Brazil ,2021,7,20,18,Mixed
366,370,Optimism for a bright future amidst challenging times.           , Optimism      ,05/07/2021 09:30, FutureOptimist  , Instagram , #Optimism #BrightFuture                  ,20,40, Canada            ,2021,7,5,9,Positive
344,348,Overjoyed by the warmth of a cozy fireplace on a winter evening.   , Overjoyed     ,08/12/2021 19:30, WinterLover     , Twitter  , #Overjoyed #WinterWarmth                  ,18,35, Canada            ,2021,12,8,19,Positive
303,307," Overwhelmed by the weight of the world, Atlas with trembling shoulders, each responsibility a boulder in the landscape of exhaustion. ", Overwhelmed ,25/06/2021 17:50, AtlasBearer , Instagram , #Overwhelmed #BouldersOfExhaustion ,22,44, Canada ,2021,6,25,17,Negative
313,317," Overwhelmed by the cacophony of expectations, a drowning soul in the tempest of pressure, struggling to stay afloat. ", Overwhelmed ,29/11/2021 08:45, TempestSurvivor , Facebook , #Overwhelmed #DrowningSoul ,20,40, USA ,2021,11,29,8,Negative
325,329," Overwhelmed by the maze of expectations, a minotaur of pressure lurking in the labyrinth, waiting to devour the spirit of resilience. ", Overwhelmed ,22/02/2020 15:20, MazeExplorer , Facebook , #Overwhelmed #MinotaurOfPressure ,22,44, USA ,2020,2,22,15,Negative
338,342,Overwhelmed by the support received during a personal challenge., Overwhelmed   ,20/05/2021 17:30, PersonalJourney , Facebook , #Overwhelmed #SupportiveCommunity          ,25,50, USA               ,2021,5,20,17,Negative
378,382,Pensive contemplation amid the ancient ruins of a forgotten civilization. , Pensive ,18/04/2023 17:10, RuinsExplorer   , Twitter  , #Pensive #AncientCivilization           ,18,35, Greece           ,2023,4,18,17,Positive
255,259," Playfully dancing in the rain of laughter, a whimsical spirit twirling in the puddles of joy and lightheartedness. ", Playful ,08/07/2020 18:00, RainDancer , Facebook , #Playful #DanceInTheRain ,22,44, Canada ,2020,7,8,18,Positive
268,272," A playful escapade in the carnival of life, carousel laughter and cotton candy dreams swirling in the joyous atmosphere. ", Playful ,22/08/2018 17:20, CarnivalDreamer , Facebook , #Playful #CarnivalEscapade ,24,48, Australia ,2018,8,22,17,Positive
276,280," Playfully juggling responsibilities, a circus performer balancing the acts of work and joy, tossing laughter into the air. ", Playful ,18/11/2019 15:15, JugglingArtist , Instagram , #Playful #JugglingResponsibilities ,25,50, USA ,2019,11,18,15,Positive
282,286," A playful escapade in the carnival of life, carousel laughter and cotton candy dreams swirling in the joyous atmosphere. ", Playful ,22/08/2018 17:20, CarnivalDreamer , Facebook , #Playful #CarnivalEscapade ,24,48, Australia ,2018,8,22,17,Positive
290,294," Playfully juggling responsibilities, a circus performer balancing the acts of work and joy, tossing laughter into the air. ", Playful ,18/11/2019 15:15, JugglingArtist , Instagram , #Playful #JugglingResponsibilities ,25,50, USA ,2019,11,18,15,Positive
296,300," A playful escapade in the carnival of life, carousel laughter and cotton candy dreams swirling in the joyous atmosphere. ", Playful ,22/08/2018 17:20, CarnivalDreamer , Facebook , #Playful #CarnivalEscapade ,24,48, Australia ,2018,8,22,17,Positive
373,377,Giggles and joy echo in the air during a children's playdate.      , PlayfulJoy    ,15/12/2020 15:45, PlayfulParent   , Facebook , #PlayfulJoy #ChildrensPlaydate           ,22,45, Japan            ,2020,12,15,15,Positive
648,652,Convinced the teacher to have class outdoors. Learning equations with a side of fresh air! , Positive ,06/08/2023 14:00, OutdoorClassHighSchool , Facebook , #OutdoorClassroom #HighSchoolExplorer ,28,55, USA,2023,8,6,14,Positive
0,0, Enjoying a beautiful day at the park!              , Positive  ,15/01/2023 12:30, User123      , Twitter  , #Nature #Park                            ,15,30, USA      ,2023,1,15,12,Positive
2,2, Just finished an amazing workout! ï¿½ï¿½ï¿½ï¿½ï¿½ï¿½ï, Positive  ,15/01/2023 15:45, FitnessFan   , Instagram , #Fitness #Workout                        ,20,40, USA        ,2023,1,15,15,Positive
3,3, Excited about the upcoming weekend getaway!        , Positive  ,15/01/2023 18:20, AdventureX   , Facebook , #Travel #Adventure                       ,8,15, UK       ,2023,1,15,18,Positive
5,5, Feeling grateful for the little things in life.    , Positive  ,16/01/2023 09:10, GratitudeNow , Twitter  , #Gratitude #PositiveVibes              ,25,50, India    ,2023,1,16,9,Positive
6,6, Rainy days call for cozy blankets and hot cocoa.   , Positive  ,16/01/2023 14:45, RainyDays    , Facebook , #RainyDays #Cozy                         ,10,20, Canada   ,2023,1,16,14,Positive
7,7, The new movie release is a must-watch!             , Positive  ,16/01/2023 19:30, MovieBuff    , Instagram , #MovieNight #MustWatch                  ,15,30, USA    ,2023,1,16,19,Positive
10,10, Just published a new blog post. Check it out!      , Positive  ,17/01/2023 15:15, BloggerX     , Instagram , #Blogging #NewPost                      ,22,45,USA,2023,1,17,15,Positive
12,12, Exploring the city's hidden gems.                  , Positive  ,18/01/2023 14:50, UrbanExplorer, Facebook , #CityExplore #HiddenGems                ,12,25, UK       ,2023,1,18,14,Positive
13,13," New year, new fitness goals! ï¿½ï¿½ï¿½ï¿½ï¿½ï¿½ï¿½ï¿½", Positive  ,18/01/2023 18:00, FitJourney   , Instagram , #NewYear #FitnessGoals                  ,28,55, USA        ,2023,1,18,18,Positive
15,15, Reflecting on the past and looking ahead.          , Positive  ,19/01/2023 13:20, Reflections  , Facebook , #Reflection #Future                     ,20,40, USA      ,2023,1,19,13,Positive
16,16, Just adopted a cute furry friend! ï¿½ï¿½ï¿½ï¿½ï¿½ï¿½, Positive  ,19/01/2023 17:10, PetAdopter   , Instagram , #PetAdoption #FurryFriend               ,15,30, Canada    ,2023,1,19,17,Positive
17,17, Late-night gaming session with friends.            , Positive  ,20/01/2023 00:05, GamerX       , Twitter  , #Gaming #LateNight                      ,18,35, UK       ,2023,1,20,0,Positive
20,20, Sipping coffee and enjoying a good book.           , Positive  ,21/01/2023 08:40, Bookworm     , Twitter  , #Reading #CoffeeTime                    ,22,45, India    ,2023,1,21,8,Positive
21,21, Exploring the world of virtual reality.            , Positive  ,21/01/2023 13:20, VRExplorer   , Facebook , #VR #VirtualReality                     ,15,30,USA,2023,1,21,13,Positive
22,22, Productive day ticking off my to-do list.          , Positive  ,21/01/2023 16:45, ProductivityPro, Instagram , #Productivity #WorkFromHome           ,30,60, USA ,2023,1,21,16,Positive
23,23, Just finished a challenging workout routine.       , Positive  ,22/01/2023 09:15, FitnessWarrior, Twitter  , #Fitness #ChallengeAccepted             ,20,40, UK       ,2023,1,22,9,Positive
24,24, Celebrating a milestone at work! ï¿½ï¿½ï¿½ï¿½ï¿½ï¿½ï, Positive  ,22/01/2023 14:30, CareerMilestone, Facebook , #Career #Milestone                      ,12,25, Canada  ,2023,1,22,14,Positive
25,25, Sunday brunch with friends.                        , Positive  ,22/01/2023 12:00, BrunchBuddy  , Instagram , #Brunch #Friends                       ,15,30, UK ,2023,1,22,12,Positive
27,28, Learning a new language for personal growth.       , Positive  ,23/01/2023 16:20, LanguageLearner, Facebook , #LanguageLearning #PersonalGrowth       ,25,50, India     ,2023,1,23,16,Positive
28,29, Quiet evening with a good book.                    , Positive  ,23/01/2023 19:45, BookLover    , Instagram , #Reading #QuietTime                     ,15,30, Australia ,2023,1,23,19,Positive
29,30, Reflecting on the importance of mental health.     , Positive  ,24/01/2023 11:30, MentalHealthMatters, Twitter  , #MentalHealth #SelfCare                 ,22,45, USA      ,2023,1,24,11,Positive
30,31, New painting in progress! ï¿½ï¿½ï¿½ï¿½ï¿½ï¿½ï¿½ï¿½ï¿½, Positive  ,24/01/2023 15:00, ArtistInAction, Facebook , #Art #PaintingInProgress             ,12,25, Canada ,2023,1,24,15,Positive
31,32, Weekend road trip to explore scenic views.         , Positive  ,24/01/2023 17:30, RoadTripper  , Instagram , #RoadTrip #ScenicViews                  ,18,35, UK        ,2023,1,24,17,Positive
32,33, Enjoying a cup of tea and watching the sunset.     , Positive  ,25/01/2023 18:00, SunsetWatcher, Twitter  , #TeaTime #Sunset                       ,15,30, India    ,2023,1,25,18,Positive
33,34, Coding a new project with enthusiasm.              , Positive  ,25/01/2023 13:15, CodeEnthusiast, Facebook , #Coding #Enthusiasm                   ,30,60, USA ,2023,1,25,13,Positive
34,35, Feeling inspired after attending a workshop.       , Positive  ,26/01/2023 09:45, WorkshopAttendee, Instagram , #Inspiration #Workshop                  ,25,50,USA,2023,1,26,9,Positive
35,36, Winter sports day at the local park.               , Positive  ,26/01/2023 14:20, WinterSports  , Twitter  , #WinterSports #Fun                     ,15,30, Canada   ,2023,1,26,14,Positive
36,37, Quality time with family this weekend.             , Positive  ,26/01/2023 17:40, FamilyTime   , Facebook , #FamilyTime #Weekend                    ,22,45, UK        ,2023,1,26,17,Positive
37,38, Attending a live music concert tonight.            , Positive  ,27/01/2023 20:00, MusicLover   , Instagram , #Music #ConcertNight                  ,18,35, USA ,2023,1,27,20,Positive
38,39, Practicing mindfulness with meditation.            , Positive  ,27/01/2023 12:30, MindfulMoments, Twitter  , #Mindfulness #Meditation               ,15,30, India    ,2023,1,27,12,Positive
39,40, Trying out a new dessert recipe.                   , Positive  ,27/01/2023 16:10, DessertExplorer, Facebook , #Dessert #Cooking                      ,12,25, Canada ,2023,1,27,16,Positive
40,41, Excited about the upcoming gaming tournament.      , Positive  ,28/01/2023 09:00, GamingEnthusiast, Instagram , #Gaming #Tournament                     ,30,60,USA,2023,1,28,9,Positive
41,42, Planning a garden makeover for spring.             , Positive  ,28/01/2023 14:45, GardenPlanner , Twitter  , #Gardening #Spring                     ,25,50, USA      ,2023,1,28,14,Positive
42,43, Celebrating a friend's birthday tonight! ï¿½ï¿½ï¿½ï¿, Positive  ,28/01/2023 19:30, BirthdayBash , Facebook , #Birthday #Celebration                  ,15,30, UK ,2023,1,28,19,Positive
43,44, Feeling accomplished after a productive day.       , Positive  ,29/01/2023 17:00, ProductivityWin, Instagram , #Accomplished #Success               ,22,45, India ,2023,1,29,17,Positive
44,45, A cozy evening with a good movie.                 , Positive  ,29/01/2023 20:20, MovieNight   , Twitter  , #CozyNight #MovieTime                   ,18,35, Canada   ,2023,1,29,20,Positive
45,46, Exploring local art galleries this weekend.        , Positive  ,30/01/2023 11:30, ArtExplorer  , Facebook , #Art #GalleryExplore                    ,15,30, USA      ,2023,1,30,11,Positive
46,47, New book release from my favorite author!          , Positive  ,30/01/2023 15:45, BookwormX    , Instagram , #BookRelease #FavoriteAuthor           ,12,25, UK   ,2023,1,30,15,Positive
47,48, Attending a virtual reality meetup.                , Positive  ,30/01/2023 18:30, VRMeetup     , Twitter  , #VRMeetup #VirtualReality               ,28,55, India    ,2023,1,30,18,Positive
48,49, Reflecting on the beauty of nature.                , Positive  ,31/01/2023 10:45, NatureLover  , Facebook , #Nature #Reflection                     ,15,30, Australia ,2023,1,31,10,Positive
49,50, Cooking a special dinner for loved ones.           , Positive  ,31/01/2023 19:00, ChefAtHome   , Instagram , #Cooking #SpecialDinner                ,20,40, USA       ,2023,1,31,19,Positive
50,51, Feeling optimistic about the week ahead.           , Positive  ,31/01/2023 16:20, OptimisticMindset, Twitter  , #Optimism #NewWeek                     ,15,30, Canada   ,2023,1,31,16,Positive
51,52, Starting a new fitness challenge tomorrow! ï¿½ï¿½ï¿½, Positive  ,01/02/2023 08:00, FitnessChallenge, Facebook , #FitnessChallenge #NewBeginnings       ,22,45, UK         ,2023,2,1,8,Positive
52,53, Sunday bike ride through scenic trails.           , Positive  ,01/02/2023 13:30, BikeExplorer  , Instagram , #BikeRide #ScenicTrails                ,18,35, USA     ,2023,2,1,13,Positive
477,481,"In the dance of positivity, every step is a rhythm, uplifting the soul in harmony. ", Positivity ,18/09/2016 19:45, DanceHarmony , Instagram , #Positivity #SoulUpliftment ,18,35, France ,2016,9,18,19,Positive
556,560,"In the golf tournament, a missed crucial putt results in defeat, causing the golfer to reflect on the pressure of high-stakes competition. ", Pressure ,20/08/2016 18:30, GolfEnthusiastMissedPutt , Facebook , #Pressure #GolfDefeat ,18,35, USA ,2016,8,20,18,Negative
525,529,"In the audience of a Jay-Z performance, the lyrics of 'Empire State of Mind' become an anthem of pride. ", Pride ,10/09/2017 20:15, JayZEmpireListener , Twitter , #Pride #JayZAnthem ,18,35, USA ,2017,9,10,20,Mixed
534,538,"At the film festival, the indie filmmaker's creation receives a standing ovation, evoking pride and a sense of accomplishment. ", Pride ,18/09/2017 21:45, IndieFilmmakerFestivalSuccess , Twitter , #Pride #IndieFilmSuccess ,22,45, Australia ,2017,9,18,21,Mixed
596,600,Successfully cooked a gourmet meal for the family. Chef skills unlocked! #ChefMode #TeenChef , Pride ,04/06/2023 19:30, HomeChef , Twitter , #CookingSuccess #TeenCook ,25,50, USA,2023,6,4,19,Mixed
75,77, Pride in achieving a personal milestone.               , Pride        ,19/02/2023 16:00, PersonalAchiever, Instagram , #Pride #Milestone                           ,30,60, Australia    ,2023,2,19,16,Mixed
99,101, Pride in completing a challenging fitness challenge.    , Pride        ,28/02/2023 16:00, FitAchiever     , Instagram , #Pride #FitnessChallengeCompleted          ,30,60, UK            ,2023,2,28,16,Mixed
108,110, Pride in accomplishing personal and professional goals.  , Pride        ,03/03/2023 14:30, GoalAchiever    , Instagram , #Pride #Accomplishments                     ,12,25, Canada ,2023,3,3,14,Mixed
367,371,Pride in achieving a personal milestone in career progression.   , Pride         ,15/04/2016 14:50, CareerAchiever  , Facebook , #Pride #CareerMilestone                  ,28,55, UK                ,2016,4,15,14,Positive
251,255," Standing tall, proud as an oak, the branches of achievement reaching towards the sky of accomplishment. ", Proud ,10/12/2019 12:20, OakAchiever , Twitter , #Proud #BranchesOfAchievement ,25,50, Canada ,2019,12,10,12,Mixed
266,270," Proudly scaling the peaks of achievement, a mountaineer conquering challenges and planting the flag of success. ", Proud ,05/01/2020 08:45, PeakConqueror , Twitter , #Proud #ScalingPeaks ,23,46, USA ,2020,1,5,8,Mixed
280,284," Proudly scaling the peaks of achievement, a mountaineer conquering challenges and planting the flag of success. ", Proud ,05/01/2020 08:45, PeakConqueror , Twitter , #Proud #ScalingPeaks ,23,46, USA ,2020,1,5,8,Mixed
294,298," Proudly scaling the peaks of achievement, a mountaineer conquering challenges and planting the flag of success. ", Proud ,05/01/2020 08:45, PeakConqueror , Twitter , #Proud #ScalingPeaks ,23,46, USA ,2020,1,5,8,Mixed
382,386,Radiant joy akin to blooming flowers on a sun-kissed spring morning. , Radiance    ,05/05/2022 10:15, SpringEnthusiast , Facebook , #Radiance #SpringBlooms                 ,25,50, Netherlands     ,2022,5,5,10,Positive
402,406,Radiant joy akin to blossoming flowers on a sunlit spring morning. , Radiance      ,05/05/2022 10:15, SpringEnthusiast , Facebook , #Radiance #SpringBlooms                 ,25,50, Netherlands     ,2022,5,5,10,Positive
491,495,"Standing before the grandeur of the Eiffel Tower, a moment to reflect on the beauty of Parisian dreams. ", Reflection ,12/05/2018 17:30, ParisDreamer , Twitter , #Reflection #ParisianDreams ,28,55, France ,2018,5,12,17,Positive
553,557,"Facing a defeat in the championship, the boxer reflects on the challenges, vowing to return stronger and more determined in the next bout. ", Reflection ,18/09/2020 19:30, BoxingFanChampionshipDefeat , Facebook , #Reflection #BoxingDefeat ,30,60, UK ,2020,9,18,19,Positive
357,361,Reflecting on personal growth achieved through life experiences.  , Reflection    ,08/03/2019 18:30, GrowthSeeker    , Instagram , #Reflection #PersonalGrowth              ,35,70, USA               ,2019,3,8,18,Positive
398,402,Reflective contemplation amid the ruins of a forgotten era.        , Reflection    ,18/04/2023 17:10, RuinsExplorer   , Twitter  , #Reflection #ForgottenEra               ,18,35, Greece           ,2023,4,18,17,Positive
442,446,"Avoiding the thorns of regret, walking barefoot on the path of remorse. ", Regret ,18/04/2022 11:30, RemorseWalker , Instagram , #Regret #PathOfRemorse ,25,50, Canada ,2022,4,18,11,Negative
452,456,"Haunted by the specter of lost possibilities, a ghost that refuses to fade away. ", Regret ,08/11/2019 14:45, PossibilityGhost , Twitter , #Regret #FadingPossibilities ,18,35, Spain ,2019,11,8,14,Negative
467,471,"Swept away by the river of regret, the currents of the past refusing to release. ", Regret ,28/04/2017 16:20, RegretRiver , Instagram , #Regret #PastCurrents ,18,35, UK ,2017,4,28,16,Negative
428,432,"Haunted by regrets, the ghost of the past lingers relentlessly.   ", Regret        ,15/12/2018 10:00, LingeringGhost  , Twitter  , #Regret #HauntedPast                    ,18,35, France         ,2018,12,15,10,Negative
175,177, Regret over missed opportunities haunts my thoughts., Regret         ,25/08/2017 16:00, RemorsefulSoul   , Facebook , #Regret #MissedChances                       ,12,25, UK           ,2017,8,25,16,Negative
188,190, Regret for decisions that led to a painful present., Regret         ,15/12/2018 16:00, RegretfulMind    , Twitter  , #Regret #PastChoices                        ,12,25, USA          ,2018,12,15,16,Negative
384,388,Rejuvenated by the salty breeze and the sound of waves at the seaside. , Rejuvenation ,20/09/2021 14:30, SeaBreezeLover , Twitter  , #Rejuvenation #SeasideEscape            ,18,35, Spain           ,2021,9,20,14,Positive
404,408,Rejuvenated by the salty breeze and the sound of waves at the seaside. , Rejuvenation ,20/09/2021 14:30, SeaBreezeLover , Twitter  , #Rejuvenation #SeasideEscape            ,18,35, Spain           ,2021,9,20,14,Positive
643,647,"Survived a challenging physics exam. Equations, you won't defeat me! ", Relief ,01/08/2023 13:30, PhysicsWhizHighSchool , Instagram , #PhysicsSurvivor #HighSchoolAdventures ,20,40, USA,2023,8,1,13,Positive
557,561,"Experiencing a series of losses in the basketball season, the team grapples with frustration, determined to turn the tide with renewed effort. ", Renewed Effort ,12/02/2019 19:45, BasketballFanTeamLosses , Twitter , #RenewedEffort #BasketballStruggles ,22,45, Canada ,2019,2,12,19,Negative
168,170, Resentment building up over past betrayals.        , Resentment      ,22/05/2018 14:45, BitterHeart       , Instagram , #Resentment #Bitterness                       ,7,15, Australia     ,2018,5,22,14,Negative
181,183," Resentment festers, poisoning relationships.       ", Resentment      ,15/01/2022 12:00, BrokenTrust      , Facebook , #Resentment #BrokenTrust                     ,10,20, Australia    ,2022,1,15,12,Positive
194,196," Resentment festers, a wound that refuses to heal.  ", Resentment      ,12/01/2017 12:00, UnforgivingSoul  , Twitter  , #Resentment #Unforgiving                    ,10,20, India         ,2017,1,12,12,Negative
450,454,"Avoiding the shards of shattered dreams, walking the tightrope of resilience. ", Resilience ,18/07/2020 15:15, DreamTightrope , Twitter , #Resilience #TightropeWalk ,35,70, Japan ,2020,7,18,15,Mixed
414,418,Inspired by the resilience of a lone tree standing tall in a storm. , Resilience   ,15/04/2021 14:20, NatureResilient , Facebook , #Resilience #StandingTall              ,35,70, USA             ,2021,4,15,14,Mixed
149,151, Reverence for the historical significance of a landmark., Reverence ,01/11/2017 15:30, HistoryBuff     , Twitter  , #Reverence #HistoricalSite                   ,18,35, Australia ,2017,11,1,15,Positive
162,164, Reverence for the wonders of nature on a hiking trail., Reverence ,11/05/2020 15:00, NatureAdmirer   , Instagram , #Reverence #NatureExploration                ,18,35, USA        ,2020,5,11,15,Positive
122,124, Reverence for the beauty of a historic landmark.       , Reverence     ,11/11/2019 15:00, HistoryLover    , Twitter  , #Reverence #History                           ,18,35, UK      ,2019,11,11,15,Positive
135,137, Reverence for the artistry displayed in a museum.      , Reverence     ,11/11/2020 15:00, ArtAppreciator  , Instagram , #Reverence #ArtAppreciation                  ,18,35, UK        ,2020,11,11,15,Positive
499,503,"Embarking on a gondola ride in Venice, each canal reflecting the romance of this timeless city. ", Romance ,18/04/2019 16:30, VeniceRomantic , Instagram , #Romance #TimelessCity ,20,40, Italy ,2019,4,18,16,Positive
440,444,"Heart in ruins, the remnants of shattered dreams scattered in the wind. ", Ruins      ,08/01/2022 11:30, DreamsInWind    , Twitter  , #Ruins #ShatteredDreams                ,20,40, Brazil     ,2022,1,8,11,Negative
578,582,"In the realm of fashion, the designer unveils a collection that tells a story, blending innovation and tradition on the runway of creativity. ", Runway Creativity ,10/11/2015 21:00, FashionEnthusiastDesignerShowcase , Instagram , #RunwayCreativity #FashionInnovation ,28,55, Italy ,2015,11,10,21,Positive
684,688,Reflecting on the challenges of the school year. Feeling a bit overwhelmed with assignments. , Sad ,11/09/2023 15:45, OverwhelmedHighSchoolStudent , Twitter , #SchoolChallenges #HighSchoolStruggles ,15,28, USA,2023,9,11,15,Negative
687,691,Feeling down after not making the sports team. Disappointment lingers. , Sad ,14/09/2023 18:20, SportsTeamRejectionHighSchool , Twitter , #Disappointment #HighSchoolSports ,17,34, USA,2023,9,14,18,Negative
690,694,Dealing with a personal setback. Sometimes life throws unexpected challenges. , Sad ,17/09/2023 20:45, PersonalSetbackHighSchool , Twitter , #LifeChallenges #HighSchoolStruggles ,22,44, USA,2023,9,17,20,Negative
691,695,Feeling lonely on a Saturday night. Sometimes solitude hits harder than expected. , Sad ,18/09/2023 22:00, LonelySaturdayHighSchool , Instagram , #LonelyNights #HighSchoolEmotions ,16,31, Canada,2023,9,18,22,Negative
694,698,Missing an important event due to unforeseen circumstances. A day filled with sadness. , Sad ,21/09/2023 16:45, MissedOpportunityHighSchool , Instagram , #MissedChances #HighSchoolRegret ,20,39, Canada,2023,9,21,16,Negative
697,701,Feeling a sense of emptiness after a close friend moves away. Farewells are always sad. , Sad ,24/09/2023 17:30, FriendMovingAwayHighSchool , Instagram , #SayingGoodbye #HighSchoolEmotions ,21,42, Canada,2023,9,24,17,Positive
698,702,Facing rejection from a dream college. Disheartened but determined to explore other paths. , Sad ,25/09/2023 20:45, CollegeRejectionHighSchool , Facebook , #CollegeDreams #HighSchoolJourney ,19,37, UK,2023,9,25,20,Negative
701,705,Feeling a sense of despair after a major project failure. Hard work didn't pay off this time. , Sad ,28/09/2023 22:00, ProjectFailureDespairHighSchool , Facebook , #ProjectStruggles #HighSchoolHardships ,21,41, UK,2023,9,28,22,Negative
704,708,Missing out on a long-anticipated event due to unexpected circumstances. A day filled with sadness. , Sad ,01/10/2023 14:15, MissedEventBluesHighSchool , Facebook , #MissedMoments #HighSchoolRegret ,20,39, UK,2023,10,1,14,Negative
55,57, Heartbroken after hearing the news about a natural disaster. , Sadness      ,12/02/2023 14:45, EmpathyFirst    , Facebook , #Sadness #NaturalDisaster                    ,25,50, India      ,2023,2,12,14,Negative
79,81, Heartfelt sadness after bidding farewell to a dear friend. , Sadness      ,21/02/2023 14:45, FarewellHeart   , Facebook , #Sadness #Farewell                          ,25,50, India      ,2023,2,21,14,Positive
540,544,"As the closing scene unfolds, a sense of satisfaction washes over, completing the cinematic journey with a profound and fulfilling ending. ", Satisfaction ,10/09/2020 19:45, FilmCriticSatisfactionSeeker , Twitter , #Satisfaction #FulfillingEnding ,22,45, Brazil ,2020,9,10,19,Positive
587,591,Survived a group project without any drama. Miracles do happen. #GroupProjectSuccess #TeenAchievements , Satisfaction ,26/05/2023 14:20, GroupGenius , Twitter , #TeenSuccess #ProjectMiracle ,28,55, UK,2023,5,26,14,Positive
353,357,Satisfaction derived from successfully completing a DIY project.  , Satisfaction  ,01/12/2015 11:30, DIYEnthusiast   , Twitter  , #Satisfaction #DIYProject                 ,25,50, USA               ,2015,12,1,11,Positive
260,264," Lost in the symphony of the night, a moonlit serenade that whispers tales of wanderlust and moonlit dreams. ", Serenity ,08/05/2021 22:00, NightSerenader , Twitter , #Serenity #MoonlitSerenade ,13,26, Canada ,2021,5,8,22,Positive
497,501,"Journeying through the serenity of Santorini, where each sunset paints the sky with hues of tranquility. ", Serenity ,10/09/2016 19:15, SantoriniTraveler , Facebook , #Serenity #SunsetHues ,22,45, Greece ,2016,9,10,19,Positive
503,507,"Sailing the azure waters of the Maldives, each wave a whisper of serenity in paradise. ", Serenity ,28/10/2019 14:15, MaldivesSailor , Facebook , #Serenity #ParadiseWhispers ,22,45, Maldives ,2019,10,28,14,Positive
515,519,"Swaying to Ed Sheeran's acoustic melodies, a serene evening filled with 'Perfect' moments. ", Serenity ,18/08/2020 19:00, SheeranMelodyLover , Twitter , #Serenity #EdSheeranConcert ,18,35, UK ,2020,8,18,19,Positive
420,424,Awash with serenity as the sun sets over a tranquil lakeside retreat. , Serenity   ,20/11/2020 18:45, LakesideRetreater , Facebook , #Serenity #TranquilSunset              ,28,55, Germany       ,2020,11,20,18,Positive
113,115," Meditating by the serene lake, finding inner peace.   ", Serenity      ,12/02/2022 18:20, ZenMaster2      , Twitter  , #Serenity #Meditation                          ,18,35, UK          ,2022,2,12,18,Positive
126,128, Serenity found in the pages of a favorite book.        , Serenity      ,22/09/2011 19:30, BookLover3      , Instagram , #Serenity #BookTime                           ,22,45, UK          ,2011,9,22,19,Positive
140,142, Serenity found in the melody of a peaceful piano.    , Serenity      ,30/07/2016 18:10, MusicLover4     , Twitter  , #Serenity #PeacefulMelody                    ,18,35, Canada      ,2016,7,30,18,Positive
153,155, Serenity found in the beauty of a sunset by the sea.  , Serenity      ,22/07/2011 18:30, SunsetWatcher2  , Instagram , #Serenity #SunsetViews                       ,22,45, Canada     ,2011,7,22,18,Positive
355,359,Captivated by the serenity of a tranquil garden in full bloom.     , Serenity      ,12/05/2018 14:20, GardenEnthusiast , Facebook , #Serenity #TranquilGarden                ,22,45, Canada            ,2018,5,12,14,Positive
206,208," Serenity found in the stillness of nature, a tranquil retreat from the chaos of the modern world. ", Serenity        ,03/07/2021 19:00, NatureSoul        , Twitter  , #Serenity #NatureRetreat                   ,12,25, Australia    ,2021,7,3,19,Positive
216,218," Tranquil moments by the ocean, serenity washing over, a peaceful retreat within the waves' embrace. ", Serenity        ,12/04/2020 19:30, OceanSoul         , Instagram , #Serenity #OceanRetreat                   ,25,50, Canada        ,2020,4,12,19,Positive
226,228," Basking in the serenity of a quiet forest, where the whispers of nature bring peace to the soul. ", Serenity        ,28/02/2020 18:30, ForestDreamer     , Facebook , #Serenity #NatureWhispers                ,25,50, USA          ,2020,2,28,18,Positive
235,239," Seeking serenity in the melody of raindrops, a tranquil escape from the noise of everyday life. ", Serenity        ,12/04/2020 19:30, RaindropHarmony   , Twitter  , #Serenity #RaindropMelody                ,25,50, Canada        ,2020,4,12,19,Positive
245,249," Immerse in the serenity of a moonlit night, where the quiet whispers of nature bring peace to the soul. ", Serenity        ,12/05/2020 19:30, MoonlitSoul       , Instagram , #Serenity #MoonlitPeace                  ,25,50, USA          ,2020,5,12,19,Positive
109,111, Shame for not being true to my values in a difficult situation., Shame ,03/03/2023 12:00, ReflectiveSelf3 , Twitter  , #Shame #Integrity                           ,15,30, UK        ,2023,3,3,12,Negative
76,78, A moment of shame for not standing up against injustice. , Shame        ,19/02/2023 19:45, ReflectiveSelf  , Facebook , #Shame #Injustice                           ,15,30, India      ,2023,2,19,19,Negative
100,102, A moment of shame for not speaking up against injustice., Shame        ,28/02/2023 19:45, ReflectiveSelf2 , Facebook , #Shame #Injustice                           ,15,30, India     ,2023,2,28,19,Negative
563,567,"Amidst the bustling city, a quiet cafï¿½ï¿½ï¿½ï¿½ï¿½ï¿½ï¿½ï¿½ï¿½ï¿½ï¿½ï¿½ï¿½ï¿½ï¿½ï¿½ï¿½ï¿½ï¿½ï¿½ï¿½ï¿½ï¿½ï¿½ï¿½ï¿½ï¿½ï¿½ï¿½ï¿½ï¿½ï¿½ï¿", Solace ,15/03/2022 18:45, UrbanExplorerCafeSolitude , Facebook , #Solace #CafeReflection ,30,60, France ,2022,3,15,18,Positive
470,474,"The echoes of solitude, a silent conversation between a soul and its shadows. ", Solitude ,15/06/2016 22:30, EchoedConversation , Instagram , #Solitude #ShadowConversation ,30,60, Spain ,2016,6,15,22,Negative
454,458,"Sinking like autumn leaves in the river of sorrow, carried away by the current. ", Sorrow ,15/09/2020 18:15, RiverOfSorrow , Instagram , #Sorrow #AutumnLeaves ,22,45, Canada ,2020,9,15,18,Negative
437,441,"Sorrowful echoes, a symphony of pain played by the strings of loss. ", Sorrow      ,22/05/2018 20:45, StringsOfSorrow , Twitter  , #Sorrow #SymphonyOfLoss                ,18,35, Germany     ,2018,5,22,20,Negative
417,421,Spark of inspiration ignites like a shooting star in the night sky. , Spark        ,10/02/2018 23:30, NightSkyWatcher , Facebook , #Spark #InspirationIgnited             ,30,60, Australia      ,2018,2,10,23,Positive
488,492,"In the celebration of success, fireworks of accomplishment light up the night sky of triumph. ", Success ,15/11/2017 22:30, FireworksTriumph , Instagram , #Success #NightSkyTriumph ,22,45, Japan ,2017,11,15,22,Positive
426,430,"Aching heart, the symphony of pain plays in the silence of solitude. ", Suffering ,20/03/2022 19:30, SilentSufferer  , Facebook , #Suffering #HeartacheSymphony          ,25,50, Brazil          ,2022,3,20,19,Negative
484,488,"A surprise gift, wrapped in anticipation, unfolds a moment of delight and wonder. ", Surprise ,05/02/2023 19:30, WrappedDelight , Twitter , #Surprise #WonderfulMoment ,25,50, Australia ,2023,2,5,19,Positive
585,589,Decided to study for exams but ended up making memes about studying instead. Procrastination level: Expert. #ProcrastinationNation #TeenConfessions , Surprise ,24/05/2023 13:15, MemeCreator , Instagram , #StudyingMemes #TeenLife ,25,50, Canada,2023,5,24,13,Positive
589,593,"Staring at the clock in class, waiting for the bell to ring like it's the most exciting event of the day. #ClassCountdown #TeenLife ", Surprise ,28/05/2023 12:00, ExcitementSeeker , Facebook , #ClassEvent #TeenExcitement ,18,35, USA,2023,5,28,12,Mixed
66,68, A surprise gift from a friend made my day!              , Surprise     ,16/02/2023 14:45, HappySurprise   , Instagram , #Surprise #Gift                              ,25,50, USA          ,2023,2,16,14,Positive
90,92, A surprise visit from an old friend brought tears of joy. , Surprise     ,25/02/2023 14:45, JoyfulReunion   , Instagram , #Surprise #OldFriends                       ,25,50, USA          ,2023,2,25,14,Positive
363,367,Surprise and delight at discovering a hidden gem in the city.    , Surprise      ,18/10/2019 16:45, CityExplorer    , Instagram , #Surprise #HiddenGem                      ,18,35, UK                ,2019,10,18,16,Positive
539,543,"Binge-watching a thrilling crime series, the suspense keeps the viewer on the edge of their seat, creating a rush of adrenaline. ", Suspense ,12/07/2015 22:00, CrimeSeriesEnthusiastThrillSeeker , Facebook , #Suspense #CrimeSeriesThrills ,35,70, Japan ,2015,7,12,22,Negative
555,559,"The gymnast's unexpected fall during a routine sparks a wave of sympathy from the audience, highlighting the vulnerability of sports. ", Sympathy ,05/04/2021 20:15, GymnasticsFanRoutineFall , Instagram , #Sympathy #GymnasticsFall ,28,55, Japan ,2021,4,5,20,Positive
118,120," A moment of tenderness, connecting with loved ones.    ", Tenderness    ,23/02/2016 19:45, LovingHeart     , Facebook , #Tenderness #FamilyTime                       ,25,50, UK          ,2016,2,23,19,Positive
131,133, Tenderness in the warmth of a cozy winter evening.     , Tenderness    ,10/02/2016 19:45, WinterWarmth    , Twitter  , #Tenderness #CozyEvening                     ,25,50, UK       ,2016,2,10,19,Positive
145,147, Tenderness in a heartfelt message to a loved one.    , Tenderness    ,25/12/2016 19:30, LoveExpress     , Facebook , #Tenderness #LoveNote                         ,25,50, UK          ,2016,12,25,19,Positive
158,160, Tenderness in a quiet moment shared with a pet.      , Tenderness    ,10/02/2016 19:45, PetLove         , Twitter  , #Tenderness #PetLove                          ,25,50, Canada   ,2016,2,10,19,Positive
490,494,"In the carnival of emotions, the rollercoaster of thrill sends the heart on a wild ride. ", Thrill ,28/03/2019 15:30, EmotionCarnival , Instagram , #Thrill #WildHeartRide ,35,70, South Africa ,2019,3,28,15,Mixed
548,552,"Experiencing the thrill of a high-speed Formula 1 race, fans are on the edge of their seats as drivers compete for the championship. ", Thrill ,24/11/2019 19:45, F1FanHighSpeedRaceExcitement , Twitter , #Thrill #Formula1Championship ,28,55, Germany ,2019,11,24,19,Mixed
379,383,Embracing the thrill of speed on a rollercoaster's exhilarating twists. , Thrill      ,25/07/2020 12:45, RollercoasterFan , Facebook , #Thrill #RollercoasterAdventure        ,22,45, Germany         ,2020,7,25,12,Mixed
336,340,Thrilled to witness the grandeur of a cultural festival.       , Thrill        ,15/09/2020 14:45, CultureEnthusiast , Instagram , #Thrill #CulturalCelebration              ,40,80, India              ,2020,9,15,14,Mixed
574,578,"Amidst the pages of a captivating mystery novel, the reader unravels clues and secrets, experiencing a thrilling journey of suspense and revelation. ", Thrilling Journey ,10/04/2017 21:15, MysteryBookwormSuspensefulRead , Twitter , #ThrillingJourney #MysteryNovel ,22,45, UK ,2017,4,10,21,Positive
535,539,"Watching a heartwarming family drama, tears flow freely as the characters overcome challenges, leaving the viewer with a warm glow. ", Touched ,15/01/2021 18:00, DramaEnthusiastHeartwarmingMoments , Instagram , #Touched #FamilyDramaMoments ,28,55, India ,2021,1,15,18,Positive
509,513,"In the tranquility of Kyoto's bamboo forest, whispers of ancient Zen wisdom echo through the groves. ", Tranquility ,28/02/2023 16:20, KyotoBambooSeeker , Facebook , #Tranquility #ZenWisdom ,25,50, Japan ,2023,2,28,16,Positive
561,565,"In the serene beauty of a sunset, nature unfolds a canvas of colors, evoking a sense of tranquility and wonder. ", Tranquility ,10/07/2021 19:00, NatureEnthusiastSunsetWonder , Instagram , #Tranquility #SunsetBeauty ,40,80, Canada ,2021,7,10,19,Positive
546,550,"Cheering for the underdog in the basketball finals, the crowd erupts in applause as the team defies odds to claim the championship title. ", Triumph ,20/06/2022 21:00, BasketballFanUnderdogTriumph , Facebook , #Triumph #BasketballFinals ,18,35, USA ,2022,6,20,21,Mixed
570,574,"Capturing the essence of a bustling market, the photographer freezes moments in time, each frame telling a unique and vibrant story. ", Vibrancy ,22/03/2019 21:45, PhotographyEnthusiastMarketMoments , Instagram , #Vibrancy #MarketStories ,22,45, Australia ,2019,3,22,21,Mixed
377,381,Whimsical delight in a world of fairy tales and magical creatures.  , Whimsy        ,08/03/2016 14:20, FairyTaleExplorer , Instagram , #Whimsy #MagicalWorld                    ,20,40, USA             ,2016,3,8,14,Positive
397,401,Whimsical delight in a world of whimsical fairy tales.             , Whimsy        ,08/03/2016 14:20, FairyTaleAdventurer , Instagram , #Whimsy #FairyTaleMagic                 ,20,40, USA             ,2016,3,8,14,Positive
580,584,"Exploring the historical architecture of an ancient city, the traveler is transported to a bygone era, where each monument whispers tales of the past. ", Whispers of the Past ,18/04/2019 20:30, HistoryExplorerAncientCityTour , Twitter , #WhispersOfThePast #HistoricalTour ,35,70, Greece ,2019,4,18,20,Mixed
573,577,"As the first snowflake descends, the winter enthusiast eagerly prepares for a season of frosty delights, anticipating the magic of snow-covered landscapes. ", Winter Magic ,01/12/2022 17:45, SnowLoverWinterEnthusiast , Facebook , #WinterMagic #SnowyLandscapes ,30,60, Canada ,2022,12,1,17,Positive
504,508,"In the midst of the Amazon rainforest, a symphony of wildlife creates an orchestra of nature's wonders. ", Wonder ,10/06/2021 16:00, AmazonExplorer , Instagram , #Wonder #NatureOrchestra ,30,60, Brazil ,2021,6,10,16,Positive
383,387,A sense of wonder at the vastness of the cosmos on a stargazing night. , Wonder     ,08/07/2018 23:00, CosmosExplorer  , Instagram , #Wonder #StargazingAdventure            ,40,80, South Africa    ,2018,7,8,23,Positive
403,407,Awe-inspired by the vastness of the cosmos on a stargazing night.   , Wonder       ,08/07/2018 23:00, CosmosExplorer  , Instagram , #Wonder #StargazingAdventure            ,40,80, South Africa    ,2018,7,8,23,Positive
365,369,Wonderment at the beauty of a double rainbow after the rain.     , Wonderment    ,12/06/2017 18:20, RainbowChaser   , Twitter  , #Wonderment #DoubleRainbow               ,35,70, USA               ,2017,6,12,18,Positive
300,304," Yearning for a touch that's not there, echoes of a distant warmth haunting the heart in the cold embrace of solitude. ", Yearning ,02/11/2020 19:30, ColdEmbrace , Instagram , #Yearning #DistantWarmth ,10,20, Australia ,2020,11,2,19,Negative
322,326," Yearning for the warmth of a vanished sun, a heartache painted in the hues of a sunset that never graced the horizon. ", Yearning ,18/04/2020 16:15, VanishedSunset , Facebook , #Yearning #HuesOfSunset ,10,20, Australia ,2020,4,18,16,Negative
248,252," Dancing through life with the exuberance of a carefree spirit, embracing joy and zest at every turn. ", Zest ,12/07/2018 17:45, JoyfulDancer , Twitter , #Zest #CarefreeSpirit ,15,30, USA ,2018,7,12,17,Positive
264,268," With a zestful heart, sprinting through fields of enthusiasm, chasing sunbeams and laughter in the meadows of joy. ", Zest ,30/03/2023 16:30, MeadowSprinter , Instagram , #Zest #FieldsOfEnthusiasm ,16,32, India ,2023,3,30,16,Positive
265,269,"This isnï¿½ï¿½ï¿½t a war. Itï¿½ï¿½ï¿½s a genocide. Over 54,000 people in Gaza killed. The EU still rewards Israel with a 16Bï¿½ï¿½ï¿½/year trade deal. We can help suspend it ï¿½ï¿½ï¿½ sign the petition now! share.myvoice-mychoice.org/s/NZpjALVB#Spï¿½",,11/07/2025,ciara2001.bsky.social,Bluesky,#Spï¿½ï¿½irgorm #EU #FreePales,#Spï¿½ï¿½irgorm #EU #FreePales,#Spï¿½ï¿½irgorm #EU #FreePales,,,,,,Negative
266,270,"Thank God we're not polarised today folks. I know floods are bad, but polarisation would be very uncomfortable. #spï¿½ï¿½ir",,02/02/2026,oisinoconnor.bsky.social,Bluesky,#spï¿½ï¿½ir,,,,,,,,Mixed
267,271,Co parent spotted CC out cheering on the the runners today. #Dublinmarathon #speirgorm,,26/10/2025,davidcordial.bsky.social,Bluesky,#Dublinmarathon #speirgorm,#Dublinmarathon #speirgorm,,,,,,,Mixed
268,272,Good morning Dublin! #SpeirGorm,,07/01/2026,biglolo7mile.bsky.social,Bluesky,#SpeirGorm,,,,,,,,Positive
269,273,"""Inishmore Horse"". A special #painting for me. As an unpaid carer I don't earn much but wanted to give back. So with permission I used a friend's photo as reference, and donated half of the proceeds to the charity of their choice - the Down Syndrome Centre in Dublin's northside.  #ArtYear #SpeirGorm",,03/09/2025,ellyj.bsky.social,Bluesky,#painting #ArtYear #SpeirGorm,#painting #ArtYear #SpeirGorm,#painting #ArtYear #SpeirGorm,,,,,,Mixed
270,274,Hello historians - there is a specific purpose role now advertised in ULï¿½ï¿½ï¿½s history department - Title of Post: Assistant Professor in Irish History (specialism History of the Family) - all details are over on UL vacancies! Do share! #jobsky #skystorians #speirgorm #spei,,16/01/2026,alimalhistory.bsky.social,Bluesky,#jobsky #skystorians #speirgorm #speirghorm,#jobsky #skystorians #speirgorm #speirghorm,#jobsky #skystorians #speirgorm #speirghorm,#jobsky #skystorians #speirgorm #speirghorm,,,,,Mixed
271,275,"Saying that it's ""too hard"" to get on the Irish president ballot when an independent woman got the entire Irish left to back her, got the biggest vote ever and beat two historically dominant parties is not just wrong - it is breathtakingly offensive and outrageously dishonest. #Aras25 #Speirgorm",,26/10/2025,taryndevere.bsky.social,Bluesky,#Aras25 #Speirgorm,#Aras25 #Speirgorm,,,,,,,Negative
272,276,Love foxes = Ban Hunting ï¿½ï¿½ï¿½ï¿½ï¿½ï¿½#Speirgorm my.uplift.ie/pet,,29/11/2025,hannibabblealphab.bsky.social,Bluesky,#Speirgorm,,,,,,,,Positive
273,277,"The Moon is passing in front of the Pleiades right now. I've never actually seen a lunar occultation before: it was really cool to see the bottom right star of the Pleiades (Electra) disappear behind the Moon's limb, in binoculars. #astrophotography #astronomy #ThePhotoHour #Speirgorm",,01/04/2025,hayleymulch.com,Bluesky,#astrophotography #astronomy #ThePhotoHour #Speirgorm,#astrophotography #astronomy #ThePhotoHour #Speirgorm,#astrophotography #astronomy #ThePhotoHour #Speirgorm,#astrophotography #astronomy #ThePhotoHour #Speirgorm,,,,,Positive
274,278,FG want to talk about water charges? Bring it the fuck on!They want to remind people of the most successful grassroots protest movement this country has seen? & The bloodiest nose they ever got? They want remind ppl what side CC was on?Bring. it. The fuck. on!#aras25 #speirgorm #ï¿½ï¿½r,,12/10/2025,sharrow.bsky.social,Bluesky,#aras25 #speirgorm #ï¿½ï¿½r,#aras25 #speirgorm #ï¿½ï¿½r,#aras25 #speirgorm #ï¿½ï¿½r,,,,,,Positive
275,279,"I say this with love as a heterosexual person, we need to figure out what's going on with heterosexual relationships",,11/02/2026,mermaidseph.bsky.social,Bluesky,,,,,,,,,Positive
276,280,I can no longer donate. If you can ease do.#giveblood #spï¿½ï¿½ir,,19/01/2026,debhruin.bsky.social,Bluesky,#giveblood #spï¿½ï¿½ir,#giveblood #spï¿½ï¿½ir,,,,,,,Mixed
277,281,"Primary, post-primary and special schools encouraged to participate in the 2025 Summer Programme.Full details: grantsandfunding.ie/primary-post... #speirgorm #schools #schoolfunding ##2025summerprogramme",,14/02/2025,derryodonnell.bsky.social,Bluesky,#speirgorm #schools #schoolfunding # #2025summerprogramme,#speirgorm #schools #schoolfunding # #2025summerprogramme,#speirgorm #schools #schoolfunding # #2025summerprogramme,#speirgorm #schools #schoolfunding # #2025summerprogramme,#speirgorm #schools #schoolfunding # #2025summerprogramme,,,,Mixed
278,282,"Irish dairy ï¿½ï¿½ï¿½feeding the worldï¿½ï¿½ï¿½ we are told. Sustainable, grass fed, green. Government funded. Meanwhile the industry is profiting from selling inferior milk product in West Africa. Insightful analysis from @desmog.co",,15/07/2025,eslsys.bsky.social,Bluesky,#SpeirGorm,,,,,,,,Mixed
279,283,"Can people please repost this. Iï¿½ï¿½ï¿½m looking for Black Irish users ï¿½ï¿½ï¿½ï¿½ï¿½ï¿½ï¿½ï¿½ï¿½ï¿½ï¿½ï¿½ï¿½ï¿½ï¿½Could you please drop a reply so I can add you to a list #speirgorm*by Black Irish I mean has lived in Ireland not America",,14/01/2025,horationelson.bsky.social,Bluesky,#speirgorm*by,,,,,,,,Positive
280,284,Hey folks.  If you love it just post it.  I put up tons of gardening and climate action stuff.  Sometimes I think ï¿½ï¿½ï¿½no-one like this or caresï¿½ï¿½ï¿½ but I do it anyway. Then I find people do care.  Just do it!   #gardening,,03/01/2025,kendalrotaryclub.bsky.social,Bluesky,#gardening #spï¿½ï¿½ir,#gardening #spï¿½ï¿½ir,,,,,,,Positive
281,285,The 2024 winter solstice is just 8 days away... ï¿½ï¿½ï¿½Be ready to check out the live stream from Newgrange#wintersolstice#ireland#speirgorm#newgrangewww.newgrange.com/winter_so,,13/12/2024,emmadragon.bsky.social,Bluesky,#wintersolstice #ireland #speirgorm #newgrangewww.newgrange.com/winter_solst...,#wintersolstice #ireland #speirgorm #newgrangewww.newgrange.com/winter_solst...,#wintersolstice #ireland #speirgorm #newgrangewww.newgrange.com/winter_solst...,#wintersolstice #ireland #speirgorm #newgrangewww.newgrange.com/winter_solst...,,,,,Positive
282,286,"Ireland elects an independent, socialist woman to the position of president.Irish Media: ï¿½ï¿½ï¿½Today, we ask what went wrong with the system, what her opponents have to say about it, and how it can be fixed for next time.ï¿½ï¿½ï¿½#SpeirGor",,26/10/2025,kettleworks.cuppydog.city,Bluesky,#SpeirGorm #ï¿½ï¿½ras,#SpeirGorm #ï¿½ï¿½ras,,,,,,,Negative
283,287,She's still in Israeli captivity #Speirgorm,,11/10/2025,blancaburgui.bsky.social,Bluesky,#Speirgorm,,,,,,,,Mixed
284,288,There's this massive aesthetic shift that occurs when you realise all those green woods and trees are ecological deserts. Neat green lawns and bare hilltops are ugly. Big clumps of brambles and nettles are beautiful. Deciduous woods are sanctuaries. Weeds are life-giving. #speirgorm,,03/02/2025,patrick-barlow.bsky.social,Bluesky,#speirgorm,,,,,,,,Positive
285,289,Are there any #GAA fans here on #speirgorm ?,,23/02/2025,redtawnie.bsky.social,Bluesky,#GAA #speirgorm,#GAA #speirgorm,,,,,,,Mixed
286,290,The irony of this imageFianna Fï¿½ï¿½il - the party in the advert - have utterly failed to act on the Climate Emergency and are now risking ï¿½ï¿½ï¿½8bn in annual fines for taxpayers until we're compliant with our GHG emission cutsDecades of inaction#GE23 #Election24 #SpeirGorm #Ireland #Climat,,24/11/2024,amflynn.bsky.social,Bluesky,#GE23 #Election24 #SpeirGorm #Ireland #ClimateEmergency,#GE23 #Election24 #SpeirGorm #Ireland #ClimateEmergency,#GE23 #Election24 #SpeirGorm #Ireland #ClimateEmergency,#GE23 #Election24 #SpeirGorm #Ireland #ClimateEmergency,#GE23 #Election24 #SpeirGorm #Ireland #ClimateEmergency,,,,Negative
287,291,"Happy Imbolc from Ireland, a pagan festival marking the return of light after winter and the beginning of lambing season. Day of the goddess Brigid (later adopted as the Christian ï¿½ï¿½ï¿½St Brigidï¿½ï¿½ï¿½) associated with wisdom, poetry, healing, and domesticated animals. #SpeirGorm en.wikipedia.org",,01/02/2026,melissjpeltier.bsky.social,Bluesky,#SpeirGorm,,,,,,,,Positive
288,292,"""The Dï¿½ï¿½ilï¿½ï¿½ï¿½s ventilation system was adapted in 2021, but our children continue to breathe contaminated clas""All classrooms should have HEPA filters.#speirgorm",,03/04/2025,lcaireland.bsky.social,Bluesky,#speirgorm,,,,,,,,Mixed
289,293,"C'mon folks, only 721 people to go and we've passed the Irish threshold. If you haven't signed this already, why not? It's an important EU citizen led initiative that needs 7 countries to pass their threshold, and then the EU government machine is forced to talk about it.#Speirgorm #IrishSky",,05/02/2026,thecorpo.bsky.social,Bluesky,#Speirgorm #IrishSky,#Speirgorm #IrishSky,,,,,,,Positive
290,294,The queers need to boycott #eurovision2025 - not only is genocidal Israel allowed to participate but now all queer flags are banned. This is not a gay-friendly event!#speirgorm,,02/05/2025,a-failsafe.bsky.social,Bluesky,#eurovision2025 #speirgorm,#eurovision2025 #speirgorm,,,,,,,Mixed
291,295,Someone update the Hiberno-English dictionary stat! #Spï¿½ï¿½ir,,12/04/2026,sharrow.eurosky.social,Bluesky,#Spï¿½ï¿½ir,,,,,,,,Mixed
292,296,And Greenland should be renamed Iceland as itï¿½ï¿½ï¿½s icy not green.#speirgorm#i,,15/02/2025,derrymanc.bsky.social,Bluesky,#speirgorm #ireland,#speirgorm #ireland,,,,,,,Mixed
293,297,"I am begging #speirgorm if you read one thing today, make it this. If you arenï¿½ï¿½ï¿½t personally affected or donï¿½ï¿½ï¿½t work in this area I promise you have no idea how monumentally banjaxed the Join Family visa system in",,12/02/2025,bryanwithnoi.bsky.social,Bluesky,#speirgorm,,,,,,,,Mixed
294,298,"Lads, I was having a chat with a guy in the dentist's waiting room today. He told me he puts his tree up for 2 weeks before he decorates it so that the branches fluff up. There's dedication for ya! #Speirgorm",,14/12/2024,tinamur.bsky.social,Bluesky,#Speirgorm,,,,,,,,Mixed
295,299,"Ireland, if you havenï¿½ï¿½ï¿½t looked outside this evening . . .#Spï¿½ï¿½irGhorm ",,19/01/2026,mcchouffe.bsky.social,Bluesky,#Spï¿½ï¿½irGhorm #Speir,#Spï¿½ï¿½irGhorm #Speir,,,,,,,Mixed
296,300,Majestic! Evening stroll around the village to connect with some peace and calm. Stopped in my tracks by this beauty reaching majestically skyward. #livingmindfully #natureheals #speirgorm #photography #regulation ï¿½ï¿½ï¿½ï¿½ï¿½ï¿,,21/10/2025,pierpaolo.bsky.social,Bluesky,#livingmindfully #natureheals #speirgorm #photography #regulation,#livingmindfully #natureheals #speirgorm #photography #regulation,#livingmindfully #natureheals #speirgorm #photography #regulation,#livingmindfully #natureheals #speirgorm #photography #regulation,#livingmindfully #natureheals #speirgorm #photography #regulation,,,,Mixed
297,301,"A hilarious line from Murph on @secondcaptains.bsky.social, paraphrase - never mind McIlroy at the Masters, Troy Parrott has had the greatest Thursday to Sunday run in the history of Irish sport. #COYBIG #speirgorm",,16/11/2025,secondcaptains.bsky.social,Bluesky,#COYBIG #speirgorm,#COYBIG #speirgorm,,,,,,,Positive
298,302,"As if to prove the old adage that a weed is a plant whose true virtue is not yet appreciated, here's the dainty flower of a speedwell in the lawn. With a flower about 6 or 7mm across, you really need to get close to appreciate just how pretty it is. #speirgorm",,09/04/2025,chriskneiselca.bsky.social,Bluesky,#speirgorm,,,,,,,,Mixed
299,303,"Former Irish president Mary Robinson hitting the nail on the head when she says that Netanyahu doesnï¿½ï¿½ï¿½t want peace, because he will then lose his majority & find himself on trial. #ManMadeFamine #Genocide#LateLate #LateLateShow #Spe",,12/09/2025,regimehater.bsky.social,Bluesky,#ManMadeFamine #Genocide #LateLate #LateLateShow #SpeirGorm,#ManMadeFamine #Genocide #LateLate #LateLateShow #SpeirGorm,#ManMadeFamine #Genocide #LateLate #LateLateShow #SpeirGorm,#ManMadeFamine #Genocide #LateLate #LateLateShow #SpeirGorm,#ManMadeFamine #Genocide #LateLate #LateLateShow #SpeirGorm,,,,Negative
300,304,"Sadly the new Residential Tenancies Bill confirms what we all already knowThat Politicians Make People Homeless thru' their policies favouring property owners, investment funds over those who need a homeBut who's surprised in Government with big Landlords as Ministers calling the shots #speirgorm",,11/02/2026,therealamz.bsky.social,Bluesky,#speirgorm,,,,,,,,Negative
301,305,The Irish people after hearing a Trump fascist representative to a fascist apartheid state making 19th Century Punch magazine worthy stereotypes about the Irish. #Spï¿½ï¿½ir,,16/07/2025,jamesfbrophy.bsky.social,Bluesky,#Spï¿½ï¿½ir,,,,,,,,Mixed
302,306,"Recent CSO data found 72,000 vacant homes empty, connected to services & ready to goSo why are they still empty?Record homelessness, children being traumatised'Cos of ideologyIntroducing compulsory rental & sales & custodian squatting would be transformative #derelictireland #speirgorm",,05/12/2025,helendublin.bsky.social,Bluesky,#derelictireland #speirgorm,#derelictireland #speirgorm,,,,,,,Mixed
303,307,"A #painting. ""Newman House & University Church"" was done standing with my fold-up bicycle and fold-up beard on Dublin's Stephen's Green, for a couple of pleasant hours sketching the Museum of Literature Ireland's Newman House and the Newman University Church. #urbansketching #SpeirGorm #ArtYear",,08/07/2025,davidmccullough.bsky.social,Bluesky,#painting. #urbansketching #SpeirGorm #ArtYear,#painting. #urbansketching #SpeirGorm #ArtYear,#painting. #urbansketching #SpeirGorm #ArtYear,#painting. #urbansketching #SpeirGorm #ArtYear,,,,,Mixed
304,308,"Ireland has a Threshold 9,165Statements of support needed to move forward with this #EU initiative on banning Conversion ""therapy"" for LGBTQ+ people. It's now at 5,676, 61.93% of the way there.So go sign if you're an EU citizen, Conversion therapy is just torture, ban it. #Spï¿½ï¿½ir",,06/02/2025,stoked.bsky.social,Bluesky,#EU #Spï¿½ï¿½ir,#EU #Spï¿½ï¿½ir,,,,,,,Positive
305,309,"Ireland, if you havenï¿½ï¿½ï¿½t looked outside this evening . . .#Spï¿½ï¿½irGhorm ",,19/01/2026,deerinthelillies.bsky.social,Bluesky,#Spï¿½ï¿½irGhorm #Speir,#Spï¿½ï¿½irGhorm #Speir,,,,,,,Mixed
306,310,Iï¿½ï¿½ï¿½ve got an exhibition opening next week in Dundalk featuring all my experimental photo chemistry work with low toxic developers and work like this chlorophyll print on a leaf #spe,,30/10/2025,catmacbride.bsky.social,Bluesky,#speirgorm,,,,,,,,Mixed
307,311,"If you are looking to support a queer person this Pride month, please go support my FAGQs - Frequently Asked Gay Questions - which are available for Purchase!These are zines, but also come with each page individually for alternative printing;thepompompastel.gumroad.com#spï¿½ï¿½irgorm #pridem",,01/06/2025,savernake.bsky.social,Bluesky,#spï¿½ï¿½irgorm #pridem,#spï¿½ï¿½irgorm #pridem,,,,,,,Positive
308,312,The Derry Girls and Bridgerton star said it ï¿½ï¿½ï¿½really upset me to see people celebrating peopleï¿½ï¿½ï¿½s rights being taken away and I think there is something really wrong with thatï¿½ï¿½ï¿½.www.sundayworld.com/showbiz/tv/n...#LGBTQIA #SpeirGorm #Spï¿½ï¿½irGhorm #Irish,,30/04/2025,punchnazisitsokay.bsky.social,Bluesky,#LGBTQIA #SpeirGorm #Spï¿½ï¿½irGhorm #IrishSky #Trans #Bridge,#LGBTQIA #SpeirGorm #Spï¿½ï¿½irGhorm #IrishSky #Trans #Bridge,#LGBTQIA #SpeirGorm #Spï¿½ï¿½irGhorm #IrishSky #Trans #Bridge,#LGBTQIA #SpeirGorm #Spï¿½ï¿½irGhorm #IrishSky #Trans #Bridge,#LGBTQIA #SpeirGorm #Spï¿½ï¿½irGhorm #IrishSky #Trans #Bridge,#LGBTQIA #SpeirGorm #Spï¿½ï¿½irGhorm #IrishSky #Trans #Bridge,,,Negative
309,313,"www.irishexaminer.com/opinion/comm...We are getting there in terms of getting to the bottom of the origins of this protest. Govt were correct to stand firm in meeting with representative groups only. We must uphold our democratic structures, we are lucky to have them. #speirgorm",,10/04/2026,creativedynamix.bsky.social,Bluesky,#speirgorm,,,,,,,,Mixed
310,314,#SpeirGorm,,01/01/2026,queen-crafty.bsky.social,Bluesky,#SpeirGorm,,,,,,,,Mixed
311,315,Dublin City Council has concluded the purchase of the Camden Yard site. Their plan is to develop it into offices and 299 housing units and consolidate all DCCï¿½ï¿½ï¿½s offices there. The plan for the existing site at Wood Quay is less clear. What would you like to see there? #SpeirGorm #,,11/03/2026,queen-crafty.bsky.social,Bluesky,#SpeirGorm #Dublin,#SpeirGorm #Dublin,,,,,,,Mixed
312,316,"First year selling my art at Christmas without the Other site, where most of my sales came from, as well as losing US orders to new tariffs, so it'll be a tough one - I put huge work into every order, so even if you can't buy, shares help get them in front of eyes. GRMA! www.ciaraioch.com/artprints",,03/12/2025,jpjordan.bsky.social,Bluesky,,,,,,,,,Mixed
313,317,"The world is looking fairly bleak and awful, my heart aches for trans people in the U.S. and this is not meant to diminish in anyway the awfulness, but I just want to tell you a small good thing. Maybe not so small #transrights #speirgorm 1/",,23/01/2025,aidancomerford.bsky.social,Bluesky,#transrights #speirgorm,#transrights #speirgorm,,,,,,,Mixed
314,318,"Mother's Day is Sunday, so for the best chance of prints arriving to Ireland by then order by 1pm today - cheaper than a florist's bouquet, lasts longer than a meal out, and less likely to cause unsustainable flinging of knickers than tickets to Daniel O'Donnell ï¿½ï¿½ï¿½Shop: www.ciaraioch.com/art",,26/03/2025,cubiclesbitch.bsky.social,Bluesky,,,,,,,,,Positive
315,319,The median gender pay gap at Davy is 31.6%. The median bonus gap is 42%.paygap.ie/company/davy#genderPayGap #speirgorm,,17/02/2025,sharrow.bsky.social,Bluesky,#genderPayGap #speirgorm,#genderPayGap #speirgorm,,,,,,,Mixed
316,320,"I wish I was beautiful, as beautiful as you.Then you could see me, the way that I see you.-- Dodge McKay#hiking #nature #photography #Ireland #Spï¿½ï¿½irGorm #EastCoastKin #ForestFr",,02/05/2025,alan678.bsky.social,Bluesky,#hiking #nature #photography #Ireland #Spï¿½ï¿½irGorm #EastCoastKin #ForestFr,#hiking #nature #photography #Ireland #Spï¿½ï¿½irGorm #EastCoastKin #ForestFr,#hiking #nature #photography #Ireland #Spï¿½ï¿½irGorm #EastCoastKin #ForestFr,#hiking #nature #photography #Ireland #Spï¿½ï¿½irGorm #EastCoastKin #ForestFr,#hiking #nature #photography #Ireland #Spï¿½ï¿½irGorm #EastCoastKin #ForestFr,#hiking #nature #photography #Ireland #Spï¿½ï¿½irGorm #EastCoastKin #ForestFr,#hiking #nature #photography #Ireland #Spï¿½ï¿½irGorm #EastCoastKin #ForestFr,,Positive
317,321,"A few years ago I made a series of mini drawings of interesting Irish women (available as a print here www.ciaraioch.com/artprints/p/...) - this thread is a little information on the women featured, partly because it's useful, but mostly because I'm trying to be sustainable by recycling content.",,20/11/2024,vulgarhistory.bsky.social,Bluesky,,,,,,,,,Positive
318,322,The Irish people after hearing a Trump fascist representative to a fascist apartheid state making 19th Century Punch magazine worthy stereotypes about the Irish. #Spï¿½ï¿½ir,,16/07/2025,susangriff.bsky.social,Bluesky,#Spï¿½ï¿½ir,,,,,,,,Mixed
319,323,Please share for awareness.Fair play to those in RTE standing up. #Speirgorm #eurovision,,07/05/2025,siobhanmcelduff.bsky.social,Bluesky,#Speirgorm #eurovision,#Speirgorm #eurovision,,,,,,,Mixed
320,324,"I've never understood how nobody has ever written a novel about this before, but there was a brief time when the *Irish republican movement* possessed the first fully functional submarine.Yes, you heard that right.A short thread . . . 1/#SpeirGorm #JohnPhilipHolland #Submarine",,28/01/2026,taryndevere.bsky.social,Bluesky,#SpeirGorm #JohnPhilipHolland #Submarine,#SpeirGorm #JohnPhilipHolland #Submarine,#SpeirGorm #JohnPhilipHolland #Submarine,,,,,,Mixed
321,325,One of my favourite renditions of Fairytale was on the streets of Dublin City as Shane passed on his journey home just over two years ago. True love. #ShaneMcGowan #speirgorm,,22/12/2025,opg.bsky.social,Bluesky,#ShaneMcGowan #speirgorm,#ShaneMcGowan #speirgorm,,,,,,,Positive
322,326,"ýýýJD Vance, the incoming US vice-president, has already suggested continued US support for NATO should be conditional on the EU dropping threats to regulate Musk.ýýýThis sentence broke my brain. How the fuck did we get here? Great article. #speirgorm",,11/01/2025,valarmordollars.bsky.social,Bluesky,#speirgorm,,,,,,,,Positive
323,327,Spending my life explaining to farmers how we need climate action and how environmentalists aren't our enemyEnvironmentalists like Andy: how about we mock some of the least intensive smallest farmers when they suffer the effects of our collective inaction on fossil fuels & ag#speirgorm #climate,,15/10/2025,conormolloy.bsky.social,Bluesky,#speirgorm #climate,#speirgorm #climate,,,,,,,Mixed
324,328,"Glasnevin Cemeteryï¿½ï¿½ï¿½s Queer History Tour: ï¿½ï¿½ï¿½If youï¿½ï¿½ï¿½re here for the drama, youï¿½ï¿½ï¿½ll get itï¿½ï¿½ï¿½Delighted that my research on the queer revolutionary women is part of this fabulous tour #speirgorm #pride2025 www.",,19/06/2025,oceanclub.bsky.social,Bluesky,#speirgorm #pride2025,#speirgorm #pride2025,,,,,,,Positive
325,329,Iï¿½ï¿½ï¿½ve worn myself out already with the fizzing excitement!! Watching all the pre match commentary on LFCTV. The wine is poured..Letï¿½ï¿½ï¿½s get this done! #LFC#PLChampions#JFT97#SpeirGorm#Speir,,27/04/2025,grawitmik.bsky.social,Bluesky,#LFC #PLChampions #JFT97 #SpeirGorm #SpeirDearg #RedSky,#LFC #PLChampions #JFT97 #SpeirGorm #SpeirDearg #RedSky,#LFC #PLChampions #JFT97 #SpeirGorm #SpeirDearg #RedSky,#LFC #PLChampions #JFT97 #SpeirGorm #SpeirDearg #RedSky,#LFC #PLChampions #JFT97 #SpeirGorm #SpeirDearg #RedSky,#LFC #PLChampions #JFT97 #SpeirGorm #SpeirDearg #RedSky,,,Positive
326,330,"I used to be a dementia specialist nurse in Aus, we had a lady that was a wild life carer who could no longer be cared for at home so she spent 9 months in hospital waiting for a nursing home. She never settled.. til we snuck her in a joey every now & then.. best work days EVER #speirgorm #dementia",,22/09/2025,oldsoulprose.bsky.social,Bluesky,#speirgorm #dementia,#speirgorm #dementia,,,,,,,Positive
327,331,To people posting angrily on posts about #diversity or cultural celebrations in #Ireland:What do you need? Why are you so unhappy? What would change that?Because we both know getting rid of the people who don't look like you won't actually fix what's wrong with you.#SpeirGorm #irishpolitics,,25/05/2025,queen-crafty.bsky.social,Bluesky,#diversity #Ireland:What #SpeirGorm #irishpolitics,#diversity #Ireland:What #SpeirGorm #irishpolitics,#diversity #Ireland:What #SpeirGorm #irishpolitics,#diversity #Ireland:What #SpeirGorm #irishpolitics,,,,,Positive
328,332,And now for something very silly.,,31/03/2026,sarahmccrann.bsky.social,Bluesky,,,,,,,,,Mixed
329,333,#Spï¿½ï¿½ir,,23/12/2024,seamusguevara.bsky.social,Bluesky,#Spï¿½ï¿½ir,,,,,,,,Mixed
330,334,"Inspired by #StormChandra flooding, here is an Irish travel feed. Bluesky traffic and transport updates in one place. Suggestions for additions welcome (thanks to @livedrive.dublincityfm.ie for their list) bsky.app/profile/cath...#Spï¿½ï¿½ir",,27/01/2026,leafybatter.bsky.social,Bluesky,#StormChandra #Spï¿½ï¿½ir,#StormChandra #Spï¿½ï¿½ir,,,,,,,Positive
331,335,Imagine the leader of the free world turning to the leader of Germany to remind him that June 6th wasn't a good day for his country. Merz helpfully reminded DT that it was in fact a great day because Nazism was being defeated. #speirgorm #merz #dday  #ww2 #gobsmacked,,05/06/2025,smidgendublin.bsky.social,Bluesky,#speirgorm #merz #dday #ww2 #gobsmacked,#speirgorm #merz #dday #ww2 #gobsmacked,#speirgorm #merz #dday #ww2 #gobsmacked,#speirgorm #merz #dday #ww2 #gobsmacked,#speirgorm #merz #dday #ww2 #gobsmacked,,,,Positive
332,336,I am currently working on an oral history project on Cork's Docklands. One of the interviewees showed me this picture today of some mad lad scaling the flag pole on the old grain silos. #speirgorm,,11/09/2025,naepasaran.bsky.social,Bluesky,#speirgorm,,,,,,,,Mixed
333,337,"You would think that someone with a degree in history would understand that renaming a park cannot and will not erase any history of any community or group, similarly to how the taking down statues of slavers has not erased the history of slavery! #speirgorm",,30/11/2025,billallen.bsky.social,Bluesky,#speirgorm,,,,,,,,Mixed
334,338,"Undecided? #CatherineConnolly @catherinegalway.bsky.social believes that every person in Ireland needs a safe,accessible home near their family, a good job, excellent healthcare, and fun andinteresting activities like arts, sports and music. #speirgorm drive.google.com/file/d/1BJ6q...",,24/10/2025,eslsys.bsky.social,Bluesky,#CatherineConnolly #speirgorm,#CatherineConnolly #speirgorm,,,,,,,Positive
335,339,"There's a REALLY quick and easy survey for the public consultation on the Basic Income for the Arts scheme - it only takes a few seconds, anyone can fill it in, and it could make a huge difference to arts workers in Ireland. Take a few ticks to places a few ticks here: ec.europa.eu/eusurvey/run...",,13/08/2025,feadpool.bsky.social,Bluesky,,,,,,,,,Mixed
336,340,"Protest outside the Dï¿½ï¿½il at the planned SNA cuts. Reps from SF/SD/Green/PBP/LAB and independents are speaking, alongside parents, union reps. Very potent campaign forming, this cuts across party, class and society. #Speir",,25/02/2026,emmadragon.bsky.social,Bluesky,#Speirgorm,,,,,,,,Mixed
337,341,"And I say hey, heyI said hey, what's goin' on?And I pray, oh my God do I pray,I pray every single dayFor a revolution.4 Non Blondes, 20th century#Photography #Poetry #Spï¿½ï¿½irGhorm #SpeirGorm #India #StreetPhotography #ImageAndVerse #ArtOfBlueSky #PhotographersOfBlueSky #EastCoas",,02/02/2026,skinskintainan.bsky.social,Bluesky,#SPILL!,,,,,,,,Mixed
338,342,Eve of Lï¿½ï¿½ Fhï¿½ï¿½ile Pï¿½ï¿½draig.Saul Church and Round Tower and onto Strangford Lough.The Church has the flag of St Patrick out.#Lï¿½ï¿½Fhï¿½ï¿½il,,16/03/2025,rokewood.bsky.social,Bluesky,#Lï¿½ï¿½Fhï¿½ï¿½ilePï¿½ï¿½draig,#Lï¿½ï¿½Fhï¿½ï¿½ilePï¿½ï¿½draig,,,,,,,Mixed
339,343,The tower of St Audoen's Church in #Dublin. The tower was built in the 17th century though the site was first established as far back as the 12th century. It has had repeated periods of disrepair and restoration over the centuries.#photography #UrbanGaze #EastCoastKin #Spï¿½ï¿½irGorm #Ire,,11/09/2025,sloeginpudding.bsky.social,Bluesky,#Dublin. #photography #UrbanGaze #EastCoastKin #Spï¿½ï¿½irGorm #Ire,#Dublin. #photography #UrbanGaze #EastCoastKin #Spï¿½ï¿½irGorm #Ire,#Dublin. #photography #UrbanGaze #EastCoastKin #Spï¿½ï¿½irGorm #Ire,#Dublin. #photography #UrbanGaze #EastCoastKin #Spï¿½ï¿½irGorm #Ire,#Dublin. #photography #UrbanGaze #EastCoastKin #Spï¿½ï¿½irGorm #Ire,#Dublin. #photography #UrbanGaze #EastCoastKin #Spï¿½ï¿½irGorm #Ire,,,Mixed
340,344,"Men that had seen herDrank deep and were silent,The women were speakingWherever she went -As a bell that is rungOr a wonder told shylyAnd O she was the SundayIn every week.Austin Clarke, 20th century#Photography #Stunday #SpeirGorm #PhotographersOfBlueSky #ImageAndVerse #EastCoastKin",,05/10/2025,niamhie.bsky.social,Bluesky,#Photography #Stunday #SpeirGorm #PhotographersOfBlueSky #ImageAndVerse #EastCoastKin,#Photography #Stunday #SpeirGorm #PhotographersOfBlueSky #ImageAndVerse #EastCoastKin,#Photography #Stunday #SpeirGorm #PhotographersOfBlueSky #ImageAndVerse #EastCoastKin,#Photography #Stunday #SpeirGorm #PhotographersOfBlueSky #ImageAndVerse #EastCoastKin,#Photography #Stunday #SpeirGorm #PhotographersOfBlueSky #ImageAndVerse #EastCoastKin,#Photography #Stunday #SpeirGorm #PhotographersOfBlueSky #ImageAndVerse #EastCoastKin,,,Positive
341,345,"ýýýý COVID-19: never not at it ýýýýýýýýýýýýýýýýýýýýAlice in Wonderland syndrome (AIWS) is a disorienting neurological condition that affects human perception to the senses of vision, hearing, touch, and sensation and the phenomenon of time"".#speirgorm #neuro #brainhealth #COVID",,12/01/2025,pedneurojournal.bsky.social,Bluesky,#speirgorm #neuro #brainhealth #COVID,#speirgorm #neuro #brainhealth #COVID,#speirgorm #neuro #brainhealth #COVID,#speirgorm #neuro #brainhealth #COVID,,,,,Positive
342,346,The colonialism of British TERFs is through the roof. Again. This open letter from Irish feminists to British transphobes in 2018 remains relevant.Where was JK Rowling's money for #RepealThe8th? But she has it to spread British Anti-LGBT hate in Ireland? #Spï¿½ï¿½irgormfeministire.com/2018/01/22/,,24/05/2025,maykayf.bsky.social,Bluesky,#RepealThe8th? #Spï¿½ï¿½irgormfeministire.com/2018/01/22/,#RepealThe8th? #Spï¿½ï¿½irgormfeministire.com/2018/01/22/,,,,,,,Negative
343,347,"I have signed this #EU initiative  to propose a ban on #LGBTQ+ conversion ""therapy"" which every EU citizen above the age of 16 should be able to sign. #Ireland needs maybe 5,000 more signatures to reach the threshold #Spï¿½ï¿½irghorm #Spï¿½ï¿½irgormeci.ec.europa.eu/043/public . Sign it and s",,30/01/2025,nyonsuperstar.bsky.social,Bluesky,#EU #LGBTQ+ #Ireland #Spï¿½ï¿½irghorm #Spï¿½ï¿½irgormeci.ec.europa.eu/04,#EU #LGBTQ+ #Ireland #Spï¿½ï¿½irghorm #Spï¿½ï¿½irgormeci.ec.europa.eu/04,#EU #LGBTQ+ #Ireland #Spï¿½ï¿½irghorm #Spï¿½ï¿½irgormeci.ec.europa.eu/04,#EU #LGBTQ+ #Ireland #Spï¿½ï¿½irghorm #Spï¿½ï¿½irgormeci.ec.europa.eu/04,#EU #LGBTQ+ #Ireland #Spï¿½ï¿½irghorm #Spï¿½ï¿½irgormeci.ec.europa.eu/04,,,,Mixed
344,348,#Speirgorm sorry to hear our outgoing  President of Ireland is hospitalised tonight. Wishing him well for his retirement as he was in great form last week,,26/10/2025,wesgo.bsky.social,Bluesky,#Speirgorm,,,,,,,,Positive
345,349,Leo Varadkar suggesting Ireland's migration policies may be performative cruelty #Spï¿½ï¿½ir,,01/03/2026,rpgay.bsky.social,Bluesky,#Spï¿½ï¿½ir,,,,,,,,Mixed
346,350,"Happy Wran's Day!The Wren, or Lï¿½ï¿½ An Dreoilï¿½ï¿½n, is still strong in parts of Ireland (notably Kerry), with elements entwined with nature and the pagan roots of this time ""Up with the kettle And down with the pan Give us a penny to bury the wran""Prints: www.ciaraioch.com/artprints/p/...",,26/12/2025,edojyoji.bsky.social,Bluesky,,,,,,,,,Positive
347,351,"""Everything is politics...You don't get to make art in a fascist state""CMAT delivering, mar is gnï¿½ï¿½ch. ï¿½ï¿½ï¿½ï¿½(Same goes for sport btw",,01/03/2026,shezzat.bsky.social,Bluesky,#Speirgorm,,,,,,,,Mixed
348,352,6 days media hysteria about kneecap. Media spent less than a day talking about the 15 murdered and buried medics. #Speirgorm,,29/04/2025,patchotoole.bsky.social,Bluesky,#Speirgorm,,,,,,,,Negative
349,353,"Minister: ï¿½ï¿½ï¿½growth, growth, growth, blah blah blahï¿½ï¿½ï¿½ï¿½ï¿½ï¿½We are an island nationï¿½ï¿½ï¿½ We canï¿½ï¿½ï¿½t ï¿½ï¿½ï¿½simply stunt the future growth of Dublin Airpo",,15/09/2025,eslsys.bsky.social,Bluesky,#ClimateCrisis? #SpeirGorm,#ClimateCrisis? #SpeirGorm,,,,,,,Negative
350,354,Every Irish politician needs to get off this racistï¿½ï¿½ï¿½s website *immediately*. There is no excuse.#spe,,02/11/2025,bgormley.bsky.social,Bluesky,#speirgorm,,,,,,,,Negative
351,355,"Remember when they wouldn't pass the Occupied Territories Bill because it would violate EU rules? Was Israel violating international law and committing a genocide an insufficiently ""acute"" situation? #Spï¿½ï¿½ir",,12/04/2026,gronya.bsky.social,Bluesky,#Spï¿½ï¿½ir,,,,,,,,Negative
352,356,ýýýýýýnew independent releasesýýýýýýout nowýýýýýýýýý ýýýýýýýýýýýý ýýýýýýýýýýýýýýýýýýý ýýýýýýýýýýýýýýýýýýýýýýýýýýýýýýýýýýýýýýý ýýýýýýýýýýýýýýýý ýýýýýýýýýýýýýýýýýýýýýýý ýýýýýýýýýýýýýýýý ýýýýýýýýýýýýýýýýýýýýýýýýýýý ýýýýýýýýýýýýýýýýýýýýýýýýýýýýýýýýýýýýlisten / watchlinktr.ee/gildedalmýýýýýý#IrishBluesky #speirgorm #musicsky #music@boniverwi.bsky.social @jagjaguwar.bsky.social @bellaunion.bsky.social @muterecords.bsky.social ýýýýýý,,11/04/2025,gildedalm.com,Bluesky,#IrishBluesky #speirgorm #musicsky #music@boniverwi.bsky.social,#IrishBluesky #speirgorm #musicsky #music@boniverwi.bsky.social,#IrishBluesky #speirgorm #musicsky #music@boniverwi.bsky.social,#IrishBluesky #speirgorm #musicsky #music@boniverwi.bsky.social,,,,,Mixed
353,357,"#speirgorm Have a very happy Feministmas and always remember the most important thing, now and always, is to",,24/12/2024,betsvc.bsky.social,Bluesky,#speirgorm,,,,,,,,Positive
354,358,"It's 2025, I'm 70 years old, and I wish to comment on the following statements:-a/ ""You can't turn back the clock"" b/ ""You can't put the genie back in the bottle""a/ You literally can turn back a clockb/ You need to read folklore#writingcommunity #booksky #Spï¿½ï¿½irGorm #1001Ni",,18/01/2025,superducky800.bsky.social,Bluesky,#writingcommunity #booksky #Spï¿½ï¿½irGorm #1001Ni,#writingcommunity #booksky #Spï¿½ï¿½irGorm #1001Ni,#writingcommunity #booksky #Spï¿½ï¿½irGorm #1001Ni,#writingcommunity #booksky #Spï¿½ï¿½irGorm #1001Ni,,,,,Positive
355,359,"I had a whole skeet written. But Jesus, how absolutely thick do you need to be ï¿½ï¿½ï¿½ï¿½ï¿½ï¿½How absolutely buried in your conservative cult do you need to be ï¿½ï¿½ï¿½ï¿½ï¿½ï¿½..How pitiful and sad do you nee",,28/02/2026,lokideburca.bsky.social,Bluesky,#speirgorm,,,,,,,,Negative
356,360,"Everyone should have a home in Ireland ï¿½ï¿½ï¿½ï¿½ï¿½ï¿½ï¿½ï¿½ï¿½ï¿½ï¿½ï¿½ï¿½ï¿½We have the homes lying emptyWe don't have the political willLets continue fighting to change thisPhotos: 17th March 2023 of me, @judesherry.bsky.social, Martin Leahy & Helen Louise Murphy, Cork city parade#DerelictIrela",,17/03/2026,helendublin.bsky.social,Bluesky,#DerelictIreland #SpeirGorm #StPatricksDay,#DerelictIreland #SpeirGorm #StPatricksDay,#DerelictIreland #SpeirGorm #StPatricksDay,,,,,,Mixed
357,361,"Iï¿½ï¿½ï¿½d agree, ten years on from marriage equality, many LGBTIQ+ people do feel less safe ï¿½ï¿½ï¿½ driven by transphobia, there has been an uptick in violence and hate speech against the broader community. However, itï¿½ï¿½ï¿½s good to mark the 10 anniversary and take stock  #speirgorm www.thetimes.c",,11/05/2025,sinead1988.bsky.social,Bluesky,#speirgorm,,,,,,,,Negative
358,362,I heard Catherine Connolly leaves the immersion on #SpeirGorm,,10/10/2025,mnicearbhaill.bsky.social,Bluesky,#SpeirGorm,,,,,,,,Mixed
359,363,"Ireland needs a state construction company.  It won't solve our problems on its own, but it's part of the solution. I firmly believe the government are refusing to establish one because it will take more time to establish than they have left as leaders. #spï¿½ï¿½ir",,29/11/2025,amflynn.bsky.social,Bluesky,#spï¿½ï¿½ir,,,,,,,,Mixed
360,364,"ýýýý A little cartoony doodle of some of Ireland's bird life, with a bitteen of Gaeilge.Prints: www.ciaraioch.com/artprints/p/...Value bundle together with Ireland's aquatic and animal life: www.ciaraioch.com/artprints/p/...",,28/11/2024,martinadalton.bsky.social,Bluesky,,,,,,,,,Mixed
361,365,A quick blog with personal reflections on Ireland's general election this Friday. This is mainly aimed at people who want to make their vote count for climate action.#GE24 #SpeirGormhannahdaly.ie/2024-11-26-e...,,26/11/2024,renebatt.bsky.social,Bluesky,#GE24 #SpeirGormhannahdaly.ie/2024-11-26-e...,#GE24 #SpeirGormhannahdaly.ie/2024-11-26-e...,,,,,,,Mixed
362,366,"Good morning BlueSky users ï¿½ï¿½ï¿½ï¿½Without googling it, tell us what you think Usher syndrome is? #SpeirGorm #Medics #RareDisea",,14/01/2025,ritawild.bsky.social,Bluesky,#SpeirGorm #Medics #RareDisease #Quiz,#SpeirGorm #Medics #RareDisease #Quiz,#SpeirGorm #Medics #RareDisease #Quiz,#SpeirGorm #Medics #RareDisease #Quiz,,,,,Positive
363,367,"Maybe you didn't hear, but Israel hasn't stopped the genocide lads. They're openly attempting the complete ethnic cleansing of #Gaza. And they still have thousands of Palestinian #hostages. Still under siege too. Did ye not know?Why aren't you reporting that?Why?#biased #spï¿½ï¿½irgorm #compl",,14/02/2025,eslsys.bsky.social,Bluesky,#Gaza. #hostages. #biased #spï¿½ï¿½irgorm #compl,#Gaza. #hostages. #biased #spï¿½ï¿½irgorm #compl,#Gaza. #hostages. #biased #spï¿½ï¿½irgorm #compl,#Gaza. #hostages. #biased #spï¿½ï¿½irgorm #compl,#Gaza. #hostages. #biased #spï¿½ï¿½irgorm #compl,,,,Negative
364,368,"If you havenï¿½ï¿½ï¿½t, get out there and vote #connolly4president #aras25 #spe",,24/10/2025,fearbronach.bsky.social,Bluesky,#connolly4president #aras25 #speirgorm,#connolly4president #aras25 #speirgorm,#connolly4president #aras25 #speirgorm,,,,,,Mixed
365,369,Zack harvests the Christmas po-tay-toes on Xmas morning! #Spï¿½ï¿½irgorm ï¿½ï¿½ï¿½ï¿½ï¿½ï¿½ï¿½ï¿½ï¿½ï¿½ï¿½ï¿½ #Irelan,,25/12/2024,politicalbee.bsky.social,Bluesky,#Spï¿½ï¿½irgorm #Irelandyoutube.com/shorts/TYtk,#Spï¿½ï¿½irgorm #Irelandyoutube.com/shorts/TYtk,,,,,,,Mixed
366,370,Happy Easter! A day for this ï¿½ï¿½ï¿,,05/04/2026,soupesu.bsky.social,Bluesky,,,,,,,,,Positive
367,371,Jim Oï¿½ï¿½ï¿½Callaghanï¿½ï¿½ï¿½s public theatrics mask the truth about asylum seeker deportations Oï¿½ï¿½ï¿½Callaghanï¿½ï¿½ï¿½s utterances as Minister seem little different from those of the far right! #speirgorm www.irisht,,07/05/2025,radiobeartime.com,Bluesky,#speirgorm,,,,,,,,Mixed
368,372,"When your time comes to die,be not like those whose heartsare filled with fear ...Sing your song and dielike a hero going home.Tecumseh, 19th century#Photography #Wisdom #Poetry #SpeirGorm #Ireland #NaturePhotography #ImageAndVerse #ArtOfBlueSky #PhotographersOfBlueSky #EastCoastKin",,13/10/2025,khaliqali.bsky.social,Bluesky,#SPILL!,,,,,,,,Negative
369,373,"UCD Centre for Gender, Feminisms & Sexualities - 2nd CGFS Conference CFPs:Thinking Gender Justice: Oppression, Resistance, Liberation' UCD, 17-19 June 2026Proposal Deadline: 27 February 2026.Proposal Submission form: forms.gle/4qkYr9riQ1yW... #feminism #genderstudies #spï¿½ï¿½ir",,30/01/2026,academiria.bsky.social,Bluesky,#feminism #genderstudies #spï¿½ï¿½ir,#feminism #genderstudies #spï¿½ï¿½ir,#feminism #genderstudies #spï¿½ï¿½ir,,,,,,Mixed
370,374,I refuse to take him off the top of my tree. Michael Tree Higgins. #speirgorm,,21/12/2024,norsopinions.bsky.social,Bluesky,#speirgorm,,,,,,,,Mixed
371,375,A blue sky spring day in Ireland at last ï¿½ï¿½ï¿½ï¿½#s,,22/02/2025,mattybsghost.bsky.social,Bluesky,#speirgorm,,,,,,,,Mixed
372,376,"I've emailed Simon Harris, Mï¿½ï¿½cheï¿½ï¿½l Martin & government aligned TDs in my constituency this picture,asking if they stand over aligning with a corrupt person like Michael Lowry lowering the tone of the Dï¿½ï¿½il like this + asking they stop the farce of pretending government TDs are opposition.",,25/03/2025,hawkwinglb.bsky.social,Bluesky,#Spï¿½ï¿½ir,,,,,,,,Mixed
373,377,"'More than 3,300 new houses were built in Dublin city last year. Just 155 were bought by households'. #SpeirGorm",,18/09/2025,sarahdalgulls.bsky.social,Bluesky,#SpeirGorm,,,,,,,,Mixed
374,378,Northern Lights from Phoenix Park now. #SpeirGorm,,19/01/2026,snicks47.bsky.social,Bluesky,#SpeirGorm,,,,,,,,Mixed
375,379,Keep an eye out in Drumcondrs for little Gracie #speirgorm,,10/03/2025,caoimhetiernan.bsky.social,Bluesky,#speirgorm,,,,,,,,Mixed
376,380,"#TrinityGraduatesSenadVoteThere are some seriously dodgy characters in the list  look at the names & donï¿½ï¿½ï¿½t vote anti trans, anti women & remember those who sold us out - be careful out there. Vote for those genuine hard working Senators who make a difference. #Spe",,01/01/2025,finncallaghanart.bsky.social,Bluesky,#TrinityGraduatesSenadVoteThere #Speirgorm,#TrinityGraduatesSenadVoteThere #Speirgorm,,,,,,,Mixed
377,381,"First year selling my art at Christmas without the Other site, where most of my sales came from, as well as losing US orders to new tariffs, so it'll be a tough one - I put huge work into every order, so even if you can't buy, shares help get them in front of eyes. GRMA! www.ciaraioch.com/artprints",,03/12/2025,paulashields.bsky.social,Bluesky,,,,,,,,,Mixed
378,382,"Explore the National Museum of Ireland, Collins Barracks through an LGBTQIA+ lensJoin guided tours uncovering hidden histories & diverse identities from the 17th toï¿½ï¿½ï¿½21st century.ï¿½ï¿½ï¿½ï¿½Sat 24 May: Hourly 11 amï¿½ï¿½ï¿½4 pm (incl. ISL at 1 pm)ï¿½ï¿½ï¿½ï¿½Sun 25 May: 2 pm & 3:30 pm#SpeirGorm w",,21/05/2025,queerhcn.org,Bluesky,#SpeirGorm,,,,,,,,Mixed
379,383,A gorgeous horse getting a wash at the Shannon this morning. Feck your honda civic. #Limerick #Shannon #horseoutside #speirgorm,,01/03/2026,docum3nt.bsky.social,Bluesky,#Limerick #Shannon #horseoutside #speirgorm,#Limerick #Shannon #horseoutside #speirgorm,#Limerick #Shannon #horseoutside #speirgorm,#Limerick #Shannon #horseoutside #speirgorm,,,,,Mixed
380,384,Women make up just 25% of the Dï¿½ï¿½il. The women who voted in favour of this bill outnumbered those who did not by about 2:1. Women do not make up just 25% of the population. This is why representation matters. Vote for parties that demonstrate gender equality in their candidate nominations #spï¿½ï,,19/12/2025,lynnok.bsky.social,Bluesky,#spï¿½ï¿½ir,,,,,,,,Mixed
381,385,"Again FF/FG failing, refusing to fund properly the services which some of most vulerable people and children need. #spï¿½ï¿½irgorm #supergluedpoc",,13/02/2026,coreilly.bsky.social,Bluesky,#spï¿½ï¿½irgorm #supergluedpoc,#spï¿½ï¿½irgorm #supergluedpoc,,,,,,,Negative
382,386,"www.bbc.com/travel/artic...: my hometown, Ramelton, Co Donegal. The drink invented by my uncles - Football Special #speirgorm",,29/01/2026,queen-crafty.bsky.social,Bluesky,#speirgorm,,,,,,,,Mixed
383,387,"First year selling my art at Christmas without the Other site, where most of my sales came from, as well as losing US orders to new tariffs, so it'll be a tough one - I put huge work into every order, so even if you can't buy, shares help get them in front of eyes. GRMA! www.ciaraioch.com/artprints",,03/12/2025,antiqueight.bsky.social,Bluesky,,,,,,,,,Mixed
384,388,"Ok so if 2,300 people from #Sweden and then another 160,000 #EU citizens sign this it will have reached the threshold of a million signatures and 7 counties reaching the threshold.But they have to sign it by tomorrow.... #Spï¿½ï¿½irgorm #Pride #",,16/05/2025,pupthar.bsky.social,Bluesky,#Sweden #EU #Spï¿½ï¿½irgorm #Pride #,#Sweden #EU #Spï¿½ï¿½irgorm #Pride #,#Sweden #EU #Spï¿½ï¿½irgorm #Pride #,#Sweden #EU #Spï¿½ï¿½irgorm #Pride #,#Sweden #EU #Spï¿½ï¿½irgorm #Pride #,,,,Mixed
385,389,"This is why I don't accept that the Presidency is ""ceremonial"". We've 2 candidates who will enable this dilution and one who will continue to press our government to act. The President's power may be soft but when it's backed up by an electorate it's anything but.Vote to help Palestine #spï¿½ï¿½ir",,03/10/2025,geraldineishere.bsky.social,Bluesky,#spï¿½ï¿½ir,,,,,,,,Mixed
386,390,"Our local postman retired after 30 years so they had a party for him. Not only did everyone want to go, they put on a special bus service to take people to the party. That's rural Ireland for you. #SpeirGorm",,26/02/2025,fnclln.bsky.social,Bluesky,#SpeirGorm,,,,,,,,Mixed
387,391,"Hi folks! Galway Game Jam is back again for another event, our third in 2025!Scan the QR code in the image, or use the below link to find out more details : galwaygamejam.com/galway-game-...#speirghorm #irishgamedev #speirgorm #indiedev #gamedev #irishcreatives #indiegame #gamejam",,04/09/2025,athalran.bsky.social,Bluesky,#speirghorm #irishgamedev #speirgorm #indiedev #gamedev #irishcreatives #indiegame #gamejam,#speirghorm #irishgamedev #speirgorm #indiedev #gamedev #irishcreatives #indiegame #gamejam,#speirghorm #irishgamedev #speirgorm #indiedev #gamedev #irishcreatives #indiegame #gamejam,#speirghorm #irishgamedev #speirgorm #indiedev #gamedev #irishcreatives #indiegame #gamejam,#speirghorm #irishgamedev #speirgorm #indiedev #gamedev #irishcreatives #indiegame #gamejam,#speirghorm #irishgamedev #speirgorm #indiedev #gamedev #irishcreatives #indiegame #gamejam,#speirghorm #irishgamedev #speirgorm #indiedev #gamedev #irishcreatives #indiegame #gamejam,#speirghorm #irishgamedev #speirgorm #indiedev #gamedev #irishcreatives #indiegame #gamejam,Mixed
388,392,That video of the perfectly aimed bomb accidentally striking the rescuers rescuing people after the first perfectly aimed bomb accidentally struck the hospital is harrowing to watch.#Speirgorm,,25/08/2025,zozimus.bsky.social,Bluesky,#Speirgorm,,,,,,,,Positive
389,393,MET ï¿½ï¿½ireann coming to BlueSky is great to see and especially now when itï¿½ï¿½ï¿½s vital that information is easy for people to access. Oï¿½ï¿½che na Gaoithe Mï¿½ï¿½ire arï¿½ï¿½s.#,,24/01/2025,fhayesmccoy.bsky.social,Bluesky,#Stormï¿½ï¿½owyn #Spï¿½ï,#Stormï¿½ï¿½owyn #Spï¿½ï,,,,,,,Positive
390,394,National Museum of Irelandï¿½ï¿½ï¿½s collection at ï¿½ï¿½ï¿½significant riskï¿½ï¿½ï¿½ due to inadequacy of storage building which is two football pitches in size. Some major challenges ahead. #museums #SpeirGormwww.irishtimes.c,,14/04/2026,davidstifter.bsky.social,Bluesky,#museums #SpeirGormwww.irishtimes.com/ireland/2026...,#museums #SpeirGormwww.irishtimes.com/ireland/2026...,,,,,,,Mixed
391,395,"Hoodies, Tee-Shirts and Stickers all available on our Shop#Speirgorm",,13/05/2025,tpspencer88.bsky.social,Bluesky,#Speirgorm,,,,,,,,Mixed
392,396,My Dub husband just called Coddle Willy-con-carne and that's what I'll be calling it going forward #SpeirGorm,,13/04/2026,freelancewebdev.bsky.social,Bluesky,#SpeirGorm,,,,,,,,Mixed
393,397,"In another lifeI would make you staySo I don't have to sayYou were the one that got awayThe o-o-o-o-o-oneThe o-o-o-o-o-oneThe one that got awayKaty Perry, 21st century#Photography #Poetry #SpeirGorm #StreetPhotography #ImageAndVerse #ArtOfBlueSky #PhotographersOfBlueSky #EastCoastKin",,22/11/2025,arik-2.bsky.social,Bluesky,#Photography #Poetry #SpeirGorm #StreetPhotography #ImageAndVerse #ArtOfBlueSky #PhotographersOfBlueSky #EastCoastKin,#Photography #Poetry #SpeirGorm #StreetPhotography #ImageAndVerse #ArtOfBlueSky #PhotographersOfBlueSky #EastCoastKin,#Photography #Poetry #SpeirGorm #StreetPhotography #ImageAndVerse #ArtOfBlueSky #PhotographersOfBlueSky #EastCoastKin,#Photography #Poetry #SpeirGorm #StreetPhotography #ImageAndVerse #ArtOfBlueSky #PhotographersOfBlueSky #EastCoastKin,#Photography #Poetry #SpeirGorm #StreetPhotography #ImageAndVerse #ArtOfBlueSky #PhotographersOfBlueSky #EastCoastKin,#Photography #Poetry #SpeirGorm #StreetPhotography #ImageAndVerse #ArtOfBlueSky #PhotographersOfBlueSky #EastCoastKin,#Photography #Poetry #SpeirGorm #StreetPhotography #ImageAndVerse #ArtOfBlueSky #PhotographersOfBlueSky #EastCoastKin,#Photography #Poetry #SpeirGorm #StreetPhotography #ImageAndVerse #ArtOfBlueSky #PhotographersOfBlueSky #EastCoastKin,Mixed
394,398,"If this were something like, say, a climate protest the Guards would be out with pepper spray and batons, and ministers would be thundering for arrests and prosecutions. And many of us note the sea-change from how Shell2Sea and Shannon protests are handled #spï¿½ï¿½ir",,10/04/2026,mr-thursday.bsky.social,Bluesky,#spï¿½ï¿½ir,,,,,,,,Mixed
395,399,Researching a piece about Irish people who left Twitter for Bluesky and have settled on here. Specifically looking to talk to people who are involved in the political sphere but also happy to get input from people in the arts. DMs open to all! #Speirgorm #Journorequest,,13/01/2025,patomahony1.bsky.social,Bluesky,#Speirgorm #Journorequest,#Speirgorm #Journorequest,,,,,,,Positive
396,400,"Sometimes I feel likea motherless childSometimes I feel likea motherless childSometimes I feel likea motherless childLong way from my homeVan Morrison, 20th century#Photography #Poetry #SpeirGorm #StreetPhotography #India #ImageAndVerse #ArtOfBlueSky #PhotographersOfBlueSky #EastCoastKin",,07/11/2025,gulliver77.bsky.social,Bluesky,#SPILL!,,,,,,,,Mixed
397,401,A reminder for #Speirgorm users with visual impairments that this seasonï¿½ï¿½ï¿½s League of Ireland coverage (just like our Six Nations coverage) on @virginmediatv.bsky.social will be available with audio description commentary - hereï¿½ï¿½ï¿½s how to switch it on if youï¿½ï¿½ï¿½re a Virgin Media cable TV cu,,06/02/2026,sharrow.bsky.social,Bluesky,#Speirgorm,,,,,,,,Mixed
398,402,The colonialism of British TERFs is through the roof. Again. This open letter from Irish feminists to British transphobes in 2018 remains relevant.Where was JK Rowling's money for #RepealThe8th? But she has it to spread British Anti-LGBT hate in Ireland? #Spï¿½ï¿½irgormfeministire.com/2018/01/22/,,24/05/2025,mrmooshoo.bsky.social,Bluesky,#RepealThe8th? #Spï¿½ï¿½irgormfeministire.com/2018/01/22/,#RepealThe8th? #Spï¿½ï¿½irgormfeministire.com/2018/01/22/,,,,,,,Negative
399,403,My Letter in this week's Clare Champion highlighting how Cathal Crowe (FF) and Joe Cooney (FG) are failing Clare women. #spï¿½ï¿½irgorm If you have any relatives in the Banner county I'd appreciate you encouraging them to grab a copy and hearing me out.,,31/12/2025,darylfeehely.com,Bluesky,#spï¿½ï¿½ir,,,,,,,,Negative
400,404,Beautiful moon over Cork City tonight #Spï¿½ï¿½ir,,27/11/2025,bikesnbukes.bsky.social,Bluesky,#Spï¿½ï¿½ir,,,,,,,,Positive
401,405,Ooh VIP .ie has The Book of Gold as one of their books to read this month! vipmagazine.ie/seven-books-...#booksky #ï¿½ï¿½ï¿½ï¿½ï¿½ï¿½ï¿½ï¿½ #speirgorm #romancelandia #feralgod,,12/11/2024,alimack13.bsky.social,Bluesky,#booksky #ï¿½ï¿½ï¿½ï¿½ï¿½ï¿½ï¿½ï¿½ #speirgorm #romancelandia #feralgod,#booksky #ï¿½ï¿½ï¿½ï¿½ï¿½ï¿½ï¿½ï¿½ #speirgorm #romancelandia #feralgod,#booksky #ï¿½ï¿½ï¿½ï¿½ï¿½ï¿½ï¿½ï¿½ #speirgorm #romancelandia #feralgod,#booksky #ï¿½ï¿½ï¿½ï¿½ï¿½ï¿½ï¿½ï¿½ #speirgorm #romancelandia #feralgod,#booksky #ï¿½ï¿½ï¿½ï¿½ï¿½ï¿½ï¿½ï¿½ #speirgorm #romancelandia #feralgod,#booksky #ï¿½ï¿½ï¿½ï¿½ï¿½ï¿½ï¿½ï¿½ #speirgorm #romancelandia #feralgod,,,Mixed
402,406,"Does anyone have a decent guide for parents of young trans adults, which is irish/EU centred?#spï¿½ï¿½irgorm #ireland #lgbtqia #queer www.hrc.org/resources/s",,30/03/2026,clancyny.bsky.social,Bluesky,#spï¿½ï¿½irgorm #ireland #lgbtqia #q,#spï¿½ï¿½irgorm #ireland #lgbtqia #q,#spï¿½ï¿½irgorm #ireland #lgbtqia #q,#spï¿½ï¿½irgorm #ireland #lgbtqia #q,,,,,Mixed
403,407,"It is said the Devil is in the detail, but when the detail is of a Cathedrals spire, maybe the gargoyles are the Devil.#speirgorm#photography#urban#Black&White#Spain#Catalonia#Barcelona",,27/03/2025,billallen.bsky.social,Bluesky,#speirgorm #photography #urban #Black&White #Spain #Catalonia #Barcelona,#speirgorm #photography #urban #Black&White #Spain #Catalonia #Barcelona,#speirgorm #photography #urban #Black&White #Spain #Catalonia #Barcelona,#speirgorm #photography #urban #Black&White #Spain #Catalonia #Barcelona,#speirgorm #photography #urban #Black&White #Spain #Catalonia #Barcelona,#speirgorm #photography #urban #Black&White #Spain #Catalonia #Barcelona,#speirgorm #photography #urban #Black&White #Spain #Catalonia #Barcelona,,Mixed
404,408,"HELP NEEDED!I'm in need of a rapper who can run a rap/hip hop workshop to teach people how to write rap. The person I had is now unavailable and the event is already advertised. Dublin gig, well paid. Please share!#Speirgorm #Speirghorm",,25/03/2025,mofette.bsky.social,Bluesky,#Speirgorm #Speirghorm,#Speirgorm #Speirghorm,,,,,,,Mixed
405,409,The Camogie Association has dug itself into a bigger hole. How difficult can it be to let players wear shorts if THEY want to??#Camogie #Skort #speirgorm #Spï¿½ï¿½irGhorm #IrishNewswww.wlrfm.com/sport/munst,,10/05/2025,miridescent.bsky.social,Bluesky,#Camogie #Skort #speirgorm #Spï¿½ï¿½irGhorm #IrishNewswww.wlrfm.com/sport/munst,#Camogie #Skort #speirgorm #Spï¿½ï¿½irGhorm #IrishNewswww.wlrfm.com/sport/munst,#Camogie #Skort #speirgorm #Spï¿½ï¿½irGhorm #IrishNewswww.wlrfm.com/sport/munst,#Camogie #Skort #speirgorm #Spï¿½ï¿½irGhorm #IrishNewswww.wlrfm.com/sport/munst,#Camogie #Skort #speirgorm #Spï¿½ï¿½irGhorm #IrishNewswww.wlrfm.com/sport/munst,,,,Mixed
406,410,#spï¿½ï¿½ir,,28/02/2026,drkevguitar.bsky.social,Bluesky,#spï¿½ï¿½ir,,,,,,,,Mixed
407,411,Co parent spotted CC out cheering on the the runners today. #Dublinmarathon #speirgorm,,26/10/2025,regcoppinger.bsky.social,Bluesky,#Dublinmarathon #speirgorm,#Dublinmarathon #speirgorm,,,,,,,Mixed
408,412,This will never not be magic. #NorthernLights #Spï¿½ï¿½irGorm #Spï¿½ï¿½irGormAgusGlasAgusBï¿½ï¿½ndear,,19/01/2026,melissjpeltier.bsky.social,Bluesky,#NorthernLights #Spï¿½ï¿½irGorm #Spï¿½ï¿½irGormAgusGlasAgusBï¿½ï¿½ndear,#NorthernLights #Spï¿½ï¿½irGorm #Spï¿½ï¿½irGormAgusGlasAgusBï¿½ï¿½ndear,#NorthernLights #Spï¿½ï¿½irGorm #Spï¿½ï¿½irGormAgusGlasAgusBï¿½ï¿½ndear,#NorthernLights #Spï¿½ï¿½irGorm #Spï¿½ï¿½irGormAgusGlasAgusBï¿½ï¿½ndear,,,,,Mixed
409,413,"""Know Your Rights"", a guide for trans and non-binary people in Ireland, was published today by @iccl.bsky.social: www.iccl.ie/news/iccl-pu... #Spï¿½ï¿½irGorm #Spï¿½ï¿",,09/12/2025,polaris-pens.bsky.social,Bluesky,#Spï¿½ï¿½irGorm #Spï¿½ï¿,#Spï¿½ï¿½irGorm #Spï¿½ï¿,,,,,,,Mixed
410,414,"Here's another pic of the same street, Fire brigade trying to clear it. Can't even tell how much damage done yet, but awful for the businesses there. @thomaspringle.bsky.social office on the left beside the optician. My heart goes out to everyone dealing with flooding today. #speirgorm #StormBert",,23/11/2024,culturalfatwa.bsky.social,Bluesky,#speirgorm #StormBert,#speirgorm #StormBert,,,,,,,Negative
411,415,"This doesn't need a referendum to ""fix"". The perceived shortfall this year was a result of a government party interfering to prevent councils nominating additional candidates. They can change their own in-house policies to prevent this happening again. #spï¿½ï¿½ir",,27/10/2025,oliver.ie,Bluesky,#spï¿½ï¿½ir,,,,,,,,Mixed
412,416,"Turns out it was closer to 18 years since I was last in Achill, stayed at the now long closed Greys Guesthouse.  Not only connectivity that's improved but the food offerings too if this unassuming cafï¿½ï¿½ in Achill Sound is anything to go by: The Aelph, excellent and good value lunch. #Speir",,22/08/2025,billallen.bsky.social,Bluesky,#Speirgorm,,,,,,,,Positive
413,417,#speirgormI can't tell you how angry I am about this. They voted for harming children for no reason other than to suck up to the English transphobes.,,10/12/2024,buddhaakame.bsky.social,Bluesky,#speirgormI,,,,,,,,Negative
414,418,Can we take a moment for this absolute icon too! ï¿½ï¿½ï¿½ï¿½ï¿½ï¿,,11/11/2025,eoinsmith.bsky.social,Bluesky,#Speirgorm,,,,,,,,Mixed
415,419,"The dominoes are still falling but can we please give thanks to @cmatbaby.bsky.social for knocking Bertie's campaign out so we could enjoy Jim's, the craic to come in the next few weeks will be all down to a bridgePlay it loud today, on all platforms, & pay homage to the diva#speirgorm #aras25",,06/10/2025,sharrow.bsky.social,Bluesky,#speirgorm #aras25,#speirgorm #aras25,,,,,,,Positive
416,420,Lookit...I'm just sayin...just doesn't feel like a coincidence is all.#COYBIG #Ireland #Leftie #Speirgorm #VoteLeft,,13/11/2025,anliathanach.bsky.social,Bluesky,#COYBIG #Ireland #Leftie #Speirgorm #VoteLeft,#COYBIG #Ireland #Leftie #Speirgorm #VoteLeft,#COYBIG #Ireland #Leftie #Speirgorm #VoteLeft,#COYBIG #Ireland #Leftie #Speirgorm #VoteLeft,#COYBIG #Ireland #Leftie #Speirgorm #VoteLeft,,,,Mixed
417,421,"We need to end the sweetheart deals and finally tax real estate investment fundsInstead, the Taoiseach is boosting their share price talking about scraping rent pressure zonesSacrificing renters to investment funds will not solve the housing crisis#Spï¿½ï¿½irGormwww.irishtimes.com/business/20",,10/02/2025,shazbear.bsky.social,Bluesky,#Spï¿½ï¿½irGormwww.irishtimes.com/business/20,,,,,,,,Negative
418,422,"Highest number of domestic violence disclosures in 50 years is ï¿½ï¿½ï¿½just tip of icebergï¿½ï¿½ï¿½, says Womenï¿½ï¿½ï¿½s Aid Depressing read #speirgorm www.irishtimes.c",,25/06/2025,goonda13.bsky.social,Bluesky,#speirgorm,,,,,,,,Negative
419,423,"And a quick lower panorama at sunset of Carrick, followed by a little detour up along the Suir. #speirgorm",,15/03/2025,billallen.bsky.social,Bluesky,#speirgorm,,,,,,,,Mixed
420,424,The kids at St. Aidans in Dublin have something to say about Cllr. Glen Moore's fascist view. Talk about being schooled...#ge24#speirgorm,,16/11/2024,anneroperirl.bsky.social,Bluesky,#ge24 #speirgorm,#ge24 #speirgorm,,,,,,,Mixed
421,425,Opinion: My heart sank when I saw the laughter in the Oval Office about our housing crisis #speirgorm jrnl.ie/6649185,,15/03/2025,steventodd.bsky.social,Bluesky,#speirgorm,,,,,,,,Negative
422,426,"I've lived in some houses that have been converted into multiple flats and I cant stress how dysfunctional and uncomfortable they are. Forgetting issues like space and privacy, you don't just double or triple the strain on a building's water, sewerage and energy needs without issues. #spï¿½ï¿½ir",,17/11/2025,mnicearbhaill.bsky.social,Bluesky,#spï¿½ï¿½ir,,,,,,,,Mixed
423,427,"Glen Moore, who got slapped around by the kids in St. Aidans in Dublin West has amassed a whopping 3% of the vote. Back under your rock, lad...#ge24#speirgorm",,30/11/2024,awedandflawed.bsky.social,Bluesky,#ge24 #speirgorm,#ge24 #speirgorm,,,,,,,Mixed
424,428,"A cost-of-living crisis isn't the easiest time to sell art, but: www.ciaraioch.com is where you can support my work, with each archival-quality print on textured heavy paper being produced here in Ireland, shipping internationally in eco-friendly packaging, with free mini-treats in every order ï¿½ï",,18/02/2025,pb4gov.bsky.social,Bluesky,,,,,,,,,Mixed
425,429,Irish people: Did anyone (or anyone's kids) do Business Studies for the junior cycle in school. Was it awful or not? The choice is between this and French for my kid next year. #speirgorm,,14/05/2025,radiobeartime.com,Bluesky,#speirgorm,,,,,,,,Negative
426,430,"So you'll be following up these words on Israel's war crimes in Palestine with sanctions against Israel, right Micheï¿½ï¿½l? Right?#Spï¿½ï",,09/05/2025,turn-left.bsky.social,Bluesky,#Spï¿½ï¿½ir,,,,,,,,Positive
427,431,"Let's explore the Green credentials of Heather Humphreys - The woman former GP member Brian Leddin thinks should be president.She advocated for an increased burn period during her time as Minister for Heritage, as well as prolonging the period during which hedgerows could be cut. #Spï¿½ï¿½irgorm",,14/10/2025,sensorcelled.bsky.social,Bluesky,#Spï¿½ï¿½ir,,,,,,,,Mixed
428,432,"To see a worldin a grain of sandand a heavenin a wild flower,hold infinity in thepalm of your handand eternity in an hour. William Blake, 18th century#Photography #Poetry #SpeirGorm #India #Trees #Flowers #StreetPhotography #ImageAndVerse #ArtOfBlueSky #PhotographersOfBlueSky #EastCoastKin",,19/12/2025,scotify.bsky.social,Bluesky,#SPILL!,,,,,,,,Mixed
429,433,This is the same guy who said the Spicebag Garda eviction painting 'sent a shiver down his spine' #speirgorm,,08/01/2026,uilliammac.bsky.social,Bluesky,#speirgorm,,,,,,,,Mixed
430,434,Keys found near Marina Park. Distinctive keyring. Dropped into Five Points coffee. #Speirgorm #Cork,,26/04/2025,normacasey.bsky.social,Bluesky,#Speirgorm #Cork,#Speirgorm #Cork,,,,,,,Mixed
431,435,"Post iontach ï¿½ï¿½ seo, ag obair le daoine den scoth ï¿½ï¿½ï¿½ï¿½ #spï¿½ï¿½irgorm www.thejournal.ie",,11/04/2025,emmadragon.bsky.social,Bluesky,#spï¿½ï¿½ir,,,,,,,,Mixed
432,436,"I still have these, be grand like#speirgorm #wwiii",,13/06/2025,sharrow.bsky.social,Bluesky,#speirgorm #wwiii,#speirgorm #wwiii,,,,,,,Mixed
433,437,Housing crisis? What housing crisis?If anything in #Ireland is driving the rise of the Far Right it's Fianna Fï¿½ï¿½il and Fine Gael's pandering to the propertied class: artificially inflating house prices by deliberately restricting supply.High-level collusion AND corruption.#speirgorm #spï¿½ï¿,,31/08/2025,drannemurphy.bsky.social,Bluesky,#Ireland #speirgorm #spï¿½ï¿½irg,#Ireland #speirgorm #spï¿½ï¿½irg,#Ireland #speirgorm #spï¿½ï¿½irg,,,,,,Negative
434,438,Alright Irish Bluesky - we have 3 weeks to go until the Toy Show. Time to lightly bully your friends and mutuals to join the butterfly place and we *might* just have enough time to have an excellent live reaction space again. #SpeirGorm,,15/11/2024,redtawnie.bsky.social,Bluesky,#SpeirGorm,,,,,,,,Positive
435,439,#speirgorm #Aras25 please if you have 5 minutes let heather@heatherforpresident.ie know that throwing trans people and EU human rights law under the bus is not a vote winner.,,06/10/2025,mariapower.bsky.social,Bluesky,#speirgorm #Aras25,#speirgorm #Aras25,,,,,,,Positive
436,440,"ýýýý FINAL day of the sale, with reductions across the site including on already reduced print bundles - every print sold supports local art AND local weird women who wander the bogs at night searching for meaning and/or left-over sandwiches. Shop here: www.ciaraioch.com/artprints",,31/01/2026,brendanjharkin.bsky.social,Bluesky,,,,,,,,,Positive
437,441,"If you like my doodles, you can see them all over here www.instagram.com/ciaraioch/ If you don't like my doodles, I'm usually walking around Tralee and available to be hissed/booed at when convenient.",,21/08/2025,stephencward.com,Bluesky,,,,,,,,,Mixed
438,442,#Speirgorm,,19/01/2026,elaineedwards.bsky.social,Bluesky,#Speirgorm,,,,,,,,Mixed
439,443,#SpeirGorm,,16/11/2025,actual-intell.bsky.social,Bluesky,#SpeirGorm,,,,,,,,Mixed
440,444,Ah come on David - doesnï¿½ï¿½ï¿½t everyone love Sr Michael? And is it not too much to ask for your and your Iona gang to accept the trauma histories associated with religious orders in Ireland. What they did to women and children is well proven in the historical record. #spï¿,,11/02/2026,shibh.bsky.social,Bluesky,#spï¿½ï¿½ir,,,,,,,,Positive
441,445,"I might be somewhat marooned after yesterday's fun on the M9, but what a view here on the Copper Coast this morning #Waterford #Ireland #speirgorm",,17/02/2026,coreilly.bsky.social,Bluesky,#Waterford #Ireland #speirgorm,#Waterford #Ireland #speirgorm,#Waterford #Ireland #speirgorm,,,,,,Mixed
442,446,"Hi folks! Galway Game Jam is back again for another event, our third in 2025!Scan the QR code in the image, or use the below link to find out more details : galwaygamejam.com/galway-game-...#speirghorm #irishgamedev #speirgorm #indiedev #gamedev #irishcreatives #indiegame #gamejam",,04/09/2025,anotherocean.bsky.social,Bluesky,#speirghorm #irishgamedev #speirgorm #indiedev #gamedev #irishcreatives #indiegame #gamejam,#speirghorm #irishgamedev #speirgorm #indiedev #gamedev #irishcreatives #indiegame #gamejam,#speirghorm #irishgamedev #speirgorm #indiedev #gamedev #irishcreatives #indiegame #gamejam,#speirghorm #irishgamedev #speirgorm #indiedev #gamedev #irishcreatives #indiegame #gamejam,#speirghorm #irishgamedev #speirgorm #indiedev #gamedev #irishcreatives #indiegame #gamejam,#speirghorm #irishgamedev #speirgorm #indiedev #gamedev #irishcreatives #indiegame #gamejam,#speirghorm #irishgamedev #speirgorm #indiedev #gamedev #irishcreatives #indiegame #gamejam,#speirghorm #irishgamedev #speirgorm #indiedev #gamedev #irishcreatives #indiegame #gamejam,Mixed
443,447,"It is not an exaggeration to say that we should be acting on the climate crisis on the same scale that we would a war. It will cause that kind of damage. Instead, weï¿½ï¿½ï¿½re treating it as if itï¿½ï¿½ï¿½s a Tidy Towns competition.#Spï¿½ï¿½irGor",,05/11/2025,josefoshea.bsky.social,Bluesky,#Spï¿½ï¿½irGorm #ClimateCh,#Spï¿½ï¿½irGorm #ClimateCh,,,,,,,Negative
444,448,"Take me to the river,drop me in the waterDip me in the river,drop me in the waterWashing me down,washing me down.Talking Heads, 20th century#Photography #Wisdom #Poetry #SpeirGorm #StreetPhotography #India #ImageAndVerse #ArtOfBlueSky #PhotographersOfBlueSky #EastCoastKin #Scape #WaterScape",,21/11/2025,mikybartoli.bsky.social,Bluesky,#SPILL!,,,,,,,,Mixed
445,449,"As Dingle win the all Ireland club championship in Dublin with last kick of the game in extra time, this is Paddy Bawnï¿½ï¿½ï¿½s pub in Dingle #spe",,18/01/2026,louthforever.bsky.social,Bluesky,#speirgorm,,,,,,,,Positive
446,450,"Two days ago, disgraced pro-Russian, pro-Assad advocate of state terrorism former TD and former MEP Mick Wallace endorsed Catherine Connolly TD for Uachtarï¿½ï¿½n na hï¿½ï¿½ireann (President of #Ireland).The Connolly+Daly+Wallace connection should trouble everyone in Ireland. #spï¿½ï¿½irghor",,31/08/2025,ballerinax.bsky.social,Bluesky,#Ireland).The #spï¿½ï¿½irghorm #speir,#Ireland).The #spï¿½ï¿½irghorm #speir,#Ireland).The #spï¿½ï¿½irghorm #speir,,,,,,Negative
447,451,Sunrise over Scarr mountain.I was up early to start a long hike and got to watch the sun rise. It really is a treat watching the land wake up.#hiking #nature #photography #scape #landscape #sunrise #EastCoastKin #ColorADay #OrangeSun #Ireland #Spï¿½ï¿½ir,,14/09/2025,arik-2.bsky.social,Bluesky,#SPILL!,,,,,,,,Mixed
448,452,He was a member of FG.#Speirgorm,,18/06/2025,oisinmcgann.bsky.social,Bluesky,#Speirgorm,,,,,,,,Mixed
449,453,"Went out to Bray the other day, there's a swan sanctuary in the harbour. The most swans I've ever seen in one spot. It's not what you would call a relaxing place. ï¿½ï¿½ï¿½ï¿½#nature #photography #birds #SwanDay #EastCoastKin #Ireland #Sp",,17/08/2025,sdcushing.bsky.social,Bluesky,#nature #photography #birds #SwanDay #EastCoastKin #Ireland #Spï¿½ï¿½ir,#nature #photography #birds #SwanDay #EastCoastKin #Ireland #Spï¿½ï¿½ir,#nature #photography #birds #SwanDay #EastCoastKin #Ireland #Spï¿½ï¿½ir,#nature #photography #birds #SwanDay #EastCoastKin #Ireland #Spï¿½ï¿½ir,#nature #photography #birds #SwanDay #EastCoastKin #Ireland #Spï¿½ï¿½ir,#nature #photography #birds #SwanDay #EastCoastKin #Ireland #Spï¿½ï¿½ir,#nature #photography #birds #SwanDay #EastCoastKin #Ireland #Spï¿½ï¿½ir,,Mixed
450,454,"Cloudy ot not, using modern technology to allow us to continue to witness something the people who lived on our island built in connection with the seasons and the universe thousands of years ago is pretty cool, actually",,21/12/2025,robinedgar59.bsky.social,Bluesky,,,,,,,,,Positive
451,455,Hugely important work from our friends at @oxfamireland.bsky.social mapping the extreme concentration of the planet's wealth in the hands of a few eccentrics.#Spï¿½ï¿½irGormwww.irishtimes.com/business/20,,21/01/2026,seannorthridge.bsky.social,Bluesky,#Spï¿½ï¿½irGormwww.irishtimes.com/business/20,,,,,,,,Positive
452,456,"Have a look at a #painting. ""Cobh VI"" is not the first time I've painted the Cork harbour town, because I love its arrangement of shapes. The first time I went there it was the greyest day of my life, so I've been getting my own back on the weather ever since. #SpeirGorm #ArtYear",,19/02/2025,alishiningbrightly.bsky.social,Bluesky,#painting. #SpeirGorm #ArtYear,#painting. #SpeirGorm #ArtYear,#painting. #SpeirGorm #ArtYear,,,,,,Positive
453,457,Sometimes the best urban solutions are right there in front of usSometimes we might have to remove the barriers so everyone can see them#SpeirGorm,,24/02/2026,queen-crafty.bsky.social,Bluesky,#SpeirGorm,,,,,,,,Positive
454,458,"The selkie is a creature from Irish, Faroese and Scottish folklore who has the appearance of a seal in water, but sheds its skin to come ashore and reveal a human form. If a human finds the skin and hides it away, the selkie cannot return to the sea.Prints: www.ciaraioch.com/artprints/p/...",,24/11/2024,marielareveuse.bsky.social,Bluesky,,,,,,,,,Mixed
455,459,"A #painting. ""Main Street, Skibbereen"" came from a time I arrived in the west Cork town on a bicycle and these buildings were facing me. Since I had to decide left or right anyway, and I don't like decisions, I stayed there looking. I then painted it in my head, and turned right. #SpeirGorm #ArtYear",,05/04/2025,navalairhistory.com,Bluesky,#painting. #SpeirGorm #ArtYear,#painting. #SpeirGorm #ArtYear,#painting. #SpeirGorm #ArtYear,,,,,,Mixed
456,460,"Siege day 4 www.rte.ie/news/2026/04...Before you drive, check  www.tiitraffic.ieIn Dublin: @livedrive.dublincityfm.ie plus 103.2 FM, 7-10 am, 4-7pm. For Luas: www.luas.ie/travel-updat...Buses: www.dublinbus.ie/news/central...www.buseireann.ie/service-upda...Best of luck, #Spï¿½ï¿½ir",,10/04/2026,ealadubh.bsky.social,Bluesky,#Spï¿½ï¿½ir,,,,,,,,Positive
457,461,"Reject modernity, embrace tradition",,31/10/2025,amflynn.bsky.social,Bluesky,,,,,,,,,Mixed
458,462,"You there Irish person, if you haven't already yet go email your local Sinn Fï¿½ï¿½in candidate/councillor/TD and Party leader Mary Lou McDonald to give out to them for their kneejerk support of a puberty blockers ban for transgender youth in Northern Ireland. #Speirgorm #Spï¿½ï",,11/12/2024,alpacatears.bsky.social,Bluesky,#Speirgorm #Spï¿½ï¿½ir,#Speirgorm #Spï¿½ï¿½ir,,,,,,,Positive
459,463,"Have a hefty whack of unexpected medical and physio bills so I'm running a flash discount in the shop for the week - you can use the code BANJAXED at checkout on www.ciaraioch.com/artprints to get 10% off all orders. If you've had your eye on a print, please take it off, you're making it soggy.",,23/06/2025,lisatheriveter.bsky.social,Bluesky,,,,,,,,,Mixed
460,464,"ýýýý ciaraioch.com is now taking Christmas orders for prints, cards, and vouchers - each archival-quality print on heavy art paper is made in Ireland, ships internationally in eco-friendly packaging with discount tracked postage, and comes with a FREE card and treats for every customer ýýýý #SpýýirGorm",,03/12/2025,xylaleaf.bsky.social,Bluesky,#Spï¿½ï¿½ir,,,,,,,,Mixed
461,465,"Single people after Valentine's Day: Well, at least that's over.Kerry and Cork on Shrove Tuesday night: Hold my pancake",,17/02/2026,darach.bsky.social,Bluesky,,,,,,,,,Mixed
462,466,Snuck up on this heron at a lake last week. Managed a shot before I was spotted.#hiking #nature #photography #birds #Spï¿½ï¿½irGorm #EastCoastKin #Ire,,17/09/2025,wheelan.bsky.social,Bluesky,#hiking #nature #photography #birds #Spï¿½ï¿½irGorm #EastCoastKin #Ire,#hiking #nature #photography #birds #Spï¿½ï¿½irGorm #EastCoastKin #Ire,#hiking #nature #photography #birds #Spï¿½ï¿½irGorm #EastCoastKin #Ire,#hiking #nature #photography #birds #Spï¿½ï¿½irGorm #EastCoastKin #Ire,#hiking #nature #photography #birds #Spï¿½ï¿½irGorm #EastCoastKin #Ire,#hiking #nature #photography #birds #Spï¿½ï¿½irGorm #EastCoastKin #Ire,#hiking #nature #photography #birds #Spï¿½ï¿½irGorm #EastCoastKin #Ire,,Mixed
463,467,Kildare lead stretched out to six now!! #gaa #speirgorm,,08/06/2025,cathyby.bsky.social,Bluesky,#gaa #speirgorm,#gaa #speirgorm,,,,,,,Mixed
464,468,"This is misleading and not how Irish agriculture works. Homegrown produce here is a highly inefficient (beef!) export business to take advantage of higher foreign prices from an unearned aura of chemical-free wholesomeness, which is why we now import so much of e.g. the potatoes we eat #spï¿½ï¿½ir",,08/04/2026,emcreative.ie,Bluesky,#spï¿½ï¿½ir,,,,,,,,Mixed
465,469,"To be honest, I don't care how many go or what they say, so long as at least one of them goes to Minneapolis. That would be statement enough, I think #speirgorm",,27/01/2026,maoltuile.bsky.social,Bluesky,#speirgorm,,,,,,,,Mixed
466,470,Great episode from @annapr.bsky.social @tpspencer88.bsky.social + Darragh on this weekï¿½ï¿½ï¿½s ep of @climatealarmclock.bsky.social. They discuss #COP29 #GE2024 + #RTE giving precedence to issues like immigration over climate. That ï¿½ï¿½ï¿½8bn fine weï¿½ï¿½ï¿½re potentially facing isnï¿½ï¿½ï¿½t a prob,,27/11/2024,tpspencer88.bsky.social,Bluesky,#COP29 #GE2024 #RTE #SpeirGorm,#COP29 #GE2024 #RTE #SpeirGorm,#COP29 #GE2024 #RTE #SpeirGorm,#COP29 #GE2024 #RTE #SpeirGorm,,,,,Mixed
467,471,Might be of help today..  #speirgorm,,14/11/2025,drmcarley.bsky.social,Bluesky,#speirgorm,,,,,,,,Mixed
468,472,"If you believe that Simon Harris cares about anyone after how he treated Charlotte Fallon on camera in front of a crowd the other day, youï¿½ï¿½ï¿½re SORELY mistaken.#speirgorm",,25/11/2024,grouchymarx.bsky.social,Bluesky,#speirgorm #GE24,#speirgorm #GE24,,,,,,,Mixed
469,473,Email members of the committee and let them know that they NEED to include Services in their new OTB ï¿½ï¿½ï¿½ï¿½ï¿½ï¿½#speirgorm action.uplift.ie/cam,,04/07/2025,kev85.bsky.social,Bluesky,#speirgorm,,,,,,,,Mixed
470,474,"I somehow don't think Mï¿½ï¿½cheï¿½ï¿½l Martin will be saying very much ab""undocumented Irish"" in the White House next March.#speirgorm",,03/09/2025,ballerinax.bsky.social,Bluesky,#speirgorm,,,,,,,,Mixed
471,475,"Catherine Connolly saw a dog stretching and did not say ""oh big stretch"". #speirgorm",,10/10/2025,jc-ie.bsky.social,Bluesky,#speirgorm,,,,,,,,Mixed
472,476,"Remember when they wouldn't pass the Occupied Territories Bill because it would violate EU rules? Was Israel violating international law and committing a genocide an insufficiently ""acute"" situation? #Spï¿½ï¿½ir",,12/04/2026,imaculthero.bsky.social,Bluesky,#Spï¿½ï¿½ir,,,,,,,,Negative
473,477,"Indeed, Europe does stand for media freedom. However, the European Commission does not. #Palestine #Spï¿½ï¿½ir",,03/05/2025,mykomment.bsky.social,Bluesky,#Palestine #Spï¿½ï¿½ir,#Palestine #Spï¿½ï¿½ir,,,,,,,Mixed
474,478,"Time for a #painting so, a small one. I painted ""Sandymount Strand"" more for the shapes and pattern than the Dublin landmarks. If you're a fan of looking - and I don't mean in the Leopold Bloom manner - then the vastness of Sandymount is a wonder. #SpeirGorm #ArtYear #BlueSkyArtShow #GetOutside",,28/06/2025,ecksteinish.bsky.social,Bluesky,#painting #SpeirGorm #ArtYear #BlueSkyArtShow #GetOutside,#painting #SpeirGorm #ArtYear #BlueSkyArtShow #GetOutside,#painting #SpeirGorm #ArtYear #BlueSkyArtShow #GetOutside,#painting #SpeirGorm #ArtYear #BlueSkyArtShow #GetOutside,#painting #SpeirGorm #ArtYear #BlueSkyArtShow #GetOutside,,,,Positive
475,479,"The tall man he is talking to at the start of the video is Tom McDonnell, a Kildare County Councillor who ran on an exclusively anti immigrant ticket. Tom famously said, ï¿½ï¿½ï¿½women need to breed moreï¿½ï¿½ï¿½, as his solution to  the great replacement conspiracy theory",,08/04/2026,taryndevere.bsky.social,Bluesky,#speirgorm,,,,,,,,Positive
476,480,"Just out from visiting Dad in James's, really grateful to have all the foreign healthcare staff, the foreign catering staff, the foreign security guards etc etc without whom our healthcare system would collapse. #SpeirGorm",,16/02/2025,duineuasal.bsky.social,Bluesky,#SpeirGorm,,,,,,,,Positive
477,481,"This is what our governments should be planning for. Ireland imports 80% of our food, instead of talking about ï¿½ï¿½ï¿½defenceï¿½ï¿½ï¿½ and energy security letï¿½ï¿½ï¿½s do something about food se",,25/03/2026,cathyby.bsky.social,Bluesky,#SpeirGorm,,,,,,,,Mixed
478,482,When you see this reality & realise that all the gender critical ï¿½ï¿½ï¿½feministsï¿½ï¿½ï¿½ are still obsessed with who goes into bathrooms - a myth that never has or will become reality ï¿½ï¿½ï¿½easier to ignore where violence against women is actually happening -in the home #speirgormwww.irishtimes.c,,25/06/2025,windfola.bsky.social,Bluesky,#speirgormwww.irishtimes.com/ireland/soci...,,,,,,,,Negative
479,483,"For the uninitiated, these are Irish Throwing Stars, an ancient weapon wielded by St. Brigid during the 1916 Rising, striking fear into the hearts of the British, and responsible for the eventual smiting of both Cromwell and Thatcher.",,01/02/2026,caponatacommie.bsky.social,Bluesky,,,,,,,,,Mixed
480,484,"There's a REALLY quick and easy survey for the public consultation on the Basic Income for the Arts scheme - it only takes a few seconds, anyone can fill it in, and it could make a huge difference to arts workers in Ireland. Take a few ticks to places a few ticks here: ec.europa.eu/eusurvey/run...",,13/08/2025,pcerm.bsky.social,Bluesky,,,,,,,,,Mixed
481,485,Twister already seen in ballyheigue #SpeirGorm #StormEowyn,,23/01/2025,smileybadge.bsky.social,Bluesky,#SpeirGorm #StormEowyn,#SpeirGorm #StormEowyn,,,,,,,Mixed
482,486,The NMI are developing an LGBTQ+ tour for National Museum of Ireland at Collins Barracks & are seeking a researcher to work on drafting a script for the tour. Deadline for applications Fri 14th Feb - #speirgorm #queerhistory #irishhistory #history www.museum.ie/en-IE/Museum...,,10/02/2025,desertmerbabe.bsky.social,Bluesky,#speirgorm #queerhistory #irishhistory #history,#speirgorm #queerhistory #irishhistory #history,#speirgorm #queerhistory #irishhistory #history,#speirgorm #queerhistory #irishhistory #history,,,,,Mixed
483,487,Get to know the candidates: Who is Heather Humphrys? #Spï¿½ï¿½irgorm #ï¿½ï¿½ras2025 www.ontheditch.com/heather,,19/08/2025,aldunne.bsky.social,Bluesky,#Spï¿½ï¿½irgorm #ï¿½ï¿,#Spï¿½ï¿½irgorm #ï¿½ï¿,,,,,,,Mixed
484,488,"A reminder that doom-scrolling negatively affects us, so if the Irish fuel protests, Iran or the continued slaughter in Lebanon/Gaza are getting you down, log off for a little while and read a book or listen to some music.These issues will still be here when you get back.Mind yourself.  #speirgorm",,09/04/2026,ealadubh.bsky.social,Bluesky,#speirgorm,,,,,,,,Mixed
485,489,"Can people please repost this. Iï¿½ï¿½ï¿½m looking for Black Irish users ï¿½ï¿½ï¿½ï¿½ï¿½ï¿½ï¿½ï¿½ï¿½ï¿½ï¿½ï¿½ï¿½ï¿½ï¿½Could you please drop a reply so I can add you to a list #speirgorm*by Black Irish I mean has lived in Ireland not America",,14/01/2025,soapachu.bsky.social,Bluesky,#speirgorm*by,,,,,,,,Positive
486,490,"Saying that it's ""too hard"" to get on the Irish president ballot when an independent woman got the entire Irish left to back her, got the biggest vote ever and beat two historically dominant parties is not just wrong - it is breathtakingly offensive and outrageously dishonest. #Aras25 #Speirgorm",,26/10/2025,annstapleton.bsky.social,Bluesky,#Aras25 #Speirgorm,#Aras25 #Speirgorm,,,,,,,Negative
487,491,The original of that painting of a Connemara Cottage went to a good home but Art Prints of it are available here: www.redbubble.com/i/art-print/... #SpeirGorm,,02/07/2025,sugarcubedog.bsky.social,Bluesky,#SpeirGorm,,,,,,,,Positive
488,492,I've just signed this petition calling for a ban on unethical dove releases at funerals and events in Ireland. Will you sign too? #SpeirGorm my.uplift.ie/petitions/ba... @uplift-ireland.bsky.social,,30/04/2025,siobhanmcelduff.bsky.social,Bluesky,#SpeirGorm,,,,,,,,Mixed
489,493,ýýýý Amazing Resource Alert ýýýý A brilliant evidence-based pdf sheet to print-out and hand in to your #GP or anyone questioning your mask-wearing!!Thanks @drseanmullen.bsky.social ýýýý#LongCovid #LongCovidAwareness #Speirgorm #Spýýirgorm #pwLC #GeneralPractice #Cleanair #PublicHealth,,08/05/2025,dreoilinbeag.bsky.social,Bluesky,#SPILL!,,,,,,,,Positive
490,494,"Thanks to Lee for this. I think of the horror of Kincora often and I don't think it has enough of a place in public consciousness. Too easy to think of Epstein as ""over there"" but abuse of the vulnerable is ingrained in all systems of power. #speirgorm",,07/02/2026,siobhanmcelduff.bsky.social,Bluesky,#speirgorm,,,,,,,,Positive
491,495,Trying to clear my head from the #FuelProtests and turning to the Squeeeee!!! This is the D&D content we are all here for!!! Cuuuuteness!!! #Art #Fantasy #D&D #Kajit #Cute #Gamer #TTRPG #Skyrim #Gaming #SpeirGorm #Spï¿½ï¿½irGhorm #Spï¿½ï¿½irGhorm #Di,,12/04/2026,gamingnews-rt.bsky.social,Bluesky,#SPILL!,,,,,,,,Mixed
492,496,"Have yourself a #painting ""Bertraghboy Bay 2"" is the second of a series of 5 very heavily textured paintings I did of a bay in County Galway as I saw it on what was probably my greatest day ever on a bicycle in Ireland. Plus, you know, sheep. #SpeirGorm #ArtYear",,07/05/2025,9roovy.bsky.social,Bluesky,#painting #SpeirGorm #ArtYear,#painting #SpeirGorm #ArtYear,#painting #SpeirGorm #ArtYear,,,,,,Positive
493,497,"Responding to criticism, a member of The Fuel Industry Lobby group said, ""We prefer the term 'racketeering', as it sounds classier""#Speirgorm",,07/03/2026,pompompastel.bsky.social,Bluesky,#Speirgorm,,,,,,,,Mixed
494,498,"Sharing again, because we still haven't passed the threshold. We are at 77%.  This petition is really important. Sign, share and make sure others sign, please. ï¿½ï¿½ï¿½ï¿½eci.ec.europa.eu/055/public#Speirgorm #Speirghorm#JusticeForP",,27/01/2026,harrymckillen.com,Bluesky,#Speirgorm #Speirghorm #JusticeForPalestine,#Speirgorm #Speirghorm #JusticeForPalestine,#Speirgorm #Speirghorm #JusticeForPalestine,,,,,,Positive
495,499,This seems like madness #Spï¿½ï¿½ir,,15/04/2026,sharrow.eurosky.social,Bluesky,#Spï¿½ï¿½ir,,,,,,,,Mixed
496,500,"Shergar, being ridden by Lord Lucan.#Spï¿½ï¿½irGorm#Sam",,27/10/2025,belgraviacalling.bsky.social,Bluesky,#Spï¿½ï¿½irGorm #Sam,#Spï¿½ï¿½irGorm #Sam,,,,,,,Mixed
497,501,Itï¿½ï¿½ï¿½s brilliant to see people from Irish Higher Ed joining BlueSky #speirgorm - hereï¿½ï¿½ï¿½s the starter pack for staff in Learning Technology. @kenmccarthy7.bsky.social @sharonlflynn,,01/11/2024,uilliammac.bsky.social,Bluesky,#speirgorm,,,,,,,,Positive
498,502,"Do you like true stories about place and purpose, nature-adjacent writing, quiet transformations?Parents, teachers, and anyone curious about how environments change us.You might like ï¿½ï¿½ï¿½The quiet acre - an Irish garden memoirï¿½ï¿½ï¿½Coming soon!  #naturewriting ï¿½ï¿½ï¿½ï¿½ #speirgorm g",,17/11/2025,gardeningwell.ie,Bluesky,#naturewriting #speirgorm,#naturewriting #speirgorm,,,,,,,Mixed
499,503,"#speirgorm let's unite in boycotting Amazon. I see various people putting lists of alternatives together, @mikemcgb.bsky.social has one going.",,19/03/2025,davidmccullough.bsky.social,Bluesky,#speirgorm,,,,,,,,Mixed
500,504,Happy winter solstice 2024 #speirgorm www.rte.ie/news/ireland...,,21/12/2024,fionam1966.bsky.social,Bluesky,#speirgorm,,,,,,,,Positive
501,505,"Last word on Jim Gavin-the former tenant & money story was important but his lack of answer/evasion around the #womenofhonour question is more revealing for me- both of Gavin & the media.The media ran with the money,the issue of violence against women,nothing, just ignored,typical #aras25 #speirgorm",,06/10/2025,lynbw.bsky.social,Bluesky,#womenofhonour #aras25 #speirgorm,#womenofhonour #aras25 #speirgorm,#womenofhonour #aras25 #speirgorm,,,,,,Mixed
502,506,Yesterday I went to Clonmel Pride. It is so lovely to go to smaller Pride events. Might have been less than 100 in the parade but there was still a lot of support from the sidelines. #speirgorm,,20/07/2025,madmichael1961.bsky.social,Bluesky,#speirgorm,,,,,,,,Positive
503,507,"They stuck to the deal - two votes, one (returned) ministry. #Speirgorm",,14/04/2026,debhruin.bsky.social,Bluesky,#Speirgorm,,,,,,,,Mixed
504,508,"This isnï¿½ï¿½ï¿½t a war. Itï¿½ï¿½ï¿½s a genocide. Over 54,000 people in Gaza killed. The EU still rewards Israel with a 16Bï¿½ï¿½ï¿½/year trade deal. We can help suspend it ï¿½ï¿½ï¿½ sign the petition now! share.myvoice-mychoice.org/s/NZpjALVB#Spï¿½",,11/07/2025,caitrionas.bsky.social,Bluesky,#Spï¿½ï¿½irgorm #EU #FreePales,#Spï¿½ï¿½irgorm #EU #FreePales,#Spï¿½ï¿½irgorm #EU #FreePales,,,,,,Negative
505,509,"ýýýý The sold-out Christmas cards are now back for a FINAL limited time restock, grab 'em before they're gone! #SpýýirGormbsky.app/profile/ciar...",,12/12/2025,theravenof.bsky.social,Bluesky,#Spï¿½ï¿½irGormbsky.app/profile/cia,,,,,,,,Mixed
506,510,Signing this means giving up our right to criticize Israel without being labeled antisemitic. FF went from promising to sign the Occupied Territories Bill to backing out & now theyï¿½ï¿½ï¿½re signing this instead. Itï¿½ï¿½ï¿½s an absolute betrayal of Irish values. Shame on any politician supporting this,,06/02/2025,janette.bsky.social,Bluesky,#SpeirGorm,,,,,,,,Positive
507,511,"Thread: Important article on the status of trans people in Ireland by Jenny Maguire, President of Trinity College Studentsï¿½ï¿½ï¿½ Union. Jenny is one of my heroines & a major voice in civil society.ï¿½ï¿½ï¿½I'm trans, but few politicians would now utter that word, let alone advocate for usï¿½ï¿½ï¿½",,17/02/2025,mcchouffe.bsky.social,Bluesky,#SpeirGorm #LGBTQ,#SpeirGorm #LGBTQ,,,,,,,Positive
508,512,Man arrested after Ballymena 'spread with slurry overnight' ahead of town's first Pride parade -Proof if proof were needed that Pride is still necessary #speirgorm #pride2025 jrnl.ie/6746206,,28/06/2025,sophyhiggins.bsky.social,Bluesky,#speirgorm #pride2025,#speirgorm #pride2025,,,,,,,Mixed
509,513,"Survey of councillors shows no support for Conor McGregor presidential run - except for one @fiannafailparty.bsky.social councillor in Sligo who said it was too early to say whether heï¿½ï¿½ï¿½d vote for an abuser of women or not! There is always one, eh! #speirgorm www.irishtimes.com/ireland/2",,29/03/2025,burg3rtime.bsky.social,Bluesky,#speirgorm,,,,,,,,Mixed
510,514,"A beautiful example of the Clï¿½ï¿½ Gaelach font used on older Irish road signs. It really made the original name seem important; whilst looking otherworldly, like a magic word.Whereas the Italic typeface we use now makes them seems like a footnote, a curiosity to be quickly forgotten. #speir",,31/03/2025,tggleeson.bsky.social,Bluesky,#speirgorm,,,,,,,,Positive
511,515,#SpeirGorm #ï¿½ï¿½ras,,06/10/2025,graapples.bsky.social,Bluesky,#SpeirGorm #ï¿½ï¿½ras,#SpeirGorm #ï¿½ï¿½ras,,,,,,,Mixed
512,516,Ah Lads #speirgorm would ya be well?,,22/09/2025,rogerokeeffe.bsky.social,Bluesky,#speirgorm,,,,,,,,Mixed
513,517,We absolutely need these sort of short lets regulated.They absolutely part of the housing emergency. #Speirgormwww.breakingnews.ie/world/spanis...,,03/06/2025,eslsys.bsky.social,Bluesky,#Speirgormwww.breakingnews.ie/world/spanis...,,,,,,,,Mixed
514,518,Cos this is how you act in a housing emergency of your own deliberate creation #speirgorm,,22/02/2026,ernekid.bsky.social,Bluesky,#speirgorm,,,,,,,,Mixed
515,519,"RIP - a great woman whose courageous challenge in the courts gave to Irish women the first steps towards control of their own reproductive bodies. Rest in power, Mrs McGee #speirgorm",,29/10/2025,patrickjmb.bsky.social,Bluesky,#speirgorm,,,,,,,,Positive
516,520,"ýýýýOur special #NovaGuestlist Gig of the Week is @alazarussoul.bsky.social's triumphant return to #vicarstreet this Friday 18th!ýýýýýýýCheck out the Dublin legends celebrate recent album ""No Flowers Grow In Cement Gardens""! #Speirgorm",,13/04/2025,alazarussoul.bsky.social,Bluesky,#NovaGuestlist #vicarstreet #Speirgorm,#NovaGuestlist #vicarstreet #Speirgorm,#NovaGuestlist #vicarstreet #Speirgorm,,,,,,Positive
517,521,Christmas Day Sunrise in the #Dublin hills.#hiking #Ireland #Spï¿½ï¿½irGorm #outdoors #nature #photography #scape #lands,,03/02/2025,pierpaolo.bsky.social,Bluesky,#SPILL!,,,,,,,,Mixed
518,522,Happy Anniversary Corks non-Event Centre10 years on from 'turning the sod' developer BAMs PR from that day in 2016 is revealingWho'd have thought such an attention seeking stunt led by Fine Gael & grabbed by Labour & Sinn Fï¿½ï¿½in would come to represent so much that is wrong#speir,,12/02/2026,chasman1888.bsky.social,Bluesky,#speirgorm,,,,,,,,Mixed
519,523,"Again FF & FG have #supergluedpockets when it comes to the State looking after people.Another FF & FG failure.Irish Wheelchair Association says people with disabilities ï¿½ï¿½ï¿½1,400 worse off after Budget 2026 jrnl.ie/6861922#speirgorm #Irishpolitics #disa",,31/10/2025,teagmhail.bsky.social,Bluesky,#supergluedpockets #speirgorm #Irishpolitics #disability,#supergluedpockets #speirgorm #Irishpolitics #disability,#supergluedpockets #speirgorm #Irishpolitics #disability,#supergluedpockets #speirgorm #Irishpolitics #disability,,,,,Negative
520,524,"Sharing again, because we still haven't passed the threshold. We are at 77%.  This petition is really important. Sign, share and make sure others sign, please. ï¿½ï¿½ï¿½ï¿½eci.ec.europa.eu/055/public#Speirgorm #Speirghorm#JusticeForP",,27/01/2026,fiadhwild.bsky.social,Bluesky,#Speirgorm #Speirghorm #JusticeForPalestine,#Speirgorm #Speirghorm #JusticeForPalestine,#Speirgorm #Speirghorm #JusticeForPalestine,,,,,,Positive
521,525,"#OTD 10 April 1998, the Good Friday Agreement was signed, marking a step towards ending decades of violence in Northern Ireland.#Spï¿½ï¿½irGhorm #speirgorm #IrishHis",,10/04/2026,oisinmcgann.bsky.social,Bluesky,#OTD #Spï¿½ï¿½irGhorm #speirgorm #IrishHis,#OTD #Spï¿½ï¿½irGhorm #speirgorm #IrishHis,#OTD #Spï¿½ï¿½irGhorm #speirgorm #IrishHis,#OTD #Spï¿½ï¿½irGhorm #speirgorm #IrishHis,,,,,Mixed
522,526,"The people of Ireland have spoken, and I, for one, couldn't be more delighted. Yet again, we have elected a humanitarian with the utmost integrity. Today, I'm proud to be Irish. ï¿½ï¿½ï¿½ï¿½ï¿½ï¿½ï¿½ï¿½#Spï¿½",,25/10/2025,thrilloilogy.bsky.social,Bluesky,#Spï¿½ï¿½irGorm #ï¿½ï¿,#Spï¿½ï¿½irGorm #ï¿½ï¿,,,,,,,Positive
523,527,"I used to use Photobucket to host images. They put up a paywall, so I lost access to images. I got an email from them offering me access again for a fiver a month. I sent them a GDPR request under Article 15. I got all my lost images for free in one handy folder. #speirgorm",,12/02/2026,drkevguitar.bsky.social,Bluesky,#speirgorm,,,,,,,,Mixed
524,528,"The Kelleher-Scales-Parrott combination for the winning goal will forever be known as the ""Cork-Dublin Expressway"". #COYBIG #HUNIRL #speirgorm",,16/11/2025,deecf.bsky.social,Bluesky,#COYBIG #HUNIRL #speirgorm,#COYBIG #HUNIRL #speirgorm,#COYBIG #HUNIRL #speirgorm,,,,,,Positive
525,529,"You do not have to be good.You do not have to walkon your knees for a hundred milesthrough the desert repenting.You only have to let the soft animalof your body love what it loves.Mary Oliver, 20th century#Photography #Poetry #SpeirGorm #ImageAndVerse #PhotographersOfBlueSky #EastCoastKin",,28/11/2025,azgibsonz.bsky.social,Bluesky,#Photography #Poetry #SpeirGorm #ImageAndVerse #PhotographersOfBlueSky #EastCoastKin,#Photography #Poetry #SpeirGorm #ImageAndVerse #PhotographersOfBlueSky #EastCoastKin,#Photography #Poetry #SpeirGorm #ImageAndVerse #PhotographersOfBlueSky #EastCoastKin,#Photography #Poetry #SpeirGorm #ImageAndVerse #PhotographersOfBlueSky #EastCoastKin,#Photography #Poetry #SpeirGorm #ImageAndVerse #PhotographersOfBlueSky #EastCoastKin,#Photography #Poetry #SpeirGorm #ImageAndVerse #PhotographersOfBlueSky #EastCoastKin,,,Positive
526,530,Ireland still has a habit of framing environmental concerns as softies like myself caring too much about the snails that live where people want to build a motorway. The truth is we need environmental protection to ensure our country remains habitable - for us. #spï¿½ï¿½ir,,09/04/2026,richycraven.bsky.social,Bluesky,#spï¿½ï¿½ir,,,,,,,,Mixed
527,531,Aiming for a Brambly Hedge-ish January,,03/01/2026,amockingbird.bsky.social,Bluesky,,,,,,,,,Mixed
528,532,Best of luck to Micheï¿½ï¿½l tomorrow in the Oval Office #spï¿½ï,,16/03/2026,paddyoloughlin.bsky.social,Bluesky,#spï¿½ï¿½ir,,,,,,,,Positive
529,533,"While I go pour more tea, here's a #painting earlier - a few years earlier. ""Pine Island"" I painted because I find the iconic scene of Connemara's Lough Derryclare irresistible so have painted it a few times. Knowing me I'll paint it again.  #SpeirGorm #BlueSkyArtShow #ArtYear",,08/02/2025,weeboss.bsky.social,Bluesky,#painting #SpeirGorm #BlueSkyArtShow #ArtYear,#painting #SpeirGorm #BlueSkyArtShow #ArtYear,#painting #SpeirGorm #BlueSkyArtShow #ArtYear,#painting #SpeirGorm #BlueSkyArtShow #ArtYear,,,,,Positive
530,534,"Ah FFS, in the ultimate of who cares anymore the very first guest on David McCullaghï¿½ï¿½ï¿½s is Ivan Yates. Yates just needs to be ignored, he is an ignoramus and a buffoon. Heï¿½ï¿½ï¿½s already used that most idiotic of phrases ï¿½ï¿½ï¿½anti-w",,10/11/2025,lynnok.bsky.social,Bluesky,#speirgorm,,,,,,,,Mixed
531,535,You guise !!!! My baby is starting at her new school today! I was cool as a cucumber until she went in and now Iï¿½ï¿½ï¿½m in a full panic but Iï¿½ï¿½ï¿½m also proud of her and omg sheï¿½ï¿½ï¿½s so cute in her uniform ï¿½ï¿½ï¿½ï¿½ï¿½ï¿½ï¿½ï¿½ï¿½ï¿½ï¿½ï¿,,26/08/2025,michelletheaflack.bsky.social,Bluesky,#speirgorm,,,,,,,,Positive
532,536,"I'm getting more and more annoyed at shitbags telling everyone to ""Get the train"" when they post on socials asking how they can get to their job. Mainly healthcare workers asking and this is the response they get. Just discovered my wee town is gonna be blocked off both sides tomorrow. ï¿½ï¿½ï¿½ï¿½ #S",,11/04/2026,lynnok.bsky.social,Bluesky,#SpeirGorm,,,,,,,,Negative
533,537,We are delighted to announce that our second Emerging Scholars Blog is now available to read on our site. Congratulations to Dr Caitlï¿½ï¿½n Smith for writing this wonderful piece. #spï¿½ï¿½irgorm #womenshistorywomenshistoryassociation.com/whai-em,,22/06/2025,djrgrey.bsky.social,Bluesky,#spï¿½ï¿½irgorm #womenshistorywomenshistoryassociation.com/whai-emergi,#spï¿½ï¿½irgorm #womenshistorywomenshistoryassociation.com/whai-emergi,,,,,,,Positive
534,538,"Wee cartoony doodle of a selection of Ireland's animal life with a few of our native trees and plants, accompanied by a bitteen of Gaeilge in a script inspired by seanchlï¿½ï¿½ ï¿½ï¿½ï¿½ï¿½Prints: www.ciaraioch.com/artprints/p/...Discount bundle: www.ciaraioch.com/art",,14/12/2025,alxjea.bsky.social,Bluesky,,,,,,,,,Positive
535,539,December 25 is just about the only day when electricity demand in Ireland peaks around lunchtime rather than in the evening ï¿½ï¿½ï¿½ï¿½When else can you expect this behaviour? Easter Sunday. We love our roasts! ï¿½ï¿½ï¿½ï¿½Renewables supplied over half of this year's Christmas Day electricit,,26/12/2025,kevinleecaster.bsky.social,Bluesky,#SpeirGorm,,,,,,,,Positive
536,540,"Everybody needs good neighbours.With a little understanding,You can find the perfect blend.That's when good neighboursbecome good friends.Barry Crocker, 20th century#Photography #Poetry #SpeirGorm #StreetPhotography #Caturday #ImageAndVerse #ArtOfBlueSky #PhotographersOfBlueSky #EastCoastKin",,15/11/2025,thebluemango.in,Bluesky,#SPILL!,,,,,,,,Positive
537,541,ýýýýýýýýýýýýýýýýýýýýýýýýýýýýýýýýýýýýýýýýýýýýýýýýýýýýýýýýýýýýýýýýýýýý ýýýýýýýýýýýýýýýýýýýýýýýý:ýýýýýýýýýýýý ýýýýýýýýýýýýýýýý ýýýýýýýýýýýý ýýýýýýýýýýýýýýýýýýýý ýýýýýýýýýýýýýýýýýýýýýýýýýýýýýýýý ýýýýýýýýýýýýýýýýýýýýýýýýýýýýýýýý ýýýýýýýýýýýýýýýýýýýýýýýýýýýýýýýýýýýýýýýýýýýýý ýýýýýýýýýýýýýýýýýýýý ýýýýýýýýýýýýýýýýýýýýýýýýýýýýýýý ýýýýýýýýýýýý ýýýýýýýýýýýýýýýýýýýýýýýý ýýýýýýýýýýýýýýýýýýýýýýýýýýýýýýýý ýýýýýýýý ýýýýýýýýýýýý ýýýýýýýýýýýýýýýýýýýýLISTENtr.ee/GildedAOTWsp...ýýýý@matadorrecords.bsky.social #IrishBluesky #speirgorm #musicsky #aotw,,17/11/2025,gildedalm.com,Bluesky,#IrishBluesky #speirgorm #musicsky #aotw,#IrishBluesky #speirgorm #musicsky #aotw,#IrishBluesky #speirgorm #musicsky #aotw,#IrishBluesky #speirgorm #musicsky #aotw,,,,,Mixed
538,542,"Bought this on a whim in a charity shop the other day. Didnï¿½ï¿½ï¿½t catch the bottom of it. The mount and ï¿½ï¿½ï¿½messageï¿½ï¿½ï¿½ is on this side of the glass, not inside. Which is weird even before we get to the message. Is it bad luck to just remove the",,27/08/2025,caitrionas.bsky.social,Bluesky,#Speirgorm,,,,,,,,Negative
539,543,"Find a dark spot away from street lights the experts tell us.""Light pollution is the enemy of aurora photography"" The Northern Lights and artificial light from the villages on the #Waterford Estuary Jan26#AlphabetChallenge#WeekLForLayers#Photography#EastCoastKin#NorthernLights#Speirgorm",,28/03/2026,feliciasart.bsky.social,Bluesky,#Waterford #AlphabetChallenge #WeekLForLayers #Photography #EastCoastKin #NorthernLights #Speirgorm,#Waterford #AlphabetChallenge #WeekLForLayers #Photography #EastCoastKin #NorthernLights #Speirgorm,#Waterford #AlphabetChallenge #WeekLForLayers #Photography #EastCoastKin #NorthernLights #Speirgorm,#Waterford #AlphabetChallenge #WeekLForLayers #Photography #EastCoastKin #NorthernLights #Speirgorm,#Waterford #AlphabetChallenge #WeekLForLayers #Photography #EastCoastKin #NorthernLights #Speirgorm,#Waterford #AlphabetChallenge #WeekLForLayers #Photography #EastCoastKin #NorthernLights #Speirgorm,#Waterford #AlphabetChallenge #WeekLForLayers #Photography #EastCoastKin #NorthernLights #Speirgorm,,Mixed
540,544,Closing date for this raffle is tomorrow at midnight. So if youï¿½ï¿½ï¿½d like to win a painting by me by help a family in a Gaza then enter now! (And your chances of winning are VERY good)Details to enter in the thread below. #SpeirGorm #Spï¿½ï¿½irGhorm #Palestine ,,20/10/2025,alimack13.bsky.social,Bluesky,#SpeirGorm #Spï¿½ï¿½irGhorm #Palestine #GazaF,#SpeirGorm #Spï¿½ï¿½irGhorm #Palestine #GazaF,#SpeirGorm #Spï¿½ï¿½irGhorm #Palestine #GazaF,#SpeirGorm #Spï¿½ï¿½irGhorm #Palestine #GazaF,,,,,Positive
541,545,"While I do the hoovering have a goo at a #painting. ""Sheep, Stone Wall II"" came from when I would often walk with my little dog past sheep and stone walls, stopping for a chat with the woolly creatures, if only to discuss the weather - which on this particular time was yellow. #SpeirGorm #JanuArty",,18/01/2025,earthlingnoreally.bsky.social,Bluesky,#painting. #SpeirGorm #JanuArty,#painting. #SpeirGorm #JanuArty,#painting. #SpeirGorm #JanuArty,,,,,,Mixed
542,546,"Ring the bells that still can ring,forget your perfect offering,there is a crack, a crack in everything,that's how the light gets in.Leonard Cohen, 21st century #Photography #SpeirGorm #StreetPhotography #ImageAndVerse #India #RamanaMaharshi #Ashram #PhotographersOfBlueSky #EastCoastKin",,03/01/2026,ivogatzinski.bsky.social,Bluesky,#SPILL!,,,,,,,,Positive
543,547,"I'm >15 years warning Irish politicians, media houses and journalists of the dangers posed by the far right, and not one of them has ever bothered to listen to me, instead choosing to make the same mistakes as every other European countrySpoiler: It's going to get much, much worse. #speirgorm",,09/04/2026,lamhfada.bsky.social,Bluesky,#speirgorm,,,,,,,,Negative
544,548,"For the uninitiated, these are Irish Throwing Stars, an ancient weapon wielded by St. Brigid during the 1916 Rising, striking fear into the hearts of the British, and responsible for the eventual smiting of both Cromwell and Thatcher.",,01/02/2026,dlored.bsky.social,Bluesky,,,,,,,,,Mixed
545,549,"ýýýý Little daily thread of some gift ideas from me aul shop/siopa from now until d'Christmas.This hard-working canine companion warms themself by a familiar range in this watercolour and pencil illustration of a well-loved, cosy, rural Irish kitchen.Prints: www.ciaraioch.com/artprints/p/...",,05/12/2025,spetsdad.bsky.social,Bluesky,,,,,,,,,Positive
546,550,"The Irish Government have admitted that their new law, which looks to dismantle the Triple Lock, would have allowed us to go to War in Iraq.We must protect our neutrality and keep the Triple Lock #speirgorm",,20/06/2025,robosullivan.bsky.social,Bluesky,#speirgorm,,,,,,,,Mixed
547,551,Ireland will not compete in Eurovision 2026 after Israel allowed to remain in competition jrnl.ie/6893728#spï¿½ï¿½ir,,04/12/2025,diceanddinosaurs.bsky.social,Bluesky,#spï¿½ï¿½ir,,,,,,,,Mixed
548,552,"Current voters and voters under the new rules (the seven traditional universities, the technical universities, the institutes of technology, the National College of Art and Design and the Royal College of Surgeons in Ireland) all need to register before 23 Jan '25 at seanadvoter.ie #speirgorm",,30/12/2024,wyvernfriend.bsky.social,Bluesky,#speirgorm,,,,,,,,Mixed
549,553,"Thanks to Heritage Council funding, digital versions of these parish registers will soon be online. And the precious records of St Luke's Douglas can move from a damp old building to a temperature-controlled archive. #Speirgorm #Ireland ï¿½ï¿½ï",,25/11/2025,rantycat.bsky.social,Bluesky,#Speirgorm #Ireland,#Speirgorm #Ireland,,,,,,,Positive
550,554,"Attention #SpeirGorm - you probably have a ""green bin"". You'll notice it's not called a ""recycling bin"". The overwhelming majority of what's in that bin gets incinerated, not recycled. Yet more #GreenWashing for the benefit of the plastic packaging industry.",,20/03/2026,jasonroche.bsky.social,Bluesky,#SpeirGorm #GreenWashing,#SpeirGorm #GreenWashing,,,,,,,Mixed
551,555,"If you were happy to see the unified opposition working together to get Catherine Connolly elected, I strongly encourage you to write a thank you email to your local rep from each of those parties, as well as the party leader. Reassure them that continued cooperation will benefit them #spï¿½ï¿½ir",,28/10/2025,werslabber.bsky.social,Bluesky,#spï¿½ï¿½ir,,,,,,,,Positive
552,556,"Can people please repost this. Iï¿½ï¿½ï¿½m looking for Black Irish users ï¿½ï¿½ï¿½ï¿½ï¿½ï¿½ï¿½ï¿½ï¿½ï¿½ï¿½ï¿½ï¿½ï¿½ï¿½Could you please drop a reply so I can add you to a list #speirgorm*by Black Irish I mean has lived in Ireland not America",,14/01/2025,shaneconneely.bsky.social,Bluesky,#speirgorm*by,,,,,,,,Positive
553,557,#speirgorm,,17/11/2025,keith1275.bsky.social,Bluesky,#speirgorm,,,,,,,,Mixed
554,558,"#speirgorm Lyme disease is in Ireland too so do be aware. Friend has it, it's not nice.",,11/07/2025,libertiesbelle.bsky.social,Bluesky,#speirgorm,,,,,,,,Mixed
555,559,"Jesus, but I'll miss Michael D when his term is up. I think it'll be a fair while before we have anyone who lives up to him in the ï¿½ï¿½ras again. #Spï¿½ï",,20/12/2024,kazzdee.bsky.social,Bluesky,#Spï¿½ï¿½ir,,,,,,,,Mixed
556,560,www.facebook.com/share/v/19Gg...A doctors harrowing account of trying to offer medical assistance in Gaza#speirgorm,,14/04/2025,sharrow.bsky.social,Bluesky,#speirgorm,,,,,,,,Positive
557,561,"Bullshit, pure bullshit.FF & FG looking someone, anyone to blame for thier failures.Plenty of other EU countries have tenants rights, long term leases, State owned social housing and rent control.#speirgorm #supergluedpockets",,02/11/2025,robosullivan.bsky.social,Bluesky,#speirgorm #supergluedpockets,#speirgorm #supergluedpockets,,,,,,,Negative
558,562,ýýýýýýnew independent releasesýýýýýýout nowýýýýýýTHE MOONLANDINGZMARIA SOMERVILLEJENSEN McRAEADRIANNE LENKERTOM HICKOXREBEKKA KARIJORDFEMI KUTIBILLY IDOLJAKOJAKOSIMPLE MINDSýýýýýýlisten / watchlinktr.ee/gildedalmýýýýýý#IrishBluesky #speirgorm #musicsky #musicýýýýýý,,25/04/2025,davegildedalm.bsky.social,Bluesky,#IrishBluesky #speirgorm #musicsky #musicï¿½ï¿½,#IrishBluesky #speirgorm #musicsky #musicï¿½ï¿½,#IrishBluesky #speirgorm #musicsky #musicï¿½ï¿½,#IrishBluesky #speirgorm #musicsky #musicï¿½ï¿½,,,,,Mixed
559,563,Delighted to be giving a workshop at this year's @dinglelit.bsky.social #spï¿½ï¿½irgorm #writingcommunity #boo,,17/09/2025,dinglelit.bsky.social,Bluesky,#spï¿½ï¿½irgorm #writingcommunity #boo,#spï¿½ï¿½irgorm #writingcommunity #boo,#spï¿½ï¿½irgorm #writingcommunity #boo,,,,,,Positive
560,564,"This is a long shot, but I'm in Limerick regional hospital with my mum and she'd be a lot more comfortable with an electric fan but the hospital doesn't have one to spare. Would anybody out there have one I could borrow?#Spï¿½ï¿½irGhorm #Spï¿½ï",,17/11/2025,siobhanmcelduff.bsky.social,Bluesky,#Spï¿½ï¿½irGhorm #Spï¿½ï,#Spï¿½ï¿½irGhorm #Spï¿½ï,,,,,,,Mixed
561,565,"New #hospital study:ï¿½ï¿½ï¿½Air cleaners showed an effective reduction of air viral load, reaching 98.1 %.ï¿½ï¿½ï¿½ ï¿½ï¿½ï¿½ï¿½ï¿½ï¿½www.sciencedirect.com/science/arti...#CleanAir #SpeirGorm #LongCovid #PublicHealthIreland",,25/04/2025,lcpw.bsky.social,Bluesky,#hospital #CleanAir #SpeirGorm #LongCovid #PublicHealthIreland,#hospital #CleanAir #SpeirGorm #LongCovid #PublicHealthIreland,#hospital #CleanAir #SpeirGorm #LongCovid #PublicHealthIreland,#hospital #CleanAir #SpeirGorm #LongCovid #PublicHealthIreland,#hospital #CleanAir #SpeirGorm #LongCovid #PublicHealthIreland,,,,Mixed
562,566,"My sister just messaged me to say she's on a train & the woman opposite her is reading The Book of Gold. Like ï¿½ï¿½ï¿½ï¿½ It's in the wild, not on a bookshop shelf waiting but out there being read by a randomer. I mean A LOVELY READER. Is this reality?#FeralGold #TheBookOfGold #speirgorm ",,13/12/2024,lianabrooks.bsky.social,Bluesky,#FeralGold #TheBookOfGold #speirgorm #booksky,#FeralGold #TheBookOfGold #speirgorm #booksky,#FeralGold #TheBookOfGold #speirgorm #booksky,#FeralGold #TheBookOfGold #speirgorm #booksky,,,,,Positive
563,567,ýýýýREMINDERýýýýOnline support meeting for spouses/partners & parents is this coming Sunday 25th May at 7pm.Those on our mailing list will receive the link or you can email us to request the link.#LongCovid #pwLC #SpeirGorm #SpýýirGorm #LongCovidSupport,,22/05/2025,theskylark.bsky.social,Bluesky,#LongCovid #pwLC #SpeirGorm #Spï¿½ï¿½irGorm #LongCovidSup,#LongCovid #pwLC #SpeirGorm #Spï¿½ï¿½irGorm #LongCovidSup,#LongCovid #pwLC #SpeirGorm #Spï¿½ï¿½irGorm #LongCovidSup,#LongCovid #pwLC #SpeirGorm #Spï¿½ï¿½irGorm #LongCovidSup,#LongCovid #pwLC #SpeirGorm #Spï¿½ï¿½irGorm #LongCovidSup,,,,Positive
564,568,"Jaysus Mickey McDowell calling for the return of the Ra wasn't on my 2025 bingo card, but here we are apparently ï¿½ï¿½ï¿½ï¿½ #sp",,12/11/2025,siobhanmcelduff.bsky.social,Bluesky,#spï¿½ï¿½ir,,,,,,,,Mixed
565,569,"So crazy that Ireland exports around 90% of the food we produce, and at the same time  imports around 83% of its fruit and veg. As Mick Kelly so eloquently puts it, ""food security isnï¿½ï¿½ï¿½t just about calories. Itï¿½ï¿½ï¿½s about access to fresh, nutritious food that supports pu"" #spï¿½ï¿½ir",,11/03/2026,andyscollick.bsky.social,Bluesky,#spï¿½ï¿½ir,,,,,,,,Positive
566,570,Panic buying in full swing from Waterford to Enniscorthy. #SpeirGorm,,09/04/2026,louthforever.bsky.social,Bluesky,#SpeirGorm,,,,,,,,Positive
567,571,"You will not find me in stupas,nor in Indian shrine rooms, nor in legs windingaround your own neck,nor in eating nothingbut vegetables.Kabir, 15th century#Photography #Poetry #Spï¿½ï¿½irGhorm #SpeirGorm #StreetPhotography #India #ImageAndVerse #ArtOfBlueSky #PhotographersOfBlueSky #EastCoas",,19/03/2026,sqotn.bsky.social,Bluesky,#SPILL!,,,,,,,,Positive
568,572,"Have I mentioned that this ebook is FREE for the next five days?I know that the web is littered with free books, but this one normally costs money.#PucaFestival #Halloween #Samhain #SpeirGorm #Octocon2025",,03/10/2025,nigellicus.bsky.social,Bluesky,#PucaFestival #Halloween #Samhain #SpeirGorm #Octocon2025,#PucaFestival #Halloween #Samhain #SpeirGorm #Octocon2025,#PucaFestival #Halloween #Samhain #SpeirGorm #Octocon2025,#PucaFestival #Halloween #Samhain #SpeirGorm #Octocon2025,#PucaFestival #Halloween #Samhain #SpeirGorm #Octocon2025,,,,Mixed
569,573,I'm loving these Catherine Connolly posts. We should use a hashtag for them ? #SmearTheBejaysis #SpeirGorm,,10/10/2025,natural-luke.bsky.social,Bluesky,#SmearTheBejaysis #SpeirGorm,#SmearTheBejaysis #SpeirGorm,,,,,,,Mixed
570,574,"The acquittal of #SoldierF - based on a rejection and suppression of evidence, incl. of his fellow paratroopers - exposes once more the ongoing refusal of Britain to deliver justice to its many victims.My sympathy and solidarity to the #BloodySunday families.#Spï¿½ï¿½irGorm www.rte.ie/news/ulster",,23/10/2025,dmcguirecfc67.bsky.social,Bluesky,#SoldierF #BloodySunday #Spï¿½ï¿½ir,#SoldierF #BloodySunday #Spï¿½ï¿½ir,#SoldierF #BloodySunday #Spï¿½ï¿½ir,,,,,,Mixed
571,575,"A #painting for yehs, from the southeast of Ireland.  ""Passage East"" is how I was greeted once upon a time as I rolled my bicycle off the ferry from the Wexford side straight into the fairytale centre of the County Waterford town. #SpeirGorm #ArtYear",,17/02/2025,navalairhistory.com,Bluesky,#painting #SpeirGorm #ArtYear,#painting #SpeirGorm #ArtYear,#painting #SpeirGorm #ArtYear,,,,,,Mixed
572,576,"Eternal Trinity, Godhead,mystery deep as the sea,You could give meno greater giftthan the gift of Yourself.Catherine of Siena, 14th century#Photography #SpeirGorm #Spï¿½ï¿½irGhorm #India #StPatrick #Flowers #StreetPhotography #ImageAndVerse #ArtOfBlueSky #PhotographersOfBlueSky #EastCoas",,17/03/2026,photoblair.bsky.social,Bluesky,#SPILL!,,,,,,,,Positive
573,577,"HELP NEEDED!I'm in need of a rapper who can run a rap/hip hop workshop to teach people how to write rap. The person I had is now unavailable and the event is already advertised. Dublin gig, well paid. Please share!#Speirgorm #Speirghorm",,25/03/2025,lcbradley.bsky.social,Bluesky,#Speirgorm #Speirghorm,#Speirgorm #Speirghorm,,,,,,,Mixed
574,578,"Spent the day in Sligo town, a favourite spot with stuff on every corner that turns the head. From Benbulben dominating the skyline, to Yeats everywhere you turn, to a sculpture of Tagore on the side of Wine Street, to the Post Office that doesn't mind reminding you of the ""before times""#spï¿½ï¿½ir",,24/03/2025,caitrionas.bsky.social,Bluesky,#spï¿½ï¿½ir,,,,,,,,Positive
575,579,"These four (MM, MLD, SH and RTE) don't care about the Climate EmergencyThey don't care about:- millions dying each year- 1.2bn displaced by 2050- annual crop failures- fresh water shortages in Europe- 1,400 annual Irish deaths from air pollution#GE24 #Election24 #SpeirGorm #LeadersDebate",,26/11/2024,roboyle.bsky.social,Bluesky,#GE24 #Election24 #SpeirGorm #LeadersDebate,#GE24 #Election24 #SpeirGorm #LeadersDebate,#GE24 #Election24 #SpeirGorm #LeadersDebate,#GE24 #Election24 #SpeirGorm #LeadersDebate,,,,,Negative
576,580,This summer wasps made a nest in our garden beside our bike stand in an old tree stump. I persuaded the family to put up with it and the wasps have finally died off. This is what it looks like now. (Wasps donï¿½ï¿½ï¿½t reuse their nests) #biodiversity #speirgorm @gardeningw,,01/01/2026,nativetexanusa.bsky.social,Bluesky,#biodiversity #speirgorm,#biodiversity #speirgorm,,,,,,,Mixed
577,581,The irony of this imageFianna Fï¿½ï¿½il - the party in the advert - have utterly failed to act on the Climate Emergency and are now risking ï¿½ï¿½ï¿½8bn in annual fines for taxpayers until we're compliant with our GHG emission cutsDecades of inaction#GE23 #Election24 #SpeirGorm #Ireland #Climat,,24/11/2024,vordio.net,Bluesky,#GE23 #Election24 #SpeirGorm #Ireland #ClimateEmergency,#GE23 #Election24 #SpeirGorm #Ireland #ClimateEmergency,#GE23 #Election24 #SpeirGorm #Ireland #ClimateEmergency,#GE23 #Election24 #SpeirGorm #Ireland #ClimateEmergency,#GE23 #Election24 #SpeirGorm #Ireland #ClimateEmergency,,,,Negative
578,582,Simultaneously trying to keep an eye on the rugby whilst also being glued to #GE24 is pushing my multi-tasking brain to its absolute limit. ï¿½ï¿½ï¿½ï¿½ Cï¿½ï¿½ï¿½mon Ireland #Ru,,30/11/2024,tourguidejohn.bsky.social,Bluesky,#GE24 #Rugby #Speirgorm,#GE24 #Rugby #Speirgorm,#GE24 #Rugby #Speirgorm,,,,,,Mixed
579,583,Black folk in Alabama having a craic! #speirgorm,,18/03/2026,tggleeson.bsky.social,Bluesky,#speirgorm,,,,,,,,Mixed
580,584,When the tide beats a retreat in #DublinView towards Sandymount from the South Wall Traces of Stephen Dedalus?#TravelPhotography #Photography #SpeirGorm #Ulysses,,20/12/2024,mep11.bsky.social,Bluesky,#DublinView #TravelPhotography #Photography #SpeirGorm #Ulysses,#DublinView #TravelPhotography #Photography #SpeirGorm #Ulysses,#DublinView #TravelPhotography #Photography #SpeirGorm #Ulysses,#DublinView #TravelPhotography #Photography #SpeirGorm #Ulysses,#DublinView #TravelPhotography #Photography #SpeirGorm #Ulysses,,,,Mixed
581,585,"With news of Amazon, please try and remember to support your local independent shops, Irish online shops like us.Don't let the big boys win.Here is our list of some fab Irish designers. Please pick one and buy something.#speirgorm #SLATED #IrishDesign go.bsky.app/9sh8HQq",,18/03/2025,birdfeed1.bsky.social,Bluesky,#speirgorm #SLATED #IrishDesign,#speirgorm #SLATED #IrishDesign,#speirgorm #SLATED #IrishDesign,,,,,,Positive
582,586,I know our health service in #Ireland has a lot of issues but reading the stories from the US in the past few days has been shocking. Reminder: public healthcare is worth fighting for. We donï¿½ï¿½ï¿½t want an inhumane US system here. #Spe,,06/12/2024,2wexford.bsky.social,Bluesky,#Ireland #SpeirGorm,#Ireland #SpeirGorm,,,,,,,Mixed
583,587,Mental health helplines in Ireland: Samaritans 116123#SpeirGorm,,22/12/2024,glassandcopper.bsky.social,Bluesky,#SpeirGorm,,,,,,,,Mixed
584,588,#WHAI2025 REGISTRATION OPEN ï¿½ï¿½ï¿½ï¿½ BOOK NOW ï¿½ï¿½ï¿½ï¿½ tinyurl.com/2jnkuw4s ï¿½ï¿½ï¿½ï¿½ Conf site QR Code ï¿½ï¿½ï¿½ï¿½ Brilliant program made possible by our brilliant ï¿½ï¿½ï¿½ #skystorians @whaireland.bsky.social #WomensHist #History #GenderHist #RevolutionaryHist #IrishResearch #,,29/04/2025,ckbmcd.bsky.social,Bluesky,#SPILL!,,,,,,,,Positive
585,589,"ýýýHe said that nobody should help these men because their illness was a direct punishment from God. And I wondered what God he knew."". #speirgorm #religious #Mercywww.irishtimes.com/life-style/p...",,02/09/2025,joenoonan.bsky.social,Bluesky,#speirgorm #religious #Mercywww.irishtimes.com/life-style/p...,#speirgorm #religious #Mercywww.irishtimes.com/life-style/p...,#speirgorm #religious #Mercywww.irishtimes.com/life-style/p...,,,,,,Positive
586,590,This is the poor family who lost their home & all their belongings. Please if you can donate - this isn't us. This isn't the Ireland I want for us. #SpeirGorm gofund.me/4248b737www.rte.ie/news/regiona...,,21/02/2025,alimack13.bsky.social,Bluesky,#SpeirGorm,,,,,,,,Mixed
587,591,I might be more concerned about ï¿½ï¿½ï¿½7 million going awry at the Arts Council if I didn't just read that the Irish government gave a bribe of ï¿½ï¿½ï¿½10 million to an NFL team to play one game in Dublin...  ,,13/02/2025,sharrow.bsky.social,Bluesky,#Spï¿½ï¿½ir,,,,,,,,Mixed
588,592,"Except for some gender critical rï¿½ï¿½imï¿½ï¿½is from the countess person, this is quite a positive article on 10 years since the Irish Gender Recognition Act passed - most people, as one interviewee said, are ï¿½ï¿½ï¿½happy to let trans people get on with itï¿½ï¿½ï¿½. #speirgorm   www.theguardian",,23/12/2025,thewildgees.bsky.social,Bluesky,#speirgorm,,,,,,,,Positive
589,593,"#speirgorm might be interested to see this, as we await President Connollyï¿½ï¿½ï¿½s inauguration this week. A vision of what might have bee",,09/11/2025,sharrow.bsky.social,Bluesky,#speirgorm,,,,,,,,Mixed
590,594,"A spectacularly stupid decision.  Anyone who has visited Glengarrif knows how vibrant this market is. It encourages people into the town to enjoy the natural heritage,  and provides food so they can afford to stay longer. They're killing an employment hub in rural Ireland. #spï¿½ï¿½ir",,24/03/2025,ritawild.bsky.social,Bluesky,#spï¿½ï¿½ir,,,,,,,,Positive
591,595,"Glen Moore, who got slapped around by the kids in St. Aidans in Dublin West has amassed a whopping 3% of the vote. Back under your rock, lad...#ge24#speirgorm",,30/11/2024,any-news.bsky.social,Bluesky,#ge24 #speirgorm,#ge24 #speirgorm,,,,,,,Mixed
592,596,"Beannachtaï¿½ï¿½ na fï¿½ï¿½ile Pï¿½ï¿½draig, #spï¿½ï¿½irgorm friends. Traditional annual post for the day that's in ityoutu.be/tPB4RWrJI7o?...#StPatricksDa",,17/03/2026,ealadubh.bsky.social,Bluesky,#spï¿½ï¿½irgorm #StPatricksDay #Lï¿½ï¿½Le,#spï¿½ï¿½irgorm #StPatricksDay #Lï¿½ï¿½Le,#spï¿½ï¿½irgorm #StPatricksDay #Lï¿½ï¿½Le,,,,,,Mixed
593,597,This Friday. Join us if you are in Belfast #Speirgorm,,26/11/2025,centreforgender.bsky.social,Bluesky,#Speirgorm,,,,,,,,Mixed
594,598,"If you fancy buying my books this Christmas, please consider shopping local/supporting indie booksellers #ONCEAYEAR is currently 20% off at Bookstation (Irish & family-run since 1989) Free, fast & tracked delivery over ï¿½ï¿½ï¿½10Same prices online/in-store#spï¿½ï¿½irgorm ï¿½ï¿½ï¿½ï¿½ï¿½ï¿½ï¿½ï¿½book",,25/11/2025,eleanorfitzsimons.bsky.social,Bluesky,#ONCEAYEAR #spï¿½ï¿½ir,#ONCEAYEAR #spï¿½ï¿½ir,,,,,,,Positive
595,599,Leo Varadkar suggesting Ireland's migration policies may be performative cruelty #Spï¿½ï¿½ir,,01/03/2026,sarahmccrann.bsky.social,Bluesky,#Spï¿½ï¿½ir,,,,,,,,Mixed
596,600,"A few years ago I made a series of mini drawings of interesting Irish women (available as a print here www.ciaraioch.com/artprints/p/...) - this thread is a little information on the women featured, partly because it's useful, but mostly because I'm trying to be sustainable by recycling content.",,20/11/2024,ewacat.bsky.social,Bluesky,,,,,,,,,Positive
597,601,Sherkin Fox living his best island life.#Speirgorm,,14/03/2026,amockingbird.bsky.social,Bluesky,#Speirgorm,,,,,,,,Positive
598,602,"Itï¿½ï¿½ï¿½s not just Indie bookshops though. Itï¿½ï¿½ï¿½s all our small local businesses. The cost of convenience, of next day delivery and maybe a saving of a few ï¿½ï¿½ï¿½ simply isnï¿½ï¿½ï¿½t worth it. We will lose ourselves. A lot of shops and businesses shuttered in towns and villages in  Ir",,29/03/2025,zoezak.bsky.social,Bluesky,#speirgorm,,,,,,,,Mixed
599,603,"Theyï¿½ï¿½ï¿½re hanging a bicycle by a noose. Because bikes are the cause of high oil prices, apparently. Thatï¿½ï¿½ï¿½s some high quality protesting ther",,07/04/2026,feenad.bsky.social,Bluesky,#SpeirGorm,,,,,,,,Mixed
600,604,"I think 'Child of Drag' is Hilarious. IT's Art, art is meant to comfort the disturbed and disturb the comfortable.I honestly want that as a T Shirt!www.thejournal.ie/child-of-dra...#Art #Speirgorm #sacridelicious #Prideisaprotest #Queer #LGBTQIA",,05/06/2025,lgbtq.newsmast.community.ap.brid.gy,Bluesky,#Art #Speirgorm #sacridelicious #Prideisaprotest #Queer #LGBTQIA,#Art #Speirgorm #sacridelicious #Prideisaprotest #Queer #LGBTQIA,#Art #Speirgorm #sacridelicious #Prideisaprotest #Queer #LGBTQIA,#Art #Speirgorm #sacridelicious #Prideisaprotest #Queer #LGBTQIA,#Art #Speirgorm #sacridelicious #Prideisaprotest #Queer #LGBTQIA,#Art #Speirgorm #sacridelicious #Prideisaprotest #Queer #LGBTQIA,,,Mixed
601,605,"Hah! This time last year the hauliers were calling for a total ban on tractors on motorways. Seemingly we're the only country in Europe that allows agricultural tractors on fast moving roads, well I never. #speirgorm",,12/04/2026,conormolloy.bsky.social,Bluesky,#speirgorm,,,,,,,,Mixed
602,606,"For the uninitiated, these are Irish Throwing Stars, an ancient weapon wielded by St. Brigid during the 1916 Rising, striking fear into the hearts of the British, and responsible for the eventual smiting of both Cromwell and Thatcher.",,01/02/2026,loucon.bsky.social,Bluesky,,,,,,,,,Mixed
603,607,I see #Speirgorm has nabbed a poor unaware Canadian in it's midst.,,05/10/2025,tggleeson.bsky.social,Bluesky,#Speirgorm,,,,,,,,Mixed
604,608,Good morning Dublin! #SpeirGorm,,07/01/2026,bejaha.bsky.social,Bluesky,#SpeirGorm,,,,,,,,Positive
605,609,"This is misleading and not how Irish agriculture works. Homegrown produce here is a highly inefficient (beef!) export business to take advantage of higher foreign prices from an unearned aura of chemical-free wholesomeness, which is why we now import so much of e.g. the potatoes we eat #spï¿½ï¿½ir",,08/04/2026,robosullivan.bsky.social,Bluesky,#spï¿½ï¿½ir,,,,,,,,Mixed
606,610,Do you want nearly 2hrs of me talking about Iran and the war? open.spotify.com/episode/6Yzw...#Iran #War #SpeirGorm #politics,,02/04/2026,frankie9000.bsky.social,Bluesky,#Iran #War #SpeirGorm #politics,#Iran #War #SpeirGorm #politics,#Iran #War #SpeirGorm #politics,#Iran #War #SpeirGorm #politics,,,,,Mixed
607,611,The international corporate tax changes over the last decade that led to all that IP migrating to Ireland (and inflating our GDP and CT take) also comes with a serious exit tax when relocating that IP. www.rte.ie/brainstorm/2... #speirgorm,,02/04/2025,smtuffy.bsky.social,Bluesky,#speirgorm,,,,,,,,Mixed
608,612,"Word is spreading about this apparently. Hopefully now that there's alight shining on it, we might get some answers. There's a pending court case, so it's next to impossible to get any more info on it for the moment. #Aughinish #SpeirGorm #Russia",,24/03/2026,pajosmashup.bsky.social,Bluesky,#Aughinish #SpeirGorm #Russia,#Aughinish #SpeirGorm #Russia,#Aughinish #SpeirGorm #Russia,,,,,,Positive
609,613,Happy St Patrick's Day! Lï¿½ï¿½ Fhï¿½ï¿½ile Pï¿½ï¿½draig Sona duit.#Spï¿½ï¿½irGorm #Sha,,17/03/2025,flowerpot13.bsky.social,Bluesky,#Spï¿½ï¿½irGorm #Shamrock #Paddy,#Spï¿½ï¿½irGorm #Shamrock #Paddy,#Spï¿½ï¿½irGorm #Shamrock #Paddy,,,,,,Positive
610,614,"I have signed this #EU initiative  to propose a ban on #LGBTQ+ conversion ""therapy"" which every EU citizen above the age of 16 should be able to sign. #Ireland needs maybe 5,000 more signatures to reach the threshold #Spï¿½ï¿½irghorm #Spï¿½ï¿½irgormeci.ec.europa.eu/043/public . Sign it and s",,30/01/2025,siobdemp.bsky.social,Bluesky,#EU #LGBTQ+ #Ireland #Spï¿½ï¿½irghorm #Spï¿½ï¿½irgormeci.ec.europa.eu/04,#EU #LGBTQ+ #Ireland #Spï¿½ï¿½irghorm #Spï¿½ï¿½irgormeci.ec.europa.eu/04,#EU #LGBTQ+ #Ireland #Spï¿½ï¿½irghorm #Spï¿½ï¿½irgormeci.ec.europa.eu/04,#EU #LGBTQ+ #Ireland #Spï¿½ï¿½irghorm #Spï¿½ï¿½irgormeci.ec.europa.eu/04,#EU #LGBTQ+ #Ireland #Spï¿½ï¿½irghorm #Spï¿½ï¿½irgormeci.ec.europa.eu/04,,,,Mixed
611,615,"ýýýý FINAL day of the sale, with reductions across the site including on already reduced print bundles - every print sold supports local art AND local weird women who wander the bogs at night searching for meaning and/or left-over sandwiches. Shop here: www.ciaraioch.com/artprints",,31/01/2026,anyaks.bsky.social,Bluesky,,,,,,,,,Positive
612,616,"This is an important post - for me. My annual online sale of new paintings, postponed last December will be happening at the beginning of August liamdaly.com/2025/07/11/n... #SpeirGorm",,11/07/2025,amflynn.bsky.social,Bluesky,#SpeirGorm,,,,,,,,Positive
613,617,"Death is not an event in life: we do not live toexperience death ... Our life has no endin the way in whichour visual field has no limits.Ludwig Wittgenstein, 20th century#Photography #Wisdom #Poetry #Philosophy #Death #SpeirGorm #Spï¿½ï¿½irGhorm #Spï¿½ï¿½irGorm #IrishSky #Ireland #Austria ",,17/08/2025,raconteuse.bsky.social,Bluesky,#SPILL!,,,,,,,,Mixed
614,618,This is my 6th year posting this same message. Black Friday is a nonsense with often pretend discounts on stuff you probably donï¿½ï¿½ï¿½t need. Weï¿½ï¿½ï¿½ll do as we always do at this time and increase the 1% of all income we give to Womenï¿½ï¿½ï¿½s Aid to 10% on web sales over the weekend. Fuck Black ,,24/11/2025,scollanl.bsky.social,Bluesky,#speirgorm,,,,,,,,Mixed
615,619,My polite but angry letter to my local SF TD and to Mary Lou on the SF vote in Stormont against transgender youth. Please write to your SF reps and tell them no British imported transphobia!#Spï¿½ï¿½irgorm #Speirgorm #IrishPolitics #Ireland #TransRights #Stormont #LGBT #TransEqua,,10/12/2024,tommymeowmeow.bsky.social,Bluesky,#Spï¿½ï¿½irgorm #Speirgorm #IrishPolitics #Ireland #TransRights #Stormont #LGBT #TransEqua,#Spï¿½ï¿½irgorm #Speirgorm #IrishPolitics #Ireland #TransRights #Stormont #LGBT #TransEqua,#Spï¿½ï¿½irgorm #Speirgorm #IrishPolitics #Ireland #TransRights #Stormont #LGBT #TransEqua,#Spï¿½ï¿½irgorm #Speirgorm #IrishPolitics #Ireland #TransRights #Stormont #LGBT #TransEqua,#Spï¿½ï¿½irgorm #Speirgorm #IrishPolitics #Ireland #TransRights #Stormont #LGBT #TransEqua,#Spï¿½ï¿½irgorm #Speirgorm #IrishPolitics #Ireland #TransRights #Stormont #LGBT #TransEqua,#Spï¿½ï¿½irgorm #Speirgorm #IrishPolitics #Ireland #TransRights #Stormont #LGBT #TransEqua,#Spï¿½ï¿½irgorm #Speirgorm #IrishPolitics #Ireland #TransRights #Stormont #LGBT #TransEqua,Negative
616,620,"Simon Harris thinks there's too many immigrants, does that include the kids of the Lisdoonvarna Crew? The kids in direct provision? Cos he was content to use their song without permission. #speirgormwww.thejournal.ie/cork-kids-ra...",,04/11/2025,tupped.bsky.social,Bluesky,#speirgormwww.thejournal.ie/cork-kids-ra...,,,,,,,,Mixed
617,621,"""Inishmore Horse"". A special #painting for me. As an unpaid carer I don't earn much but wanted to give back. So with permission I used a friend's photo as reference, and donated half of the proceeds to the charity of their choice - the Down Syndrome Centre in Dublin's northside.  #ArtYear #SpeirGorm",,03/09/2025,spritepurplefairy.bsky.social,Bluesky,#painting #ArtYear #SpeirGorm,#painting #ArtYear #SpeirGorm,#painting #ArtYear #SpeirGorm,,,,,,Mixed
618,622,"Simon Harris TD, Tï¿½ï¿½naiste, declines to address the Shannon question when asked if it would be reviewed if the US invade Greenland. @news.rte.ie #speir",,20/01/2026,lokideburca.bsky.social,Bluesky,#speirgorm,,,,,,,,Mixed
619,623,Catherine Connolly questioned by Gardaï¿½ï¿½ over allegations of installing a dodgy box for local GAA club#SmearTheBejaysis #Speir,,10/10/2025,lynnok.bsky.social,Bluesky,#SmearTheBejaysis #SpeirGorm,#SmearTheBejaysis #SpeirGorm,,,,,,,Mixed
620,624,A reminder for #Speirgorm users with visual impairments that this seasonï¿½ï¿½ï¿½s League of Ireland coverage (just like our Six Nations coverage) on @virginmediatv.bsky.social will be available with audio description commentary - hereï¿½ï¿½ï¿½s how to switch it on if youï¿½ï¿½ï¿½re a Virgin Media cable TV cu,,06/02/2026,liamward.ie,Bluesky,#Speirgorm,,,,,,,,Mixed
621,625,Lads!Weï¿½ï¿½ï¿½re not doing Halloween this year! Weï¿½ï¿½ï¿½re going straight for Christmas,,27/08/2025,rogerokeeffe.bsky.social,Bluesky,#SpeirGorm,,,,,,,,Mixed
622,626,"Time for another Irish #painting. ""Bantry Bay I"" came out of a time I was cycling into the west Cork town and in the brilliant sunshine I had to stop, sit down and look, for long enough to grow older and happier. #SpeirGorm #ArtYear",,10/07/2025,clodaghharris.bsky.social,Bluesky,#painting. #SpeirGorm #ArtYear,#painting. #SpeirGorm #ArtYear,#painting. #SpeirGorm #ArtYear,,,,,,Positive
623,627,What a special moment this was for @sanctuaryrunner.bsky.social Over a hundred sanctuary runners gathered to wish President Higgins and Sabina a fond farewell. We were so honoured to have him as a patron. #SpeirGorm,,10/11/2025,thecelticist.bsky.social,Bluesky,#SpeirGorm,,,,,,,,Mixed
624,628,Seriously @dublincitycouncil.bsky.social? This is Ireland. Itï¿½ï¿½ï¿½s called a bloody KERB. ï¿½ï¿½ï¿½ï¿½ï¿½ï¿½ï¿½ï¿½ï¿½ï¿½ï¿½ï¿½ï¿½ï¿½ï¿½ï¿½ï¿½ï¿½ï¿½ï¿½ï¿½ï¿½ï¿½ï¿½Curbï¿½ï¿½ï¿½ is the American version. ï¿½ï¿½ï¿½Signs asking people not to sit on the ,,10/04/2025,pod31.bsky.social,Bluesky,#SpeirGorm,,,,,,,,Mixed
625,629,"Three hand-drawn pieces for the @dublinmaker.bsky.social event this weekend, celebrating traditional crafts and Irish makers, and the process of creating. They're also available as prints here: www.ciaraioch.com/artprints/p/...",,31/08/2025,stephencward.com,Bluesky,,,,,,,,,Mixed
626,630,This is just a superb bit of cartooning. #cartoon #heatherhumphries #catherineconnolly #aras25 #spï¿½ï¿½irgorm #Speir,,18/10/2025,flipturns.bsky.social,Bluesky,#cartoon #heatherhumphries #catherineconnolly #aras25 #spï¿½ï¿½irgorm #Speir,#cartoon #heatherhumphries #catherineconnolly #aras25 #spï¿½ï¿½irgorm #Speir,#cartoon #heatherhumphries #catherineconnolly #aras25 #spï¿½ï¿½irgorm #Speir,#cartoon #heatherhumphries #catherineconnolly #aras25 #spï¿½ï¿½irgorm #Speir,#cartoon #heatherhumphries #catherineconnolly #aras25 #spï¿½ï¿½irgorm #Speir,#cartoon #heatherhumphries #catherineconnolly #aras25 #spï¿½ï¿½irgorm #Speir,,,Mixed
627,631,"Loving our local libraries & librarians ï¿½ï¿½ï¿½ï¿½ï¿½ï¿½ Comfy, safe & free spaces of pure delight & open to everyone. I had no idea about this app, thank you @tupped.bsky.social ï¿½ï¿½ï¿½ï¿½ï¿½ï¿½ï¿½ï¿½#spe",,16/04/2025,billallen.bsky.social,Bluesky,#speirgorm #spï¿½ï¿½irghorm #lib,#speirgorm #spï¿½ï¿½irghorm #lib,#speirgorm #spï¿½ï¿½irghorm #lib,,,,,,Positive
628,632,ýýýAn Irish man responsible for leaking the identities of thousands of US immigration enforcement officers has said he will continueýýýuntil the #Trump administration stops targeting immigrant communitiesýýýhis website #ICE List has received millions of viewsýýý#spýýirgormwww.irishtimes.com/world/us/202...,,19/01/2026,richard.wickedproblems.earth,Bluesky,#Trump #ICE #spï¿½ï¿½irgormwww.irishtimes.com/world/us/20,#Trump #ICE #spï¿½ï¿½irgormwww.irishtimes.com/world/us/20,#Trump #ICE #spï¿½ï¿½irgormwww.irishtimes.com/world/us/20,,,,,,Mixed
629,633,"This is something that MUST happen here in Ireland tooIrish universities are the third biggest public sector emitters, but offsetting is central to every university's climate action plansIts greenwashing pure and simple#ClimateEmergency #ClimateCrisis #Education #SpeirGorm #Ireland",,24/11/2024,clarekelly.bsky.social,Bluesky,#ClimateEmergency #ClimateCrisis #Education #SpeirGorm #Ireland,#ClimateEmergency #ClimateCrisis #Education #SpeirGorm #Ireland,#ClimateEmergency #ClimateCrisis #Education #SpeirGorm #Ireland,#ClimateEmergency #ClimateCrisis #Education #SpeirGorm #Ireland,#ClimateEmergency #ClimateCrisis #Education #SpeirGorm #Ireland,,,,Negative
630,634,"As it's the feast of St Gobnait today, February 11, here's a part of Harry Clarke's stained glass window in the Honan Chapel, UCC, depicting her in her role as the patron saint of bees and beekeepers. She's also the patron saint of iron workers. #Speirgorm #Cork #StainedGlass #HarryClarke",,11/02/2025,caitrionas.bsky.social,Bluesky,#Speirgorm #Cork #StainedGlass #HarryClarke,#Speirgorm #Cork #StainedGlass #HarryClarke,#Speirgorm #Cork #StainedGlass #HarryClarke,#Speirgorm #Cork #StainedGlass #HarryClarke,,,,,Positive
631,635,Co parent spotted CC out cheering on the the runners today. #Dublinmarathon #speirgorm,,26/10/2025,mousketeer.bsky.social,Bluesky,#Dublinmarathon #speirgorm,#Dublinmarathon #speirgorm,,,,,,,Mixed
632,636,"Manannï¿½ï¿½n Mac Lir - son of the sea, ancient warrior, powerful sea god, and member of the Tuatha Dï¿½ï¿½ Danann in Irish mythology - commands the sea on a stormy day ï¿½ï¿½ï¿½ï¿½Prints are available here: www.ciaraioch.com",,29/10/2025,terrytoon.com,Bluesky,,,,,,,,,Mixed
633,637,Snuck up on this heron at a lake last week. Managed a shot before I was spotted.#hiking #nature #photography #birds #Spï¿½ï¿½irGorm #EastCoastKin #Ire,,17/09/2025,listermj.bsky.social,Bluesky,#hiking #nature #photography #birds #Spï¿½ï¿½irGorm #EastCoastKin #Ire,#hiking #nature #photography #birds #Spï¿½ï¿½irGorm #EastCoastKin #Ire,#hiking #nature #photography #birds #Spï¿½ï¿½irGorm #EastCoastKin #Ire,#hiking #nature #photography #birds #Spï¿½ï¿½irGorm #EastCoastKin #Ire,#hiking #nature #photography #birds #Spï¿½ï¿½irGorm #EastCoastKin #Ire,#hiking #nature #photography #birds #Spï¿½ï¿½irGorm #EastCoastKin #Ire,#hiking #nature #photography #birds #Spï¿½ï¿½irGorm #EastCoastKin #Ire,,Mixed
634,638,Email senators NOW and let them know that you support the Arms Embargo Bill ï¿½ï¿½ï¿½ï¿½ï¿½ï¿½#speirgorm action.uplift.ie/cam,,01/04/2025,sharrow.bsky.social,Bluesky,#speirgorm,,,,,,,,Positive
635,639,"Non-Irish: X's EU HQ is based in Dublin. X operates under IRISH LAW: 14 years to those who host CSAM. Point your cannons at Dublin, and put our ghouls under pressure. This dope is the relevant minister. We're not dealing with 1st raters.#speirgorm is the tag to use (Irish bluesky).",,09/01/2026,drmcarley.bsky.social,Bluesky,#speirgorm,,,,,,,,Mixed
636,640,"Itï¿½ï¿½ï¿½s been so wet today, even the snails are seeking (slightly) higher ground... #Spe",,12/06/2025,louthforever.bsky.social,Bluesky,#SpeirGorm,,,,,,,,Mixed
637,641,"Lads, lads: behold how Ireland could harness the awesome power of angry Irish fishermen to protect the country. #spï¿½ï¿½irghorm ##speir",,17/01/2026,eils1.bsky.social,Bluesky,#spï¿½ï¿½irghorm # #speir,#spï¿½ï¿½irghorm # #speir,#spï¿½ï¿½irghorm # #speir,,,,,,Negative
638,642,About time this is the right decision by RTï¿½ï¿½ (how rarely I get to say that!)- now for the rest of the EBU to kick the apartheid and genocidal state of Israel out of #Eurovision#Spï¿½ï,,11/09/2025,sharrow.bsky.social,Bluesky,#Eurovision #Spï¿½ï¿½ir,#Eurovision #Spï¿½ï¿½ir,,,,,,,Mixed
639,643,A new Dutch Vacant Homes Tax ï¿½ï¿½ï¿½ï¿½#DerelictIreland #S,,05/12/2025,obstreperousg.bsky.social,Bluesky,#DerelictIreland #SpeirGorm,#DerelictIreland #SpeirGorm,,,,,,,Mixed
640,644,Someone has managed to drop a Palestinian flag at the very top of the Spire. Fair fucks. Gonna be comical watching Dublin City council trying to figure out how to get that down :) #Speirgorm,,27/09/2025,judgedewie.bsky.social,Bluesky,#Speirgorm,,,,,,,,Mixed
641,645,"If prints aren't your thing but you'd like to support my doodles, newsletter, and raimï¿½ï¿½ising, there's a voluntary tip jar here www.ciaraioch.com/tip-jar where there's the option to give a recurring or once-off tip. Even a euro or two a month assists my plan to invade England by dolphin-towed cur",,18/02/2025,mxfee.bsky.social,Bluesky,,,,,,,,,Positive
642,646,"Thirty years since the best reaction to losing a referendum was spoken! In 1995 one of No Divorce Campaign leaders ï¿½ï¿½na Bean Mhic Mhathï¿½ï¿½na,on leaving the RDS as the 15th amendment to allow divorce was passed,shouted to celebrating pro divorce campaigners,ï¿½ï¿½ï¿½Go way ye wife swappin' sodomites",,24/11/2025,charlielynch.bsky.social,Bluesky,#speirgorm,,,,,,,,Positive
643,647,Landlord Jim Gavin never refunded 6 months' rent to a former tenant who accidentally kept paying rent after he moved out. The tenancy was not registered with the RTB. Gavin really is the perfect Fianna Fï¿½ï¿½il candidate. Archive link: archive.is/4ts0L #spï¿½ï¿½irgorm #presidential,,04/10/2025,siobhanmcelduff.bsky.social,Bluesky,#spï¿½ï¿½irgorm #presidentialelec,#spï¿½ï¿½irgorm #presidentialelec,,,,,,,Positive
644,648,And Taoiseach and Tï¿½ï¿½naiste have to reflect on using this platform and allowing Irish government departments and agencies to continue using this platform? Why? Whatï¿½ï¿½ï¿½s there to think about?,,06/01/2026,ivanobrien.bsky.social,Bluesky,#speirgorm,,,,,,,,Positive
645,649,"Ok, #SpeirGorm. Now that I've had my solar panels for over a year, I want to give folks an honest ""This is what it looks like"" review.2022 I began planning for this. Unfortunately, my roof was a mess and required replacing. I'm not going to include the 12k that took (roof + attic insulation).",,08/01/2025,miridescent.bsky.social,Bluesky,#SpeirGorm.,,,,,,,,Mixed
646,650,This summer wasps made a nest in our garden beside our bike stand in an old tree stump. I persuaded the family to put up with it and the wasps have finally died off. This is what it looks like now. (Wasps donï¿½ï¿½ï¿½t reuse their nests) #biodiversity #speirgorm @gardeningw,,01/01/2026,gladeolie.bsky.social,Bluesky,#biodiversity #speirgorm,#biodiversity #speirgorm,,,,,,,Mixed
647,651,"Reminder; on this evening in the @nlireland.bsky.social 6.30pm, all welcome #speirgorm",,15/04/2025,merrua.bsky.social,Bluesky,#speirgorm,,,,,,,,Positive
648,652,Some great workshops coming up for Clare based people - details below. #SpeirGorm,,04/02/2025,karenjmcdonnell.bsky.social,Bluesky,#SpeirGorm,,,,,,,,Positive
649,653,"With the social media landscape artists depend on crumbling into a big lake of shite, now's a good time to mention I've a newsletter with snippets of Irish folklore & history, doodles, and fun nonsense, with zero involvement from fascist billionaires. Subscribe for free: www.ciaraioch.com/newsletter",,14/01/2025,farnes.bsky.social,Bluesky,,,,,,,,,Positive
650,654,"There walks a lady we all knowWho shines white lightand wants to showTo be a rock and not to rollAnd she's buying a stairway to HeavenLed Zeppelin, 20th century#Photography #Poetry #SpeirGorm #StreetPhotography #India #kolam #ImageAndVerse #ArtOfBlueSky #PhotographersOfBlueSky #EastCoastKin",,18/12/2025,sdcushing.bsky.social,Bluesky,#SPILL!,,,,,,,,Mixed
651,655,"Right now, in Ireland, the government are refusing to sign the Occupied Territories Bill because they want to appease this regime. These people are unappeasable and will interpret any compromise as weakness. Sign the #OTB #SpeirGorm",,19/08/2025,rk70534.bsky.social,Bluesky,#OTB #SpeirGorm,#OTB #SpeirGorm,,,,,,,Mixed
652,656,"Unsurprisingly in this ""the left is as bad as the right"" bollocksology Jim doesn't mention how the ""left"" have misused the Irish flag.Fuck sake. #ireland #arï¿½ï¿½s25 #speir",,28/09/2025,lamhfada.bsky.social,Bluesky,#ireland #arï¿½ï¿½s25 #speir,#ireland #arï¿½ï¿½s25 #speir,#ireland #arï¿½ï¿½s25 #speir,,,,,,Negative
653,657,"30 years of Father Ted this year!! Here's a few little gifts and designs to celebrate. Take a look, ah go on. Go on go on go on...ï¿½ï¿½ï¿½ï¿½: tiny.cc/vvqa001#fatherted #craggyisland #speirgorm #iri",,20/02/2025,meltyshirts.com,Bluesky,#fatherted #craggyisland #speirgorm #irishhumour,#fatherted #craggyisland #speirgorm #irishhumour,#fatherted #craggyisland #speirgorm #irishhumour,#fatherted #craggyisland #speirgorm #irishhumour,,,,,Positive
654,658,"Reject modernity, embrace tradition",,31/10/2025,gothcasual.bsky.social,Bluesky,,,,,,,,,Mixed
655,659,Some amazing marketing right here ï¿½ï¿½ï¿½ï¿½#SpeirGorm,,04/02/2026,jessreid.bsky.social,Bluesky,#SpeirGorm #Ireland,#SpeirGorm #Ireland,,,,,,,Positive
656,660,"Some years ago I made a series of mini drawings of interesting Irish women called #MiniMnï¿½ï¿½, gathered together here on a single print - each one comes with an information sheet featuring a short bio of the women featured, so you can learn about them, too.Prints: www.ciaraioch.com/artprints/p",,13/12/2025,cyluho.bsky.social,Bluesky,"#MiniMnï¿½",,,,,,,,Positive
657,661,Weaving and crafts community: we have a loom that needs saving. It's beautiful and looks to be in great shape.Please share to all Irish crafts people.#Speirgorm #crafts #weaving #loom #Ireland,,18/01/2026,aislinglady.bsky.social,Bluesky,#Speirgorm #crafts #weaving #loom #Ireland,#Speirgorm #crafts #weaving #loom #Ireland,#Speirgorm #crafts #weaving #loom #Ireland,#Speirgorm #crafts #weaving #loom #Ireland,#Speirgorm #crafts #weaving #loom #Ireland,,,,Positive
658,662,Naoise's brother is asking Irish people to please contact the government #Speirgorm,,10/10/2025,anna-orridge.bsky.social,Bluesky,#Speirgorm,,,,,,,,Mixed
659,663,For context. The spire is 120 metres tall. Some mad bastards done a serious job here. And the weekend all the Americans are in town for their stupid football game. Maith thï¿½ï¿½ whoever you are.  #Speir,,27/09/2025,fitzjohn.bsky.social,Bluesky,#Speirgorm,,,,,,,,Mixed
660,664,"In Ireland , the body that oversees GAA participation in primary schools , Cumann na mBunscol , is allocated funding by  Allianz. Time to demand that sponsors of genocide are no longer allowed to sponsor primary sport , contact your local and national media . #speirgorm #speirghorm",,06/03/2026,bwalsh.bsky.social,Bluesky,#speirgorm #speirghorm,#speirgorm #speirghorm,,,,,,,Negative
661,665,"""Westport Clock""  A painting to have a look at, for anyone watching the clock today wondering why some things just take so much time. I painted this County Mayo picture 5 years ago, because it's a great town for junctions, and junctions present choices. #Art #SpeirGorm",,30/11/2024,musamcghee.bsky.social,Bluesky,#Art #SpeirGorm,#Art #SpeirGorm,,,,,,,Positive
662,666,"Have yourselves a #painting. ""Cliffs of Moher III"" came from a day I'd spent with friends seeing who could throw the largest stone over the cliffs that the wind would throw back at us. Aside from ducking a lot I also spent a fair bit of time savouring the views and our youth. #SpeirGorm #ArtYear",,23/07/2025,eolai.bsky.social,Bluesky,#painting. #SpeirGorm #ArtYear,#painting. #SpeirGorm #ArtYear,#painting. #SpeirGorm #ArtYear,,,,,,Positive
663,667,@3arena.bsky.social @3arenadublin.bsky.social Please cancel #Disturbed #SpeirGorm#FreePalestine#BoycottIsrael,,14/09/2025,ianmaclochlainn.bsky.social,Bluesky,#Disturbed #SpeirGorm #FreePalestine #BoycottIsrael,#Disturbed #SpeirGorm #FreePalestine #BoycottIsrael,#Disturbed #SpeirGorm #FreePalestine #BoycottIsrael,#Disturbed #SpeirGorm #FreePalestine #BoycottIsrael,,,,,Mixed
664,668,UCC colleagues in UCC Together 4 Palestine drafted a letter to President Higgins asking him to nominate Dr Francesca Albanese for the Nobel Peace Prize. If you are staff or Phd researcher in an Irish HEI please consider sharing with your colleagues and signing #Gaza #SpeirGorm tinyurl.com/5u8vudxy,,21/07/2025,susangriff.bsky.social,Bluesky,#Gaza #SpeirGorm,#Gaza #SpeirGorm,,,,,,,Mixed
665,669,"Once youï¿½ï¿½ï¿½ve mastered the use of these 2 , #speirgorm will explain amadï¿½ï¿½n and ï¿½ï¿½inseach, which have made their way ",,13/01/2025,caitrionas.bsky.social,Bluesky,#speirgorm,,,,,,,,Mixed
666,670,I'm old enough to remember when criticising the EU was framed as unacceptableOr is it only good to blame the EU when you're scapegoating your own failures#HowIrelandWorks #spï¿½ï¿½irgorm #everyoneshouldhavea,,03/11/2025,lalalandiez.bsky.social,Bluesky,#HowIrelandWorks #spï¿½ï¿½irgorm #everyoneshouldhavea,#HowIrelandWorks #spï¿½ï¿½irgorm #everyoneshouldhavea,#HowIrelandWorks #spï¿½ï¿½irgorm #everyoneshouldhavea,,,,,,Mixed
667,671,This summer wasps made a nest in our garden beside our bike stand in an old tree stump. I persuaded the family to put up with it and the wasps have finally died off. This is what it looks like now. (Wasps donï¿½ï¿½ï¿½t reuse their nests) #biodiversity #speirgorm @gardeningw,,01/01/2026,tas-haynes.bsky.social,Bluesky,#biodiversity #speirgorm,#biodiversity #speirgorm,,,,,,,Mixed
668,672,Loving the cover of the new paperback edition of #TheBooksellersGift!It's out this October ï¿½ï¿½ï¿½ï¿½ï¿½ï¿½ï¿½ï¿½You'll find links for pre orders from UK and Irish bookshops (and the big river site) on Hachette's dedicated page here ï¿½ï¿½ï¿½ï¿½ www.hachette.co.uk/titles/feli,,07/06/2025,zoemillerauthor.bsky.social,Bluesky,#TheBooksellersGift!It's #Booksky #Spï¿½ï¿½ir,#TheBooksellersGift!It's #Booksky #Spï¿½ï¿½ir,#TheBooksellersGift!It's #Booksky #Spï¿½ï¿½ir,,,,,,Mixed
669,673,Irish abroad and Irish diaspora: The Department of Foreign Affairs and Trade is undertaking a consultation process to inform the Governmentï¿½ï¿½ï¿½s new Diaspora Strategy. Fill in the survey below to ensure their new strategy meets diasporic needs and can adapt to evolving circumstances. #spe,,09/07/2025,kenmcdonagh.bsky.social,Bluesky,#speirgorm,,,,,,,,Mixed
670,674,No all aboard the Creteboom in Ballina County Mayo this time! #speirgorm,,23/05/2025,thediff.bsky.social,Bluesky,#speirgorm,,,,,,,,Mixed
671,675,Have a fresh batch of these done today. Lovely gift for someone living abroad. Get em here - tinyurl.com/NilAonTintea...P.S a share would be very much appreciated. TIA ï¿½ï¿½ï¿½ï¿½#speirgorm #irishsky #irish,,21/01/2025,lawschoolonline.bsky.social,Bluesky,#speirgorm #irishsky #irishbusiness,#speirgorm #irishsky #irishbusiness,#speirgorm #irishsky #irishbusiness,,,,,,Positive
672,676,This summer wasps made a nest in our garden beside our bike stand in an old tree stump. I persuaded the family to put up with it and the wasps have finally died off. This is what it looks like now. (Wasps donï¿½ï¿½ï¿½t reuse their nests) #biodiversity #speirgorm @gardeningw,,01/01/2026,bobbybonz.bsky.social,Bluesky,#biodiversity #speirgorm,#biodiversity #speirgorm,,,,,,,Mixed
673,677,"Guys. Is it possible that the pro-neutrality candidate,  who recognises everyone's right to a home, and is inviting carers to the ï¿½ï¿½ras first... Is it possible that she actually has her finger on the pulse of Irish society? #spï¿½ï",,28/10/2025,teagmhail.bsky.social,Bluesky,#spï¿½ï¿½ir,,,,,,,,Mixed
674,678,My piece in The Examiner  about the Rent Pressure Zone legislation and why it worries me. What it's like to be trying to rent and buy in a housing crisis borne of this government's incompetence. #Spï¿½ï¿½irgorm. I'd planned to keep my head down but then I read the companion piece to mine. See next ,,15/06/2025,seamusryan.bsky.social,Bluesky,#Spï¿½ï¿½irg,,,,,,,,Negative
675,679,"Ireland's Ancient Animals, for which at least some evidence was found to suggest they once roamed this island, even if only for a while. Some might even make a comeback! Featuring the Irish elk, bear, lynx, great auk, wild boar, & wolf. #Spï¿½ï¿½irGhorm #SciArtPrints: www.ciaraioch.com/artprints/p",,10/04/2026,geariod.bsky.social,Bluesky,#Spï¿½ï¿½irGhorm #SciArtPri,#Spï¿½ï¿½irGhorm #SciArtPri,,,,,,,Positive
676,680,Just a remind that I'm running a six-week illustration course after Christmas ï¿½ï¿½ï¿½ and the Irish Writers Centre in Dublin does gift vouchers! @irishwriterscentre.bsky.social #Spï¿½ï¿½irGhorm #SpeirGormirishwriterscentre.ie/cours,,03/12/2025,susanlanigan.bsky.social,Bluesky,#Spï¿½ï¿½irGhorm #SpeirGormirishwriterscentre.ie/courses/boo,#Spï¿½ï¿½irGhorm #SpeirGormirishwriterscentre.ie/courses/boo,,,,,,,Mixed
677,681,How dare you.Yes @simonharristd.bsky.social How dare you.Remember ideal FG/FG voters aren't those who are struggling or in poverty or homeless.#GE2024 #Ireland #speirgorm #GE24,,23/11/2024,louthforever.bsky.social,Bluesky,#GE2024 #Ireland #speirgorm #GE24,#GE2024 #Ireland #speirgorm #GE24,#GE2024 #Ireland #speirgorm #GE24,#GE2024 #Ireland #speirgorm #GE24,,,,,Mixed
678,682,This is a fantastic opportunity to work with two great scholars of womenï¿½ï¿½ï¿½s / gender history #history #irishhistory #spe,,24/04/2025,marybuckley.bsky.social,Bluesky,#history #irishhistory #speirgorm,#history #irishhistory #speirgorm,#history #irishhistory #speirgorm,,,,,,Positive
679,683,Ireland will not compete in Eurovision 2026 after Israel allowed to remain in competition jrnl.ie/6893728#spï¿½ï¿½ir,,04/12/2025,jamesfbrophy.bsky.social,Bluesky,#spï¿½ï¿½ir,,,,,,,,Mixed
680,684,This summer wasps made a nest in our garden beside our bike stand in an old tree stump. I persuaded the family to put up with it and the wasps have finally died off. This is what it looks like now. (Wasps donï¿½ï¿½ï¿½t reuse their nests) #biodiversity #speirgorm @gardeningw,,01/01/2026,esponagrine.bsky.social,Bluesky,#biodiversity #speirgorm,#biodiversity #speirgorm,,,,,,,Mixed
681,685,Wanted #Speirgorm Looking for a house to rent in Ennis or surrounds for my family & I. I'm working for Clare County Council and have excellent rental references available. If you hear of anything available in the coming weeks or months please let me know. Shares very appreciated! ï¿½ï¿½,,19/02/2026,amynim.bsky.social,Bluesky,#Speirgorm,,,,,,,,Positive
682,686,Twister already seen in ballyheigue #SpeirGorm #StormEowyn,,23/01/2025,sullubrious.bsky.social,Bluesky,#SpeirGorm #StormEowyn,#SpeirGorm #StormEowyn,,,,,,,Mixed
683,687,"She has integrity, independence, intelligence, she is reflective, inclusive, progressive and passionate about social justice ï¿½ï¿½ï¿½ and impressive at keepie uppies - just some of the reasons why Iï¿½ï¿½ï¿½m voting for Catherine Connolly for President #aras2025 #Connolly4President #speir",,23/10/2025,queen-crafty.bsky.social,Bluesky,#aras2025 #Connolly4President #speirgorm #aras25,#aras2025 #Connolly4President #speirgorm #aras25,#aras2025 #Connolly4President #speirgorm #aras25,#aras2025 #Connolly4President #speirgorm #aras25,,,,,Mixed
684,688,"""They appeared on [...] Reddit in an Irish subgroup which encourages its 3,200+ members to ï¿½ï¿½ï¿½tradeï¿½ï¿½ï¿½ images of ï¿½ï¿½ï¿½IRL girlsï¿½ï¿½ï¿½ for sexual gratification [...] images include teenagers in their school uniforms, alongside their na""Never, ever ends.www.thejournal.ie/non-consensu...",,02/06/2025,madgastronomer.bsky.social,Bluesky,,,,,,,,,Mixed
685,689,Also:>medical student was raped by another student>victim asked to delay their exams due to termination>UCD won a case against the victim that she needs to sit her exams without delay>rapist got off scott freeFuck you all UCD and rapist#Spï¿½ï¿½ir,,01/03/2026,emmadragon.bsky.social,Bluesky,#Spï¿½ï¿½ir,,,,,,,,Positive
686,690,Merry Christmas to the best the now deceased Irish Twitter had to offer. #Speirgorm,,23/12/2025,masterogel2.bsky.social,Bluesky,#Speirgorm,,,,,,,,Positive
687,691,"Kids who are born, here & live here, should at the age of 17 be offered Irish Citizenship for free!#spï¿½ï¿½ir",,16/02/2026,roothflud.bsky.social,Bluesky,#spï¿½ï¿½ir,,,,,,,,Mixed
688,692,"Hup!! We need just 39 more signatures and then we've done it, Ireland will have passed her threshold. PLEASE SIGN!!! ï¿½ï¿½ï¿½ï¿½ï¿½ï¿½ï¿½ï¿½ï¿½ï¿½ï¿½ï¿½ï¿½ï¿½ï¿½ï¿½ï¿½ï¿½ï¿½ï¿½ï¿½ï¿½ï¿½#JusticeForPalestine #Ireland #",,06/02/2026,musamcghee.bsky.social,Bluesky,#JusticeForPalestine #Ireland #FreePalestine #SpeirGhorm #SpeirGorm #IrishSky,#JusticeForPalestine #Ireland #FreePalestine #SpeirGhorm #SpeirGorm #IrishSky,#JusticeForPalestine #Ireland #FreePalestine #SpeirGhorm #SpeirGorm #IrishSky,#JusticeForPalestine #Ireland #FreePalestine #SpeirGhorm #SpeirGorm #IrishSky,#JusticeForPalestine #Ireland #FreePalestine #SpeirGhorm #SpeirGorm #IrishSky,#JusticeForPalestine #Ireland #FreePalestine #SpeirGhorm #SpeirGorm #IrishSky,,,Mixed
689,693,"Too good not to post here, swiped from @artistKateOShea on instagram. A glorious, puppy-cradling Snowman Tom Crean built by Siobhï¿½ï¿½n Clancy in Poulacapple, Co Tipperary.#Sneachta #Spï¿½ï¿½irGorm",,06/01/2025,brenorbrophy.com,Bluesky,#Sneachta #Spï¿½ï¿½irGorm #Ei,#Sneachta #Spï¿½ï¿½irGorm #Ei,#Sneachta #Spï¿½ï¿½irGorm #Ei,,,,,,Positive
690,694,"#speirgorm The deadline to register for the higher education constituency in the Irish Senate is TODAY. If you're already on the previous register, this is a NEW ONE that you have to re-register for. (I know.)You can do so at seanadvoter.ie",,23/01/2025,mousketeer.bsky.social,Bluesky,#speirgorm,,,,,,,,Mixed
691,695,Just in: Sinn Fï¿½ï¿½in has been banned from this year's Trans and Intersex Pride march in the wake of the David Cullinane comments. #Speirgorm dublinpeople.com/news/dublin,,17/04/2025,donnans.bsky.social,Bluesky,#Speirgorm,,,,,,,,Mixed
692,696,"I too would recommend Soc Dems, but at the very least you should join your preferred left party. You can help shape it and ensure it keeps espousing left values. Help build the option you want to see on the ballot paper. #spï¿½ï¿½ir",,25/06/2025,sharrow.bsky.social,Bluesky,#spï¿½ï¿½ir,,,,,,,,Mixed
693,697,A blue sky spring day in Ireland at last ï¿½ï¿½ï¿½ï¿½#s,,22/02/2025,sowakawaka.bsky.social,Bluesky,#speirgorm,,,,,,,,Mixed
694,698,Sunrise over Skerries. #SpeirGorm,,21/12/2025,wordsbyamymichelle.bsky.social,Bluesky,#SpeirGorm,,,,,,,,Mixed
695,699,Genuinely unbelievable 2nd half by Tipp and a performance for the ages from Darragh McCarthy. A 19 year old scoring 1-14 in an All-Ireland final is just mind-blowing. Never could have seen Cork being kept to 2 points in 2nd half. #GAA #AllIreland #spï¿½ï¿½ir,,20/07/2025,trionac.bsky.social,Bluesky,#GAA #AllIreland #spï¿½ï¿½ir,#GAA #AllIreland #spï¿½ï¿½ir,#GAA #AllIreland #spï¿½ï¿½ir,,,,,,Positive
696,700,#Spï¿½ï¿½irGorm #InternationalWomen,,08/03/2025,daniemililly.bsky.social,Bluesky,#Spï¿½ï¿½irGorm #InternationalWomen,#Spï¿½ï¿½irGorm #InternationalWomen,,,,,,,Mixed
697,701,"The Biddy is an Irish folk tradition linked to Brigidï¿½ï¿½ï¿½s Day and Imbolc, where groups wear white and handmade straw headpieces to travel around playing music while carrying a Brï¿½ï¿½deï¿½ï¿½g (a model Brigid in child form), warding off evil and bringing luck.Prints: www.ciaraioch.com/a",,01/02/2026,greenfarms.bsky.social,Bluesky,,,,,,,,,Mixed
698,702,"Welcome to GPO McDonald's.Yeah I'll have a McMauser burger, 2 lee Enfield loaded nuggets...Would you like some fusilier fries with that?Yeah g'wan.Drinks?I'll have a lewis gun latte and...guys? And two tricolour shakes.That'll be 190euro...and 16cents.Of course it is.#speirgorm #ireland",,24/06/2025,stefgotbooted.bsky.social,Bluesky,#speirgorm #ireland,#speirgorm #ireland,,,,,,,Positive
699,703,"Well this is news to me & @judesherry.bsky.social""As part of the mapping process, the council is to collaborate with dereliction activists Jude Sherry and Frank O'Connor""More on Cork City tackling #DerelictIreland in this weeks Cork Independentwww.corkindependent.com/2026/01/21/c...#speirgorm",,25/01/2026,andyscollick.bsky.social,Bluesky,#DerelictIreland #speirgorm,#DerelictIreland #speirgorm,,,,,,,Mixed
700,704,Just saw a tik tok from @sarahmcinerney.bsky.social saying there are 66 million worth of electric buses sitting in a garage somewhere unused. The waste of resources in the country is astounding. And yet the govt tell us an emergency payment for people with #disabilities is unaffordable  ï¿½ï¿½ï¿½ï¿½ #Sp,,19/03/2026,hazelklarkin.bsky.social,Bluesky,#disabilities #Spï¿½ï¿½ir,#disabilities #Spï¿½ï¿½ir,,,,,,,Mixed
701,705,The most Limerick tourism ad you could conceive ofCome visit....actually no...fuck off....#speirgorm,,25/01/2026,fiercemilder.com,Bluesky,#speirgorm,,,,,,,,Mixed
702,706,"4 stories in the @irishtimes.com highlight the crazy approach to climate action by the government. 3 articles detailing the heavy financial & social cost of climate breakdown, and 1 where the govt celebrates increasing climate emissions for the airport by lifting the passenger cap. ï¿½ï¿½ï¿½ï¿½ #S",,10/02/2026,odubhda.bsky.social,Bluesky,#SpeirGorm,,,,,,,,Positive
703,707,Right now Sinn Fï¿½ï¿½in are the biggest barrier to a future free from Fianna Fï¿½ï¿½il and Fine Gael ideology. When the lead opposition party are dropping the ball this badly they have some ownership of the current state of affairs. #sp,,17/12/2025,hilarieashton.bsky.social,Bluesky,#spï¿½ï¿½ir,,,,,,,,Negative
704,708,"It's November! Time to celebrate heists, books and feral gods.Come to the launch of The Book of Gold, first book of The Feral Gods in the Gutter Bookshop, Cow's lane on the 28th at 6.30pm @gutterbookshop.bsky.social  #TheBookOfGold #feralgods #booksky ï¿½ï¿½ï¿½ï¿½ï¿½ï¿½ï¿½ï¿½ #writersofbluesky #speirgor",,01/11/2024,j-lbrbsblogs.bsky.social,Bluesky,#TheBookOfGold #feralgods #booksky #writersofbluesky #speirgorm #romancelandia,#TheBookOfGold #feralgods #booksky #writersofbluesky #speirgorm #romancelandia,#TheBookOfGold #feralgods #booksky #writersofbluesky #speirgorm #romancelandia,#TheBookOfGold #feralgods #booksky #writersofbluesky #speirgorm #romancelandia,#TheBookOfGold #feralgods #booksky #writersofbluesky #speirgorm #romancelandia,#TheBookOfGold #feralgods #booksky #writersofbluesky #speirgorm #romancelandia,,,Positive
705,709,"My family did not raid Wales, kidnap a shepherd and drag him back to Ireland in chains for this!The horrorï¿½ï¿½ï¿½ the horror #spï¿",,12/03/2025,libmoggy.bsky.social,Bluesky,#spï¿½ï¿½ir,,,,,,,,Mixed
706,710,Big thanks to @c4itnr.bsky.social for both originally setting up and  restoring the #speirgorm feed. (It incorporates all the common spelling variants so no need for spelling anxiety or controversy.),,12/12/2025,libertiesbelle.bsky.social,Bluesky,#speirgorm,,,,,,,,Positive
707,711,The #EU wants to roll back vital environmental protections. Deadline to stop it: 10 September ï¿½ï¿½ï¿½Tell them to keep their #HandsOffNature ï¿½ï¿½ï¿½ï¿½ www.wwf.eu/campaigns/it,,06/09/2025,underfoot.bsky.social,Bluesky,#EU #HandsOffNature #Spï¿½ï¿½ir,#EU #HandsOffNature #Spï¿½ï¿½ir,#EU #HandsOffNature #Spï¿½ï¿½ir,,,,,,Mixed
708,712,Wanted #Speirgorm Looking for a house to rent in Ennis or surrounds for my family & I. I'm working for Clare County Council and have excellent rental references available. If you hear of anything available in the coming weeks or months please let me know. Shares very appreciated! ï¿½ï¿½,,19/02/2026,karlstanley.bsky.social,Bluesky,#Speirgorm,,,,,,,,Positive
709,713,"Oh ...You better watch out,You better not cryYou better not pout,I'm telling you why...Santa Claus is coming to town!Bruce Springsteen, 20th century#Photography #Wisdom #Poetry #SpeirGorm #Christmas #StreetPhotography #India #ImageAndVerse #ArtOfBlueSky #PhotographersOfBlueSky #EastCoastKin",,02/11/2025,lyphshro.bsky.social,Bluesky,#SPILL!,,,,,,,,Mixed
710,714,'Inaction emboldens perpetrators and betrays every principle the Union and its member states claim to uphold.'Their profound sense of betrayal leaps from the page. #speirgorm,,31/07/2025,massimovl.bsky.social,Bluesky,#speirgorm,,,,,,,,Mixed
711,715,"Meanwhile, in Cork",,28/07/2025,brownekelly.bsky.social,Bluesky,,,,,,,,,Mixed
712,716,"Review of an interesting new book on the Great Irish Famine, 1845-1850. The final sentence certainly gives one pause for thought, not just on the famine but on our current, awful, late stage capitalism #speirgorm #irishhistory #history",,16/03/2025,tararoonies.bsky.social,Bluesky,#speirgorm #irishhistory #history,#speirgorm #irishhistory #history,#speirgorm #irishhistory #history,,,,,,Mixed
713,717,Appease right wing fuckwittery.Terrible attack/riots.Sincerest admonishement/condolences.Appease right wing fuckwittery.Terrible attack/riots.Sincerest admonishement/condolences.Appease right wing fuckwittery.Terrible attack/riots.Rinse.Repeat.Rinse.Repeat.Rinse.Repeat.#Speirgorm,,01/11/2025,stephanenny.bsky.social,Bluesky,#Speirgorm,,,,,,,,Negative
714,718,"No plans, no policy, no funding. may aswell be the tagline for the current government. Facing Billions of ï¿½ï¿½ï¿½ in EU fines due to missing climate targets, while bragging about the 112Bn investment Into infrastructure, the government ignore this easy win. #SpeirGorm my.uplift.ie/petitions",,04/02/2026,mixtwitch.bsky.social,Bluesky,#SpeirGorm,,,,,,,,Positive
715,719,Prayer stones in the Burren in County Clare#speirgorm,,26/02/2025,kerryman.bsky.social,Bluesky,#speirgorm,,,,,,,,Mixed
716,720,AMAZING! #speirgorm antidote to the crashing global economy. #tariffs,,03/04/2025,sambethune.bsky.social,Bluesky,#speirgorm #tariffs,#speirgorm #tariffs,,,,,,,Positive
717,721,Lush be doing it right!!!#SpeirGorm #Lush #LushBeauty #TransRights #TransRightsAreHumanRights #LGBT #LGBTQIAP+ #UK #Ireland gcn.ie/lush-trans-r...,,05/05/2025,dochasisgra.bsky.social,Bluesky,#SPILL!,,,,,,,,Mixed
718,722,"The British state, which continues to cover up its role in murdering hundreds of Irish people in #Ireland & is arming #Israel as it commits genocide in #Gaza before our eyes, is charging an Irish musician with a ""terror offence"" for waving a flag#Kneecap #Spï¿½ï¿½irGormwww.thejournal.ie/one-member-",,21/05/2025,jakwilde.bsky.social,Bluesky,#Ireland #Israel #Gaza #Kneecap #Spï¿½ï¿½irGormwww.thejournal.ie/one-member-,#Ireland #Israel #Gaza #Kneecap #Spï¿½ï¿½irGormwww.thejournal.ie/one-member-,#Ireland #Israel #Gaza #Kneecap #Spï¿½ï¿½irGormwww.thejournal.ie/one-member-,#Ireland #Israel #Gaza #Kneecap #Spï¿½ï¿½irGormwww.thejournal.ie/one-member-,#Ireland #Israel #Gaza #Kneecap #Spï¿½ï¿½irGormwww.thejournal.ie/one-member-,,,,Negative
719,723,Black Sabbath and Thin Lizzy @johncreedon.bsky.social #Speirgorm,,22/07/2025,petermahonyart.bsky.social,Bluesky,#Speirgorm,,,,,,,,Mixed
720,724,"How PR-STV works, using smarties! Absolutely ingenious from @gavreilly.com #GE24 #Spï¿½ï¿½ir",,01/12/2024,carolconnolly.bsky.social,Bluesky,#GE24 #Spï¿½ï¿½ir,#GE24 #Spï¿½ï¿½ir,,,,,,,Mixed
721,725,"For the uninitiated, these are Irish Throwing Stars, an ancient weapon wielded by St. Brigid during the 1916 Rising, striking fear into the hearts of the British, and responsible for the eventual smiting of both Cromwell and Thatcher.",,01/02/2026,ricoreachthorne.bsky.social,Bluesky,,,,,,,,,Mixed
722,726,Happy Valentine's Day ï¿½ï,,14/02/2026,igallupd.bsky.social,Bluesky,,,,,,,,,Positive
723,727,"Scientists accuse Ireland and New Zealand of using ï¿½ï¿½ï¿½accounting trickï¿½ï¿½ï¿½ to justify livestock emissionsMethod to support methane-emitting sectors undermines fight against climate change, say researcherswww.irishtimes.com/business/far...#ClimateEmergency #ClimateCrisis #Climat",,02/06/2025,roboyle.bsky.social,Bluesky,#ClimateEmergency #ClimateCrisis #Climate #SpeirGorm,#ClimateEmergency #ClimateCrisis #Climate #SpeirGorm,#ClimateEmergency #ClimateCrisis #Climate #SpeirGorm,#ClimateEmergency #ClimateCrisis #Climate #SpeirGorm,,,,,Mixed
724,728,Why the weather wobbled?Dr Jennifer Francis is one of the best #climate science communicators anywhere. She simplifies the incredibly complex forces degrading the Jet Stream to explain why our weather is increasingly getting stuck. #RTECountrywide #SpeirGormListen: ï¿½ï¿½ï¿½ï¿½ www.rte.ie/radio/r,,07/02/2026,carolconnolly.bsky.social,Bluesky,#climate #RTECountrywide #SpeirGormListen:,#climate #RTECountrywide #SpeirGormListen:,#climate #RTECountrywide #SpeirGormListen:,,,,,,Positive
725,729,Email members of the committee and let them know that they NEED to include Services in their new OTB ï¿½ï¿½ï¿½ï¿½ï¿½ï¿½#speirgorm action.uplift.ie/cam,,04/07/2025,angelacoraccio.bsky.social,Bluesky,#speirgorm,,,,,,,,Mixed
726,730,"HELP NEEDED!I'm in need of a rapper who can run a rap/hip hop workshop to teach people how to write rap. The person I had is now unavailable and the event is already advertised. Dublin gig, well paid. Please share!#Speirgorm #Speirghorm",,25/03/2025,angelak1990.bsky.social,Bluesky,#Speirgorm #Speirghorm,#Speirgorm #Speirghorm,,,,,,,Mixed
727,731,"Time for another cup of tea, and another #painting. ""Castleblayney"" It was raining when I got to the Monaghan town. And beautiful. The sky lit up the rain. Everything sparkled and gleamed. I stopped cycling and looked around at Muckno Street. This is nice, I said to the rain. #SpeirGorm #art",,28/12/2024,takemusu.bsky.social,Bluesky,#painting. #SpeirGorm #art,#painting. #SpeirGorm #art,#painting. #SpeirGorm #art,,,,,,Positive
728,732,"""They appeared on [...] Reddit in an Irish subgroup which encourages its 3,200+ members to ï¿½ï¿½ï¿½tradeï¿½ï¿½ï¿½ images of ï¿½ï¿½ï¿½IRL girlsï¿½ï¿½ï¿½ for sexual gratification [...] images include teenagers in their school uniforms, alongside their na""Never, ever ends.www.thejournal.ie/non-consensu...",,02/06/2025,stephencward.com,Bluesky,,,,,,,,,Mixed
729,733,"Did you know that  93% of adults in Ireland engage in some form of reading regularly? But many people want to read more, and #IrelandReads is the perfect opportunity to pick up a good book. There will be events in libraries across the country, so #dropin and see what's on near you #spï¿½ï¿½ir",,27/02/2026,westwaterfordag.bsky.social,Bluesky,#IrelandReads #dropin #spï¿½ï¿½ir,#IrelandReads #dropin #spï¿½ï¿½ir,#IrelandReads #dropin #spï¿½ï¿½ir,,,,,,Positive
730,734,"In 1922 The Black and Tans then went over to Palestine (after they murdered, tortured and mutilated Irish people on a whim) to continue their debauchery. Lovely bunch of lads altogether. There's your Winston Churchill for ya. #SpeirGorm",,25/03/2026,bridgeenmckenna.bsky.social,Bluesky,#SpeirGorm,,,,,,,,Positive
731,735,"ýýýDespite all three men being immigrants to the United States, when they refer to Americaýýýs future they say ýýýweýýý. All rich people see themselves as Americans in waiting.ýýýWorth reading (if only so you donýýýt have to listen to Elon Muskýýýs bull fur 3 hours! #SpeirGorm",,06/02/2026,fhayesmccoy.bsky.social,Bluesky,#SpeirGorm,,,,,,,,Mixed
732,736,We'll be out every week until this atrocity ends. Until our govt does something. Until the world wakes up.#SaoirseDonPhalaistï¿½ï¿½n #Limerick #Ireland #Speir,,26/10/2025,lokideburca.bsky.social,Bluesky,#SaoirseDonPhalaistï¿½ï¿½n #Limerick #Ireland #Speir,#SaoirseDonPhalaistï¿½ï¿½n #Limerick #Ireland #Speir,#SaoirseDonPhalaistï¿½ï¿½n #Limerick #Ireland #Speir,#SaoirseDonPhalaistï¿½ï¿½n #Limerick #Ireland #Speir,,,,,Mixed
733,737,"Forgive me but I'm ignoring the horrible thing in the world today, and I'm posting a #painting. This is ""Poulnabrone VI"" - painted because I love stones and what we do with them, and posted because I'd like to think some good things can come in orange. #SpeirGorm #ArtYear",,20/01/2025,fcemurphy.bsky.social,Bluesky,#painting. #SpeirGorm #ArtYear,#painting. #SpeirGorm #ArtYear,#painting. #SpeirGorm #ArtYear,,,,,,Positive
734,738,"Irish folk (and others who were living here at the time), what events/stories/incidents would you include in an essential guide to the Celtic Tiger if you were trying to describe it for those who didn't experience it?  It's for a (possible) thing ï¿½ï¿½ï¿½ï¿½ #s",,04/08/2025,maryburke.bsky.social,Bluesky,#speirgorm,,,,,,,,Mixed
735,739,Loving the cover of the new paperback edition of #TheBooksellersGift!It's out this October ï¿½ï¿½ï¿½ï¿½ï¿½ï¿½ï¿½ï¿½You'll find links for pre orders from UK and Irish bookshops (and the big river site) on Hachette's dedicated page here ï¿½ï¿½ï¿½ï¿½ www.hachette.co.uk/titles/feli,,07/06/2025,nasheridan.bsky.social,Bluesky,#TheBooksellersGift!It's #Booksky #Spï¿½ï¿½ir,#TheBooksellersGift!It's #Booksky #Spï¿½ï¿½ir,#TheBooksellersGift!It's #Booksky #Spï¿½ï¿½ir,,,,,,Mixed
736,740,Sigh! With the state of politics in 2025 this is just what we need now; a resurfacing brown envelope gombeen man! I hope the young generation realises he and his governments laid the foundations for the current housing crisis they are suffering through #speirgorm,,24/08/2025,trinakc.bsky.social,Bluesky,#speirgorm,,,,,,,,Mixed
737,741,Am I the only person I the country who believes it's reasonable to expect a presidential candidate to have held political office? It's a job. You need to demonstrate a track record. In what world is it appropriate for you to begin your political career in one of the most senior roles? #spï¿½ï¿½ir,,24/09/2025,queen-crafty.bsky.social,Bluesky,#spï¿½ï¿½ir,,,,,,,,Mixed
738,742,"My awareness is unitedand focused in the Real.Caste, order, and scripture are gone;I am the Supreme Brahmanbeyond all attributes.Avudai Akkal, 18th century#Photography #Poetry #SpeirGorm #RamanaMaharshi #StreetPhotography #ImageAndVerse #ArtOfBlueSky #PhotographersOfBlueSky #EastCoastKin",,07/12/2025,jaycee-visionlogic.bsky.social,Bluesky,#SPILL!,,,,,,,,Mixed
739,743,"I subscribe for insight, @finnmcredmond.bsky.social is giving us insight into how others see us (like it or not). @irishtimes.com covers #Ukraine including a 2 pager by Andrey Kurkov www.irishtimes.com/life-style/p... Well worth the sub in my view. #SlavaUkaini #StopBurningStuff #SpeirGorm",,30/01/2025,annapr.bsky.social,Bluesky,#Ukraine #SlavaUkaini #StopBurningStuff #SpeirGorm,#Ukraine #SlavaUkaini #StopBurningStuff #SpeirGorm,#Ukraine #SlavaUkaini #StopBurningStuff #SpeirGorm,#Ukraine #SlavaUkaini #StopBurningStuff #SpeirGorm,,,,,Mixed
740,744,Home #speirgorm,,31/01/2026,keithhalltaft.bsky.social,Bluesky,#speirgorm,,,,,,,,Mixed
741,745,Ireland SHOULD prosecute. #Grok #Speirgorm,,08/01/2026,lauowolf.bsky.social,Bluesky,#Grok #Speirgorm,#Grok #Speirgorm,,,,,,,Mixed
742,746,"Have a peaceful SundayBlackrock Castle, Cork ï¿½ï¿½ï¿½ï¿½ï¿½ï¿½ï¿½ï¿½ #photography#nature#landscape#winter#river#cork#reflection#castle#EastCoastKin#spï¿½ï¿½irgorm#PhotoHourï¿½ï¿½ï¿½ï¿½ ï¿½ï¿½ï¿½ï¿½ ï¿½ï¿½ï",,23/11/2025,pierpaolo.bsky.social,Bluesky,#SPILL!,,,,,,,,Positive
743,747,www.newstalk.com/podcasts/new... Does Ireland need a national womenï¿½ï¿½ï¿½s museum?And should we put it in the GPO? excellent points from my womenï¿½ï¿½ï¿½s museum advocate colleague @geolug.bsky.social -what can I say about Finn (ï¿½ï¿½ï¿½womenï¿½ï¿½ï¿½s history is boringï¿½ï¿½ï¿½)McRedmond but how banal ,,03/07/2025,radiobeartime.com,Bluesky,#speirgorm,,,,,,,,Positive
744,748,"Trying to think of Irish tabloid headlines for the names, so far I haveFionnuala agus Roola-BoolaKeep Her Lilith (article reminding folk to have torches at the ready)Marty Wailinï¿½ï¿½ï¿½ Oscar Wild!Tadhg me Trampoline Down SportBram Soaker Any suggestions #Speirgorm #Spei",,01/09/2025,bikesnbukes.bsky.social,Bluesky,#Speirgorm #Speirghorm,#Speirgorm #Speirghorm,,,,,,,Mixed
745,749,And now for something very silly.,,31/03/2026,leenchen.bsky.social,Bluesky,,,,,,,,,Mixed
746,750,How are we still falling into the same trap in 2025 of validated and playing into the hands of right wing reactionaries & far right figures by responding to absurd antagonistic actions? Does it matter that a certain UFC fighter was in the whitehouse today? No. Why? Because only two groups #speirgorm,,17/03/2025,theapplefarmer.bsky.social,Bluesky,#speirgorm,,,,,,,,Positive
747,751,"""Everything is politics...You don't get to make art in a fascist state""CMAT delivering, mar is gnï¿½ï¿½ch. ï¿½ï¿½ï¿½ï¿½(Same goes for sport btw",,01/03/2026,jamesfbrophy.bsky.social,Bluesky,#Speirgorm,,,,,,,,Mixed
748,752,"St Brigidï¿½ï¿½ï¿½s Eve - Don't forget to leave a piece of cloth outside to be blessed by Brigid as she passes tonight! This is the brat Brï¿½ï¿½de, itï¿½ï¿½ï¿½ll cure headaches or sore throats and keep you healthy for the year! #speirgorm #brigidsday #stbrigid www.rte.ie",,31/01/2025,robertbohan.bsky.social,Bluesky,#speirgorm #brigidsday #stbrigid,#speirgorm #brigidsday #stbrigid,#speirgorm #brigidsday #stbrigid,,,,,,Positive
749,753,"In unrelated news, the number of nights spent in Emergency accommodation in Ireland also breaks record in 2025 #Spï¿½ï¿½ir",,02/04/2026,allanartist.bsky.social,Bluesky,#Spï¿½ï¿½ir,,,,,,,,Mixed
750,754,"I have no words for this absolute disaster. There's so much research showing this kinda step doesn't work re safety, and will destroy any chance of getting people on bikes and will end city bikes of any description #speirgorm #ireland #cycling #cyclists irishcycle.com/2026/02/04/a...",,04/02/2026,cycledocatx.bsky.social,Bluesky,#speirgorm #ireland #cycling #cyclists,#speirgorm #ireland #cycling #cyclists,#speirgorm #ireland #cycling #cyclists,#speirgorm #ireland #cycling #cyclists,,,,,Positive
751,755,ýýýýýýýý The Irish government must stop allowing Ireland to be used to fund Israelýýýs genocide in Palestine.Mary Lou McDonald and I are introducing a Bill that will force the government to end the sale of Israeli war bonds through the Irish Central Bank.#SpýýirGhorm #speirgorm #gaza,,19/05/2025,markportis.bsky.social,Bluesky,#Spï¿½ï¿½irGhorm #speirgorm #,#Spï¿½ï¿½irGhorm #speirgorm #,#Spï¿½ï¿½irGhorm #speirgorm #,,,,,,Mixed
752,756,"""Inishmore Horse"". A special #painting for me. As an unpaid carer I don't earn much but wanted to give back. So with permission I used a friend's photo as reference, and donated half of the proceeds to the charity of their choice - the Down Syndrome Centre in Dublin's northside.  #ArtYear #SpeirGorm",,03/09/2025,dollyscrum.bsky.social,Bluesky,#painting #ArtYear #SpeirGorm,#painting #ArtYear #SpeirGorm,#painting #ArtYear #SpeirGorm,,,,,,Mixed
753,757,"FFS!!! We donï¿½ï¿½ï¿½t even have digital health records in Ireland, yet the health minister just released an AI health strategy?!!! ï¿½ï¿½ï¿½ï¿½ï¿½ï¿½ï¿½ï¿½ï¿½ï¿½ï¿½ï¿½ï¿½ï¿½ï¿½ï¿½ï¿½ï¿½ï¿½ï¿½ï¿½ï¿½ï¿½ï¿½ï¿½ï¿½ï¿½ï¿½ï¿½ï¿½ï¿½ï¿½ï¿½ï¿½ï¿½ï¿½ï¿½ï¿½ï¿½ #HSE #DepartmentOfHealth #Spï¿½ï¿½irGorm #SpeirGorm #Spï¿½ï¿½irGhorm #HealthMin",,13/03/2026,kristekline.bsky.social,Bluesky,#SPILL!,,,,,,,,Mixed
754,758,Author and TD among five Irish people on board latest Gaza flotilla intercepted by Israel #speirgorm #stopthegenocide jrnl.ie/6838266,,08/10/2025,eslsys.bsky.social,Bluesky,#speirgorm #stopthegenocide,#speirgorm #stopthegenocide,,,,,,,Negative
755,759,Landlords are a blight on Ireland. #speirgorm,,10/02/2026,sharrow.bsky.social,Bluesky,#speirgorm,,,,,,,,Mixed
756,760,"Imbolc in LondonSung Eucharist in St Bride's, the journalists' church #Lï¿½ï¿½LeBrï¿½ï¿½de #Spï¿½ï¿½irgorm #writingcommunity #Lo",,01/02/2026,judetheconfused.bsky.social,Bluesky,#Lï¿½ï¿½LeBrï¿½ï¿½de #Spï¿½ï¿½irgorm #writingcommunity #Lo,#Lï¿½ï¿½LeBrï¿½ï¿½de #Spï¿½ï¿½irgorm #writingcommunity #Lo,#Lï¿½ï¿½LeBrï¿½ï¿½de #Spï¿½ï¿½irgorm #writingcommunity #Lo,#Lï¿½ï¿½LeBrï¿½ï¿½de #Spï¿½ï¿½irgorm #writingcommunity #Lo,#Lï¿½ï¿½LeBrï¿½ï¿½de #Spï¿½ï¿½irgorm #writingcommunity #Lo,,,,Mixed
757,761,"Lord, thou art hard on mothers:We suffer in their coming and their going;And tho' I grudge them not, I weary, wearyOf the long sorrow - And yet I have my joy ...Pï¿½ï¿½draig Pearse, 20th century#Photography #Wisdom #Poetry #SpeirGorm #Cats #Caturday #ImageAndVerse #ArtOfBlueSky #EastCoas",,25/10/2025,deanbarker.bsky.social,Bluesky,#SPILL!,,,,,,,,Positive
758,762,"I heard Brendan Gleeson say that he thinks there should be a segment for the arts on the news like there is for sport. I totally agree, not everyone is into sport how nice would it be to experience that kind of diversity & inclusion in broadcasting #Speirgorm",,13/08/2025,pompompastel.bsky.social,Bluesky,#Speirgorm,,,,,,,,Mixed
759,763,Northern Lights from Phoenix Park now. #SpeirGorm,,19/01/2026,selkie1.bsky.social,Bluesky,#SpeirGorm,,,,,,,,Mixed
760,764,Why so many revolutionary women were denied their military pension #speirgorm  www.rte.ie/brainstorm/2...,,08/03/2025,clairedubois.bsky.social,Bluesky,#speirgorm,,,,,,,,Mixed
761,765,"Ireland! We need just 1,483 ppl who are Irish nationals to sign this EU petition to initiate a ban on LGBTQ conversion therapy* across the EU. The UN considers such ï¿½ï¿½ï¿½therapyï¿½ï¿½ï¿½ to be mental torture. #SpeirGorm Please sign & share with all EU citizens that you know: eci.ec.europa.eu/043",,10/02/2025,larakaa.bsky.social,Bluesky,#SpeirGorm #...,#SpeirGorm #...,,,,,,,Mixed
762,766,The poll to ban direct posting from twitter to the /r/rIreland subreddit looks like twitter submissions will be banned there. Amazing how Elon Musk can ruin a brand so effectively by being a Nazi piece of shit. #Ireland #Spï¿½ï¿½irgorm  www.reddit.com/r/ireland/c,,22/01/2025,wesmank.bsky.social,Bluesky,#Ireland #Spï¿½ï¿½ir,#Ireland #Spï¿½ï¿½ir,,,,,,,Positive
763,767,"In Irish publishing, you could make the bestseller list every year and never make minimum wage.#SpeirGorm",,29/03/2026,irishwol.bsky.social,Bluesky,#SpeirGorm,,,,,,,,Positive
764,768,Yes. And the Irish government should refuse St Patrickï¿½ï¿½ï¿½s day invitations to the US and instead invite our European neighbors to Ireland. Just how much more fascist does Trumpï¿½ï¿½ï¿½s administration have to be before Ireland says no,,24/01/2026,cait.siorc.eu,Bluesky,#SpeirGorm,,,,,,,,Mixed
765,769,A reminder that the minister in charge of the housing crisis for the past 5 years is now in charge of our climate response instead.Itï¿½ï¿½ï¿½s going great.#spe,,08/10/2025,robosullivan.bsky.social,Bluesky,#speirgorm,,,,,,,,Mixed
766,770,As ministers & senior officials reportedly vacillate about the Occupied Territories Bill in face of US resistance www.irishtimes.com/politics/202... they should ask what would Daniel Oï¿½ï¿½ï¿½Connell do? #spï¿,,10/07/2025,fromsaltintears.com,Bluesky,#spï¿½ï¿½ir,,,,,,,,Mixed
767,771,"""The joy on the faces of far-right men, more angry, angry men, tells me everything I need to know about the blockades and this new standard of protest... We respond to the needs of angry, suffering men before the needs of everybody else.""#SpeirGorm #Spï¿½ï¿½irG",,17/04/2026,regcoppinger.bsky.social,Bluesky,#SpeirGorm #Spï¿½ï¿½irG,#SpeirGorm #Spï¿½ï¿½irG,,,,,,,Mixed
768,772,Nikita Hand to sue Conor McGregor and two former neighbours over withdrawn claims in failed appeal #gonikita take them all to the cleaners #speirgorm www.irishtimes.com/crime-law/co...,,01/08/2025,shazbear.bsky.social,Bluesky,#gonikita #speirgorm,#gonikita #speirgorm,,,,,,,Negative
769,773,If you see CSAM online there is a place for you to make a report.Hotline.ie#spï¿½ï¿½irgormCSAM stands for child sexual assault mater,,06/01/2026,carolconnolly.bsky.social,Bluesky,#spï¿½ï¿½irgorm,,,,,,,,Mixed
770,774,"I couldnï¿½ï¿½ï¿½t vote because Irish citizens living abroad canï¿½ï¿½ï¿½t, but I am delighted that Catherine Connolly won the Irish presidential campaign. Youï¿½ï¿½ï¿½ll hear lots about how this win isnï¿½ï¿½ï¿½t actually a win for the Left but it is & more. It is a win for everyone who wants to live in ",,25/10/2025,kwirirayi.bsky.social,Bluesky,#Spï¿½ï¿½ir,,,,,,,,Positive
771,775,"ýýýwhen an accident does happen it would be catastrophic, so you do not want that facility in an area close to any kind of habitation.I personally wouldnýýýt want to live next to any facilityýýý[I just want to make money from it]#SpeirGorm #ShannonLNG",,14/06/2025,blacksmithpro.bsky.social,Bluesky,#SpeirGorm #ShannonLNG,#SpeirGorm #ShannonLNG,,,,,,,Mixed
772,776,"#speirgorm you've been on my mind and in my prayers all night. I know battery life is precious without power, so don't waste it on me, but I'm wondering how everyone is doing. Record winds and 750,000 without power is what I've read",,24/01/2025,contraryjordan.bsky.social,Bluesky,#speirgorm,,,,,,,,Positive
773,777,"Hoping the council stick to the courage of their conviction here. This is one of those things that, in retrospect, people will wonder why they ever opposed. I'd like to be able to walk across the bridge with a bit less risk of getting knocked down. #speirgorm",,11/01/2025,tggleeson.bsky.social,Bluesky,#speirgorm,,,,,,,,Positive
774,778,"A #painting from the midlands of Ireland. ""Kenagh"" was painted in Longford after a long day's cycle from Boyle in Roscommon with a dip into Leitrim for lunch before returning to Roscommon and crossing the Shannon. The next day I cycled to Cavan. The painting stayed in Longford. #SpeirGorm #ArtYear",,28/01/2025,9roovy.bsky.social,Bluesky,#painting #SpeirGorm #ArtYear,#painting #SpeirGorm #ArtYear,#painting #SpeirGorm #ArtYear,,,,,,Mixed
775,779,"Britain does not dictate Irish law. Or Irish feminismï¿½ï¿½ï¿½Easter commemorations are always a good reminder that .. Ireland is not part of an extinct British empire, and our feminism is our ownï¿½ï¿½ï¿½. I agree, Irish feminism is intersectional & trans inclusive #speirgormwww.irishtimes.com/opi",,28/04/2025,davidandress.bsky.social,Bluesky,#speirgormwww.irishtimes.com/opinion/2025...,,,,,,,,Positive
776,780,Someone has managed to drop a Palestinian flag at the very top of the Spire. Fair fucks. Gonna be comical watching Dublin City council trying to figure out how to get that down :) #Speirgorm,,27/09/2025,beebsymca.bsky.social,Bluesky,#Speirgorm,,,,,,,,Mixed
777,781,"""Ireland for the Irish"" ... unless you're gay or trans ï¿½ï¿½ï¿½ï¿½#ireland #s",,26/06/2024,cait.siorc.eu,Bluesky,#ireland #speirgorm,#ireland #speirgorm,,,,,,,Mixed
778,782,From less than a dozen marchers to tens of thousands: A history of Dublin Pride - i was delighted to be interviewed for this article #pride2025 #queerhistories #speirgorm jrnl.ie/6742433,,28/06/2025,olekingcoley.bsky.social,Bluesky,#pride2025 #queerhistories #speirgorm,#pride2025 #queerhistories #speirgorm,#pride2025 #queerhistories #speirgorm,,,,,,Positive
779,783,"Absolutely shameful that voter turnout is so lowSo much is on the line - from homelessness, to healthcare, climate action, energy poverty, and even abortion access at threatWe are in an apathy crisiswww.irishevs.com/apathy-crisis#GE24 #Election24 #SpeirGorm #Ireland #ClimateEmergency",,30/11/2024,mariondublin.bsky.social,Bluesky,#GE24 #Election24 #SpeirGorm #Ireland #ClimateEmergency,#GE24 #Election24 #SpeirGorm #Ireland #ClimateEmergency,#GE24 #Election24 #SpeirGorm #Ireland #ClimateEmergency,#GE24 #Election24 #SpeirGorm #Ireland #ClimateEmergency,#GE24 #Election24 #SpeirGorm #Ireland #ClimateEmergency,,,,Negative
780,784,GATECRASHES: LIVE AT THE GATE: ROSIE O'DONNELL & OUT LOUD - Gate Theatre Dublin- a fundraiser for some great LGBTI organisations  #speirgorm #pride2025 gatetheatre.ie/production/g...,,11/06/2025,squeefulraven.bsky.social,Bluesky,#speirgorm #pride2025,#speirgorm #pride2025,,,,,,,Positive
781,785,#SpeirGorm,,16/11/2025,jimmacmillan.com,Bluesky,#SpeirGorm,,,,,,,,Mixed
782,786,The Irish Government edging closer to beginning work on Dublin's Metro / expanding the DART #Spï¿½ï¿½ir,,15/04/2026,cathyby.bsky.social,Bluesky,#Spï¿½ï¿½ir,,,,,,,,Mixed
783,787,"Can people please repost this. Iï¿½ï¿½ï¿½m looking for Black Irish users ï¿½ï¿½ï¿½ï¿½ï¿½ï¿½ï¿½ï¿½ï¿½ï¿½ï¿½ï¿½ï¿½ï¿½ï¿½Could you please drop a reply so I can add you to a list #speirgorm*by Black Irish I mean has lived in Ireland not America",,14/01/2025,blooming-burbs.bsky.social,Bluesky,#speirgorm*by,,,,,,,,Positive
784,788,"An Irish #painting for you. ""Ballina, Tolan Street"" came out of wanting to go everywhere, so wishing the world was one single road that looped around the globe and I'd walk it forever, but instead the world is full of junctions and as I struggle with the choices I look at lot. #SpeirGorm #ArtYear",,25/06/2025,annapr.bsky.social,Bluesky,#painting #SpeirGorm #ArtYear,#painting #SpeirGorm #ArtYear,#painting #SpeirGorm #ArtYear,,,,,,Mixed
785,789,Sending this to #speirgorm because come on.,,05/02/2025,billallen.bsky.social,Bluesky,#speirgorm,,,,,,,,Mixed
786,790,"Sport can be healing but it can also hurt. This piece is about the quiet courage behind the game, especially in GAA, where pride and pressure often go hand in hand. #GAA #AllIreland #SpeirGorm #Donegal #Kerry",,26/07/2025,fiftywords.bsky.social,Bluesky,#GAA #AllIreland #SpeirGorm #Donegal #Kerry,#GAA #AllIreland #SpeirGorm #Donegal #Kerry,#GAA #AllIreland #SpeirGorm #Donegal #Kerry,#GAA #AllIreland #SpeirGorm #Donegal #Kerry,#GAA #AllIreland #SpeirGorm #Donegal #Kerry,,,,Mixed
787,791,Last push on this - voting closes on July 24th! #astrophotography #space #astronomy #astrosky #ireland #speirgorm #spï¿½ï¿½irgorm #photography #ThePhoto,,22/07/2025,fctwentebenson.bsky.social,Bluesky,#SPILL!,,,,,,,,Mixed
788,792,"And a quick lower panorama at sunset of Carrick, followed by a little detour up along the Suir. #speirgorm",,15/03/2025,tggleeson.bsky.social,Bluesky,#speirgorm,,,,,,,,Mixed
789,793,Happy Valentine's Day ï¿½ï,,14/02/2026,aleccoakley.bsky.social,Bluesky,,,,,,,,,Positive
790,794,"ýýýIs this really happening?ýýý: Bad Bridgets book to become Margot Robbie film. So excited for this, many congrats to history colleagues Leanne McCormick & Elaine Farrell -as Elaine said Bad Bridget is not ýýýbig boy historyýýý, itýýýs much interesting than that! #speirgormwww.irishtimes.com/ireland/2025...",,06/11/2025,lindadoran.bsky.social,Bluesky,#speirgormwww.irishtimes.com/ireland/2025...,,,,,,,,Mixed
791,795,That Eamon is a smug prick.. perfect puss for a guard #traitorsirl #speirgorm,,01/09/2025,carolyncbarthel.bsky.social,Bluesky,#traitorsirl #speirgorm,#traitorsirl #speirgorm,,,,,,,Positive
792,796,"Happy May Day, here's a bitta Connolly ï¿½ï¿½ï¿½ Prints: www.ciaraioch.com/artprints",,01/05/2025,sharrow.bsky.social,Bluesky,,,,,,,,,Positive
793,797,"Cloudy ot not, using modern technology to allow us to continue to witness something the people who lived on our island built in connection with the seasons and the universe thousands of years ago is pretty cool, actually",,21/12/2025,dean-tane.bsky.social,Bluesky,,,,,,,,,Positive
794,798,"Legends!! Thanks all for signing. Just 203 more signatures to go from Irish citizens, and we'll have passed the Ireland threshold, and become 1 of 7 legendary countries to get this past the post C'MON!!!! Let's get it done. ï¿½ï¿½ï¿½ï¿½ï¿½ï¿½ï¿½ï¿½ï¿½ï¿½ï¿½ï¿½#SpeirGhorm #Spei",,06/02/2026,drkevguitar.bsky.social,Bluesky,#SpeirGhorm #SpeirGorm #IrishSky #Ireland,#SpeirGhorm #SpeirGorm #IrishSky #Ireland,#SpeirGhorm #SpeirGorm #IrishSky #Ireland,#SpeirGhorm #SpeirGorm #IrishSky #Ireland,,,,,Positive
795,799,"A cost-of-living crisis isn't the easiest time to sell art, but: www.ciaraioch.com is where you can support my work, with each archival-quality print on textured heavy paper being produced here in Ireland, shipping internationally in eco-friendly packaging, with free mini-treats in every order ï¿½ï",,18/02/2025,chaotic-spring.bsky.social,Bluesky,,,,,,,,,Mixed
796,800,I'm loving these Catherine Connolly posts. We should use a hashtag for them ? #SmearTheBejaysis #SpeirGorm,,10/10/2025,johnbarrington.bsky.social,Bluesky,#SmearTheBejaysis #SpeirGorm,#SmearTheBejaysis #SpeirGorm,,,,,,,Mixed
797,801,"Reminder to members to check your inboxes for the Zoom link for this year's AGM at 6pm, Wednesday 14th May 2025 #skystorians #spï¿½ï¿½ir",,08/05/2025,chendirl.bsky.social,Bluesky,#skystorians #spï¿½ï¿½ir,#skystorians #spï¿½ï¿½ir,,,,,,,Mixed
798,802,Snuck up on this heron at a lake last week. Managed a shot before I was spotted.#hiking #nature #photography #birds #Spï¿½ï¿½irGorm #EastCoastKin #Ire,,17/09/2025,jenhenders.bsky.social,Bluesky,#hiking #nature #photography #birds #Spï¿½ï¿½irGorm #EastCoastKin #Ire,#hiking #nature #photography #birds #Spï¿½ï¿½irGorm #EastCoastKin #Ire,#hiking #nature #photography #birds #Spï¿½ï¿½irGorm #EastCoastKin #Ire,#hiking #nature #photography #birds #Spï¿½ï¿½irGorm #EastCoastKin #Ire,#hiking #nature #photography #birds #Spï¿½ï¿½irGorm #EastCoastKin #Ire,#hiking #nature #photography #birds #Spï¿½ï¿½irGorm #EastCoastKin #Ire,#hiking #nature #photography #birds #Spï¿½ï¿½irGorm #EastCoastKin #Ire,,Mixed
799,803,#speirgorm if you are in the Clonliffe Road area please keep an eye out for our lovely former foster boy Ernie,,13/12/2025,mynameisdeclan.bsky.social,Bluesky,#speirgorm,,,,,,,,Positive
800,804,Celebration of resistance and hope #lï¿½ï¿½fhï¿½ï¿½ilebrï¿½ï¿½de,,29/01/2026,thewildgees.bsky.social,Bluesky,#lï¿½ï¿½fhï¿½ï¿½ilebrï¿½ï¿½de,#lï¿½ï¿½fhï¿½ï¿½ilebrï¿½ï¿½de,,,,,,,Positive
801,805,Happy Lï¿½ï¿½ Bealtaine - the swallows have arrived and summer's on the way ï¿½ï¿½ï¿½ï¿½Prints: www.ciaraioch.com/art,,01/05/2025,poliscirish.bsky.social,Bluesky,,,,,,,,,Positive
802,806,"Boatstrand Harbour, this afternoon. #Speirgorm #Spï¿½ï¿½irgorm #Waterford #Ire",,23/08/2025,cathyby.bsky.social,Bluesky,#Speirgorm #Spï¿½ï¿½irgorm #Waterford #Ire,#Speirgorm #Spï¿½ï¿½irgorm #Waterford #Ire,#Speirgorm #Spï¿½ï¿½irgorm #Waterford #Ire,#Speirgorm #Spï¿½ï¿½irgorm #Waterford #Ire,,,,,Mixed
803,807,"Have a #painting. ""Looscaunagh Lough"" came from a lucky day. After painting in Kenmare I packed up my paints and cycled up and over Moll's Gap, and coming down I was arrested by this lake high above Killarney National Park. Caressed by an indecisive rain I sat down and looked.  #SpeirGorm #ArtYear",,24/03/2025,charlesrose.bsky.social,Bluesky,#painting. #SpeirGorm #ArtYear,#painting. #SpeirGorm #ArtYear,#painting. #SpeirGorm #ArtYear,,,,,,Mixed
804,808,#SpeirGorm,,28/05/2025,any-news.bsky.social,Bluesky,#SpeirGorm,,,,,,,,Mixed
805,809,"No plans, no policy, no funding. may aswell be the tagline for the current government. Facing Billions of ï¿½ï¿½ï¿½ in EU fines due to missing climate targets, while bragging about the 112Bn investment Into infrastructure, the government ignore this easy win. #SpeirGorm my.uplift.ie/petitions",,04/02/2026,oisinmcgann.bsky.social,Bluesky,#SpeirGorm,,,,,,,,Positive
806,810,"Keep walking, thoughthere's no place to get to.Don't try to see through distances,that's not for human beings.Move within, but don't movethe way fear makes you move.Rumi, 13th century#Photography #Wisdom #Poetry #SpeirGorm #ImageAndVerse #ArtOfBlueSky #PhotographersOfBlueSky #EastCoastKin",,21/10/2025,saraflacci.bsky.social,Bluesky,#Photography #Wisdom #Poetry #SpeirGorm #ImageAndVerse #ArtOfBlueSky #PhotographersOfBlueSky #EastCoastKin,#Photography #Wisdom #Poetry #SpeirGorm #ImageAndVerse #ArtOfBlueSky #PhotographersOfBlueSky #EastCoastKin,#Photography #Wisdom #Poetry #SpeirGorm #ImageAndVerse #ArtOfBlueSky #PhotographersOfBlueSky #EastCoastKin,#Photography #Wisdom #Poetry #SpeirGorm #ImageAndVerse #ArtOfBlueSky #PhotographersOfBlueSky #EastCoastKin,#Photography #Wisdom #Poetry #SpeirGorm #ImageAndVerse #ArtOfBlueSky #PhotographersOfBlueSky #EastCoastKin,#Photography #Wisdom #Poetry #SpeirGorm #ImageAndVerse #ArtOfBlueSky #PhotographersOfBlueSky #EastCoastKin,#Photography #Wisdom #Poetry #SpeirGorm #ImageAndVerse #ArtOfBlueSky #PhotographersOfBlueSky #EastCoastKin,#Photography #Wisdom #Poetry #SpeirGorm #ImageAndVerse #ArtOfBlueSky #PhotographersOfBlueSky #EastCoastKin,Negative
807,811,So who'd have thought what we really need to solve the housing crisis that has been driven by an ideology (that puts property rights over human rights) & manufactured by government policy was another senior civil servant to add to Housing Minister & his 3 junior housing ministers#speirgorm,,10/02/2026,nohostages.bsky.social,Bluesky,#speirgorm,,,,,,,,Negative
808,812,"Hi #SpeirGorm. Anyone know why secondary schools are requiring students to install MS Copilot *as well* as Teams on their personal 'phones?I only discovered this tonight, but I know I'm going to get stupid MS marketing speak from the school when I ask, so wondering if anyone knows the real reason.",,27/08/2025,bthalpin.bsky.social,Bluesky,#SpeirGorm.,,,,,,,,Positive
809,813,"Iï¿½ï¿½ï¿½m still thinking about Gavins response to the question on the #womenofhonour -he saw nothing, he knew nothing-and he wants to be President? Can you imagine him responding as our previous presidents have done to issues as national trauma! Heï¿½ï¿½ï¿½s the see nothing,do nothing candidate #speir",,05/10/2025,eslsys.bsky.social,Bluesky,#womenofhonour #speirgorm #aras25,#womenofhonour #speirgorm #aras25,#womenofhonour #speirgorm #aras25,,,,,,Mixed
810,814,Looking for oaks (doesn't have to be native) as street trees around Cork city and suburbs for a new study. Let me know where I'll find them #Cork  #Speirgorm,,09/05/2025,maryburke.bsky.social,Bluesky,#Cork #Speirgorm,#Cork #Speirgorm,,,,,,,Mixed
811,815,"Grotesque profiteering in housing, 15,200+ people homeless last month, incl. 4,600 children yet TDs are still not in post.OMG. What is #FFFG & Indo mates AT?? People in Ireland are completely underserved by our government ï¿½ï¿½ï¿½ï¿½ï¿½ï¿½ï¿½ï¿½ï¿½ï¿½ï¿½ï¿½ï¿½ï¿½ï¿½ï¿½ï¿½#speirgorm #spï¿½ï¿½irgh",,01/04/2025,mirasymphony.bsky.social,Bluesky,#FFFG #speirgorm #spï¿½ï¿½irghorm #IrishPol #FFFG #housing #home,#FFFG #speirgorm #spï¿½ï¿½irghorm #IrishPol #FFFG #housing #home,#FFFG #speirgorm #spï¿½ï¿½irghorm #IrishPol #FFFG #housing #home,#FFFG #speirgorm #spï¿½ï¿½irghorm #IrishPol #FFFG #housing #home,#FFFG #speirgorm #spï¿½ï¿½irghorm #IrishPol #FFFG #housing #home,#FFFG #speirgorm #spï¿½ï¿½irghorm #IrishPol #FFFG #housing #home,#FFFG #speirgorm #spï¿½ï¿½irghorm #IrishPol #FFFG #housing #home,,Mixed
812,816,The Royal Canal Greenway looking well today! #speirgorm,,17/08/2025,kdub270.bsky.social,Bluesky,#speirgorm,,,,,,,,Mixed
813,817,"Jesus, but I'll miss Michael D when his term is up. I think it'll be a fair while before we have anyone who lives up to him in the ï¿½ï¿½ras again. #Spï¿½ï",,20/12/2024,galwaywoman.bsky.social,Bluesky,#Spï¿½ï¿½ir,,,,,,,,Mixed
814,818,"Ok, Ireland is at 89.99% of the threshold it has to reach for this #EU petition to support banning #LGBTQ conversion therapy.Only a few hundred to go! #Spï¿½ï¿½ir",,11/02/2025,mofette.bsky.social,Bluesky,#EU #LGBTQ #Spï¿½ï¿½ir,#EU #LGBTQ #Spï¿½ï¿½ir,#EU #LGBTQ #Spï¿½ï¿½ir,,,,,,Positive
815,819,"'More than 3,300 new houses were built in Dublin city last year. Just 155 were bought by households'. #SpeirGorm",,18/09/2025,conorsmith.ie,Bluesky,#SpeirGorm,,,,,,,,Mixed
816,820,"In Irish terms, climate tipping point will be reached by the end of this government. #speirgormwww.thejournal.ie/climate-tipp...",,14/01/2026,southcentralgreens.bsky.social,Bluesky,#speirgormwww.thejournal.ie/climate-tipp...,,,,,,,,Mixed
817,821,"'In a separate ""main points"" section of the same report, it reads: ""There were 21,634 new homes completed in the first nine months of the year, 3.1% lower than the same period in 2023.'They knew & they misled the Electorate!#IrishPolitics #Speirgorm www.rte.ie/news/2025/03...",,13/03/2025,atticuspeirgorm.bsky.social,Bluesky,#IrishPolitics #Speirgorm,#IrishPolitics #Speirgorm,,,,,,,Mixed
818,822,They may as well have sent a nodding dog as #MichealMartin#speirgorm #Irishpolitics #PaddysTrip,,12/03/2025,sarklor.bsky.social,Bluesky,#MichealMartin #speirgorm #Irishpolitics #PaddysTrip,#MichealMartin #speirgorm #Irishpolitics #PaddysTrip,#MichealMartin #speirgorm #Irishpolitics #PaddysTrip,#MichealMartin #speirgorm #Irishpolitics #PaddysTrip,,,,,Mixed
819,823,"40 Years On: Contraceptives Legalised In Ireland | Newstalk - Talking History with Dr Mary McAuliffe, Dr Jennifer Redmond, Prof Caitriona Beaumont and Prof Lindsey Earner Byrne #skystorians #history #irishhistory #speirgorm #irishwmnhistory  www.newstalk.com/podcasts/hig...",,17/02/2025,aoifeb.bsky.social,Bluesky,#skystorians #history #irishhistory #speirgorm #irishwmnhistory,#skystorians #history #irishhistory #speirgorm #irishwmnhistory,#skystorians #history #irishhistory #speirgorm #irishwmnhistory,#skystorians #history #irishhistory #speirgorm #irishwmnhistory,#skystorians #history #irishhistory #speirgorm #irishwmnhistory,,,,Mixed
820,824,#speirgorm,,26/07/2025,bekkaleigh.bsky.social,Bluesky,#speirgorm,,,,,,,,Mixed
821,825,"The Irish government has released a report on the benefits of the pilot for a Basic Income for the Arts, and in a total shocker, it seems like it was good for the country as well as the artists. Nobody could have seen this coming.#SpeirGorm #UBIwww.gov.ie/en/departmen...",,23/09/2025,sharrow.bsky.social,Bluesky,#SpeirGorm #UBIwww.gov.ie/en/departmen...,#SpeirGorm #UBIwww.gov.ie/en/departmen...,,,,,,,Positive
822,826,"""Inishmore Horse"". A special #painting for me. As an unpaid carer I don't earn much but wanted to give back. So with permission I used a friend's photo as reference, and donated half of the proceeds to the charity of their choice - the Down Syndrome Centre in Dublin's northside.  #ArtYear #SpeirGorm",,03/09/2025,sasregulus.bsky.social,Bluesky,#painting #ArtYear #SpeirGorm,#painting #ArtYear #SpeirGorm,#painting #ArtYear #SpeirGorm,,,,,,Mixed
823,827,"Only 664 more people needed for us to pass our threshold.Please, please, if you haven't signed already. Don't presume others will. Sign and shareï¿½ï¿½ï¿½ï¿½ï¿½ï¿½ï¿½ï¿½ï¿½ï¿½ï¿½ï¿½ï¿½ï¿½ï¿½ï¿½ï¿½ï¿½ï",,05/02/2026,bridgeenmckenna.bsky.social,Bluesky,#Speirgorm #Ireland #SixNations,#Speirgorm #Ireland #SixNations,#Speirgorm #Ireland #SixNations,,,,,,Mixed
824,828,"More awareness/active celebration of Ireland's brilliant, nationally-integrated, local library system #booksky #spï¿½ï¿½ir",,12/04/2026,stitchlily.bsky.social,Bluesky,#booksky #spï¿½ï¿½ir,#booksky #spï¿½ï¿½ir,,,,,,,Positive
825,829,Ah here ladsï¿½ï¿½ï¿½205k for a derelict cottage one busy roadI think we can all agree that #DerelictIreland is overpriced #spï¿,,02/10/2025,frankoconnor.bsky.social,Bluesky,#DerelictIreland #spï¿½ï¿½ir,#DerelictIreland #spï¿½ï¿½ir,,,,,,,Mixed
826,830,Good morning Dublin! #SpeirGorm,,07/01/2026,albsmith.bsky.social,Bluesky,#SpeirGorm,,,,,,,,Positive
827,831,Last 46A from the city centre - canï¿½ï¿½ï¿½t believe it will be no more #spe,,24/01/2025,corcaigho.bsky.social,Bluesky,#speirgorm,,,,,,,,Mixed
828,832,MoCara means ï¿½ï¿½ï¿½my friendï¿½ï¿½ï¿½ in Irish & this gorgeous Rottweiler is ready to be just that ï¿½ï¿½ï¿½ï¿½ï¿½ï¿½ï¿½ï¿½ï¿½ï¿½ï¿½ï¿½MoCaraï¿½ï¿½ï¿½s been a much loved family pet. She would thrive in a calm rural home. Could you be her forever friend?ï¿½ï¿½ï¿½ï¿½Read more here: www.madra.ie/dog-profiles/ Micro,,24/08/2025,melinda4u.bsky.social,Bluesky,#adopt #speirgorm #rescuedog,#adopt #speirgorm #rescuedog,#adopt #speirgorm #rescuedog,,,,,,Positive
829,833,"Let me share a #painting of a place I've loved in the west of Ireland. ""Connemara Field"" came out of a day in south Conamara where I sat for hours by the side of a road with my bicycle, my paints, and my dreams. #SpeirGorm #ArtYear",,21/07/2025,ziselberger.com,Bluesky,#painting #SpeirGorm #ArtYear,#painting #SpeirGorm #ArtYear,#painting #SpeirGorm #ArtYear,,,,,,Positive
830,834,"Adding Canada and Greenland to our Free Shipping, for obvious non ï¿½ï¿½ï¿½salesyï¿½ï¿½ï¿½ reasons.#irishcraf",,11/03/2025,toofeckinmuch.bsky.social,Bluesky,#irishcraft #speirgorm,#irishcraft #speirgorm,,,,,,,Mixed
831,835,I was so impressed with the considered responses made by @catherinegalway.bsky.social in the debate last night. It was clear that she is the only candidate who understands the importance of the triple-lock. #Neutrality #speirgorm,,30/09/2025,werslabber.bsky.social,Bluesky,#Neutrality #speirgorm,#Neutrality #speirgorm,,,,,,,Mixed
832,836,'Nobody ever wants to be a refugee it's not something you choose' Zak Moradi.As my old aunt and godmother who was rescued from a mother and baby home and raised by my great grandad always says ' there by the grace of god go I'.#RefugeesWelcome#Speirgorm,,29/03/2026,fiadhwild.bsky.social,Bluesky,#RefugeesWelcome #Speirgorm,#RefugeesWelcome #Speirgorm,,,,,,,Positive
833,837,"Reject modernity, embrace tradition",,31/10/2025,anathra.bsky.social,Bluesky,,,,,,,,,Mixed
834,838,Well worth your time to read.ï¿½ï¿½ï¿½I have had to take human lifeï¿½ï¿½ï¿½: What a combat medic taught me about the reality of war. By an Irish Doctor.#speirgorm #SlavaUkraini www.irishtimes.com/wor,,03/11/2025,caitrionas.bsky.social,Bluesky,#speirgorm #SlavaUkraini,#speirgorm #SlavaUkraini,,,,,,,Mixed
835,839,The courts seem to be adopting a zero tolerance policy with irish Solicitors lately.  About time. More to follow.#Irishpol#Speirgorm,,14/12/2024,uilliammac.bsky.social,Bluesky,#Irishpol #Speirgorm,#Irishpol #Speirgorm,,,,,,,Mixed
836,840,Interesting one to watch. Moves by the EU to reduce the addictive qualities of social media.#SpeirGormwww.politico.eu/article/tikt...,,14/02/2026,jamesmgeary.bsky.social,Bluesky,#SpeirGormwww.politico.eu/article/tikt...,,,,,,,,Mixed
837,841,An important message for #speirgorm,,18/09/2025,imaculthero.bsky.social,Bluesky,#speirgorm,,,,,,,,Positive
838,842,Good Riddance! #SpeirGorm #McRapist #ï¿½ï¿½r,,15/09/2025,sharrow.bsky.social,Bluesky,#SpeirGorm #McRapist #ï¿½ï¿½r,#SpeirGorm #McRapist #ï¿½ï¿½r,#SpeirGorm #McRapist #ï¿½ï¿½r,,,,,,Positive
839,843,"Three Irish citizens among activists detained as Israeli forces seize flotilla ships, organisers say. Thinking of Sarah Clancy - all eyes on the flotilla #speirgorm jrnl.ie/6832196",,01/10/2025,jessdee.bsky.social,Bluesky,#speirgorm,,,,,,,,Mixed
840,844,ýýýý Some casual racism for your Sunday afternoon courtesy of the UK's BBC.Alcohol consumption rates in Ireland are roughly the same as those in the UK. While UK has a significant problem with under-age drinking in comparison to Ireland's far lower levels.#Speirghorm #Speirgorm,,30/11/2025,drmcarley.bsky.social,Bluesky,#Speirghorm #Speirgorm,#Speirghorm #Speirgorm,,,,,,,Negative
841,845,"Lads, if you are looking for fantastic service, I can't fault @thebookshopie.bsky.social they went above and beyond. #Shoplocal #Irishbusiness #speirgorm #SLATED",,19/11/2025,thebookshopie.bsky.social,Bluesky,#Shoplocal #Irishbusiness #speirgorm #SLATED,#Shoplocal #Irishbusiness #speirgorm #SLATED,#Shoplocal #Irishbusiness #speirgorm #SLATED,#Shoplocal #Irishbusiness #speirgorm #SLATED,,,,,Positive
842,846,"ýýýýýýýýýýýýI donýýýt know who originally came up with ýýýAndrew Taytoýýý, but bualadh bos!#SpeirGorm",,19/03/2025,barnat4.bsky.social,Bluesky,#SpeirGorm,,,,,,,,Mixed
843,847,"Here's the real reason the want to dilute the Occupied Territories Bill #spï¿½ï¿½irgorm Not only are we complicit,  we've more blood on our hands than most. www.aljazeera.com/news/2025/5",,15/06/2025,lamhfada.bsky.social,Bluesky,#spï¿½ï¿½ir,,,,,,,,Mixed
844,848,The deliciously fabulous Miriam Margolyes ï¿½ï¿½ï¿½ï¿½ï¿½ï¿½ï¿½ï¿½ï¿½ï¿½ï¿½ï¿½ï¿½ï¿½ï¿½,,28/07/2025,bridgeenmckenna.bsky.social,Bluesky,#speirgorm #spï¿½ï¿½irghorm #,#speirgorm #spï¿½ï¿½irghorm #,#speirgorm #spï¿½ï¿½irghorm #,,,,,,Mixed
845,849,"Delighted to hear about the book launch for the first poetry collection by Ardmoreï¿½ï¿½ï¿½s Alice R Perks. 2 May at 6pm in St Paulï¿½ï¿½ï¿½s Church, Ardmore, Co. Waterford. Congratulations Alice!#poetrysky #waterford #spokenword #booklaunch #poetrycommunity #poetr",,17/04/2025,literaryhalcyon.bsky.social,Bluesky,#poetrysky #waterford #spokenword #booklaunch #poetrycommunity #poetry #speirgorm,#poetrysky #waterford #spokenword #booklaunch #poetrycommunity #poetry #speirgorm,#poetrysky #waterford #spokenword #booklaunch #poetrycommunity #poetry #speirgorm,#poetrysky #waterford #spokenword #booklaunch #poetrycommunity #poetry #speirgorm,#poetrysky #waterford #spokenword #booklaunch #poetrycommunity #poetry #speirgorm,#poetrysky #waterford #spokenword #booklaunch #poetrycommunity #poetry #speirgorm,#poetrysky #waterford #spokenword #booklaunch #poetrycommunity #poetry #speirgorm,,Positive
846,850,A little late to start today but weï¿½ï¿½ï¿½re off (or on ï¿½ï¿½ï¿½ï¿½) now. Two racks. Rubbed and resting. The Kamado is calling. ï¿½ï¿½ï¿½ï¿½Saturday cook ï¿½ï¿½ï¿½ï¿½ï¿½ï¿½ï¿½ï¿½ï¿½ï¿½ï¿½ï¿½#TineBeo #Kamado #IrishBBQ #BBQMunity #LowAndSlow #PorkRibs #StickyRibs #spï¿½ï¿½irgo,,28/03/2026,thisgrilllife.bsky.social,Bluesky,#TineBeo #Kamado #IrishBBQ #BBQMunity #LowAndSlow #PorkRibs #StickyRibs #spï¿½ï¿½irgormï¿½ï¿½ï¿½ï¿½ï¿½ï¿½ï¿½ï¿½ï¿½ï¿½ï¿½ï¿½ï¿½ï¿½ï¿,#TineBeo #Kamado #IrishBBQ #BBQMunity #LowAndSlow #PorkRibs #StickyRibs #spï¿½ï¿½irgormï¿½ï¿½ï¿½ï¿½ï¿½ï¿½ï¿½ï¿½ï¿½ï¿½ï¿½ï¿½ï¿½ï¿½ï¿,#TineBeo #Kamado #IrishBBQ #BBQMunity #LowAndSlow #PorkRibs #StickyRibs #spï¿½ï¿½irgormï¿½ï¿½ï¿½ï¿½ï¿½ï¿½ï¿½ï¿½ï¿½ï¿½ï¿½ï¿½ï¿½ï¿½ï¿,#TineBeo #Kamado #IrishBBQ #BBQMunity #LowAndSlow #PorkRibs #StickyRibs #spï¿½ï¿½irgormï¿½ï¿½ï¿½ï¿½ï¿½ï¿½ï¿½ï¿½ï¿½ï¿½ï¿½ï¿½ï¿½ï¿½ï¿,#TineBeo #Kamado #IrishBBQ #BBQMunity #LowAndSlow #PorkRibs #StickyRibs #spï¿½ï¿½irgormï¿½ï¿½ï¿½ï¿½ï¿½ï¿½ï¿½ï¿½ï¿½ï¿½ï¿½ï¿½ï¿½ï¿½ï¿,#TineBeo #Kamado #IrishBBQ #BBQMunity #LowAndSlow #PorkRibs #StickyRibs #spï¿½ï¿½irgormï¿½ï¿½ï¿½ï¿½ï¿½ï¿½ï¿½ï¿½ï¿½ï¿½ï¿½ï¿½ï¿½ï¿½ï¿,#TineBeo #Kamado #IrishBBQ #BBQMunity #LowAndSlow #PorkRibs #StickyRibs #spï¿½ï¿½irgormï¿½ï¿½ï¿½ï¿½ï¿½ï¿½ï¿½ï¿½ï¿½ï¿½ï¿½ï¿½ï¿½ï¿½ï¿,#TineBeo #Kamado #IrishBBQ #BBQMunity #LowAndSlow #PorkRibs #StickyRibs #spï¿½ï¿½irgormï¿½ï¿½ï¿½ï¿½ï¿½ï¿½ï¿½ï¿½ï¿½ï¿½ï¿½ï¿½ï¿½ï¿½ï¿,Mixed
847,851,"Some easy beginner astronomy for #spï¿½ï¿½irgorm this evening. If you head out in the next 15 minutes or so and look towards the sunset, the fi""star"" you'll be able to see emerging in the western sky is actually the planet Venus.",,05/03/2025,suekirk.bsky.social,Bluesky,#spï¿½ï¿½ir,,,,,,,,Mixed
848,852,"She lived in solitudeand now in solitudehas built her nest;and in solitude He guides her,He alone, who also bearsin solitude the wound of love.John of the Cross, 16th century#Photography #Poetry #Spï¿½ï¿½irGhorm #SpeirGorm #India #ImageAndVerse #ArtOfBlueSky #PhotographersOfBlueSky #EastCoas",,03/03/2026,amfisher3000.bsky.social,Bluesky,#SPILL!,,,,,,,,Positive
849,853,It's the only option we have in the Midwest region for half a million people. We keep shouting about it but nothing is changing. #SpeirGorm,,14/01/2025,finncallaghanart.bsky.social,Bluesky,#SpeirGorm,,,,,,,,Mixed
850,854,Iï¿½ï¿½ï¿½m just gonna kick it off here.Miggledy was ï¿½ï¿½ï¿½allowedï¿½ï¿½ï¿½ to have latitude because he was popular & had powerful supporters.Catherine will not be afforded same.Iï¿½ï¿½ï¿½ve seen this commentary twice in past 24 hours.The fooking stink of ,,16/03/2026,stephencward.com,Bluesky,#speirgorm,,,,,,,,Positive
851,855,"Very disappointed to see that my local TDs (Gary Gannon, Marie Sherlock, Mary Lou McDonald). are still supporting Twitter by posting there. At what point does the need for followers outweigh the misinformation, abuse and facilitation of child sex abuse material? #SpeirGorm@fertha.bsky.social",,02/01/2026,liamward.ie,Bluesky,#SpeirGorm@fertha.bsky.social,,,,,,,,Positive
852,856,Ma must have untied him from her kitchen table (& he headed straight back to the school). ï¿½ï¿½ï¿½ï¿½ï¿½ï¿½ï¿½ï¿½ï¿½ï¿½ï¿½ï¿½ï¿½ï¿½ï¿½ï¿½ï¿½ï¿½ï¿½ï¿½ï¿½ï¿½ï¿½ï¿½Enoch Burke returned to Mountjoy Prison on foot of contem,,25/11/2025,eils1.bsky.social,Bluesky,#SpeirGorm,,,,,,,,Positive
853,857,One benefit of being laid up with the flu - I finally got to read this. It's a hugely important book and I cant recommend it enough. It takes a lot of complex and overwhelming ideas and makes them easy to access and digest. Despite the subject matter it gave me a lot of hope. #spï¿½ï¿½ir,,15/02/2026,nigellicus.bsky.social,Bluesky,#spï¿½ï¿½ir,,,,,,,,Positive
854,858,"Time to share a #painting with you. ""West Cork"". My knees often arenï¿½ï¿½ï¿½t happy in west Cork. People have to lift me out of couches. On the other hand when you cycle up those hills, or even their mountain passes, you tend to get glorious views. So I painted this, itï¿½ï¿½ï¿½s my West Cork. #SpeirG",,02/02/2025,adrianlegg.bsky.social,Bluesky,#painting #SpeirGorm #ArtYear,#painting #SpeirGorm #ArtYear,#painting #SpeirGorm #ArtYear,,,,,,Positive
855,859,"Tomorrow 24 humanitarian volunteers face 20 years in prison in a Greek court for saving lives at sea. One, Seï¿½ï¿½n Binder, grew up in my local town, Castlegregory, Kerry.#SolidarityIsNotACrime #StandWithSeï¿½ï¿½n #DropTheCharges #FreeHumanitarians #NotMyEurope #speirgormwww.politico.eu/article",,03/12/2025,henryh8scops.bsky.social,Bluesky,#SolidarityIsNotACrime #StandWithSeï¿½ï¿½n #DropTheCharges #FreeHumanitarians #NotMyEurope #speirgormwww.politico.eu/article/sea,#SolidarityIsNotACrime #StandWithSeï¿½ï¿½n #DropTheCharges #FreeHumanitarians #NotMyEurope #speirgormwww.politico.eu/article/sea,#SolidarityIsNotACrime #StandWithSeï¿½ï¿½n #DropTheCharges #FreeHumanitarians #NotMyEurope #speirgormwww.politico.eu/article/sea,#SolidarityIsNotACrime #StandWithSeï¿½ï¿½n #DropTheCharges #FreeHumanitarians #NotMyEurope #speirgormwww.politico.eu/article/sea,#SolidarityIsNotACrime #StandWithSeï¿½ï¿½n #DropTheCharges #FreeHumanitarians #NotMyEurope #speirgormwww.politico.eu/article/sea,#SolidarityIsNotACrime #StandWithSeï¿½ï¿½n #DropTheCharges #FreeHumanitarians #NotMyEurope #speirgormwww.politico.eu/article/sea,,,Mixed
856,860,"ýýýý Little daily thread of some gift ideas from me aul shop/siopa from now until d'Christmas.This hard-working canine companion warms themself by a familiar range in this watercolour and pencil illustration of a well-loved, cosy, rural Irish kitchen.Prints: www.ciaraioch.com/artprints/p/...",,05/12/2025,bridgetpf.bsky.social,Bluesky,,,,,,,,,Positive
857,861,"I'm sure this joke has already been made by a million #Tolkien nerds, but if you're a Nazgï¿½ï¿½l abroad in Ireland tonight, you're fucked. #ï¿½ï¿½owyn #eowyn #s",,24/01/2025,lielac.bsky.social,Bluesky,#Tolkien #ï¿½ï¿½owyn #eowyn #speir,#Tolkien #ï¿½ï¿½owyn #eowyn #speir,#Tolkien #ï¿½ï¿½owyn #eowyn #speir,#Tolkien #ï¿½ï¿½owyn #eowyn #speir,,,,,Mixed
858,862,"I work all night, I work all dayto pay the bills I have to pay,ain't it sad?And still there never seems to bea single penny left for me, that's too bad ...Abba, 20th century#Photography #Wisdom #Poetry #SpeirGorm #Ireland #Kathmandu #Nepal #EastCoastKin #PhotographersOfBlueSky #ArtofBlueSky",,22/09/2025,lisa1111can.bsky.social,Bluesky,#SPILL!,,,,,,,,Negative
859,863,We popped over to Doolin on the ferry to do the Cliffs of Moher cruise. Obsessed with the sea stack! ï¿½ï¿½ï¿½ï¿½ #s,,31/05/2025,renebatt.bsky.social,Bluesky,#speirgorm,,,,,,,,Mixed
860,864,"""Burren Tree"" One of my earlier Burren paintings, it came out of a cycling visit to my favourite limestone karst region of Ireland. I do like the other parts of County Clare, but find the Burren's stone walls on fields of stone intoxicating. #SpeirGorm #ArtAdventCalendar",,18/12/2024,sugarcubedog.bsky.social,Bluesky,#SpeirGorm #ArtAdventCalendar,#SpeirGorm #ArtAdventCalendar,,,,,,,Mixed
861,865,#spï¿½ï¿½irgorm #Irish #writingcommunity #supportlocal #indiebooksellers #booksellers #books ï¿½ï¿½ï¿½ï¿½ ï¿,,19/09/2025,maribelleribier.bsky.social,Bluesky,#spï¿½ï¿½irgorm #Irish #writingcommunity #supportlocal #indiebooksellers #booksellers #b,#spï¿½ï¿½irgorm #Irish #writingcommunity #supportlocal #indiebooksellers #booksellers #b,#spï¿½ï¿½irgorm #Irish #writingcommunity #supportlocal #indiebooksellers #booksellers #b,#spï¿½ï¿½irgorm #Irish #writingcommunity #supportlocal #indiebooksellers #booksellers #b,#spï¿½ï¿½irgorm #Irish #writingcommunity #supportlocal #indiebooksellers #booksellers #b,#spï¿½ï¿½irgorm #Irish #writingcommunity #supportlocal #indiebooksellers #booksellers #b,#spï¿½ï¿½irgorm #Irish #writingcommunity #supportlocal #indiebooksellers #booksellers #b,,Positive
862,866,"But you don't own me!You can't tell me whenor where I'm out of line,or try to get me to liveaccording to your rules.You don't even knowwhat I am.Guess Who Came To Dinner, 20th century #Photography #SpeirGorm #StreetPhotography #ImageAndVerse #Birds #PhotographersOfBlueSky #EastCoastKin",,16/12/2025,petercbradbury.bsky.social,Bluesky,#Photography #SpeirGorm #StreetPhotography #ImageAndVerse #Birds #PhotographersOfBlueSky #EastCoastKin,#Photography #SpeirGorm #StreetPhotography #ImageAndVerse #Birds #PhotographersOfBlueSky #EastCoastKin,#Photography #SpeirGorm #StreetPhotography #ImageAndVerse #Birds #PhotographersOfBlueSky #EastCoastKin,#Photography #SpeirGorm #StreetPhotography #ImageAndVerse #Birds #PhotographersOfBlueSky #EastCoastKin,#Photography #SpeirGorm #StreetPhotography #ImageAndVerse #Birds #PhotographersOfBlueSky #EastCoastKin,#Photography #SpeirGorm #StreetPhotography #ImageAndVerse #Birds #PhotographersOfBlueSky #EastCoastKin,#Photography #SpeirGorm #StreetPhotography #ImageAndVerse #Birds #PhotographersOfBlueSky #EastCoastKin,,Mixed
863,867,Meehole Martin can adopt the IHRA definition all he wants. It won't stop me saying that Satanyahu is a war criminal and that Israel is a terrorist state committing a genocide. Or that Meehole is a gormless prick.#FreePalestine #speirgorm,,17/01/2025,stephencward.com,Bluesky,#FreePalestine #speirgorm,#FreePalestine #speirgorm,,,,,,,Mixed
864,868,"Last word on Jim Gavin-the former tenant & money story was important but his lack of answer/evasion around the #womenofhonour question is more revealing for me- both of Gavin & the media.The media ran with the money,the issue of violence against women,nothing, just ignored,typical #aras25 #speirgorm",,06/10/2025,dochasisgra.bsky.social,Bluesky,#womenofhonour #aras25 #speirgorm,#womenofhonour #aras25 #speirgorm,#womenofhonour #aras25 #speirgorm,,,,,,Mixed
865,869,"ýýýThe worst of the nastiness represented by Trump and the far-right is now being imported here by Minister Jim OýýýCallaghan.""Local councillors and TDs have criticised the government for deporting people to Nigeria, including school children. #Speirgormdublinpeople.com/news/southsi...",,06/06/2025,irishwol.bsky.social,Bluesky,#Speirgormdublinpeople.com/news/southsi...,,,,,,,,Negative
866,870,"Date for your diaries! Our next lunchtime seminar will be on 4 March when our own David Coughlan will speak on ""The Laws of the Locked Room Mystery"". All welcome! @unioflimerick.bsky.social #ULEnglish #spï¿½ï¿½ir",,20/02/2026,radiobeartime.com,Bluesky,#ULEnglish #spï¿½ï¿½ir,#ULEnglish #spï¿½ï¿½ir,,,,,,,Positive
867,871,I dwell amongst my people#Samhain #speirgorm #Halloween,,24/09/2025,lordloophole.bsky.social,Bluesky,#Samhain #speirgorm #Halloween,#Samhain #speirgorm #Halloween,#Samhain #speirgorm #Halloween,,,,,,Mixed
868,872,"You know this is Yank fascist bullshit infiltrating Ireland and pretending to be Irish nationalism when they talk about the military securing the border.Lads, any actual Irish nationalist wants the border gone, not ""secured"". #Spï¿½ï¿½irghorm #Spï¿½ï",,09/04/2026,werslabber.bsky.social,Bluesky,#Spï¿½ï¿½irghorm #Spï¿½ï,#Spï¿½ï¿½irghorm #Spï¿½ï,,,,,,,Mixed
869,873,Official government agency ï¿½ï¿½darï¿½ï¿½s Na Gaeltachta using AI slop. So grim. Even worse as itï¿½ï¿½ï¿½s to advertise a green initiative. Absolutely nothing green about AI image generati,,03/04/2025,brendanjharkin.bsky.social,Bluesky,#SpeirGorm,,,,,,,,Negative
870,874,This is the same guy who said the Spicebag Garda eviction painting 'sent a shiver down his spine' #speirgorm,,08/01/2026,macmuiris.bsky.social,Bluesky,#speirgorm,,,,,,,,Mixed
871,875,#SpeirGorm You know what to do. #Boycott Trump supporting companies.,,27/02/2025,conormolloy.bsky.social,Bluesky,#SpeirGorm #Boycott,#SpeirGorm #Boycott,,,,,,,Positive
872,876,"In Irish publishing, you could make the bestseller list every year and never make minimum wage.#SpeirGorm",,29/03/2026,stote.bsky.social,Bluesky,#SpeirGorm,,,,,,,,Positive
873,877,Some shots/quick processing for some of the DSLR shots of the #northernlights burst around 9pm last night. Best visual display I've seen since October 2003. #aurora #speirgorm #ireland,,20/01/2026,singasongrightnow.bsky.social,Bluesky,#northernlights #aurora #speirgorm #ireland,#northernlights #aurora #speirgorm #ireland,#northernlights #aurora #speirgorm #ireland,#northernlights #aurora #speirgorm #ireland,,,,,Positive
874,878,I'm late for #ThinkTrunkTuesday today. I went out early on a long trek across the mountains.This old oak is a great place to sit and collect your thoughts.#hiking #nature #photography #trees #landscape #EastCoastKin #Ireland #Spï¿½ï¿½ir,,12/08/2025,norseren.bsky.social,Bluesky,#SPILL!,,,,,,,,Positive
875,879,What do these two have in common?They both back putting the belongings of homeless people in dumpster & bin trucks.#speirgorm,,19/01/2026,stephencward.com,Bluesky,#speirgorm,,,,,,,,Mixed
876,880,The sun in Ireland is phenomenal right now #speirgorm,,09/04/2025,renandpen.bsky.social,Bluesky,#speirgorm,,,,,,,,Mixed
877,881,"Have a #painting. ""Looscaunagh Lough"" came from a lucky day. After painting in Kenmare I packed up my paints and cycled up and over Moll's Gap, and coming down I was arrested by this lake high above Killarney National Park. Caressed by an indecisive rain I sat down and looked.  #SpeirGorm #ArtYear",,24/03/2025,ellyj.bsky.social,Bluesky,#painting. #SpeirGorm #ArtYear,#painting. #SpeirGorm #ArtYear,#painting. #SpeirGorm #ArtYear,,,,,,Mixed
878,882,ýýýýýýýýýýýýýýýýýýýýýýýýýýýýWatch out folks. The scammers are taking advantage of our vulnerable time post- #Stormýýowyn  Please warn your people.#speirgorm ##ESB #Help,,28/01/2025,grouchymarx.bsky.social,Bluesky,#Stormï¿½ï¿½owyn #speirgorm # #ESB #,#Stormï¿½ï¿½owyn #speirgorm # #ESB #,#Stormï¿½ï¿½owyn #speirgorm # #ESB #,#Stormï¿½ï¿½owyn #speirgorm # #ESB #,#Stormï¿½ï¿½owyn #speirgorm # #ESB #,,,,Mixed
879,883,"Steen, Sheridan, McGregor et al had YEARS to do the work but they didn't, preferring instead to hurl from the ditch and then blame the referee. They are not serious political people.They are a bunch of staggeringly entitled pick-mes, and the system worked as it should to weed them out. #speirgorm",,24/09/2025,killianlpc.bsky.social,Bluesky,#speirgorm,,,,,,,,Mixed
880,884,"My ""letter to the editor"" regarding the Housing Minister pulling back from the Government's commitment to end homelessness by 2030. It didn't get picked up in my network so please feel free to steal or rework it if you feel #FFG voters in yours might read it and consider . Cheers. #spï¿½ï¿½ir",,05/03/2025,frankoconnor.bsky.social,Bluesky,#FFG #spï¿½ï¿½ir,#FFG #spï¿½ï¿½ir,,,,,,,Mixed
881,885,"Proud to have stood with 100,000 plus today, calling for the European Union to finally impose sanctions on the Israeli regime, who are committing a live streamed genocide. ï¿½ï¿½ï¿½ï¿½ï¿½ï¿½ï¿½ï¿½ï¿½ï¿½ï¿½ï¿½ï¿½ï¿½ï¿½ï¿½ï¿½ï¿½ï¿½ï¿½#SanctionIs",,15/06/2025,wesmank.bsky.social,Bluesky,#SanctionIsraelNow #Spï¿½ï¿½irGorm #IrishPol #Pales,#SanctionIsraelNow #Spï¿½ï¿½irGorm #IrishPol #Pales,#SanctionIsraelNow #Spï¿½ï¿½irGorm #IrishPol #Pales,#SanctionIsraelNow #Spï¿½ï¿½irGorm #IrishPol #Pales,,,,,Mixed
882,886,"Two days to the solstice: do you know they livestream it from the inner chamber of Newgrange? heritageireland.ie/winter-solst...The player will start streaming at 08:40 UTC on Saturday 21 December.Yes, I am a big nerd. I literally have a Masters in this stuff, lads. #SpeirGorm #Ireland",,19/12/2024,recipemother.bsky.social,Bluesky,#SpeirGorm #Ireland,#SpeirGorm #Ireland,,,,,,,Positive
883,887,"Ireland elects an independent, socialist woman to the position of president.Irish Media: ï¿½ï¿½ï¿½Today, we ask what went wrong with the system, what her opponents have to say about it, and how it can be fixed for next time.ï¿½ï¿½ï¿½#SpeirGor",,26/10/2025,flaneuse1.bsky.social,Bluesky,#SpeirGorm #ï¿½ï¿½ras,#SpeirGorm #ï¿½ï¿½ras,,,,,,,Negative
884,888,"Every year there are scandals from the Greyhound racing industry are uncovered; Dogs abandoned, abused, killed in horrific ways, exported to countries with little to no animal welfare regulations. The time to Ban this cruel sport is now ï¿½ï¿½ï¿½ï¿½#uplift #speirgorm my.uplift.ie/petitio",,24/04/2025,basrene.bsky.social,Bluesky,#uplift #speirgorm,#uplift #speirgorm,,,,,,,Negative
885,889,"I and Pangur Ban my cat,'Tis a like task we are at:Hunting mice is his delight,Hunting words I sit all night.In our arts we find our bliss,I have mine and he has his.Anon., 9th century#Photography #Wisdom #Spirituality #Poetry #SpeirGorm #Ireland #Cats #Caturday #ImageAndVerse #EastCoastKin",,04/10/2025,sloeginpudding.bsky.social,Bluesky,#SPILL!,,,,,,,,Mixed
886,890,Naoise's brother is asking Irish people to please contact the government #Speirgorm,,10/10/2025,rhidaneelolivaw.bsky.social,Bluesky,#Speirgorm,,,,,,,,Mixed
887,891,"Munster Hurling FinalFull Time in extra timeLimerick 2-27Cork 1-30Itï¿½ï¿½ï¿½s down to penalties, a cruel way to decide such a fantastic game, both sets of players have given their all#speirgorm #GAA #hurling #munste",,07/06/2025,alisonmarigold.bsky.social,Bluesky,#speirgorm #GAA #hurling #munsterfinal,#speirgorm #GAA #hurling #munsterfinal,#speirgorm #GAA #hurling #munsterfinal,#speirgorm #GAA #hurling #munsterfinal,,,,,Positive
888,892,"ýýýYou donýýýt treat a flood where it ends up, you treat it where it starts. Upstream at the top of the catchmentýýýHow to use the land more cleverly to adapt to changing weather and future floods. #RTECountrywide #SpeirGormListen: ýýýý www.rte.ie/radio/radio1...",,07/02/2026,byhedge.bsky.social,Bluesky,#RTECountrywide #SpeirGormListen:,#RTECountrywide #SpeirGormListen:,,,,,,,Mixed
889,893,I'm not sure we should be offering emergency powers to the guys who caused the emergency #spï¿½ï¿½ir,,03/12/2025,sharrow.bsky.social,Bluesky,#spï¿½ï¿½ir,,,,,,,,Mixed
890,894,"ýýýAre you wearing the-ýýý ýýýThe poorly but enthusiastically sculpted Samhain turnip earrings I made a few years ago? Yeah, I am.ýýý",,30/10/2025,mudwiggler.bsky.social,Bluesky,,,,,,,,,Mixed
891,895,"""Council under fire for ï¿½ï¿½ï¿½7m Bishop Lucey Park redevel""Here is the full piece about the new 'park' in todays @echolive.bsky.social (by Amy Campbell) Me & @judesherry.bsky.social provided our overall thoughts #RestPlayWork #DerelictIreland #Cork #SpeirGormwww.echolive.ie/corknews/ari...",,19/11/2025,paulodonovan.bsky.social,Bluesky,#RestPlayWork #DerelictIreland #Cork #SpeirGormwww.echolive.ie/corknews/ari...,#RestPlayWork #DerelictIreland #Cork #SpeirGormwww.echolive.ie/corknews/ari...,#RestPlayWork #DerelictIreland #Cork #SpeirGormwww.echolive.ie/corknews/ari...,#RestPlayWork #DerelictIreland #Cork #SpeirGormwww.echolive.ie/corknews/ari...,,,,,Mixed
892,896,This was sent to me and captures Limerick Junction perfectly - bucketing down and the rain to Cork is late. #Speirgorm,,12/11/2025,mnicearbhaill.bsky.social,Bluesky,#Speirgorm,,,,,,,,Positive
893,897,#Spï¿½ï¿½irgorm #spï¿½ï¿,,14/08/2025,cuileannach.bsky.social,Bluesky,#Spï¿½ï¿½irgorm #spï¿½ï¿,#Spï¿½ï¿½irgorm #spï¿½ï¿,,,,,,,Mixed
894,898,"It's 2025, I'm 70 years old, and I wish to comment on the following statements:-a/ ""You can't turn back the clock"" b/ ""You can't put the genie back in the bottle""a/ You literally can turn back a clockb/ You need to read folklore#writingcommunity #booksky #Spï¿½ï¿½irGorm #1001Ni",,18/01/2025,fritzjamoke.bsky.social,Bluesky,#writingcommunity #booksky #Spï¿½ï¿½irGorm #1001Ni,#writingcommunity #booksky #Spï¿½ï¿½irGorm #1001Ni,#writingcommunity #booksky #Spï¿½ï¿½irGorm #1001Ni,#writingcommunity #booksky #Spï¿½ï¿½irGorm #1001Ni,,,,,Positive
895,899,"So @davidmccullough.bsky.social you may have seen some stuff about the #Burkes, they are an extremist evangelical protestant family from Mayo.How extreme Wellwww.independent.ie/irish-news/e...#speirgorm",,14/03/2025,sarklor.bsky.social,Bluesky,"#Burkes, #speirgorm","#Burkes, #speirgorm",,,,,,,Mixed
896,900,"Happy Wran's Day!The Wren, or Lï¿½ï¿½ An Dreoilï¿½ï¿½n, is still strong in parts of Ireland (notably Kerry), with elements entwined with nature and the pagan roots of this time ""Up with the kettle And down with the pan Give us a penny to bury the wran""Prints: www.ciaraioch.com/artprints/p/...",,26/12/2025,antainemacaoidh.bsky.social,Bluesky,,,,,,,,,Positive
897,901,"Ivan Yates' strategy against Catherine Connolly is a dirty smear campaign - ""is she a Russian asset? Do you want a Provo in the Park?"".Absolutely gross. At least the tactic is transparent. #speirgorm",,09/10/2025,deborah-c.bsky.social,Bluesky,#speirgorm,,,,,,,,Mixed
898,902,Ireland Issues Travel Warning For Irish trans travellers to the US#Spï¿½ï¿½irgorm I wouldn't advice cis Irish people to travel to the US in the next few years either to be honest....www.newsweek.com/ireland-iss,,26/03/2025,marguerites.bsky.social,Bluesky,#Spï¿½ï¿½ir,,,,,,,,Negative
899,903,"The Jennie's Law petition has just hit 20,000 signatures! Thanks to everyone who has signed and shared. If you haven't signed yet, please add your name now. Do it for everyone who's been affected by domestic violence, but most of all, do it for Jennie Poole. my.uplift.ie/petitions/pr... #speirgorm",,10/04/2025,rgm51.bsky.social,Bluesky,#speirgorm,,,,,,,,Mixed
900,904,Our early bird memberships for Octocon 2026 are selling fast! (Weekend Attending & Concession only.) Get yours asap to make sure you can join in all this year's activities.octocon.com/join-us#Octocon #SciFi #Fandom #Fantasy #conventions #Ireland #Spï¿½ï¿½irGhorm #Speir,,24/01/2026,wuxiawerewolf.bsky.social,Bluesky,#Octocon #SciFi #Fandom #Fantasy #conventions #Ireland #Spï¿½ï¿½irGhorm #Speir,#Octocon #SciFi #Fandom #Fantasy #conventions #Ireland #Spï¿½ï¿½irGhorm #Speir,#Octocon #SciFi #Fandom #Fantasy #conventions #Ireland #Spï¿½ï¿½irGhorm #Speir,#Octocon #SciFi #Fandom #Fantasy #conventions #Ireland #Spï¿½ï¿½irGhorm #Speir,#Octocon #SciFi #Fandom #Fantasy #conventions #Ireland #Spï¿½ï¿½irGhorm #Speir,#Octocon #SciFi #Fandom #Fantasy #conventions #Ireland #Spï¿½ï¿½irGhorm #Speir,#Octocon #SciFi #Fandom #Fantasy #conventions #Ireland #Spï¿½ï¿½irGhorm #Speir,#Octocon #SciFi #Fandom #Fantasy #conventions #Ireland #Spï¿½ï¿½irGhorm #Speir,Mixed
901,905,If this was Paris passersby would be letting the air out of their tyres ï¿½ï¿½ï¿½ just sayinï¿½ï¿½ï¿½ #fuelprotest #ireland,,09/04/2026,sharrow.eurosky.social,Bluesky,#fuelprotest #ireland #spï¿½ï¿½ir,#fuelprotest #ireland #spï¿½ï¿½ir,#fuelprotest #ireland #spï¿½ï¿½ir,,,,,,Mixed
902,906,"Can people please repost this. Iï¿½ï¿½ï¿½m looking for Black Irish users ï¿½ï¿½ï¿½ï¿½ï¿½ï¿½ï¿½ï¿½ï¿½ï¿½ï¿½ï¿½ï¿½ï¿½ï¿½Could you please drop a reply so I can add you to a list #speirgorm*by Black Irish I mean has lived in Ireland not America",,14/01/2025,siobhanryan.bsky.social,Bluesky,#speirgorm*by,,,,,,,,Positive
903,907,"A timely reminder to NOT go and do something stupid so you can post about it on social media.[Although, I know there'll always be one who does it.]Just know, it won't just be you that you're putting at risk, the emergency responders too. Don't do it.#StormEowyn #Stormï¿½ï¿½owyn #Speir",,23/01/2025,mssparkle.bsky.social,Bluesky,#StormEowyn #Stormï¿½ï¿½owyn #Speir,#StormEowyn #Stormï¿½ï¿½owyn #Speir,#StormEowyn #Stormï¿½ï¿½owyn #Speir,,,,,,Positive
904,908,Are you infected by the #corruption of the #corrupt person you keep electing?Is it yes for #DonaldTrump voters and an inexplicable no for #MichaelLowry voters?#Tipperary #Ireland #SpeirGorm #Dail,,28/03/2025,atticuspeirgorm.bsky.social,Bluesky,#corruption #corrupt #DonaldTrump #MichaelLowry #Tipperary #Ireland #SpeirGorm #Dail,#corruption #corrupt #DonaldTrump #MichaelLowry #Tipperary #Ireland #SpeirGorm #Dail,#corruption #corrupt #DonaldTrump #MichaelLowry #Tipperary #Ireland #SpeirGorm #Dail,#corruption #corrupt #DonaldTrump #MichaelLowry #Tipperary #Ireland #SpeirGorm #Dail,#corruption #corrupt #DonaldTrump #MichaelLowry #Tipperary #Ireland #SpeirGorm #Dail,#corruption #corrupt #DonaldTrump #MichaelLowry #Tipperary #Ireland #SpeirGorm #Dail,#corruption #corrupt #DonaldTrump #MichaelLowry #Tipperary #Ireland #SpeirGorm #Dail,#corruption #corrupt #DonaldTrump #MichaelLowry #Tipperary #Ireland #SpeirGorm #Dail,Mixed
905,909,"A ï¿½ï¿½ï¿½well-orchestrated campaign to keep out Independent candidatesï¿½ï¿½ï¿½, or as we in Ireland like to call it, a ï¿½ï¿½ï¿½democratic elec",,24/09/2025,oisinmcgann.bsky.social,Bluesky,#SpeirGorm,,,,,,,,Mixed
906,910,"HH digging her grave live on RTE. Snapping attack dog, interrupting CC is not a good approach, particularly given how her candidacy is pitched as moderate centre.#ï¿½ï¿½ras25 #speir",,12/10/2025,pompompastel.bsky.social,Bluesky,#ï¿½ï¿½ras25 #speir,#ï¿½ï¿½ras25 #speir,,,,,,,Mixed
907,911,#speirgorm #IrelandThings we like to see. Proud of those folks.,,11/02/2025,reidangela.bsky.social,Bluesky,#speirgorm #IrelandThings,#speirgorm #IrelandThings,,,,,,,Positive
908,912,#Slavery was a family business. Uncovering a network of familial relationships between #Irishslaveholders in South Carolina. tinyurl.com/4t76e8ep #speirgorm,,06/10/2025,rorycorbett.bsky.social,Bluesky,#Slavery #Irishslaveholders #speirgorm,#Slavery #Irishslaveholders #speirgorm,#Slavery #Irishslaveholders #speirgorm,,,,,,Mixed
909,913,Aiming for a Brambly Hedge-ish January,,03/01/2026,heavenstobetsie.bsky.social,Bluesky,,,,,,,,,Mixed
910,914,Big day ahead!#Speirgorm,,31/12/2024,grainneblair.bsky.social,Bluesky,#Speirgorm,,,,,,,,Mixed
911,915,"You lose all credibility when you turn your back to the president welcoming a ceasefire in Gaza, and expresses sympathy for all victims. #Spï¿½ï¿½ir",,26/01/2025,grainneblair.bsky.social,Bluesky,#Spï¿½ï¿½ir,,,,,,,,Mixed
912,916,"The bird app is dead to me, folks. ï¿½ï¿½ï¿½ï¿½Thanks for making this (and other channels) my new home. ï¿½ï¿½ï¿½ï¿",,07/01/2026,morct1.bsky.social,Bluesky,#speirgorm,,,,,,,,Positive
913,917,Genuinely unbelievable 2nd half by Tipp and a performance for the ages from Darragh McCarthy. A 19 year old scoring 1-14 in an All-Ireland final is just mind-blowing. Never could have seen Cork being kept to 2 points in 2nd half. #GAA #AllIreland #spï¿½ï¿½ir,,20/07/2025,bioniclaura.bsky.social,Bluesky,#GAA #AllIreland #spï¿½ï¿½ir,#GAA #AllIreland #spï¿½ï¿½ir,#GAA #AllIreland #spï¿½ï¿½ir,,,,,,Positive
914,918,Absolutely not. Nip this in the bud. Our Gardaï¿½ï¿½ do not need to take steps towards the kind of impunity seen in the states. It's beyond dangerous. Their job is to protect the public above all else. If their role is to uphold the law they need to be beholden to it #spï¿½ï,,01/04/2026,anaemicroyalty.bsky.social,Bluesky,#spï¿½ï¿½ir,,,,,,,,Negative
915,919,Imagine the leader of the free world turning to the leader of Germany to remind him that June 6th wasn't a good day for his country. Merz helpfully reminded DT that it was in fact a great day because Nazism was being defeated. #speirgorm #merz #dday  #ww2 #gobsmacked,,05/06/2025,caitrionas.bsky.social,Bluesky,#speirgorm #merz #dday #ww2 #gobsmacked,#speirgorm #merz #dday #ww2 #gobsmacked,#speirgorm #merz #dday #ww2 #gobsmacked,#speirgorm #merz #dday #ww2 #gobsmacked,#speirgorm #merz #dday #ww2 #gobsmacked,,,,Positive
916,920,Unreal sized crowd for the There Is No Ceasefire @ipsc.bsky.social Dublin Regional March. Considering it's a rainy January I'm so impressed with the passion that people have #Speirgorm,,24/01/2026,blacksmithpro.bsky.social,Bluesky,#Speirgorm,,,,,,,,Mixed
917,921,Theyï¿½ï¿½ï¿½ve charged Mo Chara from kneecap with terrorist offences. Fuck that. Solidarity with Mo Chara and Kneecap. Calling out a genocide is a moral duty. Fuck any law or cunts says otherwise. #kneecap #spe,,21/05/2025,ronandusty.bsky.social,Bluesky,#kneecap #speirgorm,#kneecap #speirgorm,,,,,,,Negative
918,922,"When Trump dies most of the world will celebrate, with champagne, with fireworks, with a renewed sense of hope.#Spï¿½ï¿½ir",,21/03/2026,loucon.bsky.social,Bluesky,#Spï¿½ï¿½ir,,,,,,,,Positive
919,923,"Catherine Connolly can put this in her ""Ireland has always been neutral"" file#ï¿½ï¿½ras25 #speir",,13/10/2025,timmorton2.bsky.social,Bluesky,#ï¿½ï¿½ras25 #speir,#ï¿½ï¿½ras25 #speir,,,,,,,Mixed
920,924,"Everyone is a ï¿½ï¿½ï¿½legimateï¿½ï¿½ï¿½ target to the IDF at this stage, babies, hospital patients and staff, aid workers, doctors, journalists, diplomats#speirgorm #Spï¿½ï¿½irGhorm #IrishNew",,21/05/2025,debhruin.bsky.social,Bluesky,#speirgorm #Spï¿½ï¿½irGhorm #IrishNews #IrishPoli,#speirgorm #Spï¿½ï¿½irGhorm #IrishNews #IrishPoli,#speirgorm #Spï¿½ï¿½irGhorm #IrishNews #IrishPoli,#speirgorm #Spï¿½ï¿½irGhorm #IrishNews #IrishPoli,,,,,Mixed
921,925,"Given the lovely Moonlight & weather conditions, I thought I'd do a low light test of the camera on the Mini 5 Pro.Didn't have high expectations on getting anything usable: I was very wrong.Boatstrand/The Copper Coast at night.#speirgorm #ireland #ThePhotoHour",,02/12/2025,cathyby.bsky.social,Bluesky,#speirgorm #ireland #ThePhotoHour,#speirgorm #ireland #ThePhotoHour,#speirgorm #ireland #ThePhotoHour,,,,,,Mixed
922,926,"Spotted in Dunnes today, on Toy Show day of all days. Who knew Tubs had a magazine?! #Spï¿½ï¿½ir",,06/12/2024,siobhanmcelduff.bsky.social,Bluesky,#Spï¿½ï¿½ir,,,,,,,,Mixed
923,927,Ladsï¿½ï¿½ï¿½#spe,,27/03/2026,yermazaguddin.bsky.social,Bluesky,#speirgorm,,,,,,,,Mixed
924,928,The Royal Canal Odyssey on 14 June #Spï¿½ï¿½ir,,18/04/2025,greenvia.bsky.social,Bluesky,#Spï¿½ï¿½ir,,,,,,,,Mixed
925,929,78.12% ï¿½ï¿½ï¿½ï¿½#S,,27/01/2026,egrettt.bsky.social,Bluesky,#Speirgorm,,,,,,,,Mixed
926,930,"Someone I know who tallied spoiled votes yesterday said many of them were really vile, racist, misogynistic, one was even smeared with blood. The most common word was c*nt beside the candidates. #SpeirGorm #Aras25",,26/10/2025,conorsmith.ie,Bluesky,#SpeirGorm #Aras25,#SpeirGorm #Aras25,,,,,,,Negative
927,931,"The far right will eventually kill someone or lots of someones if our pathetic government does not act now to stop them ï¿½ï¿½ï¿½ first step would be for politicians, including Government ministers, to stop repeating far right racist rhetoric #spe",,01/11/2025,coleraineyid.bsky.social,Bluesky,#speirgorm,,,,,,,,Negative
928,932,This is truly awful news. What a relief nobody was badly hurt. The Tanaiste and other politicians should really reflect on how their ï¿½ï¿½ï¿½too many migrantsï¿½ï¿½ï¿½ comments this week embolden the arsonists and rioters. #SpeirGorm www.thejournal.ie/fir,,01/11/2025,wildecard.bsky.social,Bluesky,#SpeirGorm,,,,,,,,Negative
929,933,"Itï¿½ï¿½ï¿½s not just Indie bookshops though. Itï¿½ï¿½ï¿½s all our small local businesses. The cost of convenience, of next day delivery and maybe a saving of a few ï¿½ï¿½ï¿½ simply isnï¿½ï¿½ï¿½t worth it. We will lose ourselves. A lot of shops and businesses shuttered in towns and villages in  Ir",,29/03/2025,highpriestess-jsts.bsky.social,Bluesky,#speirgorm,,,,,,,,Mixed
930,934,"""Everything is politics...You don't get to make art in a fascist state""CMAT delivering, mar is gnï¿½ï¿½ch. ï¿½ï¿½ï¿½ï¿½(Same goes for sport btw",,01/03/2026,thealexurl.bsky.social,Bluesky,#Speirgorm,,,,,,,,Mixed
931,935,Another bump! #astronomy #astrophotography #ThePhotoHour #speirgorm #astrosky,,06/07/2025,workingclasshero76.bsky.social,Bluesky,#astronomy #astrophotography #ThePhotoHour #speirgorm #astrosky,#astronomy #astrophotography #ThePhotoHour #speirgorm #astrosky,#astronomy #astrophotography #ThePhotoHour #speirgorm #astrosky,#astronomy #astrophotography #ThePhotoHour #speirgorm #astrosky,#astronomy #astrophotography #ThePhotoHour #speirgorm #astrosky,,,,Mixed
932,936,"Time for a #painting. ""Two Rooks, One Wire"" was painted because, and this may seem obvious, I love wires and I love birds, particularly perching birds, and rooks are so impressive. For ever I've wanted to paint a picture book of these lads, but then I'm always wanting.  #SpeirGorm #Januarty #SciArt",,04/01/2025,womenof1000.bsky.social,Bluesky,#painting. #SpeirGorm #Januarty #SciArt,#painting. #SpeirGorm #Januarty #SciArt,#painting. #SpeirGorm #Januarty #SciArt,#painting. #SpeirGorm #Januarty #SciArt,,,,,Positive
933,937,"ýýýýýýýýýýýýýýýýýý ýýýýýýýý ýýýýýýýýýýýýýýýýýýýýýýwill take place across venues, galleries, pubs & more throughout Limerick this weekend!Donýýýt missýýýFri 15thýýýýýýýýýý-ýýýýýýýýýýýý9pm-2amPharmacia UpstairsSun 17thýýýýýýýýýýýýýýýýýýýý ýýýýýýýýýýýýýýýýýýýýýýýýýýýýýýýýýýýýýýýý9pm-2amPharmacia Upstairs#IrishBluesky #speirgorm  #musicsky #music@feltelabel.bsky.social @4ad.comýýýýýýýý",,13/08/2025,protestmusica.bsky.social,Bluesky,#IrishBluesky #speirgorm #musicsky #music@feltelabel.bsky.social,#IrishBluesky #speirgorm #musicsky #music@feltelabel.bsky.social,#IrishBluesky #speirgorm #musicsky #music@feltelabel.bsky.social,#IrishBluesky #speirgorm #musicsky #music@feltelabel.bsky.social,,,,,Mixed
934,938,Women make up just 25% of the Dï¿½ï¿½il. The women who voted in favour of this bill outnumbered those who did not by about 2:1. Women do not make up just 25% of the population. This is why representation matters. Vote for parties that demonstrate gender equality in their candidate nominations #spï¿½ï,,19/12/2025,helendublin.bsky.social,Bluesky,#spï¿½ï¿½ir,,,,,,,,Mixed
935,939,"Not just Ireland. Internationally, huge absence increases since Covid, esp. in special & low-SES schools. DEY response is to target parents, rather than any health-related intervention. Clean air is a more effective intervention than hot air. #edchatie #SpeirGormwww.irishtimes.com/ireland/educ...",,26/01/2026,emmadragon.bsky.social,Bluesky,#edchatie #SpeirGormwww.irishtimes.com/ireland/educ...,#edchatie #SpeirGormwww.irishtimes.com/ireland/educ...,,,,,,,Mixed
936,940,#speirgorm#irishskyThis drum still needs beating.Tax the church.Seize their assets. Force them to pay reparations to the victims of clerical abuse,,14/04/2025,kbkarma.bsky.social,Bluesky,#speirgorm #irishskyThis,#speirgorm #irishskyThis,,,,,,,Mixed
937,941,"The people's mess #CMAT does #JimmyKimmel. She didn't play it safe. Some middle Americans struggling with it. Our pop punk country Queen never lets us down. Brave, authentic, and insanely talented + ""Euro Country"" is Mercury Prize 25 nominated ï¿½ï¿½ï¿½ #spï¿½ï¿½irgorm www.youtube.com/watch",,10/09/2025,wesgo.bsky.social,Bluesky,#CMAT #JimmyKimmel. #spï¿½ï¿½ir,#CMAT #JimmyKimmel. #spï¿½ï¿½ir,#CMAT #JimmyKimmel. #spï¿½ï¿½ir,,,,,,Mixed
938,942,ýýýýýýýIreland Buried in Snow.ýýý - Garron Noone.#Sneachta #SpeirGormyoutube.com/shorts/GwssD...,,04/01/2025,irlguide.bsky.social,Bluesky,#Sneachta #SpeirGormyoutube.com/shorts/GwssD...,#Sneachta #SpeirGormyoutube.com/shorts/GwssD...,,,,,,,Mixed
939,943,"""They appeared on [...] Reddit in an Irish subgroup which encourages its 3,200+ members to ï¿½ï¿½ï¿½tradeï¿½ï¿½ï¿½ images of ï¿½ï¿½ï¿½IRL girlsï¿½ï¿½ï¿½ for sexual gratification [...] images include teenagers in their school uniforms, alongside their na""Never, ever ends.www.thejournal.ie/non-consensu...",,02/06/2025,burntcopper.bsky.social,Bluesky,,,,,,,,,Mixed
940,944,#speirgormThis is going to be good!,,18/10/2025,dochasisgra.bsky.social,Bluesky,#speirgormThis,,,,,,,,Positive
941,945,"For the uninitiated, these are Irish Throwing Stars, an ancient weapon wielded by St. Brigid during the 1916 Rising, striking fear into the hearts of the British, and responsible for the eventual smiting of both Cromwell and Thatcher.",,01/02/2026,sarriane.bsky.social,Bluesky,,,,,,,,,Mixed
942,946,Just after dawn on new years day 2025. It was one of the better ways to start the year that I've had in recent memory.This is looking south between Tibradden forest and Fairy Castle cairn.#hiking #nature #photography #scape #landscape #Spï¿½ï¿½irGorm #Ire,,18/04/2025,pirritin.bsky.social,Bluesky,#hiking #nature #photography #scape #landscape #Spï¿½ï¿½irGorm #Ire,#hiking #nature #photography #scape #landscape #Spï¿½ï¿½irGorm #Ire,#hiking #nature #photography #scape #landscape #Spï¿½ï¿½irGorm #Ire,#hiking #nature #photography #scape #landscape #Spï¿½ï¿½irGorm #Ire,#hiking #nature #photography #scape #landscape #Spï¿½ï¿½irGorm #Ire,#hiking #nature #photography #scape #landscape #Spï¿½ï¿½irGorm #Ire,#hiking #nature #photography #scape #landscape #Spï¿½ï¿½irGorm #Ire,,Mixed
943,947,President Tayto ï¿½ï¿½ï¿½ I think not. Any member of the Oireachtas or a local authority whoï¿½ï¿½ï¿½d sign his nomination papers would be standing shoulder to shoulder with a violent thug rapist. The women of Ireland are watching you all,,21/03/2025,adrikool.bsky.social,Bluesky,#speirgorm,,,,,,,,Mixed
944,948,Not to get IRL on the skyline but is anyone in the #speirgorm / #speirghorm community in NYC interested in playing some trad**mostly Pogues covers,,14/04/2025,tjeremy.com,Bluesky,#speirgorm #speirghorm,#speirgorm #speirghorm,,,,,,,Mixed
945,949,#SpeirGorm #GiveBlood,,15/10/2025,pnamblath.bsky.social,Bluesky,#SpeirGorm #GiveBlood,#SpeirGorm #GiveBlood,,,,,,,Mixed
946,950,"Have a hefty whack of unexpected medical and physio bills so I'm running a flash discount in the shop for the week - you can use the code BANJAXED at checkout on www.ciaraioch.com/artprints to get 10% off all orders. If you've had your eye on a print, please take it off, you're making it soggy.",,23/06/2025,fmd17.bsky.social,Bluesky,,,,,,,,,Mixed
947,951,First of the season ï¿½ï¿½,,17/11/2025,sandraduffy.bsky.social,Bluesky,,,,,,,,,Mixed
948,952,"THIS European approach is the way forward, not that of our former colonisers. ï¿½ï¿½ï¿""ýýýýýýýýýýýý ýýýýýýýýýýýýýýýýýýýýýýýýýýýýýýýýýýýýýýýý ýýýýýýýýýýýýýýýýýýýýýýýýýýýýýýýý ýýýýýýýýýýýýýýýýýýýýýýýýýýýýýýýýýýýý ýýýýýýýýýýýýýýýýýýýýýýýýýýýý ýýýýýýýýýýýýýýýýýýýýýýýýýýýýýýýý ýýýýýýýýýýýý ýýýýýýýýýýýýýýýýýýýýýýýýýýýýýýýýýýýýýýýýýýýýýýýýýýýýýýýý, ýýýýýýýýýýýýýýýýýýýýýýýýýýýýýýýýýýýýýýýýýýýý ýýýýýýýýýýýýýýýý ýýýýýýýýýýýý ýýýýýýýýýýýýýýýýýýýýýýýýýýýýýýýýýýýýýýýýýýýý ýýýýýýýýýýýýýýýýýýýý ýýýýýýýýýýýýýýýýýýýýýýýýýýýýýýýýýýýýýýýý ýýýýýýýýýýýýýýýýýýýýýýýýýýýýýýýý ýýýýýýýýýýýýýýýýýýýýýýýýýýýý.""www.erininthemorning.com/p/new-german...#LGBTQ #Trans #IrishSky #SpeirGorm",,01/05/2025,kobanya.bsky.social,Bluesky,#LGBTQ #Trans #IrishSky #SpeirGorm,#LGBTQ #Trans #IrishSky #SpeirGorm,#LGBTQ #Trans #IrishSky #SpeirGorm,#LGBTQ #Trans #IrishSky #SpeirGorm,,,,,Mixed
949,953,"You do not have to be good.You do not have to walkon your knees for a hundred milesthrough the desert repenting.You only have to let the soft animalof your body love what it loves.Mary Oliver, 20th century#Photography #Poetry #SpeirGorm #ImageAndVerse #PhotographersOfBlueSky #EastCoastKin",,28/11/2025,lobstermasher.bsky.social,Bluesky,#Photography #Poetry #SpeirGorm #ImageAndVerse #PhotographersOfBlueSky #EastCoastKin,#Photography #Poetry #SpeirGorm #ImageAndVerse #PhotographersOfBlueSky #EastCoastKin,#Photography #Poetry #SpeirGorm #ImageAndVerse #PhotographersOfBlueSky #EastCoastKin,#Photography #Poetry #SpeirGorm #ImageAndVerse #PhotographersOfBlueSky #EastCoastKin,#Photography #Poetry #SpeirGorm #ImageAndVerse #PhotographersOfBlueSky #EastCoastKin,#Photography #Poetry #SpeirGorm #ImageAndVerse #PhotographersOfBlueSky #EastCoastKin,,,Positive
950,954,High time for Irish universities to do the same. No respectable institution or business should stand on a platform that predominantly peddles lies and hatred. #speirgorm,,12/01/2025,louthforever.bsky.social,Bluesky,#speirgorm,,,,,,,,Mixed
951,955,"If you're European and you're still buying Chinese goods after this, then you're the problem. #eu #speirgorm #standwithukraine",,14/09/2025,victorn86976916.bsky.social,Bluesky,#eu #speirgorm #standwithukraine,#eu #speirgorm #standwithukraine,#eu #speirgorm #standwithukraine,,,,,,Mixed
952,956,"3 headlines to remind us the housing crisis is down to government policy, allowing 180k+ homes to lay empty while manufacturing a homeless industryThe example below might be Cork City but you'll find a similar situation across IrelandEveryone should have a home#DerelictIreland #speirgorm",,06/01/2026,helendublin.bsky.social,Bluesky,#DerelictIreland #speirgorm,#DerelictIreland #speirgorm,,,,,,,Mixed
953,957,The 7 minute Irish animation that is nominated for an Oscar. Worth a watch. #SpeirGorm,,10/03/2026,dawnbooklover1.bsky.social,Bluesky,#SpeirGorm,,,,,,,,Mixed
954,958,"In 1970 a group of art students visited Dingle & painted portraits of local fishermen; this is my grandad Paddy Brosnan, by R. Oï¿½ï¿½ï¿½Connell. Anyone any idea where the artist might be now?#speirgorm @aoifeg.bsky.social @dinglelit.bsky.social @ciaraioch.bsky.",,13/02/2025,libertiesbelle.bsky.social,Bluesky,#speirgorm,,,,,,,,Mixed
955,959,"850,000+ ppl in with neuro conditions & NO real effort to remedy decades of neglect & ZERO ambition on how to mitigate for impending brain health catastrophe in Ireland.healthmanager.ie/2018/03/irel...#speirgorm #PfG #IrishPolitics #GE24",,18/01/2025,irishbigmac.bsky.social,Bluesky,#speirgorm #PfG #IrishPolitics #GE24,#speirgorm #PfG #IrishPolitics #GE24,#speirgorm #PfG #IrishPolitics #GE24,#speirgorm #PfG #IrishPolitics #GE24,,,,,Mixed
956,960,"Please remember that these protests, whether you agree with them or not, are a direct result of European governments, including our own, refusing to stop Israel on it genocidal path. Don't let them hide that fact.#Spï¿½ï¿½irGorm #BoycottDivestSanctionIsrae",,09/04/2026,bridgeenmckenna.bsky.social,Bluesky,#Spï¿½ï¿½irGorm #BoycottDivestSanctionIsrae,#Spï¿½ï¿½irGorm #BoycottDivestSanctionIsrae,,,,,,,Mixed
957,961,What on earth are we buying? That all needs to stop ï¿½ï¿½ï¿½ #boycott #speirgorm #stopthege,,24/05/2025,suzannefitz.bsky.social,Bluesky,#boycott #speirgorm #stopthegenocide,#boycott #speirgorm #stopthegenocide,#boycott #speirgorm #stopthegenocide,,,,,,Negative
958,962,"""We may cry for the environment, the vulnerable, the homeless, but those tears fall in equity-shaped droplets."" Buladh bos do Colin Sheridan, this piece is exquisite ï¿½ï¿½ï¿½ï¿½www.irishexaminer.com/opinion/colu...#Speirgorm #",,01/11/2025,dove74.bsky.social,Bluesky,#Speirgorm #IrishPol,#Speirgorm #IrishPol,,,,,,,Mixed
959,963,Astï¿½ï¿½rix and Oze,,31/05/2025,comtedemoney.bsky.social,Bluesky,,,,,,,,,Mixed
960,964,"An older #painting for you. In the years before I cycled across America and Europe, I'd go on day trips cycling anything from 100 km to over 200 km. I'd no money so I'd return home the same day. ""Ruined House"" I painted because I find our fields and their stories intoxicating. #SpeirGorm #ArtYear",,27/02/2025,davidmccullough.bsky.social,Bluesky,#painting #SpeirGorm #ArtYear,#painting #SpeirGorm #ArtYear,#painting #SpeirGorm #ArtYear,,,,,,Mixed
961,965,"It's never been about providing everyone with a homeIt's always been about speculation, hoarding & profiteeringThat's left us with record high rents & evictions, & over 160k vacant & 20k derelict homesWhile over 17,000 struggle in emergency accommodationThis is all deliberate & deadly#speirgorm",,01/03/2026,freelancewebdev.bsky.social,Bluesky,#speirgorm,,,,,,,,Mixed
962,966,"I love the free in thee,my bird,The lure of freedom drew;The light you fly toward,my bird,I fly with thee unto ...George 'AE' Russell, 20th century#Photography #Spï¿½ï¿½irGhorm #SpeirGorm #PalacesAndGardens #UnexpectedEncounters #ImageAndVerse #ArtOfBlueSky #PhotographersOfBlueSky #EastCoas",,26/03/2026,lcodonnell.bsky.social,Bluesky,#SPILL!,,,,,,,,Positive
963,967,Verona Murphy giving off sub teacher who can't get a grip on the class vibes#MastoDaoine #Spï¿½ï¿½ir,,22/01/2025,corcaigho.bsky.social,Bluesky,#MastoDaoine #Spï¿½ï¿½ir,#MastoDaoine #Spï¿½ï¿½ir,,,,,,,Mixed
964,968,"A painting for you. ""Blue View"" was painted because I like walking across fields and bogs and streams and mountains. And because sometimes everything is just a bit blue.    #SpeirGorm #JanuArty",,08/01/2025,dahliadonovan.bsky.social,Bluesky,#SpeirGorm #JanuArty,#SpeirGorm #JanuArty,,,,,,,Mixed
965,969,"Tomorrow 24 humanitarian volunteers face 20 years in prison in a Greek court for saving lives at sea. One, Seï¿½ï¿½n Binder, grew up in my local town, Castlegregory, Kerry.#SolidarityIsNotACrime #StandWithSeï¿½ï¿½n #DropTheCharges #FreeHumanitarians #NotMyEurope #speirgormwww.politico.eu/article",,03/12/2025,stitchlily.bsky.social,Bluesky,#SolidarityIsNotACrime #StandWithSeï¿½ï¿½n #DropTheCharges #FreeHumanitarians #NotMyEurope #speirgormwww.politico.eu/article/sea,#SolidarityIsNotACrime #StandWithSeï¿½ï¿½n #DropTheCharges #FreeHumanitarians #NotMyEurope #speirgormwww.politico.eu/article/sea,#SolidarityIsNotACrime #StandWithSeï¿½ï¿½n #DropTheCharges #FreeHumanitarians #NotMyEurope #speirgormwww.politico.eu/article/sea,#SolidarityIsNotACrime #StandWithSeï¿½ï¿½n #DropTheCharges #FreeHumanitarians #NotMyEurope #speirgormwww.politico.eu/article/sea,#SolidarityIsNotACrime #StandWithSeï¿½ï¿½n #DropTheCharges #FreeHumanitarians #NotMyEurope #speirgormwww.politico.eu/article/sea,#SolidarityIsNotACrime #StandWithSeï¿½ï¿½n #DropTheCharges #FreeHumanitarians #NotMyEurope #speirgormwww.politico.eu/article/sea,,,Mixed
966,970,"Dublin City Council members criticised Simon Harris for comments which linked immigration figures with the homeless crisis. One councillor said, ""he has never met a problem that he wonï¿½ï¿½ï¿½t blame on someone else; now heï¿½ï¿½ï¿½s pointing the finger at migrants.ï¿½ï¿½ï¿½ #Speirgormdublinpeople.c",,21/01/2026,drkevguitar.bsky.social,Bluesky,#Speirgormdublinpeople.com/news/dublin/...,,,,,,,,Negative
967,971,"If you can't be at this carnival attend any pro-Palestinian march,vigil or protest and you'll find like minded folks. I'll be in Bedford Row in Limerick tomorrow. Hopefully I'll see you there. T'wont be a carnival but t'will be just as important.No pasarï¿½ï¿½n.#saoirsedonphalaistï¿½ï¿½n #ireland #s",,26/09/2025,siobhanmcelduff.bsky.social,Bluesky,#saoirsedonphalaistï¿½ï¿½n #ireland #speir,#saoirsedonphalaistï¿½ï¿½n #ireland #speir,#saoirsedonphalaistï¿½ï¿½n #ireland #speir,,,,,,Positive
968,972,"I cannot teach youviolence, as I do notmyself believe in it.I can only teach younot to bow your headsbefore any one, evenat the cost of your life.Mahatma Gandhi, 20th century#Photography #Poetry #SpeirGorm #India #Gandhi #ImageAndVerse #ArtOfBlueSky #PhotographersOfBlueSky #EastCoastKin",,26/01/2026,kirkmurphy.bsky.social,Bluesky,#SPILL!,,,,,,,,Negative
969,973,"Well done to everyone who pressured our govt, to everyone who protested outside Paschal Donohues office, to everyone who wrote a letter,sent an email, or signed a petition. Those fuckers weren't gonna move without pressure.#brï¿½ï¿½d #speirgorm #irelandNow tis up to the good people of Luxembo",,01/09/2025,cerandor.com,Bluesky,#brï¿½ï¿½d #speirgorm #irelan,#brï¿½ï¿½d #speirgorm #irelan,#brï¿½ï¿½d #speirgorm #irelan,,,,,,Positive
970,974,"For all the #SpeirGorm trying to decide how to vote in #GE24, here's a detailed comparison of Fianna Fï¿½ï¿½il and Fine Gael and how they dif",,13/11/2024,mimivonpeach.bsky.social,Bluesky,"#SpeirGorm #GE24,","#SpeirGorm #GE24,",,,,,,,Mixed
971,975,"Irish folk (and others who were living here at the time), what events/stories/incidents would you include in an essential guide to the Celtic Tiger if you were trying to describe it for those who didn't experience it?  It's for a (possible) thing ï¿½ï¿½ï¿½ï¿½ #s",,04/08/2025,bobjohnstonbooks.bsky.social,Bluesky,#speirgorm,,,,,,,,Mixed
972,976,All I will say about the possible Presidential candidacy of Tony Holohan is #cervicalsmearscandal and his arrogant response to those women whose lives were devastated by what happened. No woman and certainly no feminist should or would vote further him. #speirgorm #irishpresidentialelection,,21/07/2025,ailsod.bsky.social,Bluesky,#cervicalsmearscandal #speirgorm #irishpresidentialelection,#cervicalsmearscandal #speirgorm #irishpresidentialelection,#cervicalsmearscandal #speirgorm #irishpresidentialelection,,,,,,Mixed
973,977,"I'm drinking tea, so here - have a goo at a painting. ""Sunset over Clare Island"" was painted 5 yrs ago, based on a time I was standing on a pillar on the southern shore of Clew Bay enjoying its many islands and looking all the way out to the fantastically shaped Clare Island. #SpeirGorm #painting",,27/12/2024,fcemurphy.bsky.social,Bluesky,#SpeirGorm #painting,#SpeirGorm #painting,,,,,,,Positive
974,978,"Former Irish President & ex-UN Human Rights commissioner: ""Trump is complicit in Genocide"". Matt Frei: ""Trump is complicit in Genocide, says Mary Robinson?""Mary Robinson: ""Yes"". #spï¿½ï¿½ir",,25/09/2025,badatstuff.bsky.social,Bluesky,#spï¿½ï¿½ir,,,,,,,,Negative
975,979,"ýýýýýý Information from An Post relevant to Irish artists selling to the US - still no clarity elsewhere about what the charges will be, time will tell.",,26/08/2025,a4sounds.bsky.social,Bluesky,,,,,,,,,Mixed
976,980,Bit of a long shot here but would anyone (Dublin based) have use for these new/almost new junior cycle text books? Seems such  waste to put them into the recycling. #speirgorm,,23/11/2025,nameless-weevil.bsky.social,Bluesky,#speirgorm,,,,,,,,Mixed
977,981,What a headline! The govt should be ashamed! #Spï¿½ï¿½irgorm #Spï¿½ï¿½irghorm RTE news : Older adults becoming homeless a 'growing crisis'www.rte.ie/news/20,,19/01/2026,rioclick.bsky.social,Bluesky,#Spï¿½ï¿½irgorm #Spï¿½ï¿,#Spï¿½ï¿½irgorm #Spï¿½ï¿,,,,,,,Mixed
978,982,"I'm sickened that the government voted CETA through at 1am last night. It's an anti-people, pro-corporation deal that allows Canadian investment companies to sue us, the Irish people. So a Canadian company can buy up housing & sue the Irish state if we introduce rent controls. #Speirgorm  #Speirgorm",,11/12/2025,tofusatyr.bsky.social,Bluesky,#Speirgorm #Speirgorm,#Speirgorm #Speirgorm,,,,,,,Mixed
979,983,Not going to share 'grift' but Heather Humphreys has just said that I'm a man and the gender recognition act should be changed. Please do not vote for or give a preference for her. Having someone as president who thinks this way would be absolutely awful for minorities #SpeirGorm,,08/10/2025,llauraorrealis.bsky.social,Bluesky,#SpeirGorm,,,,,,,,Negative
980,984,"So what he will say that he is representing Ireland's interests, whereas he is representing the 4% racist numbnuts that managed to vote in the last election, because NOBODY else wants this! ï¿½ï¿½ï¿½ï¿½ #SpeirGorm #P",,06/02/2026,markdignam69.bsky.social,Bluesky,#SpeirGorm #PaddysDay,#SpeirGorm #PaddysDay,,,,,,,Negative
981,985,Magic mindfulness moments from around stunning county Waterford Ireland. ï¿½ï¿½ï¿½ï¿½Tramore BeachStï¿½ï¿½ofï¿½ï¿½n Your Tour Guide ï¿½ï¿½ï¿½ï¿½www.stepsbackthrutime.ie#SpeirGorm #ireland #nature #travel #stepsbackthrutime #Waterford #mindfulness #thingstodo #phot,,28/12/2024,jerome-k-jerome.bsky.social,Bluesky,#SPILL!,,,,,,,,Positive
982,986,"Oh FFSProperty developers threaten to sue Irish Governmemt over not getting their own way on everything they f*cking wantThis weekly 'poor developer' narrative is tiring & costlyBut don't worry Tax breaks will ease their concerns, 'cos its all about the money #DerelictIreland #speirgorm",,04/02/2026,jessreid.bsky.social,Bluesky,#DerelictIreland #speirgorm,#DerelictIreland #speirgorm,,,,,,,Negative
983,987,"Today is the 257 anniversary of the execution of Alice Moran in Limerick, the last known person sentenced by a court to be burned at the stake. #womininhistory #speirgorm #witchcraft @blindboyboatclub.bsky.social @womenshistnet.bsky.social @whaireland.bsky.social limerickslife.com/alice-moran-...",,23/04/2025,corcaighgodeo.bsky.social,Bluesky,#womininhistory #speirgorm #witchcraft,#womininhistory #speirgorm #witchcraft,#womininhistory #speirgorm #witchcraft,,,,,,Mixed
984,988,ýýýýýýýýýýýýtune in TONIGHTD R YC L E A N I N Glive fromýýýýýýýýýýýýýýýýýýýý ýýýýýýýýýýýýýýýýýýýýýýýýDingleýýýýýýýýýýýýnew album9 January 2026on @4ad.com LIVE17 & 18 AprilDublin + Limerickýýýýýýýýýýýý@othervoiceslive.bsky.socialwww.youtube.com/live/4AnruFl...#othervoices #OV25#IrishBluesky #speirgorm #musicsky #wildatlanticway,,29/11/2025,davegildedalm.bsky.social,Bluesky,#othervoices #OV25 #IrishBluesky #speirgorm #musicsky #wildatlanticway,#othervoices #OV25 #IrishBluesky #speirgorm #musicsky #wildatlanticway,#othervoices #OV25 #IrishBluesky #speirgorm #musicsky #wildatlanticway,#othervoices #OV25 #IrishBluesky #speirgorm #musicsky #wildatlanticway,#othervoices #OV25 #IrishBluesky #speirgorm #musicsky #wildatlanticway,#othervoices #OV25 #IrishBluesky #speirgorm #musicsky #wildatlanticway,,,Mixed
985,989,And here is @judesherry.bsky.social at @oireachtasnews.bsky.social outlining how compulsory sales & compulsory rental function as effective policy measures to tackle vacancy/dereliction in other countriesWe believe they would be transformative in tackling #DerelictIreland #VacantIreland#speirgorm,,27/01/2026,robosullivan.bsky.social,Bluesky,#DerelictIreland #VacantIreland #speirgorm,#DerelictIreland #VacantIreland #speirgorm,#DerelictIreland #VacantIreland #speirgorm,,,,,,Mixed
986,990,"This is Thomond Bridge over the River Shannon, and a bit of King John's Castle in Limerick, Ireland. The sun comes in at an angle in the evening and lights the whole place up like a storybook. Yellow Brick RoadOil on canvas40x40cm#oilpainting #art #speirgorm #limerick",,31/03/2025,billallen.bsky.social,Bluesky,#oilpainting #art #speirgorm #limerick,#oilpainting #art #speirgorm #limerick,#oilpainting #art #speirgorm #limerick,#oilpainting #art #speirgorm #limerick,,,,,Mixed
987,991,#speirgorm folks might be interested in this podcast,,17/01/2025,gra246.bsky.social,Bluesky,#speirgorm,,,,,,,,Mixed
988,992,Join us. It only takes a minute to send this letter. Please!#SpeirGorm,,03/06/2025,eslsys.bsky.social,Bluesky,#SpeirGorm,,,,,,,,Mixed
989,993,The words ï¿½ï¿½ï¿½climate changeï¿½ï¿½ï¿½ appear zero times in this RTï¿½ï¿½ report by Conor Hunt on the establishment of a network of 400 community climate shelters across the Republic of Ire,,27/12/2025,jessreid.bsky.social,Bluesky,#spï¿½ï¿½ir,,,,,,,,Mixed
990,994,"To compete with Artificially Generated Imagery, I have decided to become an Unhuman Artist by transforming into a vaguely malevolent cloud of vapour. You can support my cursed form through my print store - they're made here in Ireland, and packed in sustainable packaging. www.ciaraioch.com/artprints",,14/07/2025,unanicanultaigh.bsky.social,Bluesky,,,,,,,,,Positive
991,995,#nocountryforwomenandgirlswww.irishexaminer.com/news/munster...Why do we still have to travel for healthcare when it comes to mostly women's bodies?#speirgorm,,19/07/2025,jasonroche.bsky.social,Bluesky,#nocountryforwomenandgirlswww.irishexaminer.com/news/munster...Why #speirgorm,#nocountryforwomenandgirlswww.irishexaminer.com/news/munster...Why #speirgorm,,,,,,,Mixed
992,996,This is just perfect. Encapsulates a variety of feelings that most of us have/had about this entire annual travesty that we insist upon doing. #SpeirGorm,,21/03/2026,jessreid.bsky.social,Bluesky,#SpeirGorm,,,,,,,,Positive
993,997,The world's loosest shackles ï¿½ï,,05/07/2025,66steve.bsky.social,Bluesky,,,,,,,,,Mixed
994,998,"Puffins were a special request by @cleoltd.bsky.social (though we try to keep a few at our shop). For years I thought there was too many details for puffins to work - all the colours in the beak, the. Icy markings, the shape -  it this is how weï¿½ï¿½ï¿½ve simplified it for our range #puffin #spe",,06/05/2025,ottoflux.com,Bluesky,#puffin #speirgorm,#puffin #speirgorm,,,,,,,Mixed
995,999,"Delighted to be at the launch of Saothar 50: the journal of the Irish labour history society (ILHS),50 years in publication. A wonderful collection of essays on labour, class,women,etc. excited to see the new exhibit at the ILHS archives-the banner of the Irish Women Workers Union (IWWU) #speirgorm",,09/10/2025,werslabber.bsky.social,Bluesky,#speirgorm,,,,,,,,Positive
996,1000,"#speirgorm looking for a favour. Would anyone be willing to show me what an Irish Gender Recognition Cert looks like, by dm if preferred? When I search online I'm flooded with awful TERF stuff. I want to make Son's birthday cake look like a GRC, as being able to apply is the highlight of turning 18!",,15/10/2025,karlstanley.bsky.social,Bluesky,#speirgorm,,,,,,,,Negative
997,1001,Only 5.91% of the Total Electorate of over 3.6 million people spoiled their votes. These people are very very much in the minority. Also needs to be said that not all spoiled votes will have been conscious intentions to spoil but mistakes#SpeirGorm #ï¿½ï¿½ras2025 #Aras2025 #Uacht,,25/10/2025,mar-hogan78.bsky.social,Bluesky,#SpeirGorm #ï¿½ï¿½ras2025 #Aras2025 #Uacht,#SpeirGorm #ï¿½ï¿½ras2025 #Aras2025 #Uacht,#SpeirGorm #ï¿½ï¿½ras2025 #Aras2025 #Uacht,#SpeirGorm #ï¿½ï¿½ras2025 #Aras2025 #Uacht,,,,,Mixed
998,1002,Above the clouds with a gorgeous #BlueSky. #Dublin City is sitting under those clouds with Montpellier Hill (Hell Fire Club) poking out on the left.#hiking #nature #Spï¿½ï¿½irGorm #Ireland #photography #lands,,19/01/2025,linda2.bsky.social,Bluesky,#BlueSky. #Dublin #hiking #nature #Spï¿½ï¿½irGorm #Ireland #photography #lands,#BlueSky. #Dublin #hiking #nature #Spï¿½ï¿½irGorm #Ireland #photography #lands,#BlueSky. #Dublin #hiking #nature #Spï¿½ï¿½irGorm #Ireland #photography #lands,#BlueSky. #Dublin #hiking #nature #Spï¿½ï¿½irGorm #Ireland #photography #lands,#BlueSky. #Dublin #hiking #nature #Spï¿½ï¿½irGorm #Ireland #photography #lands,#BlueSky. #Dublin #hiking #nature #Spï¿½ï¿½irGorm #Ireland #photography #lands,#BlueSky. #Dublin #hiking #nature #Spï¿½ï¿½irGorm #Ireland #photography #lands,#BlueSky. #Dublin #hiking #nature #Spï¿½ï¿½irGorm #Ireland #photography #lands,Mixed
999,1003,Aiming for a Brambly Hedge-ish January,,03/01/2026,dogtorapproximate.bsky.social,Bluesky,,,,,,,,,Mixed
1000,1004,"""Everything is politics...You don't get to make art in a fascist state""CMAT delivering, mar is gnï¿½ï¿½ch. ï¿½ï¿½ï¿½ï¿½(Same goes for sport btw",,01/03/2026,easegill.bsky.social,Bluesky,#Speirgorm,,,,,,,,Mixed
1001,1005,Shared by herself no less. My partner is thrilled. This really feels like a movement that values the people within it #spï¿½ï¿½irgorm #ï¿½ï¿,,09/10/2025,joenoonan.bsky.social,Bluesky,#spï¿½ï¿½irgorm #ï¿½ï¿,#spï¿½ï¿½irgorm #ï¿½ï¿,,,,,,,Mixed
1002,1006,#Speirgorm,,09/06/2025,dochasisgra.bsky.social,Bluesky,#Speirgorm,,,,,,,,Mixed
1003,1007,30.5km walked so farI'm trying to walk 200km to raise ï¿½ï¿½ï¿½200 for the people of Palestine while I re-learn how to walk after a ruptured achillesPlease consider donating:www.gofundme.com/f/200km-walk...#Palestine #Gaza #Fundraiser #SpeirGorm #C,,01/07/2025,trionac.bsky.social,Bluesky,#Palestine #Gaza #Fundraiser #SpeirGorm #Charity,#Palestine #Gaza #Fundraiser #SpeirGorm #Charity,#Palestine #Gaza #Fundraiser #SpeirGorm #Charity,#Palestine #Gaza #Fundraiser #SpeirGorm #Charity,#Palestine #Gaza #Fundraiser #SpeirGorm #Charity,,,,Mixed
1004,1008,Delighted to see that Alice Mary Higgins (NUI) & Lynn Ruane (Trinity)should be returned to the Seanad. With the disgraceful dearth of women in Ministerial positions itï¿½ï¿½ï¿½s great that weï¿½ï¿½ï¿½ll have two powerful womenï¿½ï¿½ï¿½s voices / activists for the marginalised will (ï¿½ï¿½ï¿½ï¿½ï¿½ï¿½ï¿½ï¿½) be ,,30/01/2025,karsugrue.bsky.social,Bluesky,#speirgorm,,,,,,,,Positive
1005,1009,Northern Lights from Phoenix Park now. #SpeirGorm,,19/01/2026,hopenlight.bsky.social,Bluesky,#SpeirGorm,,,,,,,,Mixed
1006,1010,There is a protest at the Dï¿½ï¿½il tonight to show opposition to the shameful decision to concrete over the site of these atrocities with no regard for victims. I'll be there - come along! #SpeirGorm #Poli,,18/03/2026,sullydaysleeper.bsky.social,Bluesky,#SpeirGorm #Politics,#SpeirGorm #Politics,,,,,,,Mixed
1007,1011,"The Maharees is a community seeing the growing impact of climate change, and they are working together to mitigate and adapt. They are our future. #speirgorm - itï¿½ï¿½ï¿½s also one of the most beautiful places in ",,07/11/2025,starrock2.bsky.social,Bluesky,#speirgorm,,,,,,,,Positive
1008,1012,There was an amazing display of Aurora Borealis in Ireland last night. Strongest in my lifetime. These were taken with my phone from my South facing urban garden. #NorthernLights #Aurora #speirgorm #spï¿½ï¿½irghorm #ireland #auroraborealis #astro,,20/01/2026,cscosmicrose.bsky.social,Bluesky,#NorthernLights #Aurora #speirgorm #spï¿½ï¿½irghorm #ireland #auroraborealis #astro,#NorthernLights #Aurora #speirgorm #spï¿½ï¿½irghorm #ireland #auroraborealis #astro,#NorthernLights #Aurora #speirgorm #spï¿½ï¿½irghorm #ireland #auroraborealis #astro,#NorthernLights #Aurora #speirgorm #spï¿½ï¿½irghorm #ireland #auroraborealis #astro,#NorthernLights #Aurora #speirgorm #spï¿½ï¿½irghorm #ireland #auroraborealis #astro,#NorthernLights #Aurora #speirgorm #spï¿½ï¿½irghorm #ireland #auroraborealis #astro,#NorthernLights #Aurora #speirgorm #spï¿½ï¿½irghorm #ireland #auroraborealis #astro,,Positive
1009,1013,"""Tramore II"" The second time I painted the County Waterford town, and again it featured a junction because choices have a tendency to paralyze me. I did this painting 4 years ago and it sold shortly after.  #Art #speirgorm",,26/11/2024,themcquade.bsky.social,Bluesky,#Art #speirgorm,#Art #speirgorm,,,,,,,Mixed
1010,1014,Naoise's brother is asking Irish people to please contact the government #Speirgorm,,10/10/2025,haruujin.bsky.social,Bluesky,#Speirgorm,,,,,,,,Mixed
1011,1015,Anyone checked in on Sinn Fein today to see how theyï¿½ï¿½ï¿½re doing?We last saw them on stage at the ï¿½ï¿½ï¿½fuel protestï¿½ï¿½ï¿½ yesterday with far right parties Aontï¿½ï¿½ and Independ,,09/04/2026,wesmank.bsky.social,Bluesky,#speirgorm,,,,,,,,Mixed
1012,1016,"Trubley and Tribley, near Bective, Co. Meath. From the old English name Tribly. Or two villages in a 1970s children's series.#speirgorm",,04/02/2026,billallen.bsky.social,Bluesky,#speirgorm,,,,,,,,Mixed
1013,1017,Northern Lights from Phoenix Park now. #SpeirGorm,,19/01/2026,jereddynd.bsky.social,Bluesky,#SpeirGorm,,,,,,,,Mixed
1014,1018,Iï¿½ï¿½ï¿½ve got an exhibition opening next week in Dundalk featuring all my experimental photo chemistry work with low toxic developers and work like this chlorophyll print on a leaf #spe,,30/10/2025,ejsorourke.bsky.social,Bluesky,#speirgorm,,,,,,,,Mixed
1015,1019,This summer wasps made a nest in our garden beside our bike stand in an old tree stump. I persuaded the family to put up with it and the wasps have finally died off. This is what it looks like now. (Wasps donï¿½ï¿½ï¿½t reuse their nests) #biodiversity #speirgorm @gardeningw,,01/01/2026,psbntn.bsky.social,Bluesky,#biodiversity #speirgorm,#biodiversity #speirgorm,,,,,,,Mixed
1016,1020,"ýýýThe only green space and park in the city centre is no longer a green space or park. Seriously, how did this cost ýýý7m?""Me & @frankoconnor.bsky.social were interviewed by Amy Cambell on our thoughts of the destruction of Bishop Lucey Park @echolive.bsky.social#RestPlayWork #PureCork #Speirgorm",,19/11/2025,frankoconnor.bsky.social,Bluesky,#RestPlayWork #PureCork #Speirgorm,#RestPlayWork #PureCork #Speirgorm,#RestPlayWork #PureCork #Speirgorm,,,,,,Mixed
1017,1021,After #LiveAid40 me Da signed up to supporting a kid in Africa I think it was 5 pound a week and me ma used to tut when the thank-you letters came in cos we were piss poor but in no way as poor as them folks ï¿½ï¿½ï¿½ï¿½ God bless ye Da x #S,,06/07/2025,goodbyeyall.bsky.social,Bluesky,#LiveAid40 #Speirgorm,#LiveAid40 #Speirgorm,,,,,,,Positive
1018,1022,It's far from Dubai chocolate yiz were reared.#speirgorm,,10/08/2025,caitrionas.bsky.social,Bluesky,#speirgorm,,,,,,,,Mixed
1019,1023,"69% as of just there, nice #Spï¿½ï¿½irgorm. Now keep on sharing to all #EU citizens so the initatie reaches one million EU citizens by May! eci.ec.europa.eu/043/public/",,07/02/2025,hornsounder.bsky.social,Bluesky,#Spï¿½ï¿½irgorm. #EU ,#Spï¿½ï¿½irgorm. #EU ,#Spï¿½ï¿½irgorm. #EU ,,,,,,Mixed
1020,1024,I can't stress enough how much I love libraries. At the same time as our chess class there was a huge arts and crafts group at another table making dolls for St Brigids day and loads of patrons using the other services. The library is the beating heart of so many communities #spï¿½ï¿½ir,,30/01/2026,oisinmcgann.bsky.social,Bluesky,#spï¿½ï¿½ir,,,,,,,,Positive
1021,1025,"I say this with love as a heterosexual person, we need to figure out what's going on with heterosexual relationships",,11/02/2026,aitorierana.bsky.social,Bluesky,,,,,,,,,Positive
1022,1026,Well now! #aras25 #speirgorm,,05/10/2025,ethnography911.bsky.social,Bluesky,#aras25 #speirgorm,#aras25 #speirgorm,,,,,,,Mixed
1023,1027,"""Person is sitting in sewage. Join them now!""",,30/03/2026,drkevguitar.bsky.social,Bluesky,,,,,,,,,Mixed
1024,1028,Ireland will not compete in Eurovision 2026 after Israel allowed to remain in competition jrnl.ie/6893728#spï¿½ï¿½ir,,04/12/2025,lollyland.bsky.social,Bluesky,#spï¿½ï¿½ir,,,,,,,,Mixed
1025,1029,"Solar panels used widely across #Ireland, including in large solar farms, at airports, and on government buildings, were sourced from companies linked to forced labour and environmental devastation in the Xinjiang region of China.@joegalvin.bsky.social's latest investigation for RTï¿½ï¿½. #speir",,09/12/2025,tucmo.bsky.social,Bluesky,"#Ireland, #speirgorm","#Ireland, #speirgorm",,,,,,,Mixed
1026,1030,I tell you what. You'd swear Fine Gael were running an independent candidate for all the branding and party colours they're putting on Humphreys' posters. It's almost as if they think it would hurt her chances to remind people she's in Fine Gael ï¿½ï¿½ï¿½ï¿½ #Sp,,04/10/2025,irishwol.bsky.social,Bluesky,#Spï¿½ï¿½ir,,,,,,,,Mixed
1027,1031,"We are familyI got all my sisters with meWe are familyGet up everybody and singLiving life is funand we've just begunThis is our family jewelSister Sledge, 20th century#Photography #Wisdom #Poetry #SpeirGorm #Cats #Caturday #ImageAndVerse #ArtOfBlueSky #PhotographersOfBlueSky #EastCoastKin",,18/10/2025,gulliver77.bsky.social,Bluesky,#SPILL!,,,,,,,,Mixed
1028,1032,"#painting ""The Long Walk II"" came from when me and my bicycle sat in Galway by Claddagh Quay as I happily painted. Rain then softly landed on my face and painting. Then heavier. And heavier. And washed all the painting off the canvas. So I returned the next day and started over. #SpeirGorm #ArtYear",,29/03/2025,mosa-art-fanatic.bsky.social,Bluesky,#painting #SpeirGorm #ArtYear,#painting #SpeirGorm #ArtYear,#painting #SpeirGorm #ArtYear,,,,,,Mixed
1029,1033,"Lads! I want input on this. I've only recently discovered this is going on. Why is this exempt from Russian sanctions? Who lobbied for this, what members of our political parties are involved? The locals fear the dust is carcinogenic and rising illnesses suggest that is true. WTAF? #SpeirGorm",,10/03/2026,broken-robot.bsky.social,Bluesky,#SpeirGorm,,,,,,,,Negative
1030,1034,"The Johnstown Estate is hosting a transphobic, hate-filled event on April 5th. It targets trans rights under the false guise of ï¿½ï¿½ï¿½safeguarding.ï¿½ï¿½ï¿½ We cannot let this happen.Sign the petition. Contact the venue. Share this post. Demand they cance",,31/03/2025,earley.bsky.social,Bluesky,#speirgorm,,,,,,,,Negative
1031,1035,"ýýýI RIPýýýed them.ýýý A woman on the bus earlier, talking about replying to a wedding invitation. #speirgorm",,12/12/2025,betaburns.bsky.social,Bluesky,#speirgorm,,,,,,,,Mixed
1032,1036,"""Fox hunting is a colonial bloodsport and it does not enjoy the support of the rural communities where it occurs.""@saoirsemc.bsky.social on the facts behind the spin: www.irishexaminer.com/opinion/comm...Sign the petition: my.uplift.ie/petitions/pe... #SpeirGhorm #SpeirGorm",,16/12/2025,bananacat74.bsky.social,Bluesky,#SpeirGhorm #SpeirGorm,#SpeirGhorm #SpeirGorm,,,,,,,Positive
1033,1037,#speirghorm #speirgorm Pretty savage seeing this,,14/02/2026,sharrow.bsky.social,Bluesky,#speirghorm #speirgorm,#speirghorm #speirgorm,,,,,,,Mixed
1034,1038,"Only 2000 signatures needed now for Ireland to pass the threshold. We're at 70%, France is at 300%!! For gawds sake.C'mon #speirgorm we can do better than France! Don't just share on the socials, send direct what's app, message, get the phone out at break time. ï¿½ï¿½ï¿½ ï¿½ï¿½ï¿½ï¿½ï¿½ï¿½ï¿½ï¿½ ï¿½ï¿½ï",,26/01/2026,robosullivan.bsky.social,Bluesky,#speirgorm #JusticeForPalestine,#speirgorm #JusticeForPalestine,,,,,,,Mixed
1035,1039,Israel received twice the funding from the European Innovation Fund than Ireland and more 2/3 of all #EU countries combinedOutrageous that an apartheid settler-colonial state currently carrying out genocide gets so much EU money as part of Horizon.#Spï¿½ï¿½irgormold.reddit.com/r/ireland/c,,30/08/2025,edoloughlin.bsky.social,Bluesky,#EU #Spï¿½ï¿½irgormold.reddit.com/r/ireland/c,#EU #Spï¿½ï¿½irgormold.reddit.com/r/ireland/c,,,,,,,Negative
1036,1040,"A few years ago I made a series of mini drawings of interesting Irish women (available as a print here www.ciaraioch.com/artprints/p/...) - this thread is a little information on the women featured, partly because it's useful, but mostly because I'm trying to be sustainable by recycling content.",,20/11/2024,bobjohnstonbooks.bsky.social,Bluesky,,,,,,,,,Positive
1037,1041,"The same week we learn Fianna Fï¿½ï¿½il misled the public during #GE24 re: number of homes they'd deliver, an Taoiseach comes out with this nonsenseWe need renter first policies which protects people from predatory landlords & unsustainable rent increases #SpeirGorm www.irishtimes.com/politics/20",,09/02/2025,emmadragon.bsky.social,Bluesky,#GE24 #SpeirGorm,#GE24 #SpeirGorm,,,,,,,Mixed
1038,1042,"""The Fountain is Still The Same""~ work in progress ~Fountain in Bishop Lucey Park after the renovationInk (2 colour) and pencil on A3 300gsm cold-pressed Daler-Rowney watercolour paper.#irishartist #irishart #Cork #corkcity #corkart #tradart #traditionalart #speirgorm",,24/12/2025,mytholder.bsky.social,Bluesky,#irishartist #irishart #Cork #corkcity #corkart #tradart #traditionalart #speirgorm,#irishartist #irishart #Cork #corkcity #corkart #tradart #traditionalart #speirgorm,#irishartist #irishart #Cork #corkcity #corkart #tradart #traditionalart #speirgorm,#irishartist #irishart #Cork #corkcity #corkart #tradart #traditionalart #speirgorm,#irishartist #irishart #Cork #corkcity #corkart #tradart #traditionalart #speirgorm,#irishartist #irishart #Cork #corkcity #corkart #tradart #traditionalart #speirgorm,#irishartist #irishart #Cork #corkcity #corkart #tradart #traditionalart #speirgorm,#irishartist #irishart #Cork #corkcity #corkart #tradart #traditionalart #speirgorm,Mixed
1039,1043,Leo Varadkar suggesting Ireland's migration policies may be performative cruelty #Spï¿½ï¿½ir,,01/03/2026,darach.bsky.social,Bluesky,#Spï¿½ï¿½ir,,,,,,,,Mixed
1040,1044,"Given the serious flooding in parts of Ireland today, people will be talking about climate change, but there arenï¿½ï¿½ï¿½t many of us who do climate talks for kids. There needs to be *far more* effort and money put into making the subject engaging, accessible and hopeful for them.#Spï¿½ï¿½irGhorm ",,27/01/2026,jessreid.bsky.social,Bluesky,#Spï¿½ï¿½irGhorm #Speir,#Spï¿½ï¿½irGhorm #Speir,,,,,,,Positive
1041,1045,#Spï¿½ï¿½irGhorm #Speir,,01/01/2026,clearyb.bsky.social,Bluesky,#Spï¿½ï¿½irGhorm #Speir,#Spï¿½ï¿½irGhorm #Speir,,,,,,,Mixed
1042,1046,"Violate, murder, annihilate. Doing exactly what the ICJ ruled against. Lawless occupier ""...expanding into theoccupied West Bank & other conquered territories violates the Fourth Geneva Convention"".www.thejournal.ie/israel-gaza-...#spï¿½ï¿½irghorm #speirgorm #Gaza ",,05/05/2025,caitrionas.bsky.social,Bluesky,#spï¿½ï¿½irghorm #speirgorm #Gaza ,#spï¿½ï¿½irghorm #speirgorm #Gaza ,#spï¿½ï¿½irghorm #speirgorm #Gaza ,#spï¿½ï¿½irghorm #speirgorm #Gaza ,,,,,Mixed
1043,1047,The lads at the Ditch doing the real work. Ten grand *a week*#Speirgorm #Irishpol #Dï¿½ï,,02/05/2025,liamward.ie,Bluesky,#Speirgorm #Irishpol #Dï¿½ï,#Speirgorm #Irishpol #Dï¿½ï,#Speirgorm #Irishpol #Dï¿½ï,,,,,,Mixed
1044,1048,Milo has the #sneachta zoomies.#speirgorm,,21/11/2024,lamhfada.bsky.social,Bluesky,#sneachta #speirgorm,#sneachta #speirgorm,,,,,,,Mixed
1045,1049,Another misty morning in the forests above Dublin. It's no wonder moss grows on everything here.#hiking #nature #photography #Spï¿½ï¿½irGorm #Ireland #EastCoastKin #scape #ForestFr,,25/04/2025,snormanca.bsky.social,Bluesky,#hiking #nature #photography #Spï¿½ï¿½irGorm #Ireland #EastCoastKin #scape #ForestFr,#hiking #nature #photography #Spï¿½ï¿½irGorm #Ireland #EastCoastKin #scape #ForestFr,#hiking #nature #photography #Spï¿½ï¿½irGorm #Ireland #EastCoastKin #scape #ForestFr,#hiking #nature #photography #Spï¿½ï¿½irGorm #Ireland #EastCoastKin #scape #ForestFr,#hiking #nature #photography #Spï¿½ï¿½irGorm #Ireland #EastCoastKin #scape #ForestFr,#hiking #nature #photography #Spï¿½ï¿½irGorm #Ireland #EastCoastKin #scape #ForestFr,#hiking #nature #photography #Spï¿½ï¿½irGorm #Ireland #EastCoastKin #scape #ForestFr,#hiking #nature #photography #Spï¿½ï¿½irGorm #Ireland #EastCoastKin #scape #ForestFr,Positive
1046,1050,Brilliant thread @ciaraioch.bsky.social talked me into ordering a print this morning for the day that's in it. #NollaignamBan #spï¿½ï¿½ï¿½,,06/01/2026,ciaraioch.bsky.social,Bluesky,#NollaignamBan #spï¿½ï¿½ï¿½,#NollaignamBan #spï¿½ï¿½ï¿½,,,,,,,Positive
1047,1051,"Morning ï¿½ï¿½ï¿½ï¿½SLATED doesnï¿½ï¿½ï¿½t do Black Friday.Life shouldn't be about mindless consumerism ï¿½ï¿½ï¿½ itï¿½ï¿½ï¿½s about thoughtful choices.Quality products, made to last. Less waste, more care.Thatï¿½ï¿½ï¿½s the SLATED",,29/11/2024,siobhanmcelduff.bsky.social,Bluesky,#SLATED #speirgormslated.ie,#SLATED #speirgormslated.ie,,,,,,,Mixed
1048,1052,"Am in search of a Christmas miracle...a place to live in Dublin that I can afford and with decent people. If you help me find it, you get to call yourself someone's Christmas angel!#Spï¿½ï¿½irGhorm #Spï¿½ï",,17/12/2025,emmadragon.bsky.social,Bluesky,#Spï¿½ï¿½irGhorm #Spï¿½ï,#Spï¿½ï¿½irGhorm #Spï¿½ï,,,,,,,Mixed
1049,1053,"Tomorrow 24 humanitarian volunteers face 20 years in prison in a Greek court for saving lives at sea. One, Seï¿½ï¿½n Binder, grew up in my local town, Castlegregory, Kerry.#SolidarityIsNotACrime #StandWithSeï¿½ï¿½n #DropTheCharges #FreeHumanitarians #NotMyEurope #speirgormwww.politico.eu/article",,03/12/2025,knofear.bsky.social,Bluesky,#SolidarityIsNotACrime #StandWithSeï¿½ï¿½n #DropTheCharges #FreeHumanitarians #NotMyEurope #speirgormwww.politico.eu/article/sea,#SolidarityIsNotACrime #StandWithSeï¿½ï¿½n #DropTheCharges #FreeHumanitarians #NotMyEurope #speirgormwww.politico.eu/article/sea,#SolidarityIsNotACrime #StandWithSeï¿½ï¿½n #DropTheCharges #FreeHumanitarians #NotMyEurope #speirgormwww.politico.eu/article/sea,#SolidarityIsNotACrime #StandWithSeï¿½ï¿½n #DropTheCharges #FreeHumanitarians #NotMyEurope #speirgormwww.politico.eu/article/sea,#SolidarityIsNotACrime #StandWithSeï¿½ï¿½n #DropTheCharges #FreeHumanitarians #NotMyEurope #speirgormwww.politico.eu/article/sea,#SolidarityIsNotACrime #StandWithSeï¿½ï¿½n #DropTheCharges #FreeHumanitarians #NotMyEurope #speirgormwww.politico.eu/article/sea,,,Mixed
1050,1054,"Ireland is now at 84.91% of it's threshold to count as one of the seven #EU countries to get this initiave to ban LGBT conversion ""therapy"" which means we need 1,383more signatures here.....#Spï¿½ï¿½ir",,10/02/2025,sneil.bsky.social,Bluesky,#EU #Spï¿½ï¿½ir,#EU #Spï¿½ï¿½ir,,,,,,,Mixed
1051,1055,"#speirgorm ï¿½ï¿½ï¿½ï¿½ï¿½ï¿½ï¿½ï¿½Irish friends, family & neighbors:  kick him out NOW!  Ban him & his organization from your shores.If you dont act early, you will become as fascist as America before you know it!#SaveDemocracy www.irishtimes.com",,31/12/2025,modelaney.bsky.social,Bluesky,#speirgorm #SaveDemocracy,#speirgorm #SaveDemocracy,,,,,,,Mixed
1052,1056,#speirgorm #irishnews #irishpolitics,,10/02/2025,robosullivan.bsky.social,Bluesky,#speirgorm #irishnews #irishpolitics,#speirgorm #irishnews #irishpolitics,#speirgorm #irishnews #irishpolitics,,,,,,Mixed
1053,1057,A beautiful site.A beautiful sound.#SaoirseDonPhalaistï¿½ï¿½n #Limerick #Ireland #Speir,,27/09/2025,eslsys.bsky.social,Bluesky,#SaoirseDonPhalaistï¿½ï¿½n #Limerick #Ireland #Speir,#SaoirseDonPhalaistï¿½ï¿½n #Limerick #Ireland #Speir,#SaoirseDonPhalaistï¿½ï¿½n #Limerick #Ireland #Speir,#SaoirseDonPhalaistï¿½ï¿½n #Limerick #Ireland #Speir,,,,,Positive
1054,1058,Cï¿½ï¿½ Chulainnï¿½ï¿½ï¿½s Standing Stone,,22/02/2025,sharrow.bsky.social,Bluesky,#speirgorm,,,,,,,,Mixed
1055,1059,"Derrynaflan & a lot of this obliterated bogland is in the parish of Killenaule, it was home to the last native Irish speakers in the parish, surviving into the early 1900s. Probably dirt poor, remnants of the mud walls of their cabins could still be seen along the toghers when I was a lad #speirgorm",,18/06/2025,billallen.bsky.social,Bluesky,#speirgorm,,,,,,,,Mixed
1056,1060,"#speirgorm we did #latelatetoyshow, we did #newgrange solstice, our next mission is to make Bluesky acknowledge St Stephenï¿½ï¿½ï¿½s Day on the 26th.None of that Boxing Day non",,21/12/2024,caitrionas.bsky.social,Bluesky,"#speirgorm #latelatetoyshow, #newgrange","#speirgorm #latelatetoyshow, #newgrange","#speirgorm #latelatetoyshow, #newgrange",,,,,,Mixed
1057,1061,I'm waiting anxiously to hear how my daughter's first day in Montessori went. *She's nearly 20 and she's on her 3rd year placement. #SpeirGorm.,,13/01/2025,tggleeson.bsky.social,Bluesky,#SpeirGorm.,,,,,,,,Negative
1058,1062,"ýýýýFrom the Carmelite church in Kildare, Ireland.(Apologies, I have no video credit, as it was a WhatsApp forward).  #SpeirGorm",,14/12/2025,sloeginpudding.bsky.social,Bluesky,#SpeirGorm,,,,,,,,Mixed
1059,1063,How generous of the Tï¿½ï¿½naiste to feed Deputy Lowry his sour grapes #speir,,09/01/2025,eslsys.bsky.social,Bluesky,#speirgorm,,,,,,,,Mixed
1060,1064,"This fella, John Dallon, was interviewed by Eddie Hobbs this evening and he and Christopher Duffy were also doing a Facebook Live with Niall McConnell a little while ago. The smell of fash keeps getting stronger. #Speirgorm",,08/04/2026,bockdr.bsky.social,Bluesky,#Speirgorm,,,,,,,,Mixed
1061,1065,"Every old man I seeReminds me of my fatherWhen he had fallenin love with deathOne time when sheaves were gathered ...Patrick Kavanagh, 20th century#Photography #Wisdom #Poetry #SpeirGorm #StreetPhotography #Ireland #India #ImageAndVerse #ArtOfBlueSky #PhotographersOfBlueSky #EastCoastKin",,17/11/2025,sqotn.bsky.social,Bluesky,#SPILL!,,,,,,,,Positive
1062,1066,"It's 2025, I'm 70 years old, and I wish to comment on the following statements:-a/ ""You can't turn back the clock"" b/ ""You can't put the genie back in the bottle""a/ You literally can turn back a clockb/ You need to read folklore#writingcommunity #booksky #Spï¿½ï¿½irGorm #1001Ni",,18/01/2025,frigyacrowmother.bsky.social,Bluesky,#writingcommunity #booksky #Spï¿½ï¿½irGorm #1001Ni,#writingcommunity #booksky #Spï¿½ï¿½irGorm #1001Ni,#writingcommunity #booksky #Spï¿½ï¿½irGorm #1001Ni,#writingcommunity #booksky #Spï¿½ï¿½irGorm #1001Ni,,,,,Positive
1063,1067,SHE was invited by the Northern Ireland Assembly Womenï¿½ï¿½ï¿½s Caucus to be a panelist at their Supporting Women in Public Life Conference in the Parliament Buildings in Belfast.Read more here: www.seeherelected.ie/she-takes-pa...#speirghorm #speirgorm #irishpolitics #womeninpolitics #localgove,,09/02/2026,teagmhail.bsky.social,Bluesky,#speirghorm #speirgorm #irishpolitics #womeninpolitics #localgovernment,#speirghorm #speirgorm #irishpolitics #womeninpolitics #localgovernment,#speirghorm #speirgorm #irishpolitics #womeninpolitics #localgovernment,#speirghorm #speirgorm #irishpolitics #womeninpolitics #localgovernment,#speirghorm #speirgorm #irishpolitics #womeninpolitics #localgovernment,,,,Positive
1064,1068,"These misogynists now run our country. Yesterday we saw sexual assault used as a punitive measure against a woman protesting that same government. Elect misogynists, expect misogyny. Fuck Fianna Fï¿½ï¿½il and all who support them ##spï¿½ï",,02/04/2025,sarklor.bsky.social,Bluesky,# #spï¿½ï¿½ir,# #spï¿½ï¿½ir,,,,,,,Positive
1065,1069,Apologies for uploading this in small text but I had to reduce it enough to try and copy it in one go. There are links (not live) which can be typed into YT for verification on claims made in this post. #HeatherHumphreys #Ireland #IrishPresidentialCandidates #SpeirGorm,,22/08/2025,robosullivan.bsky.social,Bluesky,#HeatherHumphreys #Ireland #IrishPresidentialCandidates #SpeirGorm,#HeatherHumphreys #Ireland #IrishPresidentialCandidates #SpeirGorm,#HeatherHumphreys #Ireland #IrishPresidentialCandidates #SpeirGorm,#HeatherHumphreys #Ireland #IrishPresidentialCandidates #SpeirGorm,,,,,Mixed
1066,1070,"'Maybe you could cycle to work, maybe you could walk,' suggests minister'Yeah and may be you could make it safe to do so you clueless gowls #IrishPolitics #Spï¿½ï¿½ir",,02/04/2026,sarklor.eurosky.social,Bluesky,#IrishPolitics #Spï¿½ï¿½ir,#IrishPolitics #Spï¿½ï¿½ir,,,,,,,Mixed
1067,1071,"Us too highly recommended the cinematography is beautiful & from biodiversity to impact, history, renewables, fishing, mapping art to surfing and biome ï¿½ï¿½ï¿½ï¿½ï¿½ï¿½ï¿½ï¿½ #Irelands",,26/01/2025,kenmcdonagh.bsky.social,Bluesky,#Irelandscoast #speirgorm,#Irelandscoast #speirgorm,,,,,,,Positive
1068,1072,School Secretary entitled to just five days pay during cancer treatment - school secretary #pensionparity #speirgorm www.offalyexpress.ie/news/tullamo...,,01/09/2025,sharrow.bsky.social,Bluesky,#pensionparity #speirgorm,#pensionparity #speirgorm,,,,,,,Mixed
1069,1073,"Seeing Irish people simp for Humphreys because she'll keep her head down reminds me of that MLK quote ""...the white moderate, who is more devoted to 'order' than to justice; who prefers a negative peace which is the absence of tension to a positive peace which is the presence of justice"" #spï¿½ï¿½ir",,06/10/2025,janx.bsky.social,Bluesky,#spï¿½ï¿½ir,,,,,,,,Mixed
1070,1074,Mental health helplines in Ireland: Samaritans 116123#SpeirGorm,,22/12/2024,poachedplum.bsky.social,Bluesky,#SpeirGorm,,,,,,,,Mixed
1071,1075,"North Cork Creameries, which an EPA report found had released 52 times the allowed levels of ammonia & 7 times the levels of orthophosphates, insists the death of some 46,000 fish on a 30km section of the River Blackwater downstream is ï¿½ï¿½ï¿½not connectedï¿½ï¿½ï¿½.#Spï¿½ï¿½irGormwww.thejournal.ie",,01/09/2025,knutogris.bsky.social,Bluesky,#Spï¿½ï¿½irGormwww.thejournal.ie/fish-kill-r,,,,,,,,Negative
1072,1076,I did not imagine nearly fifty years ago that tomorrow I'd be doing this #Spï¿½ï¿½irgorm #Irishwriting @dinglelit.bsky.social @gaiabanks.bsky.so,,21/11/2025,tweetinggoddess.bsky.social,Bluesky,#Spï¿½ï¿½irgorm #Irishwri,#Spï¿½ï¿½irgorm #Irishwri,,,,,,,Mixed
1073,1077,"Heads up! I'll be closing my online shop for the holidays tonight at midnight Irish time! So if there's any final orders you'd like to squeeze in, now's your chance!hayleymulch.com#BSNM #Spï¿½ï¿½ir",,16/12/2025,clasticartistic.bsky.social,Bluesky,#BSNM #Spï¿½ï¿½ir,#BSNM #Spï¿½ï¿½ir,,,,,,,Mixed
1074,1078,"A great day on the Dublin Bird Race yesterday. 11 teams took part recording 109 species.A decent tally given the persistent, (very wet) rain. 1st place went to ï¿½ï¿½ï¿½The Troy Parrottsï¿½ï¿½ï¿½ beating favorites the ï¿½ï¿½ï¿½Southside Swiftsï¿½ï¿½ï¿½. Best name goes to ï¿½ï¿½ï¿½Irritable Owl Syndromeï¿",,18/01/2026,dfluke.net,Bluesky,#SpeirGorm #IrishBirding,#SpeirGorm #IrishBirding,,,,,,,Positive
1075,1079,"I have been watching this gorgeous pupper on Dog's Trust for over a year - we're not in a position to adopt a second dog right now - and he has finally been reserved. Really hope it works out, he is such a little dote. #AdoptDontShop #Spï¿½ï¿½irgormwww.dogstrust.ie/rehoming/do",,10/12/2025,beakindhuman.bsky.social,Bluesky,#AdoptDontShop #Spï¿½ï¿½irgormwww.dogstrust.ie/rehoming/do,#AdoptDontShop #Spï¿½ï¿½irgormwww.dogstrust.ie/rehoming/do,,,,,,,Positive
1076,1080,"Only #speirgorm will understand the horror! I just discovered that the immersion switch in my house has been on for at least a year, if not more. ï¿½ï¿½ï¿½ï¿½ï¿½ï¿½ï¿½ï¿½ï¿½ï¿½ï¿½ï¿½Explains the high electricity bills for a small hou",,05/12/2024,omgitsagirl2015.bsky.social,Bluesky,#speirgorm,,,,,,,,Mixed
1077,1081,"Have a Dublin #painting. I'm sure I've told you before but for many years I had the habit of walking the 5 miles home by crossing every bridge so as to enjoy looking at both sides of the river, which would add half an hour to my walk. ""Ormond Quay"" came out of my love of looking. #SpeirGorm #ArtYear",,14/03/2025,islanderscaper.bsky.social,Bluesky,#painting. #SpeirGorm #ArtYear,#painting. #SpeirGorm #ArtYear,#painting. #SpeirGorm #ArtYear,,,,,,Positive
1078,1082,"My email to #Ireland's Taoiseach & copied to the Tï¿½ï¿½naiste & Minister of Finance. If anyone wants to use any of it in their own letters, feel free totaoiseach@taoiseach.gov.ie simon.harris@oireachtas.iepaschal.donohoe@oireachtas.ie (Full text also in alt)#Spï¿½ï¿½irgorm #spï¿½ï¿½irghor",,24/08/2025,siobhanmcelduff.bsky.social,Bluesky,#Ireland's #Spï¿½ï¿½irgorm #spï¿½ï¿½irghorm #P,#Ireland's #Spï¿½ï¿½irgorm #spï¿½ï¿½irghorm #P,#Ireland's #Spï¿½ï¿½irgorm #spï¿½ï¿½irghorm #P,#Ireland's #Spï¿½ï¿½irgorm #spï¿½ï¿½irghorm #P,,,,,Mixed
1079,1083,When a country like Ireland has had a big budget surplus for many years in a row... the fact that we have a housing crisis AND haven't fully transitioned to renewables for our energy grid etc. is either government incompetence or malicious intent. Other countries have done it with less. #SpeirGorm,,10/04/2026,simon-kane.bsky.social,Bluesky,#SpeirGorm,,,,,,,,Negative
1080,1084,"Scam Alert: #Speirgorm share this to your friends, not just older people. Anyone of any age can be hoodwinked with this kind of thing!",,24/02/2025,jasonlee.ie,Bluesky,#Speirgorm,,,,,,,,Positive
1081,1085,You can get weather alerts but only if you're willing to risk exposure to CSAM materials #spï¿½ï¿½ir,,11/01/2026,mcwattly.bsky.social,Bluesky,#spï¿½ï¿½ir,,,,,,,,Mixed
1082,1086,"Now close the windowsand hush all the fields:If the trees must,let them silently toss;No bird is singing now,and if there is,Be it my loss.Robert Frost, 20th century#Photography #Wisdom #Poetry #SpeirGorm #WindowsOnWednesday #PhotographersOfBlueSky #ArtOfBlueSky #EastCoastKin",,24/09/2025,albert-ibars.bsky.social,Bluesky,#Photography #Wisdom #Poetry #SpeirGorm #WindowsOnWednesday #PhotographersOfBlueSky #ArtOfBlueSky #EastCoastKin,#Photography #Wisdom #Poetry #SpeirGorm #WindowsOnWednesday #PhotographersOfBlueSky #ArtOfBlueSky #EastCoastKin,#Photography #Wisdom #Poetry #SpeirGorm #WindowsOnWednesday #PhotographersOfBlueSky #ArtOfBlueSky #EastCoastKin,#Photography #Wisdom #Poetry #SpeirGorm #WindowsOnWednesday #PhotographersOfBlueSky #ArtOfBlueSky #EastCoastKin,#Photography #Wisdom #Poetry #SpeirGorm #WindowsOnWednesday #PhotographersOfBlueSky #ArtOfBlueSky #EastCoastKin,#Photography #Wisdom #Poetry #SpeirGorm #WindowsOnWednesday #PhotographersOfBlueSky #ArtOfBlueSky #EastCoastKin,#Photography #Wisdom #Poetry #SpeirGorm #WindowsOnWednesday #PhotographersOfBlueSky #ArtOfBlueSky #EastCoastKin,#Photography #Wisdom #Poetry #SpeirGorm #WindowsOnWednesday #PhotographersOfBlueSky #ArtOfBlueSky #EastCoastKin,Positive
1083,1087,"The audacity of hope!In the end, that isGodï¿½ï¿½ï¿½s greatest gift to us ...A belief in things not seen.A belief that there arebetter days ahead.Barack Obama, 21st century#Photography #Poetry #SpeirGorm #StreetPhotography #India #ImageAndVerse #ArtOfBlueSky #PhotographersOfBlueSky #EastCo",,22/12/2025,scotify.bsky.social,Bluesky,#SPILL!,,,,,,,,Positive
1084,1088,An Cailï¿½ï¿½n Ciï¿½ï¿½in is airing on TV tonight on Film4 at 9pm #S,,05/12/2024,philipgalvin.bsky.social,Bluesky,#Speirgorm,,,,,,,,Mixed
1085,1089,"Anyway, have a #painting. A Dublin one from way back.  ""Grosvenor Square"" in Rathmines was a commission for a surprise, which I found out later almost had the police called on me as a suspicious person outside staring at the house for ages while taking notes (I was sketching). #SpeirGorm #ArtYear",,25/03/2025,rrocheneuro.bsky.social,Bluesky,#painting. #SpeirGorm #ArtYear,#painting. #SpeirGorm #ArtYear,#painting. #SpeirGorm #ArtYear,,,,,,Mixed
1086,1090,"THIS European approach is the way forward, not that of our former colonisers. ï¿½ï¿½ï¿""ýýýýýýýýýýýý ýýýýýýýýýýýýýýýýýýýýýýýýýýýýýýýýýýýýýýýý ýýýýýýýýýýýýýýýýýýýýýýýýýýýýýýýý ýýýýýýýýýýýýýýýýýýýýýýýýýýýýýýýýýýýý ýýýýýýýýýýýýýýýýýýýýýýýýýýýý ýýýýýýýýýýýýýýýýýýýýýýýýýýýýýýýý ýýýýýýýýýýýý ýýýýýýýýýýýýýýýýýýýýýýýýýýýýýýýýýýýýýýýýýýýýýýýýýýýýýýýý, ýýýýýýýýýýýýýýýýýýýýýýýýýýýýýýýýýýýýýýýýýýýý ýýýýýýýýýýýýýýýý ýýýýýýýýýýýý ýýýýýýýýýýýýýýýýýýýýýýýýýýýýýýýýýýýýýýýýýýýý ýýýýýýýýýýýýýýýýýýýý ýýýýýýýýýýýýýýýýýýýýýýýýýýýýýýýýýýýýýýýý ýýýýýýýýýýýýýýýýýýýýýýýýýýýýýýýý ýýýýýýýýýýýýýýýýýýýýýýýýýýýý.""www.erininthemorning.com/p/new-german...#LGBTQ #Trans #IrishSky #SpeirGorm",,01/05/2025,ayrtonobrien.bsky.social,Bluesky,#LGBTQ #Trans #IrishSky #SpeirGorm,#LGBTQ #Trans #IrishSky #SpeirGorm,#LGBTQ #Trans #IrishSky #SpeirGorm,#LGBTQ #Trans #IrishSky #SpeirGorm,,,,,Mixed
1087,1091,"The right-wing-drivers are spot on, yï¿½ï¿½ï¿½know. All that foreign fuel, coming over here, doing our jobs. It has to be stopped. Trump did his best, now itï¿½ï¿½ï¿½s up to our lad",,09/04/2026,lynnok.bsky.social,Bluesky,#SpeirGorm,,,,,,,,Positive
1088,1092,Ireland's data centres nationally are already using energy at 4 times the PROJECTED European average for 2030.If we're serious about energy conservation the very first thing we have to do is reintroduce the moratorium on building any more of them. #spï¿½ï¿½ir,,01/04/2026,ravenbooks.bsky.social,Bluesky,#spï¿½ï¿½ir,,,,,,,,Mixed
1089,1093,The left-wing candidate will end up with almost double the total of all other choices combined.Every opinion columnist tomorrow: ï¿½ï¿½ï¿½The real story here is all the spoiled votes.ï¿½ï¿½ï¿½#speir,,25/10/2025,regcoppinger.bsky.social,Bluesky,#speirgorm #aras25,#speirgorm #aras25,,,,,,,Positive
1090,1094,UL researchers discover solution to eliminate ï¿½ï¿½ï¿½forever chemicalsï¿½ï¿½ï¿½ from drinking waterThe new material can filter out PFAS even at extremely low concentrateswww.ul.ie/news/ul-rese...#StudyatUL #Research #PFAS #Sustainability #Chemistry #Education #Learning #College #Universit,,10/12/2024,eslsys.bsky.social,Bluesky,#SPILL!,,,,,,,,Mixed
1091,1095,"Yo to the Indian spokesman on RTE radio 1, please do not let a modi mindset influence your view on who is responsible for violence against Indians in #Ireland.There is no far left violence against foreigners in Ireland.Zero. None.It's all 'far right' as is the case in #India.#Speirgorm",,11/08/2025,renebatt.bsky.social,Bluesky,#Ireland.There #India. #Speirgorm,#Ireland.There #India. #Speirgorm,#Ireland.There #India. #Speirgorm,,,,,,Negative
1092,1096,"I don't remember everything I learnt in primary school but I'll never forget how to make a St Brigid's crossBlessed Imbolc, everyone#SpeirGorm",,01/02/2025,manybooks.bsky.social,Bluesky,#SpeirGorm,,,,,,,,Positive
1093,1097,You couldnï¿½ï¿½ï¿½t make it up ï¿½ï¿½ï¿½,,09/01/2025,mnicearbhaill.bsky.social,Bluesky,#speirgorm,,,,,,,,Mixed
1094,1098,"""The Long Walk II"" My Galway city painting that prompted a friend's young son to ask why there were giraffes walking down the street, and ever since that's all any of us can see - including at the actual street. First exhibited in Cork it hangs in a good home in Dublin. #SpeirGorm #ArtAdventCalendar",,10/12/2024,eatyourflag.bsky.social,Bluesky,#SpeirGorm #ArtAdventCalendar,#SpeirGorm #ArtAdventCalendar,,,,,,,Positive
1095,1099,"This hasn't gotten much traction, but late last week, Media Minister Patrick O'Donovan announced plans for A) A social media ban for under-16s.B) To achieve this, introducing mandatory digital ID requirements for all Irish users of social media platforms.#speirgorm#Ireland#internetpolicy",,01/12/2025,geekypokez.bsky.social,Bluesky,#speirgorm #Ireland #internetpolicy,#speirgorm #Ireland #internetpolicy,#speirgorm #Ireland #internetpolicy,,,,,,Mixed
1096,1100,"Time for yet another west of Ireland #painting. ""Stone Walls, Twelve Bens"" came from a time where I was cycling in Connemara in a very stop-starty way because I never wanted to stop looking around and yet I always wanted to go further and look more. Walls, mountains, good times. #SpeirGorm #ArtYear",,03/07/2025,syrusdrake.bsky.social,Bluesky,#painting. #SpeirGorm #ArtYear,#painting. #SpeirGorm #ArtYear,#painting. #SpeirGorm #ArtYear,,,,,,Positive
1097,1101,"Reducing the VAT rate on places like McDonaldï¿½ï¿½ï¿½s is criminal - especially when lower income homes/families are saying itï¿½ï¿½ï¿½s become more expensive to shop healthily.Fook hospitality, & fook the government for letting a lobby group pull the wool over their eyes. #Speirgorm",,07/10/2025,ealadubh.bsky.social,Bluesky,#Speirgorm #budget2026,#Speirgorm #budget2026,,,,,,,Mixed
1098,1102,"A happy 80th birthday to the Reserve Defence Forces, born eighty years ago today as An Forsa Cosanta ï¿½ï¿½itiï¿½ï¿½l (the FCï¿½ï¿½) out of an amalgamation of various LDF, Reserve of Volunteers and Old IRA units",,01/04/2026,queen-crafty.bsky.social,Bluesky,#spï¿½ï¿½ir,,,,,,,,Positive
1099,1103,And now for something very silly.,,31/03/2026,ayrtonobrien.bsky.social,Bluesky,,,,,,,,,Mixed
1100,1104,My partner's letter in today's Clare Champion. I'm very proud of her. Catherine Connolly's campaign is giving hope to people who have felt disenfranchised for so long. #spï¿½ï¿½irgorm ##ï¿½ï¿,,09/10/2025,billallen.bsky.social,Bluesky,#spï¿½ï¿½irgorm # #ï¿½ï¿,#spï¿½ï¿½irgorm # #ï¿½ï¿,#spï¿½ï¿½irgorm # #ï¿½ï¿,,,,,,Positive
1101,1105,"Was out with just the DSLR last night - it really was gorgeous just after dusk, so made use of the dark sky window before moonlight became an issue.Finished up with some simple lunar photography: sunset over the lunar Apennines!Details in the ALT text #astrophotography #ThePhotoHour #Speirgorm",,14/09/2025,tumbril.bsky.social,Bluesky,#astrophotography #ThePhotoHour #Speirgorm,#astrophotography #ThePhotoHour #Speirgorm,#astrophotography #ThePhotoHour #Speirgorm,,,,,,Positive
1102,1106,Mothers. Against. Genocide. Think about it... how are they a threat to public order??? Why was there a need for that rough treatment by Gardaï¿½ï¿½?  I emailed the Minister for Justice (jim.ocallaghan@oireachtas.ie) and the Taoiseach (micheal.martin@oireachtas.ie) to express my outrage.#Speir,,02/04/2025,michealhalton.bsky.social,Bluesky,#SpeirGorm,,,,,,,,Negative
1103,1107,Home #speirgorm,,31/01/2026,rachelwales.bsky.social,Bluesky,#speirgorm,,,,,,,,Mixed
1104,1108,The @imirt.bsky.social Steam Curator List is so close to 600 followers!All follows and shares help Irish game devs! Please and thank you. ï¿½ï¿½ï¿½ï¿½#speirghorm #irishgamedev #speirgorm #indiedev #gamedev #irishcreatives #indiegamestore.steampowered.com/curator,,31/08/2025,resonatemmcg.bsky.social,Bluesky,#speirghorm #irishgamedev #speirgorm #indiedev #gamedev #irishcreatives #indiegamestore.steampowered.com/curator/4145...,#speirghorm #irishgamedev #speirgorm #indiedev #gamedev #irishcreatives #indiegamestore.steampowered.com/curator/4145...,#speirghorm #irishgamedev #speirgorm #indiedev #gamedev #irishcreatives #indiegamestore.steampowered.com/curator/4145...,#speirghorm #irishgamedev #speirgorm #indiedev #gamedev #irishcreatives #indiegamestore.steampowered.com/curator/4145...,#speirghorm #irishgamedev #speirgorm #indiedev #gamedev #irishcreatives #indiegamestore.steampowered.com/curator/4145...,#speirghorm #irishgamedev #speirgorm #indiedev #gamedev #irishcreatives #indiegamestore.steampowered.com/curator/4145...,#speirghorm #irishgamedev #speirgorm #indiedev #gamedev #irishcreatives #indiegamestore.steampowered.com/curator/4145...,,Positive
1105,1109,"Years of violent government policy has ensured the homeless crisis gets worse & worseWonder what the official hidden homeless numbers are now?This figure of 290,00 adults is from 2022In the meantime adults in emergency accommodation increased from 11,632 to 16,614 #DerelictIreland #SpeirGorm",,25/11/2025,cudbeorht.bsky.social,Bluesky,#DerelictIreland #SpeirGorm,#DerelictIreland #SpeirGorm,,,,,,,Negative
1106,1110,Because of course he does - he is the most right wing Minister for Justice weï¿½ï¿½ï¿½ve had  #spe,,10/12/2025,jackkennedy.ie,Bluesky,#speirgorm,,,,,,,,Positive
1107,1111,"There's a REALLY quick and easy survey for the public consultation on the Basic Income for the Arts scheme - it only takes a few seconds, anyone can fill it in, and it could make a huge difference to arts workers in Ireland. Take a few ticks to places a few ticks here: ec.europa.eu/eusurvey/run...",,13/08/2025,jpjordan.bsky.social,Bluesky,,,,,,,,,Mixed
1108,1112,"""Israeli soldiers were targetting particular parts of the body on particular days. One day, it was head and neck. One day, chest. One day, legs. One day, testicles. Target practice.I would not have believed it if I had not seen it with my own eyes."" - Dr Nick Maynard speaking in Cork.#speirgorm",,14/09/2025,oscaramucci.bsky.social,Bluesky,#speirgorm,,,,,,,,Mixed
1109,1113,#Speirgorm #MarchForNeutrality,,12/06/2025,joenoonan.bsky.social,Bluesky,#Speirgorm #MarchForNeutrality,#Speirgorm #MarchForNeutrality,,,,,,,Mixed
1110,1114,"Irish Government Minister crowing, in Trumpian fashion, about deporting people, including children, while their classmates in D8 are traumatised to lose their friends so suddenly.What a nasty man he is! #speirgorm school 'devastated' to lose children who were deported, principal says jrnl.ie/6724513",,06/06/2025,dermotfinn.bsky.social,Bluesky,#speirgorm,,,,,,,,Positive
1111,1115,#Spï¿½ï¿½irGorm Can anybody direct me to somewhere I might be able to get something like this as Gaeilge? I'm looking mostly for the small prayer book for the Gaelscoil and I'm really struggling trying to find anyt,,01/02/2026,queen-crafty.bsky.social,Bluesky,#Spï¿½ï¿½ir,,,,,,,,Mixed
1112,1116,"For the uninitiated, these are Irish Throwing Stars, an ancient weapon wielded by St. Brigid during the 1916 Rising, striking fear into the hearts of the British, and responsible for the eventual smiting of both Cromwell and Thatcher.",,01/02/2026,meltyshirts.com,Bluesky,,,,,,,,,Mixed
1113,1117,"Just listened to the @irishtimes.com podcast between Hugh Linehan and Eoin Lenihan (no relation I presume). Hilarious, Eoin is such a sensitive soul, & sulked for the later half of the podcast ï¿½ï¿½ï¿½cause he didnï¿½ï¿½ï¿½t like the line of questioning.  Lordy these far righties are such man-cry-babie",,10/12/2025,berlinnaeus.bsky.social,Bluesky,#speirgorm,,,,,,,,Mixed
1114,1118,"Ireland's Ancient Animals, for which at least some evidence was found to suggest they once roamed this island, even if only for a while. Some might even make a comeback! Featuring the Irish elk, bear, lynx, great auk, wild boar, & wolf. #Spï¿½ï¿½irGhorm #SciArtPrints: www.ciaraioch.com/artprints/p",,10/04/2026,lingnola.bsky.social,Bluesky,#Spï¿½ï¿½irGhorm #SciArtPri,#Spï¿½ï¿½irGhorm #SciArtPri,,,,,,,Positive
1115,1119,"The meta, Meta and meaning of the Irish fuel protests - a longish read about what more than 20 years of studying and covering the far right has taught me about these political moments. #speirgormphilipoconnor.com/the-meta-met...",,15/04/2026,thefoggydew.bsky.social,Bluesky,#speirgormphilipoconnor.com/the-meta-met...,,,,,,,,Mixed
1116,1120,"Attention humans of Dublin! There is an update to the Crackdown listings spreadsheet. New gigs from The Boo Radleys, Wet Leg, Johnny Marr, Saint Etienne, Mercury Rev (with Mick Harvey) & Black Box Recorder (in London). Also Kirkos stuff and filmsdocs.google.com/spreadsheets...#Speirgorm",,01/12/2025,thumped.com,Bluesky,#Speirgorm,,,,,,,,Mixed
1117,1121,This is available on the appstore for those who want to shop local and donï¿½ï¿½ï¿½t want to buy American shit.#speirgormapps.apple.com/ie/app/bu,,30/07/2025,keithinkrakow.bsky.social,Bluesky,#speirgormapps.apple.com/ie/app/buy-e...,,,,,,,,Mixed
1118,1122,#Speirgorm #Kneecap,,17/06/2025,eslsys.bsky.social,Bluesky,#Speirgorm #Kneecap,#Speirgorm #Kneecap,,,,,,,Mixed
1119,1123,Me sitting in mountjoy square everyday Look at the sky though #speirgorm,,30/05/2025,billallen.bsky.social,Bluesky,#speirgorm,,,,,,,,Positive
1120,1124," To: Irish State institutions, official bodies including Met Eireann, Transport for Ireland, and other organisations in IrelandTake X icons off websites and emails #speirgorm my.uplift.ie/petitions/ta... @uplift.ie",,18/01/2026,louthforever.bsky.social,Bluesky,#speirgorm,,,,,,,,Mixed
1121,1125,"ýýalýý by @ivanfisher-owen.bsky.social and @emfish11.bsky.social released yesterday, please go check out this wonderful stop motion animated game!#IRISHGAMEDOMINATION #speirghorm #irishgamedev #speirgorm #indiedev #gamedev #irishcreatives #indiegamestore.steampowered.com/app/3560370/...",,03/10/2025,dqstudio.bsky.social,Bluesky,#IRISHGAMEDOMINATION #speirghorm #irishgamedev #speirgorm #indiedev #gamedev #irishcreatives #indiegamestore.steampowered.com/app/3560370/...,#IRISHGAMEDOMINATION #speirghorm #irishgamedev #speirgorm #indiedev #gamedev #irishcreatives #indiegamestore.steampowered.com/app/3560370/...,#IRISHGAMEDOMINATION #speirghorm #irishgamedev #speirgorm #indiedev #gamedev #irishcreatives #indiegamestore.steampowered.com/app/3560370/...,#IRISHGAMEDOMINATION #speirghorm #irishgamedev #speirgorm #indiedev #gamedev #irishcreatives #indiegamestore.steampowered.com/app/3560370/...,#IRISHGAMEDOMINATION #speirghorm #irishgamedev #speirgorm #indiedev #gamedev #irishcreatives #indiegamestore.steampowered.com/app/3560370/...,#IRISHGAMEDOMINATION #speirghorm #irishgamedev #speirgorm #indiedev #gamedev #irishcreatives #indiegamestore.steampowered.com/app/3560370/...,#IRISHGAMEDOMINATION #speirghorm #irishgamedev #speirgorm #indiedev #gamedev #irishcreatives #indiegamestore.steampowered.com/app/3560370/...,#IRISHGAMEDOMINATION #speirghorm #irishgamedev #speirgorm #indiedev #gamedev #irishcreatives #indiegamestore.steampowered.com/app/3560370/...,Positive
1122,1126,For context. The spire is 120 metres tall. Some mad bastards done a serious job here. And the weekend all the Americans are in town for their stupid football game. Maith thï¿½ï¿½ whoever you are.  #Speir,,27/09/2025,woodmally1979.bsky.social,Bluesky,#Speirgorm,,,,,,,,Mixed
1123,1127,Not going to share 'grift' but Heather Humphreys has just said that I'm a man and the gender recognition act should be changed. Please do not vote for or give a preference for her. Having someone as president who thinks this way would be absolutely awful for minorities #SpeirGorm,,08/10/2025,earley.bsky.social,Bluesky,#SpeirGorm,,,,,,,,Negative
1124,1128,"Outside, it's a florist's. Inside, it's a stark reminder of women killed violently in Ireland #speirgorm jrnl.ie/6622859",,14/02/2025,ucdgender.bsky.social,Bluesky,#speirgorm,,,,,,,,Negative
1125,1129,"I have signed this #EU initiative  to propose a ban on #LGBTQ+ conversion ""therapy"" which every EU citizen above the age of 16 should be able to sign. #Ireland needs maybe 5,000 more signatures to reach the threshold #Spï¿½ï¿½irghorm #Spï¿½ï¿½irgormeci.ec.europa.eu/043/public . Sign it and s",,30/01/2025,jimbliss.bsky.social,Bluesky,#EU #LGBTQ+ #Ireland #Spï¿½ï¿½irghorm #Spï¿½ï¿½irgormeci.ec.europa.eu/04,#EU #LGBTQ+ #Ireland #Spï¿½ï¿½irghorm #Spï¿½ï¿½irgormeci.ec.europa.eu/04,#EU #LGBTQ+ #Ireland #Spï¿½ï¿½irghorm #Spï¿½ï¿½irgormeci.ec.europa.eu/04,#EU #LGBTQ+ #Ireland #Spï¿½ï¿½irghorm #Spï¿½ï¿½irgormeci.ec.europa.eu/04,#EU #LGBTQ+ #Ireland #Spï¿½ï¿½irghorm #Spï¿½ï¿½irgormeci.ec.europa.eu/04,,,,Mixed
1126,1130,Fantastic conversation on Bluesky's trust and safety from Bluesky's very own @aaron.bsky.team and @dublininquirer.com in the digital hub this evening #speirgorm.,,20/02/2025,billylinehan.bsky.social,Bluesky,#speirgorm.,,,,,,,,Positive
1127,1131,A reminder that the minister in charge of the housing crisis for the past 5 years is now in charge of our climate response instead.Itï¿½ï¿½ï¿½s going great.#spe,,08/10/2025,caoimhetiernan.bsky.social,Bluesky,#speirgorm,,,,,,,,Mixed
1128,1132,Piece out today in @justsecurity.org by @suchitauppal.bsky.social & myself for @humanrightsfirst.org on the continuing battle for truth & accountability in n Ireland @barrymalone.bsky.social @finucanecentre.bsky.social @museumfreederry.bsky.social  #speirgormwww.justsecurity.org/123679/legal...,,03/11/2025,bloodysundaytrust.bsky.social,Bluesky,#speirgormwww.justsecurity.org/123679/legal...,,,,,,,,Mixed
1129,1133,"Ireland has a Threshold 9,165Statements of support needed to move forward with this #EU initiative on banning Conversion ""therapy"" for LGBTQ+ people. It's now at 5,676, 61.93% of the way there.So go sign if you're an EU citizen, Conversion therapy is just torture, ban it. #Spï¿½ï¿½ir",,06/02/2025,rennyad.bsky.social,Bluesky,#EU #Spï¿½ï¿½ir,#EU #Spï¿½ï¿½ir,,,,,,,Positive
1130,1134,"#Speirgorm rocks! Yeï¿½ï¿½ï¿½re mighty, lads, and if you didnï¿½ï¿½ï¿½t get a chance to sign yet, this is yo",,26/01/2026,susangriff.bsky.social,Bluesky,#Speirgorm,,,,,,,,Mixed
1131,1135,"One more Royal Canal Greenway bit: a wee video of the lock under the bridge, with a view back to the new path.#SpeirGorm",,06/09/2025,billallen.bsky.social,Bluesky,#SpeirGorm,,,,,,,,Mixed
1132,1136,Great teams out today across Tallaght and Rathfarnam knocking doors to ask people to vote for PBP.People understand that having socialist TDs in the Dï¿½ï¿½il makes a difference for working people and carers.Want to help? ï¿½ï¿½ï¿½ï¿½ www.paulmurphytd.ie/volunteer#GE24 #Spï¿½ï¿½irGorm #Ke,,16/11/2024,pbpdublinsouthwest.bsky.social,Bluesky,#GE24 #Spï¿½ï¿½irGorm #KeepPaulinTheD,#GE24 #Spï¿½ï¿½irGorm #KeepPaulinTheD,#GE24 #Spï¿½ï¿½irGorm #KeepPaulinTheD,,,,,,Positive
1133,1137,ýýýýýýýý The Irish government must stop allowing Ireland to be used to fund Israelýýýs genocide in Palestine.Mary Lou McDonald and I are introducing a Bill that will force the government to end the sale of Israeli war bonds through the Irish Central Bank.#SpýýirGhorm #speirgorm #gaza,,19/05/2025,druidchief.bsky.social,Bluesky,#Spï¿½ï¿½irGhorm #speirgorm #,#Spï¿½ï¿½irGhorm #speirgorm #,#Spï¿½ï¿½irGhorm #speirgorm #,,,,,,Mixed
1134,1138,Northern Lights from Phoenix Park now. #SpeirGorm,,19/01/2026,marshmint.bsky.social,Bluesky,#SpeirGorm,,,,,,,,Mixed
1135,1139,"Now that I'm relaxing with a big mug of tea, I'll share another painting with you. ""Connemara Cottage II"" was painted 4 yrs ago. It's a scene in north Conamara that I had cycled past, and I've always liked things you can't quite see fully - in this case the cottage. #Art #SpeirGorm",,28/11/2024,eolai.bsky.social,Bluesky,#Art #SpeirGorm,#Art #SpeirGorm,,,,,,,Mixed
1136,1140,Worried about @sarahmaintains.bsky.social who is still illegally detained by the IDF.Please contact your TDs as they have all been transfered to Ketziot High security prison. www.oireachtas.ie/en/members/#speirgorm,,04/10/2025,fremarch.bsky.social,Bluesky,#speirgorm,,,,,,,,Negative
1137,1141,The world's loosest shackles ï¿½ï,,05/07/2025,redtickseed.bsky.social,Bluesky,,,,,,,,,Mixed
1138,1142,In order to  be able to vote for Catherine Connolly in the upcoming Irish presidential election (or for either of the two running against her ï¿½ï¿½ï¿½ï¿½) you need to be registered before Oct 7th. Check the register or sign up for it here:www.checktheregister.ie./en-IE/#spï¿½ï¿½irghorm#spï¿½ï¿½,,01/10/2025,tararoonies.bsky.social,Bluesky,#spï¿½ï¿½irghorm #spï¿½ï¿½irgorm #s,#spï¿½ï¿½irghorm #spï¿½ï¿½irgorm #s,#spï¿½ï¿½irghorm #spï¿½ï¿½irgorm #s,,,,,,Mixed
1139,1143,@marycoughlan.bsky.social this is the real #MaryCoughlan  account whose just joined so please #Speirgorm & others go say hi and click on her link and youï¿½ï¿½ï¿½ll find her 2025 40th Tour gigs and music to buy. #Repeat,,31/12/2024,msfrugalone.bsky.social,Bluesky,#MaryCoughlan #Speirgorm #RepeatRewind,#MaryCoughlan #Speirgorm #RepeatRewind,#MaryCoughlan #Speirgorm #RepeatRewind,,,,,,Positive
1140,1144,I took all of your advice.The new boards are now live in the SLATED Landmark Collection.Feel free to point out any errors. It was a bit of a rush job. Reposts would be amazing.Slated.ie#SLATED  #speirgorm,,25/11/2025,blonay.bsky.social,Bluesky,#SLATED #speirgorm,#SLATED #speirgorm,,,,,,,Positive
1141,1145,This is the result of a government strategy that ignores problems in the hope that the market will sort it all out eventually-Ignored the radicalising influence of social media companies-Ignored climate action-Ignored international law-Ignored growing inequality #spï¿½ï¿½ir,,11/04/2026,lynnok.bsky.social,Bluesky,#spï¿½ï¿½ir,,,,,,,,Positive
1142,1146,#speirgorm #irishpol Please email your local SF representatives about this. Make your voices heard. We can't stand idly by.,,11/12/2024,dirtycitybird.trann.ie,Bluesky,#speirgorm #irishpol,#speirgorm #irishpol,,,,,,,Mixed
1143,1147,"So, Israel closes embassy in Ireland. Accuses the Irish of Anti-Semitism. Zionists start calling the Irish #Paddystinians - they think this is an insult.The Irish embrace the term, start to produce badges and t-shirts.The Irish President posts photos with new Palestinian Ambassador. #speirgorm",,19/12/2024,grainneblair.bsky.social,Bluesky,#Paddystinians #speirgorm,#Paddystinians #speirgorm,,,,,,,Negative
1144,1148,ýýýýýýýAll good!!ýýýýýýý,,08/02/2026,mintamenapie.bsky.social,Bluesky,,,,,,,,,Positive
1145,1149,One for #Spï¿½ï¿½irGorm - made me think of possible negative results of mandatory hi-viz for cycli,,05/02/2026,queen-crafty.bsky.social,Bluesky,#Spï¿½ï¿½ir,,,,,,,,Mixed
1146,1150,"Thanks for all the kind words about this - if people want conversations about immigration then I'm here for them, but I'll be starting from a place of compassion and an awareness of both our privilege and our heritage as white Irish people.  Codladh sï¿½ï¿½mh a chairde. #Speir",,25/03/2025,hazelklarkin.bsky.social,Bluesky,#SpeirGorm,,,,,,,,Positive
1147,1151,This headline has so mad I'm rabid. No mention of income-based differential rents either.Let's be real - what you really mean is that we should start pricing the poor out of social housing supports too. May as well say the quiet part put loud while you're at it #Spï¿½ï¿½ir,,03/09/2025,eslsys.bsky.social,Bluesky,#Spï¿½ï¿½ir,,,,,,,,Positive
1148,1152,"The brilliant Martin Leahy being recorded for Italia 1 TV while singing his powerful song ""everyone should have a home"" in front of a longterm derelict home in historic Shandon, Cork city centreYou can see some of our ffud streetart #derelictireland billboards in background#speirgorm",,03/02/2026,bebhinn.bsky.social,Bluesky,#derelictireland #speirgorm,#derelictireland #speirgorm,,,,,,,Positive
1149,1153,Reminded by @padraigbelton.bsky.social that from today the evenings get longer. #SpeirGorm,,15/12/2024,michealwalsh.bsky.social,Bluesky,#SpeirGorm,,,,,,,,Mixed
1150,1154,"For the uninitiated, these are Irish Throwing Stars, an ancient weapon wielded by St. Brigid during the 1916 Rising, striking fear into the hearts of the British, and responsible for the eventual smiting of both Cromwell and Thatcher.",,01/02/2026,kweenmedb.bsky.social,Bluesky,,,,,,,,,Mixed
1151,1155,Important question which when explored provides massive insight into who are the major vandals of #DerelictIrelandVandals enabled by the state while all around suffer from the negative impacts#speirgorm,,02/02/2026,lynnok.bsky.social,Bluesky,#DerelictIrelandVandals #speirgorm,#DerelictIrelandVandals #speirgorm,,,,,,,Positive
1152,1156,"Imagine a city that invites everyone to Rest. Play. Work.Imagine a city where everyone has a home, place to play and access to fair, just and meaningful work.Imagine. Rest. Play. Work. Imagine. Imagine. Imagine.with @judesherry.bsky.social #RestPlayWork #SpeirGorm #DerelictIreland1/",,19/11/2025,judesherry.bsky.social,Bluesky,#RestPlayWork #SpeirGorm #DerelictIreland1/,#RestPlayWork #SpeirGorm #DerelictIreland1/,#RestPlayWork #SpeirGorm #DerelictIreland1/,,,,,,Mixed
1153,1157,why do charities only seem to do Christmas card setswhat about birthdays / thank you / new house etc etc. just do pretty cards with no words on them. I spend so much money on cards every year that could go to a charity. argh #speirghorm #speirgorm anyone know charity doing this?,,04/10/2025,faduda.bsky.social,Bluesky,#speirghorm #speirgorm,#speirghorm #speirgorm,,,,,,,Positive
1154,1158,Devastated that there continues to be such appalling attitudes to chronically ill people/workers.We have so many well regarded supportive ways to help but ignoring people is not one of them #speirgorm #spï¿½ï¿½irg,,13/02/2025,sharrow.bsky.social,Bluesky,#speirgorm #spï¿½ï¿½irg,#speirgorm #spï¿½ï¿½irg,,,,,,,Positive
1155,1159,Ok so you can't just delete your #Facebook or #Instagram..Why not #changeyoursettings to make yourself less valuable to #Meta?(This WILL annoy Smark Smuckerberg!ï¿½ï¿½ï¿½ï¿½)#TechBros #Trumputin #Elonazi #SpeirGormwww.johnoliverwantsyourratero,,24/02/2025,atticuspeirgorm.bsky.social,Bluesky,#Facebook #Instagram..Why #changeyoursettings #Meta?(This #TechBros #Trumputin #Elonazi #SpeirGormwww.johnoliverwantsyourraterotica.com,#Facebook #Instagram..Why #changeyoursettings #Meta?(This #TechBros #Trumputin #Elonazi #SpeirGormwww.johnoliverwantsyourraterotica.com,#Facebook #Instagram..Why #changeyoursettings #Meta?(This #TechBros #Trumputin #Elonazi #SpeirGormwww.johnoliverwantsyourraterotica.com,#Facebook #Instagram..Why #changeyoursettings #Meta?(This #TechBros #Trumputin #Elonazi #SpeirGormwww.johnoliverwantsyourraterotica.com,#Facebook #Instagram..Why #changeyoursettings #Meta?(This #TechBros #Trumputin #Elonazi #SpeirGormwww.johnoliverwantsyourraterotica.com,#Facebook #Instagram..Why #changeyoursettings #Meta?(This #TechBros #Trumputin #Elonazi #SpeirGormwww.johnoliverwantsyourraterotica.com,#Facebook #Instagram..Why #changeyoursettings #Meta?(This #TechBros #Trumputin #Elonazi #SpeirGormwww.johnoliverwantsyourraterotica.com,#Facebook #Instagram..Why #changeyoursettings #Meta?(This #TechBros #Trumputin #Elonazi #SpeirGormwww.johnoliverwantsyourraterotica.com,Mixed
1156,1160,"they say the arts are thriving in Ireland, but when was the last time we produced a poet capable of satirising a politician to death? #speirgorm",,21/11/2025,crredwards.bsky.social,Bluesky,#speirgorm,,,,,,,,Mixed
1157,1161,"It was on this day in 1972 that British troops opened fire on a crowd of demonstrators in the Bogside district of Derry, killing 13 civilians.#BloodySunday#Speirgorm",,30/01/2026,pgofton.bsky.social,Bluesky,#BloodySunday #Speirgorm,#BloodySunday #Speirgorm,,,,,,,Mixed
1158,1162,I am just waiting for a Healy Rae statement about running or not running for my bingo card.#speirgorm,,15/08/2025,uilliammac.bsky.social,Bluesky,#speirgorm,,,,,,,,Mixed
1159,1163,"Follow-up on this recent post: My friend received the gift I sent herï¿½ï¿½ï¿½ï¿½! @ciaraioch.bsky.social, your artwork was a massive hit, and it is now Stateside. (And you lot can keep your remarks on the threatened spanking to a minimum, if you please ï¿½ï¿½ï¿½ï¿",,19/02/2025,queen-crafty.bsky.social,Bluesky,#speirgorm,,,,,,,,Negative
1160,1164,"SF is riddled with TERFS,pass it on.#speirgorm #Irishpolitics",,18/04/2025,treesaw.bsky.social,Bluesky,#speirgorm #Irishpolitics,#speirgorm #Irishpolitics,,,,,,,Mixed
1161,1165,Well said Eimer. The conversation needs to be about male violence against women - with or without immigration there has long been a crisis of gender based violence - against women and children. #speirgorm,,23/10/2025,queen-crafty.bsky.social,Bluesky,#speirgorm,,,,,,,,Negative
1162,1166,"Tomorrow 24 humanitarian volunteers face 20 years in prison in a Greek court for saving lives at sea. One, Seï¿½ï¿½n Binder, grew up in my local town, Castlegregory, Kerry.#SolidarityIsNotACrime #StandWithSeï¿½ï¿½n #DropTheCharges #FreeHumanitarians #NotMyEurope #speirgormwww.politico.eu/article",,03/12/2025,callook67.bsky.social,Bluesky,#SolidarityIsNotACrime #StandWithSeï¿½ï¿½n #DropTheCharges #FreeHumanitarians #NotMyEurope #speirgormwww.politico.eu/article/sea,#SolidarityIsNotACrime #StandWithSeï¿½ï¿½n #DropTheCharges #FreeHumanitarians #NotMyEurope #speirgormwww.politico.eu/article/sea,#SolidarityIsNotACrime #StandWithSeï¿½ï¿½n #DropTheCharges #FreeHumanitarians #NotMyEurope #speirgormwww.politico.eu/article/sea,#SolidarityIsNotACrime #StandWithSeï¿½ï¿½n #DropTheCharges #FreeHumanitarians #NotMyEurope #speirgormwww.politico.eu/article/sea,#SolidarityIsNotACrime #StandWithSeï¿½ï¿½n #DropTheCharges #FreeHumanitarians #NotMyEurope #speirgormwww.politico.eu/article/sea,#SolidarityIsNotACrime #StandWithSeï¿½ï¿½n #DropTheCharges #FreeHumanitarians #NotMyEurope #speirgormwww.politico.eu/article/sea,,,Mixed
1163,1167,"#Speirgorm should share this here, but also on whatever other socials or group chats youï¿½ï¿½ï¿½",,06/02/2025,joecluxton.bsky.social,Bluesky,#Speirgorm,,,,,,,,Negative
1164,1168,"Gave my 9th Blood Donation tonight.If you can, look into becoming a blood donor with Give Blood Ireland!For more info, visit: giveblood.ie#GiveBlood #Spï¿½ï¿½irgorm #Speir",,15/07/2025,uilliammac.bsky.social,Bluesky,#GiveBlood #Spï¿½ï¿½irgorm #Speir,#GiveBlood #Spï¿½ï¿½irgorm #Speir,#GiveBlood #Spï¿½ï¿½irgorm #Speir,,,,,,Mixed
1165,1169,We need this here. #Spï¿½ï¿½ir,,10/03/2026,bebhinn.bsky.social,Bluesky,#Spï¿½ï¿½ir,,,,,,,,Mixed
1166,1170,The Irish government said they would make this life-saving change but then they went back in their word so a whole bunch of pedestrians and cyclists are going to die for no reason. #SpeirGorm,,17/09/2025,autofac.bsky.social,Bluesky,#SpeirGorm,,,,,,,,Mixed
1167,1171,"This article could just as easily read: ""Ireland's policies at odds with emerging understanding of COVID's long-term harm."" And Irish government/HSE could be substituted for Trump administration throughout, especially with regard to accessing covid vaccines for everyone over 6 months old. #Spï¿½ï¿½ir",,29/01/2026,mfamyfuerza.bsky.social,Bluesky,#Spï¿½ï¿½ir,,,,,,,,Mixed
1168,1172,"""They don't care"" is an understatement. Media spin on the  crisis they knew was gonna happen when they stopped building social housing and relied on the private rental sector - where the majority of homeless come from.. it's POLICY #speirgorm",,17/01/2026,frankoconnor.bsky.social,Bluesky,#speirgorm,,,,,,,,Negative
1169,1173,"If you're in ireland and have kids in primary school or soon to be, please fill out this survey on preferences re religious involvement in schools, and whether people prefer single-sex or co-ed. It takes < 1 minute and will inform future provision. #speirgorm www.gov.ie/en/departmen...",,24/11/2025,regcoppinger.bsky.social,Bluesky,#speirgorm,,,,,,,,Mixed
1170,1174,"Free Trees Ireland @freetrees.ie will give away 60,000 native Irish trees Opens Sat 25th Jan at 10 amï¿½ï¿½ï¿½ï¿½ #spï¿½ï¿½irgorm ï¿½ï¿½ï¿½",,20/01/2025,carolmilo808.bsky.social,Bluesky,#spï¿½ï¿½ir,,,,,,,,Mixed
1171,1175,#Spï¿½ï¿½irghorm #Sparegollum#speir,,06/02/2026,bnerlich.bsky.social,Bluesky,#Spï¿½ï¿½irghorm #Sparegollum #speir,#Spï¿½ï¿½irghorm #Sparegollum #speir,#Spï¿½ï¿½irghorm #Sparegollum #speir,,,,,,Mixed
1172,1176,"DUBLIN!FREE BOOKS!#SpeirGormOutside 17 St Clementï¿½ï¿½ï¿½s Road, Drumcondra. Apparently another skip is coming with more books tomorrow, too. Todayï¿½ï¿½ï¿½s was much lit crit, religious studies, Iris",,07/09/2025,archiseek.bsky.social,Bluesky,#SpeirGormOutside,,,,,,,,Mixed
1173,1177,"Flash Gordon as Gaeilge is back in The Echo or available in ePaper form here: echo.ie/read-online/Beidh clï¿½ï¿½r nua againn gach Deardaoin!New episodes every Thursday!Original strip by Dan Schkade, translated by me, and lettered by Rob Jones. #Speir",,20/02/2025,stephencward.com,Bluesky,#Speirgorm,,,,,,,,Mixed
1174,1178,"If we were a sane society we'd be rewetting boglands, marshes and swamps and rewilding uplands with all the urgency of an FG intern searching for something to use against Catherine Connolly. #speirgorm",,02/10/2025,hollyenglish.bsky.social,Bluesky,#speirgorm,,,,,,,,Mixed
1175,1179,"The dog days are over, ohThe dog days are doneCan you hear the horses?'Cause here they comeFlorence & The Machine, 21st century#Photography #Poetry #Spï¿½ï¿½irGhorm #SpeirGorm #StreetPhotography #India #ImageAndVerse #ArtOfBlueSky #PhotographersOfBlueSky #EastCoas",,24/02/2026,albert-ibars.bsky.social,Bluesky,#SPILL!,,,,,,,,Mixed
1176,1180,"If you havenï¿½ï¿½ï¿½t heard the consequences of this on farming, they are *disastrous*. We would be living in a different country. And our government needs to start preparing for the possibility of having to adapt to it. Nothing we can do in the next few of decades can prevent it now.#Spe",,15/04/2026,iainjclarkart.com,Bluesky,#SpeirGorm,,,,,,,,Mixed
1177,1181,"My family did not raid Wales, kidnap a shepherd and drag him back to Ireland in chains for this!The horrorï¿½ï¿½ï¿½ the horror #spï¿",,12/03/2025,timmorton2.bsky.social,Bluesky,#spï¿½ï¿½ir,,,,,,,,Mixed
1178,1182,Which TD? #Spï¿½ï¿½irGorm #Spï¿½ï¿,,13/04/2026,sharrow.eurosky.social,Bluesky,#Spï¿½ï¿½irGorm #Spï¿½ï¿,#Spï¿½ï¿½irGorm #Spï¿½ï¿,,,,,,,Mixed
1179,1183,"The far right will eventually kill someone or lots of someones if our pathetic government does not act now to stop them ï¿½ï¿½ï¿½ first step would be for politicians, including Government ministers, to stop repeating far right racist rhetoric #spe",,01/11/2025,badhdhbadhdh.bsky.social,Bluesky,#speirgorm,,,,,,,,Negative
1180,1184,Northern Lights from Phoenix Park now. #SpeirGorm,,19/01/2026,filitralemani.bsky.social,Bluesky,#SpeirGorm,,,,,,,,Mixed
1181,1185,Government intend to by-pass citizens & the courts to fast-track energy & water infrastructure What (& who) is this move for? #Speirgorm #Planning,,02/12/2025,helendublin.bsky.social,Bluesky,#Speirgorm #Planning,#Speirgorm #Planning,,,,,,,Mixed
1182,1186,"Time for a #painting. I painted Dublin's ""Arran Quay, Green Sky"" because the river gives us so much about the city, including the time and space to enjoy it. But I also painted it because it's one of my favourite slices of my hometown, and because sometimes it has a green sky. #SpeirGorm #ArtYear",,03/03/2025,mcbacchus.bsky.social,Bluesky,#painting. #SpeirGorm #ArtYear,#painting. #SpeirGorm #ArtYear,#painting. #SpeirGorm #ArtYear,,,,,,Positive
1183,1187,An important message for #speirgorm,,18/09/2025,steganographia.bsky.social,Bluesky,#speirgorm,,,,,,,,Positive
1184,1188,There's this massive aesthetic shift that occurs when you realise all those green woods and trees are ecological deserts. Neat green lawns and bare hilltops are ugly. Big clumps of brambles and nettles are beautiful. Deciduous woods are sanctuaries. Weeds are life-giving. #speirgorm,,03/02/2025,abigaildombey.bsky.social,Bluesky,#speirgorm,,,,,,,,Positive
1185,1189,"History of LGBT Activism in Ireland (3rd April,UCD) the @researchireland.bsky.social  LGBT Activism in Ireland, 1973ï¿½ï¿½ï¿½2023 workshopsï¿½ï¿½ï¿½ï¿½ Register for Workshop 1 (April 3rd): lnkd.in/epC2rAwGWeï¿½ï¿½ï¿½re looking forward to this important gathering of activists, advocates, and ",,26/03/2025,hermioneclone.bsky.social,Bluesky,#speirgorm,,,,,,,,Positive
1186,1190,"Only 2000 signatures needed now for Ireland to pass the threshold. We're at 70%, France is at 300%!! For gawds sake.C'mon #speirgorm we can do better than France! Don't just share on the socials, send direct what's app, message, get the phone out at break time. ï¿½ï¿½ï¿½ ï¿½ï¿½ï¿½ï¿½ï¿½ï¿½ï¿½ï¿½ ï¿½ï¿½ï",,26/01/2026,sinnpsych.bsky.social,Bluesky,#speirgorm #JusticeForPalestine,#speirgorm #JusticeForPalestine,,,,,,,Mixed
1187,1191,Humphreys told us she'd take Irish lessons over 10 years ago when she became the Minister overseeing the Gaeltacht. She then told us she became too busy. She's promised the same if we make her president. Why should we believe her? #spï¿½ï¿½irgorm www.thejournal.ie/heather-hum,,26/09/2025,darach.bsky.social,Bluesky,#spï¿½ï¿½ir,,,,,,,,Mixed
1188,1192,Okayï¿½ï¿½ï¿½someone tell me where the secret wrong unï¿½ï¿½ï¿½s are. I know about the obvious ones. #NUI #Seana,,21/01/2025,dermotlynott.bsky.social,Bluesky,#NUI #Seanad #SpeirGorm,#NUI #Seanad #SpeirGorm,#NUI #Seanad #SpeirGorm,,,,,,Negative
1189,1193,#SpeirGorm,,29/10/2025,coreilly.bsky.social,Bluesky,#SpeirGorm,,,,,,,,Mixed
1190,1194,Spainï¿½ï¿½ï¿½s Prime Minister Pedro Sanchez is worth listening to about the logic behind the changes they have made in the last few days &the changing global balance. #Migrants #Grok #SocialistSolutions #FFG #MagicWand responsive leadership from a Govt is a novelty for us #Speirgormyoutu.be/ZUW6zQ,,06/02/2026,emmadragon.bsky.social,Bluesky,#Migrants #Grok #SocialistSolutions #FFG #MagicWand #Speirgormyoutu.be/ZUW6zQ8b-vY?,#Migrants #Grok #SocialistSolutions #FFG #MagicWand #Speirgormyoutu.be/ZUW6zQ8b-vY?,#Migrants #Grok #SocialistSolutions #FFG #MagicWand #Speirgormyoutu.be/ZUW6zQ8b-vY?,#Migrants #Grok #SocialistSolutions #FFG #MagicWand #Speirgormyoutu.be/ZUW6zQ8b-vY?,#Migrants #Grok #SocialistSolutions #FFG #MagicWand #Speirgormyoutu.be/ZUW6zQ8b-vY?,#Migrants #Grok #SocialistSolutions #FFG #MagicWand #Speirgormyoutu.be/ZUW6zQ8b-vY?,,,Mixed
1191,1195,"If you have no plans for New Year's Eve, Taney will be ringing in 2026 on a livestream from our tower in Dundrum at approx 11:45pm tomorrow. Join Irelandï¿½ï¿½ï¿½s leading teaching tower as we sound the bells to welcome the New Year! bit.ly/TaneyLivestr... #newyear #newyear2026 #speirgorm #newyearse",,30/12/2025,darylfeehely.com,Bluesky,#newyear #newyear2026 #speirgorm #newyearseve2026,#newyear #newyear2026 #speirgorm #newyearseve2026,#newyear #newyear2026 #speirgorm #newyearseve2026,#newyear #newyear2026 #speirgorm #newyearseve2026,,,,,Positive
1192,1196,ýýýý Some casual racism for your Sunday afternoon courtesy of the UK's BBC.Alcohol consumption rates in Ireland are roughly the same as those in the UK. While UK has a significant problem with under-age drinking in comparison to Ireland's far lower levels.#Speirghorm #Speirgorm,,30/11/2025,taesaveslives.bsky.social,Bluesky,#Speirghorm #Speirgorm,#Speirghorm #Speirgorm,,,,,,,Negative
1193,1197,"With the social media landscape artists depend on crumbling into a big lake of shite, now's a good time to mention I've a newsletter with snippets of Irish folklore & history, doodles, and fun nonsense, with zero involvement from fascist billionaires. Subscribe for free: www.ciaraioch.com/newsletter",,14/01/2025,gabbystorey.bsky.social,Bluesky,,,,,,,,,Positive
1194,1198,"Anyone know a Daniel Kiernan, who was obviously on the No 11 bus this morning, he lost his ptbs card which Iï¿½ï¿½ï¿½ve picked up. If you know him, Iï¿½ï¿½ï¿½ve handed into the bus driver",,24/07/2025,kathylove.bsky.social,Bluesky,#speirgorm,,,,,,,,Mixed
1195,1199,This Irishing of a road sign outside Galway is a cut above the usual defacement #Spï¿½ï¿½irGorm #Speir,,10/12/2024,lydiamulvey.bsky.social,Bluesky,#Spï¿½ï¿½irGorm #Speir,#Spï¿½ï¿½irGorm #Speir,,,,,,,Mixed
1196,1200,Oh janey Mack. The whole ugly story archive.ph/u3AgX#ï¿½ï¿½ras25 #Speir,,06/10/2025,paddyoloughlin.bsky.social,Bluesky,#ï¿½ï¿½ras25 #Speir,#ï¿½ï¿½ras25 #Speir,,,,,,,Mixed
1197,1201,"The An Taisce website has plenty of suggestions on what to include in the email, but if you find it overwhelming I will legit help you write an email. Just reply here if you want help or DM me if we're mutuals #Spï¿½ï¿½ir",,14/01/2026,aliceeire.bsky.social,Bluesky,#Spï¿½ï¿½ir,,,,,,,,Mixed
1198,1202,"Ireland's Ancient Animals, for which at least some evidence was found to suggest they once roamed this island, even if only for a while. Some might even make a comeback! Featuring the Irish elk, bear, lynx, great auk, wild boar, & wolf. #Spï¿½ï¿½irGhorm #SciArtPrints: www.ciaraioch.com/artprints/p",,10/04/2026,mcnastyprime.bsky.social,Bluesky,#Spï¿½ï¿½irGhorm #SciArtPri,#Spï¿½ï¿½irGhorm #SciArtPri,,,,,,,Positive
1199,1203,"Ireland, if you havenï¿½ï¿½ï¿½t looked outside this evening . . .#Spï¿½ï¿½irGhorm ",,19/01/2026,chet---desmond.bsky.social,Bluesky,#Spï¿½ï¿½irGhorm #Speir,#Spï¿½ï¿½irGhorm #Speir,,,,,,,Mixed
1200,1204,"""Everything is politics...You don't get to make art in a fascist state""CMAT delivering, mar is gnï¿½ï¿½ch. ï¿½ï¿½ï¿½ï¿½(Same goes for sport btw",,01/03/2026,krustyallslopp.bsky.social,Bluesky,#Speirgorm,,,,,,,,Mixed
1201,1205,I've been thinking about how Britain's legacy in Ireland is a civic tradition of state cruelty and Jim O'Callaghan is that tradition writ large. #speirgorm,,17/11/2025,mariapower.bsky.social,Bluesky,#speirgorm,,,,,,,,Mixed
1202,1206,"Clarity on today's email tool!Only Councillors in Donegal, Mayo, Galway and Kerry have the opportunity to share their opinions with MARA in relation to the corporate takeover over of Seaweed harvesting. But ANYONE can email them ï¿½ï¿½ï¿½ï¿½ï¿½ï¿½action.uplift.ie/campaigns/st.",,24/02/2026,queen-crafty.bsky.social,Bluesky,#SpeirGorm,,,,,,,,Mixed
1203,1207,"'Ireland for the Irish' is utter shite from a nation thatï¿½ï¿½ï¿½s sent generations abroad seeking futures denied at home. We are the immigrants, always have been.Today's protests aren't patriotism - they're racism, pure and simple. A betrayal of everything good about being Irish. #Spe",,26/04/2025,mcnastyprime.bsky.social,Bluesky,#SpeirGorm,,,,,,,,Positive
1204,1208,The world's loosest shackles ï¿½ï,,05/07/2025,nellucnhoj.bsky.social,Bluesky,,,,,,,,,Mixed
1205,1209,Petrol Ration Book #speirgorm,,08/04/2026,aidanobrien.bsky.social,Bluesky,#speirgorm,,,,,,,,Mixed
1206,1210,"This beautiful dog (and its owner, my friend, a lovely Bi writer) are looking for somewhere to live anywhere on the island of Ireland. If anyone knows any rooms going anywhere please let me know ï¿½ï¿½ï¿½ï¿½ #S",,11/12/2024,amockingbird.bsky.social,Bluesky,#Speirgorm,,,,,,,,Positive
1207,1211,"Time for a goo at another painting. ""Youghal Main Street"" was painted a couple of years ago, or finished then anyway. Really it started in my head when I was cycling in the east Cork town one particularly green sort of day.    #SpeirGorm #ArtAdventCalendar",,19/12/2024,haikushelf.bsky.social,Bluesky,#SpeirGorm #ArtAdventCalendar,#SpeirGorm #ArtAdventCalendar,,,,,,,Mixed
1208,1212,"ýýýýýýItýýýs too late to be grateful Itýýýs too late to be late again Itýýýs too late to be hateful The European canon is nearApril, Heuston Station, Dublin, Ireland.#Dublin #ClassicMono #StationtoStation #UrbanGaze #ECK #Castlerea #Speirgorm #BWfri #Scape #Travel #marjamjars #BlackandWhitePhotography",,03/04/2026,clcart.bsky.social,Bluesky,#SPILL!,,,,,,,,Mixed
1209,1213,Landlord Jim Gavin never refunded 6 months' rent to a former tenant who accidentally kept paying rent after he moved out. The tenancy was not registered with the RTB. Gavin really is the perfect Fianna Fï¿½ï¿½il candidate. Archive link: archive.is/4ts0L #spï¿½ï¿½irgorm #presidential,,04/10/2025,khodmon.bsky.social,Bluesky,#spï¿½ï¿½irgorm #presidentialelec,#spï¿½ï¿½irgorm #presidentialelec,,,,,,,Positive
1210,1214,Dammit.#SpeirGorm,,09/04/2026,susankayequinn.bsky.social,Bluesky,#SpeirGorm,,,,,,,,Mixed
1211,1215,What if we use a Limerickism  hashtag for the place? Like #Yurt Any other suggestions? #speirgorm,,09/02/2025,originalnuttah.bsky.social,Bluesky,#Yurt #speirgorm,#Yurt #speirgorm,,,,,,,Mixed
1212,1216,"Ireland, if you havenï¿½ï¿½ï¿½t looked outside this evening . . .#Spï¿½ï¿½irGhorm ",,19/01/2026,hanstitched1st.bsky.social,Bluesky,#Spï¿½ï¿½irGhorm #Speir,#Spï¿½ï¿½irGhorm #Speir,,,,,,,Mixed
1213,1217,"C'mon folks, only 721 people to go and we've passed the Irish threshold. If you haven't signed this already, why not? It's an important EU citizen led initiative that needs 7 countries to pass their threshold, and then the EU government machine is forced to talk about it.#Speirgorm #IrishSky",,05/02/2026,marcphisto.bsky.social,Bluesky,#Speirgorm #IrishSky,#Speirgorm #IrishSky,,,,,,,Positive
1214,1218,#speirgorm @octocon.bsky.social reposting for amplification. We should save our artists and appreciate their skills and hard work.,,28/03/2025,octocon.bsky.social,Bluesky,#speirgorm,,,,,,,,Mixed
1215,1219,Lookit...I'm just sayin...just doesn't feel like a coincidence is all.#COYBIG #Ireland #Leftie #Speirgorm #VoteLeft,,13/11/2025,fcemurphy.bsky.social,Bluesky,#COYBIG #Ireland #Leftie #Speirgorm #VoteLeft,#COYBIG #Ireland #Leftie #Speirgorm #VoteLeft,#COYBIG #Ireland #Leftie #Speirgorm #VoteLeft,#COYBIG #Ireland #Leftie #Speirgorm #VoteLeft,#COYBIG #Ireland #Leftie #Speirgorm #VoteLeft,,,,Mixed
1216,1220,Women's Aid ï¿½ï¿½ï¿½ï¿½ï¿½ï¿½ 1800 341 900 www.womensaid.ieDublin Rape Crisis Centreï¿½ï¿½ï¿½ï¿½ï¿½ï¿½ 1800 77 8888 www.drcc.ieSamaritans Ireland ï¿½ï¿½ï¿½ï¿½ï¿½ï¿½ 116 123ï¿½ï¿½ï¿½ï¿½ jo@samaritans.ie www.samaritans.org/ireland/how-...(Phone numbers above are 24hr Free National Helpl,,22/11/2024,mxfee.bsky.social,Bluesky,#ConorMcGregor #NikitaHand #Spï¿½ï¿½ir,#ConorMcGregor #NikitaHand #Spï¿½ï¿½ir,#ConorMcGregor #NikitaHand #Spï¿½ï¿½ir,,,,,,Negative
1217,1221,"Catherine Connolly refusing to acknowledge the Russian threat is telling on RTE. The rest of her comment is irrelevant, you can support peace while recognising an obvious threat.The ignoring of that by supporters on here is glaring #Aras25 #speirgorm",,05/10/2025,damianstack.bsky.social,Bluesky,#Aras25 #speirgorm,#Aras25 #speirgorm,,,,,,,Mixed
1218,1222,Good day for marching tomorrow in Cork #speirgorm,,10/10/2025,orlaegan1.bsky.social,Bluesky,#speirgorm,,,,,,,,Positive
1219,1223,New podcast series from the people at @empirepoduk.bsky.social  Colonising Ireland Iï¿½ï¿½ï¿½m looking forward to listening to this ï¿½ï¿½ï¿½ï¿½#Speirgorm #SpeirGhorm #IrishHistory #IrishNewsopen.spotify.com/e,,20/02/2025,bcroninbantry.bsky.social,Bluesky,#Speirgorm #SpeirGhorm #IrishHistory #IrishNewsopen.spotify.com/episode/2vWM...,#Speirgorm #SpeirGhorm #IrishHistory #IrishNewsopen.spotify.com/episode/2vWM...,#Speirgorm #SpeirGhorm #IrishHistory #IrishNewsopen.spotify.com/episode/2vWM...,#Speirgorm #SpeirGhorm #IrishHistory #IrishNewsopen.spotify.com/episode/2vWM...,,,,,Mixed
1220,1224,An older piece but it's significant today as this scene is based directly off a photograph I took of the sunken boats at Maam Cross. So this water horse is from Lough Corrib :> #speirgorm,,17/03/2026,swandog.bsky.social,Bluesky,#speirgorm,,,,,,,,Mixed
1221,1225,This summer wasps made a nest in our garden beside our bike stand in an old tree stump. I persuaded the family to put up with it and the wasps have finally died off. This is what it looks like now. (Wasps donï¿½ï¿½ï¿½t reuse their nests) #biodiversity #speirgorm @gardeningw,,01/01/2026,curious936.bsky.social,Bluesky,#biodiversity #speirgorm,#biodiversity #speirgorm,,,,,,,Mixed
1222,1226,"Pre-order my new novel from Irish indie booksellers @omahonysbooks.bsky.social to be in with a chance to win an overnight stay for two with breakfast, dinner and a spa treatment at the gorgeous carbon-neutral, family-owned Falls Hotel & Spa in Co Clarewww.omahonys.ie/once-a-year-...#Spï¿½ï¿½irgorm ï¿½ï",,01/08/2025,tweetinggoddess.bsky.social,Bluesky,#Spï¿½ï¿½ir,,,,,,,,Positive
1223,1227,So very proud of our Thomas. Always stuck to his principles and handling defeat with typical grace and dignity. A new chapter begins for @thomaspringle.bsky.social #GE24 #SpeirGorm,,02/12/2024,padraiglohan.bsky.social,Bluesky,#GE24 #SpeirGorm,#GE24 #SpeirGorm,,,,,,,Positive
1224,1228,@3arena.bsky.social @3arenadublin.bsky.social Please cancel #Disturbed #SpeirGorm#FreePalestine#BoycottIsrael,,14/09/2025,jenniferomeara5.bsky.social,Bluesky,#Disturbed #SpeirGorm #FreePalestine #BoycottIsrael,#Disturbed #SpeirGorm #FreePalestine #BoycottIsrael,#Disturbed #SpeirGorm #FreePalestine #BoycottIsrael,#Disturbed #SpeirGorm #FreePalestine #BoycottIsrael,,,,,Mixed
1225,1229,Probably fine. Definitely nothing to do with the far right influence on the protests.,,14/04/2026,wesgo.bsky.social,Bluesky,,,,,,,,,Mixed
1226,1230,"The Irish government has released a report on the benefits of the pilot for a Basic Income for the Arts, and in a total shocker, it seems like it was good for the country as well as the artists. Nobody could have seen this coming.#SpeirGorm #UBIwww.gov.ie/en/departmen...",,23/09/2025,jd-256.bsky.social,Bluesky,#SpeirGorm #UBIwww.gov.ie/en/departmen...,#SpeirGorm #UBIwww.gov.ie/en/departmen...,,,,,,,Positive
1227,1231,"ýýýý ciaraioch.com is now taking Christmas orders for prints, cards, and vouchers - each archival-quality print on heavy art paper is made in Ireland, ships internationally in eco-friendly packaging with discount tracked postage, and comes with a FREE card and treats for every customer ýýýý #SpýýirGorm",,03/12/2025,eolai.bsky.social,Bluesky,#Spï¿½ï¿½ir,,,,,,,,Mixed
1228,1232,Some bits for #WorldOceanDay ï¿½ï,,08/06/2025,cathyby.bsky.social,Bluesky,#WorldOceanDay,,,,,,,,Mixed
1229,1233,Anyone know stage times for Collins barracks gigs this week? Specifically for Sharon van Etten on Thursday. Canï¿½ï¿½ï¿½t find any info online re what time support and main act are on stage. Please and thank you #spe,,19/08/2025,johanndoorley.bsky.social,Bluesky,#speirgorm,,,,,,,,Positive
1230,1234,"The SLATED Christmas video ï¿½ï¿½ï¿½ soothing, calming, and blissfully short (unlike the Late Latee Toy Show marathon).Sit down, have a glass of something, and browse  slated.ie and support an Irish business while youï¿½ï¿½ï¿½re at it.ï¿½ï¿½ï¿½ï¿½ï¿½ï¿½ï¿½#SLATED #LateLateToyShow #speirgorm #Irishbus",,05/12/2025,ciaraioch.bsky.social,Bluesky,#SLATED #LateLateToyShow #speirgorm #IrishbusinessReposts,#SLATED #LateLateToyShow #speirgorm #IrishbusinessReposts,#SLATED #LateLateToyShow #speirgorm #IrishbusinessReposts,#SLATED #LateLateToyShow #speirgorm #IrishbusinessReposts,,,,,Positive
1231,1235,"I have signed this #EU initiative  to propose a ban on #LGBTQ+ conversion ""therapy"" which every EU citizen above the age of 16 should be able to sign. #Ireland needs maybe 5,000 more signatures to reach the threshold #Spï¿½ï¿½irghorm #Spï¿½ï¿½irgormeci.ec.europa.eu/043/public . Sign it and s",,30/01/2025,ernos.bsky.social,Bluesky,#EU #LGBTQ+ #Ireland #Spï¿½ï¿½irghorm #Spï¿½ï¿½irgormeci.ec.europa.eu/04,#EU #LGBTQ+ #Ireland #Spï¿½ï¿½irghorm #Spï¿½ï¿½irgormeci.ec.europa.eu/04,#EU #LGBTQ+ #Ireland #Spï¿½ï¿½irghorm #Spï¿½ï¿½irgormeci.ec.europa.eu/04,#EU #LGBTQ+ #Ireland #Spï¿½ï¿½irghorm #Spï¿½ï¿½irgormeci.ec.europa.eu/04,#EU #LGBTQ+ #Ireland #Spï¿½ï¿½irghorm #Spï¿½ï¿½irgormeci.ec.europa.eu/04,,,,Mixed
1232,1236,Am I the only person I the country who believes it's reasonable to expect a presidential candidate to have held political office? It's a job. You need to demonstrate a track record. In what world is it appropriate for you to begin your political career in one of the most senior roles? #spï¿½ï¿½ir,,24/09/2025,cudbeorht.bsky.social,Bluesky,#spï¿½ï¿½ir,,,,,,,,Mixed
1233,1237,It seems with the IDF everyone is a target ï¿½ï¿½ï¿½ï¿½#gaza #lebanon #Spï¿½ï¿½irGhorm #speirgormwww.thejournal.ie/uni,,15/05/2025,louthforever.bsky.social,Bluesky,#gaza #lebanon #Spï¿½ï¿½irGhorm #speirgormwww.thejournal.ie/unifil-peac,#gaza #lebanon #Spï¿½ï¿½irGhorm #speirgormwww.thejournal.ie/unifil-peac,#gaza #lebanon #Spï¿½ï¿½irGhorm #speirgormwww.thejournal.ie/unifil-peac,#gaza #lebanon #Spï¿½ï¿½irGhorm #speirgormwww.thejournal.ie/unifil-peac,,,,,Mixed
1234,1238,"So despite knowing full well that Connolly had to take the clients assigned to her as a barrister and trailing massively in the polls, Humphries doubles down with an attack in the Sindo.What an awful, petty, snide person she is - completely unfit to be Ireland's president. #SpeirGorm #Aras25",,19/10/2025,andrewsb49.bsky.social,Bluesky,#SpeirGorm #Aras25,#SpeirGorm #Aras25,,,,,,,Negative
1235,1239,The Irish for Ming the Merciless is ï¿½ï¿½ï¿½Ming na Mï¿½ï¿½thrï¿½ï¿½caireï¿½ï¿½ï¿½ just in case you were wondering! #theirishfor #FlashGordon #SpeirGor,,10/03/2025,lochandload.bsky.social,Bluesky,#theirishfor #FlashGordon #SpeirGorm #SeachtainNaGaeige,#theirishfor #FlashGordon #SpeirGorm #SeachtainNaGaeige,#theirishfor #FlashGordon #SpeirGorm #SeachtainNaGaeige,#theirishfor #FlashGordon #SpeirGorm #SeachtainNaGaeige,,,,,Positive
1236,1240,What does the Triple Lock have to do with the war in Iran? Well the Triple lock is what keeps us safe and out of illegal wars. #SpeirGorm my.uplift.ie/petitions/no...,,04/03/2026,roothflud.bsky.social,Bluesky,#SpeirGorm,,,,,,,,Negative
1237,1241,The HSE has issued a 48 hour #Covid rule as cases continue to rise across Ireland - warning people to stay at home until two full days after their symptoms clear to help stop the spread of infection.#speirgorm #Keeptesting www.irishmirror.ie/news/irish-n...,,21/10/2025,ballerinax.bsky.social,Bluesky,#Covid #speirgorm #Keeptesting,#Covid #speirgorm #Keeptesting,#Covid #speirgorm #Keeptesting,,,,,,Negative
1238,1242, Yep. Ireland's brilliant public library service isn't celebrated often or loudly enough #Spï¿½ï¿½irgorm #Ireland #bookskyï¿½ï¿½ï¿½ï¿½ï¿½ï¿½ï¿½ï¿½ #writingcommunity #libraries@patriciascanlan.bsky.social @roisinm.bsky.social @shei,,08/06/2025,dgrsch.bsky.social,Bluesky,#Spï¿½ï¿½irgorm #Ireland #bookskyï¿½ï¿½ï¿½ï¿½ï¿½ï¿½ï¿½ï¿½ #writingcommunity #libraries@patrici,#Spï¿½ï¿½irgorm #Ireland #bookskyï¿½ï¿½ï¿½ï¿½ï¿½ï¿½ï¿½ï¿½ #writingcommunity #libraries@patrici,#Spï¿½ï¿½irgorm #Ireland #bookskyï¿½ï¿½ï¿½ï¿½ï¿½ï¿½ï¿½ï¿½ #writingcommunity #libraries@patrici,#Spï¿½ï¿½irgorm #Ireland #bookskyï¿½ï¿½ï¿½ï¿½ï¿½ï¿½ï¿½ï¿½ #writingcommunity #libraries@patrici,#Spï¿½ï¿½irgorm #Ireland #bookskyï¿½ï¿½ï¿½ï¿½ï¿½ï¿½ï¿½ï¿½ #writingcommunity #libraries@patrici,,,,Positive
1239,1243,Oh looking forward to this - a #PixelArt game set in #Galway. Doesn't the long walk look good in Pixel form? #Spï¿½ï¿½ir,,12/09/2025,acefromouterspace.bsky.social,Bluesky,#PixelArt #Galway. #Spï¿½ï¿½ir,#PixelArt #Galway. #Spï¿½ï¿½ir,#PixelArt #Galway. #Spï¿½ï¿½ir,,,,,,Positive
1240,1244,"Every day, 137 women and girls are killed by intimate partners or family members internationally - one death every 10 minutes, according to the UN, who released their annual femicide report today. Today is International Day for the Elimination of Violence against Women #speirgorm jrnl.ie/6884469",,25/11/2025,pauamma.bsky.social,Bluesky,#speirgorm,,,,,,,,Negative
1241,1245,The world's loosest shackles ï¿½ï,,05/07/2025,leafboy.bsky.social,Bluesky,,,,,,,,,Mixed
1242,1246,[Pope John Paul II voice] Young people of #speirgorm! I love you!idonate.ie/gavplayspiano,,25/12/2025,pompompastel.bsky.social,Bluesky,#speirgorm!,,,,,,,,Positive
1243,1247,"Is this the MOST Halloween book you'll ever read? Maybe, but it IS set around the Irish hill where the bonefires were first lit. It is a story about the very roots of Halloween; the horror, mythology, and the harvest festival that lies between life and death.#Halloween #Samhain #Tlachtga #SpeirGorm",,26/09/2025,serenajenk.bsky.social,Bluesky,#Halloween #Samhain #Tlachtga #SpeirGorm,#Halloween #Samhain #Tlachtga #SpeirGorm,#Halloween #Samhain #Tlachtga #SpeirGorm,#Halloween #Samhain #Tlachtga #SpeirGorm,,,,,Mixed
1244,1248,"I helped with this, but I'm also going to toss it over to my #Speirgorm friends for additions. Things UK trans folks should know if they're planning on coming here.- Healthcare is next to non-existent wrt trans stuff.- Housing is next to non-existent for all of us.- Expensive.",,07/05/2025,kelpana.bsky.social,Bluesky,#Speirgorm,,,,,,,,Mixed
1245,1249,"X is based in Ireland. Under Irish law what they are doing is illegal. I didn't have ""Irish government arguing against removing CSA images"" on my 2026 bingo card. I'm fully astonished by FFG here. Anyone who voted for them want to weigh in? #Speirgorm",,08/01/2026,paulcarroll15.bsky.social,Bluesky,#Speirgorm,,,,,,,,Negative
1246,1250,Member of government calls on government to do something classic. #Spï¿½ï¿½irGorm #IrishPolitics dublinpeople.com/news/souths,,15/12/2025,maoltuile.bsky.social,Bluesky,#Spï¿½ï¿½irGorm #IrishPoli,#Spï¿½ï¿½irGorm #IrishPoli,,,,,,,Mixed
1247,1251,"400 academics, including me, signed this letter to the Taoiseach expressing alarm at the proposed Triple Lock charge and its impact on our neutrality #speirgorm  www.rte.ie/news/politic...",,06/03/2025,joenoonan.bsky.social,Bluesky,#speirgorm,,,,,,,,Mixed
1248,1252,"Nothing highlights the extent to which the Irish economy is a house of cards quite like the adults in the room constantly defending ""don't fucking move or it'll fall down"" as a valid approach to running a country #Spï¿½ï¿½ir",,27/01/2026,queen-crafty.bsky.social,Bluesky,#Spï¿½ï¿½ir,,,,,,,,Mixed
1249,1253,"Speaking to @eoghandalton.bsky.social for this article was a tough decision, I have friends and colleagues working in Sinn Fï¿½ï¿½in and looking to bring meaningful change to Irish politics. But it was the only decision I felt I could make until the party takes this criticism on board#spï¿½ï",,14/05/2025,robertgalbraith.bsky.social,Bluesky,#spï¿½ï¿½ir,,,,,,,,Mixed
1250,1254,If you know you know #irishsky#speirgorm,,04/03/2025,marklittle.bsky.social,Bluesky,#irishsky #speirgorm,#irishsky #speirgorm,,,,,,,Mixed
1251,1255,"ýýýConor McGregor has been accused of a sexual assault at an NBA game in Florida, in a civil lawsuit filed against him in a US court.ýýýThe downfall continues. I hope the woman gets the justice she deserves #speirgorm",,16/01/2025,nohostages.bsky.social,Bluesky,#speirgorm,,,,,,,,Positive
1252,1256,"Another glorious spring day at the visitor centre this morning. Doing my first ever tour completely as Gaeilge this afternoon, so a bit of obair bhaile to do first to look up farming and brewing vocabulary.#Ballykilcavan #Laois #IrelandsAncientEast #Spï¿½ï¿½ir",,13/03/2025,rhyn24.bsky.social,Bluesky,#Ballykilcavan #Laois #IrelandsAncientEast #Spï¿½ï¿½ir,#Ballykilcavan #Laois #IrelandsAncientEast #Spï¿½ï¿½ir,#Ballykilcavan #Laois #IrelandsAncientEast #Spï¿½ï¿½ir,#Ballykilcavan #Laois #IrelandsAncientEast #Spï¿½ï¿½ir,,,,,Positive
1253,1257,"ýýýConor McGregor has been accused of a sexual assault at an NBA game in Florida, in a civil lawsuit filed against him in a US court.ýýýThe downfall continues. I hope the woman gets the justice she deserves #speirgorm",,16/01/2025,jwomack.bsky.social,Bluesky,#speirgorm,,,,,,,,Positive
1254,1258,Probably fine. Definitely nothing to do with the far right influence on the protests.,,14/04/2026,ptkenny.bsky.social,Bluesky,,,,,,,,,Mixed
1255,1259,Was on the receiving end of a random act of kindness yesterday! Remember to sprinkle some kindness into your interactions when the opportunity arises! #speirgorm,,30/07/2025,bluewomanvoting123.bsky.social,Bluesky,#speirgorm,,,,,,,,Mixed
1256,1260,A young Luke Kelly at the Fleadh Cheoil na hï¿½ï¿½ireann in 1964#irishmusic #irishfolkmusic #fleadhcheoilnaheireann #speirgorm #Spï¿½ï¿½irGhormyoutu.be/cgsi4rl,,08/08/2025,queen-crafty.bsky.social,Bluesky,#irishmusic #irishfolkmusic #fleadhcheoilnaheireann #speirgorm #Spï¿½ï¿½irGhormyoutu.be/cgsi4rlMu7c,#irishmusic #irishfolkmusic #fleadhcheoilnaheireann #speirgorm #Spï¿½ï¿½irGhormyoutu.be/cgsi4rlMu7c,#irishmusic #irishfolkmusic #fleadhcheoilnaheireann #speirgorm #Spï¿½ï¿½irGhormyoutu.be/cgsi4rlMu7c,#irishmusic #irishfolkmusic #fleadhcheoilnaheireann #speirgorm #Spï¿½ï¿½irGhormyoutu.be/cgsi4rlMu7c,#irishmusic #irishfolkmusic #fleadhcheoilnaheireann #speirgorm #Spï¿½ï¿½irGhormyoutu.be/cgsi4rlMu7c,,,,Mixed
1257,1261,The Americans are at it on French political posts too! ï¿½ï¿½ï¿½ï¿½#S,,07/10/2025,stephanenny.bsky.social,Bluesky,#SpeirGorm,,,,,,,,Mixed
1258,1262,"If you havenï¿½ï¿½ï¿½t, get out there and vote #connolly4president #aras25 #spe",,24/10/2025,lynnok.bsky.social,Bluesky,#connolly4president #aras25 #speirgorm,#connolly4president #aras25 #speirgorm,#connolly4president #aras25 #speirgorm,,,,,,Mixed
1259,1263,"Happy #NoKings day, #SpeirGorm.bsky.app/profile/oisi...",,18/10/2025,pkwhitaker.bsky.social,Bluesky,#NoKings #SpeirGorm.bsky.app/profile/oisi...,#NoKings #SpeirGorm.bsky.app/profile/oisi...,,,,,,,Positive
1260,1264,"I've been waiting for someone to point out that the 'new' 6-year tenancies in Ireland are not new at all. People had already had these rights since 2016, and since 2004 for 4-year tenancies. Government are claiming credit for inventing what is essentially the pre-2022 rules #SpeirGorm",,24/02/2026,sarklor.bsky.social,Bluesky,#SpeirGorm,,,,,,,,Mixed
1261,1265,'Michael Lowry and six ï¿½ï¿½ï¿½otherï¿½ï¿½ï¿½ Independent TDs will get four times more speaking slots than Fianna Fï¿½ï¿½il'#IrishPolitics #Speirgorm extra.ie,,29/03/2025,richardgallagher.bsky.social,Bluesky,#IrishPolitics #Speirgorm,#IrishPolitics #Speirgorm,,,,,,,Mixed
1262,1266,"Go on, have a #painting. ""Boardwalk, Ha'penny Bridge, East"" was painted when I used to spend a lot of time in town, and would enjoy walking and sitting on the boardwalk, more than I enjoyed painting the million straight lines of it and its railings. Still though, Dublin, home. #SpeirGorm #ArtYear",,06/06/2025,cznz.bsky.social,Bluesky,#painting. #SpeirGorm #ArtYear,#painting. #SpeirGorm #ArtYear,#painting. #SpeirGorm #ArtYear,,,,,,Positive
1263,1267,Very useful list of numbers and support agencies available for anyone struggling this Christmas. This is for Ireland. ï¿½ï¿½ï¿½ï¿½ï¿½ï¿½ #Bluesky #Christmas #Speirg,,17/12/2024,parishpolitics.bsky.social,Bluesky,#Bluesky #Christmas #Speirgorm #Ireland,#Bluesky #Christmas #Speirgorm #Ireland,#Bluesky #Christmas #Speirgorm #Ireland,#Bluesky #Christmas #Speirgorm #Ireland,,,,,Positive
1264,1268,The greatest trick the devil ever pulled was convincing the Irish that people leaving their home countries for better prospects elsewhere are worse than landlords.#speirgorm,,02/11/2025,kmmcc.bsky.social,Bluesky,#speirgorm,,,,,,,,Mixed
